user_id,phone,customer_name,order_id,order_time,seller_name,product_category,item_count,delivery_area,delivery_lat,delivery_lon,order_amount_bdt,payment_method,order_status,source_updated_at,synthetic
USR001,01000000001,Demo User 001,DZ0000004,2026-03-07T22:05:37+06:00,Demo Seller 06,Beauty,4,Badda,23.780749,90.433963,18193,mobile_wallet,delivered,2026-03-09T21:05:37+06:00,True
USR001,01000000001,Demo User 001,DZ0000005,2026-04-09T04:32:56+06:00,Demo Seller 07,Books,3,Bashundhara,23.812925,90.417902,19870,cash,delivered,2026-04-16T02:32:56+06:00,True
USR001,01000000001,Demo User 001,DZ0000002,2026-04-17T07:41:35+06:00,Demo Seller 10,Accessories,1,Farmgate,23.760008,90.394451,16019,mobile_wallet,returned,2026-04-25T05:41:35+06:00,True
USR001,01000000001,Demo User 001,DZ0000003,2026-05-02T21:05:56+06:00,Demo Seller 02,Accessories,2,Motijheel,23.726707,90.424688,7633,cash,delivered,2026-05-04T21:05:56+06:00,True
USR001,01000000001,Demo User 001,DZ0000001,2026-07-09T14:35:37+06:00,Demo Seller 06,Books,1,Banani,23.786521,90.404209,12571,card,cancelled,2026-07-11T15:35:37+06:00,True
USR002,01000000002,Demo User 002,DZ0000012,2026-02-25T15:59:54+06:00,Demo Seller 14,Groceries,4,Rampura,23.764191,90.424905,14092,card,processing,2026-03-07T08:59:54+06:00,True
USR002,01000000002,Demo User 002,DZ0000011,2026-03-24T08:33:17+06:00,Demo Seller 08,Home & Living,4,Dhanmondi,23.75071,90.376955,8087,card,delivered,2026-03-28T19:33:17+06:00,True
USR002,01000000002,Demo User 002,DZ0000010,2026-03-26T21:51:02+06:00,Demo Seller 09,Books,1,Mohammadpur,23.772055,90.365131,23541,cash,delivered,2026-03-31T00:51:02+06:00,True
USR002,01000000002,Demo User 002,DZ0000007,2026-03-30T01:52:18+06:00,Demo Seller 03,Electronics,1,Rampura,23.758323,90.413268,10138,cash,delivered,2026-04-05T04:52:18+06:00,True
USR002,01000000002,Demo User 002,DZ0000015,2026-04-09T08:05:10+06:00,Demo Seller 04,Beauty,3,Mirpur,23.821909,90.362227,23112,card,delivered,2026-04-10T06:05:10+06:00,True
USR002,01000000002,Demo User 002,DZ0000008,2026-04-15T11:29:33+06:00,Demo Seller 15,Books,4,Tejgaon,23.767658,90.395754,16050,card,cancelled,2026-04-21T09:29:33+06:00,True
USR002,01000000002,Demo User 002,DZ0000006,2026-04-15T22:45:18+06:00,Demo Seller 06,Books,3,Mirpur,23.815663,90.361017,17763,cash,delivered,2026-04-23T02:45:18+06:00,True
USR002,01000000002,Demo User 002,DZ0000009,2026-05-08T01:30:54+06:00,Demo Seller 12,Sports,4,Farmgate,23.751767,90.391228,9046,mobile_wallet,processing,2026-05-09T11:30:54+06:00,True
USR002,01000000002,Demo User 002,DZ0000014,2026-07-08T19:27:19+06:00,Demo Seller 14,Beauty,1,Dhanmondi,23.742014,90.373393,8379,mobile_wallet,delivered,2026-07-13T10:27:19+06:00,True
USR002,01000000002,Demo User 002,DZ0000013,2026-07-30T15:19:43+06:00,Demo Seller 11,Sports,4,Dhanmondi,23.753744,90.378434,12840,cash,delivered,2026-08-03T16:19:43+06:00,True
USR003,01000000003,Demo User 003,DZ0000019,2026-03-09T10:17:09+06:00,Demo Seller 06,Home & Living,3,Farmgate,23.754495,90.396757,2964,card,delivered,2026-03-11T11:17:09+06:00,True
USR003,01000000003,Demo User 003,DZ0000026,2026-03-13T08:26:48+06:00,Demo Seller 07,Electronics,2,Banani,23.788322,90.404006,16741,mobile_wallet,delivered,2026-03-17T09:26:48+06:00,True
USR003,01000000003,Demo User 003,DZ0000023,2026-03-18T03:24:35+06:00,Demo Seller 01,Accessories,3,Farmgate,23.762436,90.389589,15143,mobile_wallet,delivered,2026-03-27T05:24:35+06:00,True
USR003,01000000003,Demo User 003,DZ0000016,2026-03-19T00:34:20+06:00,Demo Seller 09,Sports,1,Banani,23.787722,90.411216,24262,card,delivered,2026-03-23T04:34:20+06:00,True
USR003,01000000003,Demo User 003,DZ0000025,2026-03-19T06:29:38+06:00,Demo Seller 04,Electronics,1,Motijheel,23.731287,90.420433,10859,mobile_wallet,delivered,2026-03-22T19:29:38+06:00,True
USR003,01000000003,Demo User 003,DZ0000022,2026-03-24T18:41:33+06:00,Demo Seller 08,Home & Living,2,Dhanmondi,23.748329,90.37734,3976,cash,delivered,2026-03-30T13:41:33+06:00,True
USR003,01000000003,Demo User 003,DZ0000018,2026-04-09T01:26:35+06:00,Demo Seller 06,Fashion,1,Mohakhali,23.779218,90.395003,18798,mobile_wallet,delivered,2026-04-10T06:26:35+06:00,True
USR003,01000000003,Demo User 003,DZ0000020,2026-04-21T02:10:47+06:00,Demo Seller 02,Beauty,4,Shyamoli,23.781291,90.358892,1139,cash,delivered,2026-04-30T07:10:47+06:00,True
USR003,01000000003,Demo User 003,DZ0000024,2026-05-06T00:47:52+06:00,Demo Seller 05,Home & Living,3,Badda,23.78471,90.420911,5730,mobile_wallet,delivered,2026-05-07T00:47:52+06:00,True
USR003,01000000003,Demo User 003,DZ0000021,2026-05-23T14:52:46+06:00,Demo Seller 06,Home & Living,4,Shyamoli,23.768845,90.359373,8276,cash,delivered,2026-05-29T18:52:46+06:00,True
USR003,01000000003,Demo User 003,DZ0000017,2026-06-20T11:05:39+06:00,Demo Seller 10,Sports,2,Uttara,23.877759,90.373032,15585,card,delivered,2026-06-20T19:05:39+06:00,True
USR004,01000000004,Demo User 004,DZ0000034,2026-03-02T15:13:58+06:00,Demo Seller 15,Beauty,3,Motijheel,23.730451,90.419734,21184,card,returned,2026-03-09T04:13:58+06:00,True
USR004,01000000004,Demo User 004,DZ0000028,2026-03-27T12:41:19+06:00,Demo Seller 09,Accessories,4,Bashundhara,23.810142,90.417718,13915,card,delivered,2026-04-04T19:41:19+06:00,True
USR004,01000000004,Demo User 004,DZ0000029,2026-04-16T23:23:17+06:00,Demo Seller 05,Electronics,2,Mohakhali,23.787189,90.405271,3111,cash,delivered,2026-04-19T21:23:17+06:00,True
USR004,01000000004,Demo User 004,DZ0000036,2026-05-23T14:27:26+06:00,Demo Seller 08,Books,3,Pallabi,23.824678,90.360449,10138,mobile_wallet,delivered,2026-05-28T15:27:26+06:00,True
USR004,01000000004,Demo User 004,DZ0000035,2026-06-02T09:08:07+06:00,Demo Seller 10,Electronics,2,Banani,23.791284,90.411821,4497,mobile_wallet,delivered,2026-06-07T09:08:07+06:00,True
USR004,01000000004,Demo User 004,DZ0000030,2026-06-06T08:06:53+06:00,Demo Seller 08,Sports,1,Bashundhara,23.815718,90.421811,3858,mobile_wallet,delivered,2026-06-11T21:06:53+06:00,True
USR004,01000000004,Demo User 004,DZ0000027,2026-06-13T09:45:01+06:00,Demo Seller 09,Fashion,1,Rampura,23.764313,90.428653,23780,cash,delivered,2026-06-19T23:45:01+06:00,True
USR004,01000000004,Demo User 004,DZ0000033,2026-06-17T22:14:12+06:00,Demo Seller 09,Books,3,Tejgaon,23.765617,90.401389,23905,mobile_wallet,delivered,2026-06-19T03:14:12+06:00,True
USR004,01000000004,Demo User 004,DZ0000038,2026-06-18T03:39:32+06:00,Demo Seller 04,Home & Living,2,Mohammadpur,23.761893,90.363216,22668,card,delivered,2026-06-22T07:39:32+06:00,True
USR004,01000000004,Demo User 004,DZ0000031,2026-06-30T05:55:59+06:00,Demo Seller 15,Books,2,Mirpur,23.818549,90.368533,18181,mobile_wallet,delivered,2026-06-30T20:55:59+06:00,True
USR004,01000000004,Demo User 004,DZ0000032,2026-07-07T17:40:28+06:00,Demo Seller 04,Books,2,Banani,23.793077,90.413943,4421,card,delivered,2026-07-16T12:40:28+06:00,True
USR004,01000000004,Demo User 004,DZ0000037,2026-07-24T23:46:52+06:00,Demo Seller 07,Home & Living,1,Mohakhali,23.784971,90.400476,15788,mobile_wallet,shipped,2026-08-02T03:46:52+06:00,True
USR005,01000000005,Demo User 005,DZ0000042,2026-03-01T10:24:50+06:00,Demo Seller 11,Fashion,2,Wari,23.710963,90.420266,12137,card,delivered,2026-03-06T06:24:50+06:00,True
USR005,01000000005,Demo User 005,DZ0000040,2026-03-04T16:05:31+06:00,Demo Seller 05,Accessories,2,Shyamoli,23.772264,90.36932,19054,card,delivered,2026-03-08T13:05:31+06:00,True
USR005,01000000005,Demo User 005,DZ0000039,2026-03-10T07:56:08+06:00,Demo Seller 15,Groceries,2,Khilgaon,23.747646,90.432022,9809,mobile_wallet,shipped,2026-03-12T07:56:08+06:00,True
USR005,01000000005,Demo User 005,DZ0000041,2026-03-23T22:45:27+06:00,Demo Seller 06,Beauty,1,Shyamoli,23.768526,90.35858,3836,mobile_wallet,cancelled,2026-03-28T13:45:27+06:00,True
USR005,01000000005,Demo User 005,DZ0000046,2026-04-10T00:47:52+06:00,Demo Seller 15,Electronics,4,Farmgate,23.765383,90.383288,13748,cash,delivered,2026-04-16T00:47:52+06:00,True
USR005,01000000005,Demo User 005,DZ0000043,2026-04-19T14:40:25+06:00,Demo Seller 13,Groceries,3,Pallabi,23.830192,90.357208,15347,mobile_wallet,delivered,2026-04-19T18:40:25+06:00,True
USR005,01000000005,Demo User 005,DZ0000044,2026-05-08T04:35:02+06:00,Demo Seller 09,Accessories,3,Farmgate,23.754664,90.390792,12043,card,delivered,2026-05-10T08:35:02+06:00,True
USR005,01000000005,Demo User 005,DZ0000045,2026-07-16T01:23:57+06:00,Demo Seller 01,Sports,4,Badda,23.786104,90.431613,14208,card,cancelled,2026-07-22T22:23:57+06:00,True
USR006,01000000006,Demo User 006,DZ0000049,2026-03-11T03:48:35+06:00,Demo Seller 13,Beauty,4,Uttara,23.879515,90.385777,13951,mobile_wallet,delivered,2026-03-12T07:48:35+06:00,True
USR006,01000000006,Demo User 006,DZ0000048,2026-04-16T16:51:07+06:00,Demo Seller 15,Groceries,3,Gulshan,23.785561,90.400344,18811,mobile_wallet,delivered,2026-04-19T21:51:07+06:00,True
USR006,01000000006,Demo User 006,DZ0000051,2026-05-09T04:50:14+06:00,Demo Seller 11,Fashion,2,Shyamoli,23.770943,90.367364,4254,mobile_wallet,delivered,2026-05-15T00:50:14+06:00,True
USR006,01000000006,Demo User 006,DZ0000047,2026-05-21T20:47:05+06:00,Demo Seller 08,Beauty,3,Gulshan,23.793465,90.405033,2976,mobile_wallet,delivered,2026-05-28T05:47:05+06:00,True
USR006,01000000006,Demo User 006,DZ0000050,2026-06-11T01:51:16+06:00,Demo Seller 03,Groceries,2,Shyamoli,23.778433,90.372128,14709,cash,delivered,2026-06-19T13:51:16+06:00,True
USR006,01000000006,Demo User 006,DZ0000052,2026-07-17T20:46:41+06:00,Demo Seller 10,Accessories,2,Tejgaon,23.764318,90.391378,19475,cash,processing,2026-07-21T10:46:41+06:00,True
USR007,01000000007,Demo User 007,DZ0000053,2026-03-06T17:53:58+06:00,Demo Seller 12,Fashion,3,Uttara,23.869048,90.372773,10001,card,delivered,2026-03-08T02:53:58+06:00,True
USR007,01000000007,Demo User 007,DZ0000056,2026-03-19T01:57:16+06:00,Demo Seller 07,Accessories,4,Old Dhaka,23.708357,90.402942,651,mobile_wallet,returned,2026-03-22T06:57:16+06:00,True
USR007,01000000007,Demo User 007,DZ0000054,2026-03-28T13:17:28+06:00,Demo Seller 14,Beauty,3,Old Dhaka,23.717089,90.406685,2729,cash,delivered,2026-04-02T07:17:28+06:00,True
USR007,01000000007,Demo User 007,DZ0000060,2026-03-29T21:42:49+06:00,Demo Seller 08,Groceries,3,Shyamoli,23.774886,90.372879,22184,card,delivered,2026-03-30T02:42:49+06:00,True
USR007,01000000007,Demo User 007,DZ0000059,2026-05-02T14:00:36+06:00,Demo Seller 10,Groceries,3,Uttara,23.879775,90.377905,11971,cash,delivered,2026-05-05T07:00:36+06:00,True
USR007,01000000007,Demo User 007,DZ0000058,2026-06-10T15:11:25+06:00,Demo Seller 15,Accessories,4,Mirpur,23.814383,90.366938,12058,mobile_wallet,delivered,2026-06-15T21:11:25+06:00,True
USR007,01000000007,Demo User 007,DZ0000057,2026-06-20T11:25:08+06:00,Demo Seller 14,Home & Living,3,Pallabi,23.826357,90.370069,21547,mobile_wallet,delivered,2026-06-22T13:25:08+06:00,True
USR007,01000000007,Demo User 007,DZ0000055,2026-07-01T09:03:11+06:00,Demo Seller 03,Groceries,3,Shyamoli,23.772551,90.36689,19889,cash,delivered,2026-07-05T17:03:11+06:00,True
USR008,01000000008,Demo User 008,DZ0000068,2026-03-22T23:30:30+06:00,Demo Seller 01,Sports,1,Uttara,23.873235,90.37971,18287,card,delivered,2026-03-24T19:30:30+06:00,True
USR008,01000000008,Demo User 008,DZ0000063,2026-05-04T18:02:46+06:00,Demo Seller 13,Fashion,4,Gulshan,23.789698,90.411001,17078,card,delivered,2026-05-13T08:02:46+06:00,True
USR008,01000000008,Demo User 008,DZ0000062,2026-05-26T14:01:20+06:00,Demo Seller 10,Accessories,2,Rampura,23.758718,90.421572,16301,mobile_wallet,delivered,2026-06-01T02:01:20+06:00,True
USR008,01000000008,Demo User 008,DZ0000061,2026-05-30T13:49:34+06:00,Demo Seller 11,Groceries,3,Mohakhali,23.774197,90.395782,4851,mobile_wallet,delivered,2026-06-05T13:49:34+06:00,True
USR008,01000000008,Demo User 008,DZ0000066,2026-06-07T13:22:41+06:00,Demo Seller 09,Electronics,2,Shyamoli,23.776208,90.37288,5823,card,shipped,2026-06-13T02:22:41+06:00,True
USR008,01000000008,Demo User 008,DZ0000067,2026-06-16T22:24:32+06:00,Demo Seller 07,Beauty,3,Dhanmondi,23.74419,90.373284,19052,mobile_wallet,cancelled,2026-06-17T19:24:32+06:00,True
USR008,01000000008,Demo User 008,DZ0000065,2026-06-17T21:17:08+06:00,Demo Seller 02,Sports,4,Wari,23.723223,90.418122,24656,cash,delivered,2026-06-22T02:17:08+06:00,True
USR008,01000000008,Demo User 008,DZ0000070,2026-06-30T02:52:45+06:00,Demo Seller 03,Beauty,4,Uttara,23.871696,90.374307,9645,cash,delivered,2026-07-04T15:52:45+06:00,True
USR008,01000000008,Demo User 008,DZ0000064,2026-07-09T05:31:16+06:00,Demo Seller 13,Groceries,2,Motijheel,23.732984,90.413866,15490,cash,delivered,2026-07-13T18:31:16+06:00,True
USR008,01000000008,Demo User 008,DZ0000071,2026-07-31T19:34:28+06:00,Demo Seller 13,Sports,3,Wari,23.72517,90.419654,5764,card,returned,2026-08-03T04:34:28+06:00,True
USR008,01000000008,Demo User 008,DZ0000069,2026-08-04T20:22:49+06:00,Demo Seller 07,Books,1,Farmgate,23.757297,90.391654,4090,cash,returned,2026-08-05T03:22:49+06:00,True
USR009,01000000009,Demo User 009,DZ0000072,2026-02-11T12:13:14+06:00,Demo Seller 02,Fashion,4,Rampura,23.765486,90.42295,9472,mobile_wallet,delivered,2026-02-16T11:13:14+06:00,True
USR009,01000000009,Demo User 009,DZ0000074,2026-02-28T14:54:00+06:00,Demo Seller 12,Home & Living,3,Rampura,23.761716,90.424231,11281,card,delivered,2026-02-28T23:54:00+06:00,True
USR009,01000000009,Demo User 009,DZ0000076,2026-04-22T11:19:22+06:00,Demo Seller 06,Beauty,3,Banani,23.792885,90.399494,18290,mobile_wallet,delivered,2026-04-25T22:19:22+06:00,True
USR009,01000000009,Demo User 009,DZ0000079,2026-05-08T08:59:19+06:00,Demo Seller 07,Fashion,4,Farmgate,23.753872,90.38325,9663,card,processing,2026-05-16T21:59:19+06:00,True
USR009,01000000009,Demo User 009,DZ0000073,2026-05-14T13:59:37+06:00,Demo Seller 12,Sports,4,Pallabi,23.832678,90.357185,20110,card,delivered,2026-05-16T21:59:37+06:00,True
USR009,01000000009,Demo User 009,DZ0000081,2026-05-14T16:24:34+06:00,Demo Seller 08,Sports,4,Bashundhara,23.814199,90.419863,13083,mobile_wallet,cancelled,2026-05-19T15:24:34+06:00,True
USR009,01000000009,Demo User 009,DZ0000078,2026-06-02T07:10:28+06:00,Demo Seller 07,Accessories,4,Mirpur,23.82776,90.366723,9406,card,delivered,2026-06-02T17:10:28+06:00,True
USR009,01000000009,Demo User 009,DZ0000080,2026-06-06T19:23:43+06:00,Demo Seller 05,Beauty,4,Banani,23.79674,90.401436,12145,cash,delivered,2026-06-12T20:23:43+06:00,True
USR009,01000000009,Demo User 009,DZ0000075,2026-06-12T09:06:19+06:00,Demo Seller 15,Beauty,1,Uttara,23.881557,90.386557,8421,cash,delivered,2026-06-13T21:06:19+06:00,True
USR009,01000000009,Demo User 009,DZ0000077,2026-06-28T12:58:42+06:00,Demo Seller 12,Home & Living,4,Farmgate,23.760469,90.381769,13395,mobile_wallet,returned,2026-07-03T11:58:42+06:00,True
USR010,01000000010,Demo User 010,DZ0000091,2026-02-21T00:09:21+06:00,Demo Seller 05,Accessories,3,Motijheel,23.73505,90.418041,24063,mobile_wallet,shipped,2026-02-26T18:09:21+06:00,True
USR010,01000000010,Demo User 010,DZ0000082,2026-03-09T12:23:20+06:00,Demo Seller 11,Accessories,4,Uttara,23.881218,90.387061,7623,cash,delivered,2026-03-12T22:23:20+06:00,True
USR010,01000000010,Demo User 010,DZ0000086,2026-04-10T05:42:03+06:00,Demo Seller 04,Home & Living,4,Rampura,23.758989,90.422442,6274,card,delivered,2026-04-17T08:42:03+06:00,True
USR010,01000000010,Demo User 010,DZ0000085,2026-05-08T03:28:19+06:00,Demo Seller 10,Sports,1,Dhanmondi,23.750226,90.380582,24085,card,cancelled,2026-05-17T22:28:19+06:00,True
USR010,01000000010,Demo User 010,DZ0000089,2026-05-08T03:40:02+06:00,Demo Seller 02,Beauty,1,Khilgaon,23.749942,90.417977,14774,mobile_wallet,cancelled,2026-05-15T16:40:02+06:00,True
USR010,01000000010,Demo User 010,DZ0000083,2026-06-12T20:39:49+06:00,Demo Seller 03,Fashion,1,Tejgaon,23.76634,90.394015,20126,mobile_wallet,delivered,2026-06-14T01:39:49+06:00,True
USR010,01000000010,Demo User 010,DZ0000084,2026-06-29T08:08:47+06:00,Demo Seller 04,Home & Living,1,Mirpur,23.824851,90.373234,16146,mobile_wallet,shipped,2026-07-03T08:08:47+06:00,True
USR010,01000000010,Demo User 010,DZ0000087,2026-07-04T06:33:37+06:00,Demo Seller 11,Electronics,3,Pallabi,23.830874,90.364832,19543,card,returned,2026-07-12T09:33:37+06:00,True
USR010,01000000010,Demo User 010,DZ0000088,2026-07-31T19:17:04+06:00,Demo Seller 01,Accessories,3,Badda,23.773331,90.421097,15259,card,delivered,2026-08-02T03:17:04+06:00,True
USR010,01000000010,Demo User 010,DZ0000090,2026-08-06T18:58:51+06:00,Demo Seller 05,Home & Living,2,Gulshan,23.791088,90.406042,22288,mobile_wallet,delivered,2026-08-09T23:59:59+06:00,True
USR011,01000000011,Demo User 011,DZ0000095,2026-02-19T13:26:18+06:00,Demo Seller 02,Electronics,2,Shyamoli,23.782091,90.361056,13554,cash,shipped,2026-02-26T04:26:18+06:00,True
USR011,01000000011,Demo User 011,DZ0000092,2026-03-28T01:58:17+06:00,Demo Seller 06,Home & Living,2,Rampura,23.762454,90.418116,8747,cash,delivered,2026-03-29T03:58:17+06:00,True
USR011,01000000011,Demo User 011,DZ0000101,2026-04-08T18:50:57+06:00,Demo Seller 07,Accessories,1,Gulshan,23.785841,90.405942,18935,mobile_wallet,delivered,2026-04-09T10:50:57+06:00,True
USR011,01000000011,Demo User 011,DZ0000093,2026-04-13T06:03:18+06:00,Demo Seller 07,Accessories,2,Wari,23.71252,90.421372,4881,cash,delivered,2026-04-21T05:03:18+06:00,True
USR011,01000000011,Demo User 011,DZ0000099,2026-05-01T15:02:49+06:00,Demo Seller 13,Groceries,4,Rampura,23.762314,90.42846,21182,card,delivered,2026-05-06T07:02:49+06:00,True
USR011,01000000011,Demo User 011,DZ0000094,2026-05-12T19:00:23+06:00,Demo Seller 04,Books,1,Khilgaon,23.74598,90.418045,7910,cash,delivered,2026-05-14T17:00:23+06:00,True
USR011,01000000011,Demo User 011,DZ0000097,2026-06-23T18:49:40+06:00,Demo Seller 13,Fashion,2,Gulshan,23.788582,90.409043,2175,cash,delivered,2026-06-26T10:49:40+06:00,True
USR011,01000000011,Demo User 011,DZ0000100,2026-06-24T16:55:19+06:00,Demo Seller 12,Fashion,4,Khilgaon,23.744181,90.420027,3369,card,delivered,2026-06-25T08:55:19+06:00,True
USR011,01000000011,Demo User 011,DZ0000096,2026-06-25T06:50:31+06:00,Demo Seller 02,Groceries,2,Motijheel,23.740906,90.411246,22166,cash,cancelled,2026-07-05T05:50:31+06:00,True
USR011,01000000011,Demo User 011,DZ0000098,2026-07-25T02:23:48+06:00,Demo Seller 14,Groceries,2,Mohakhali,23.77659,90.393211,18408,cash,cancelled,2026-07-29T15:23:48+06:00,True
USR012,01000000012,Demo User 012,DZ0000106,2026-04-04T23:31:31+06:00,Demo Seller 01,Groceries,1,Gulshan,23.795487,90.404872,23858,card,delivered,2026-04-11T11:31:31+06:00,True
USR012,01000000012,Demo User 012,DZ0000103,2026-04-12T22:16:31+06:00,Demo Seller 07,Groceries,4,Bashundhara,23.812745,90.429586,21112,card,delivered,2026-04-16T07:16:31+06:00,True
USR012,01000000012,Demo User 012,DZ0000104,2026-04-19T16:18:37+06:00,Demo Seller 10,Beauty,1,Badda,23.774543,90.422597,11653,mobile_wallet,processing,2026-04-29T09:18:37+06:00,True
USR012,01000000012,Demo User 012,DZ0000102,2026-05-04T09:24:32+06:00,Demo Seller 01,Books,3,Shyamoli,23.782649,90.368194,2255,cash,delivered,2026-05-04T15:24:32+06:00,True
USR012,01000000012,Demo User 012,DZ0000105,2026-06-10T03:23:34+06:00,Demo Seller 12,Books,1,Khilgaon,23.74473,90.42324,14806,cash,delivered,2026-06-12T20:23:34+06:00,True
USR013,01000000013,Demo User 013,DZ0000112,2026-03-20T12:46:02+06:00,Demo Seller 08,Accessories,4,Dhanmondi,23.738996,90.368843,2084,mobile_wallet,delivered,2026-03-28T19:46:02+06:00,True
USR013,01000000013,Demo User 013,DZ0000108,2026-03-21T16:36:05+06:00,Demo Seller 12,Fashion,3,Wari,23.72305,90.416939,17296,cash,delivered,2026-03-30T23:36:05+06:00,True
USR013,01000000013,Demo User 013,DZ0000109,2026-03-30T11:01:09+06:00,Demo Seller 01,Home & Living,3,Khilgaon,23.74619,90.427486,10805,card,delivered,2026-03-31T04:01:09+06:00,True
USR013,01000000013,Demo User 013,DZ0000111,2026-04-30T02:53:47+06:00,Demo Seller 02,Fashion,4,Mohammadpur,23.769117,90.35802,21639,cash,delivered,2026-05-01T21:53:47+06:00,True
USR013,01000000013,Demo User 013,DZ0000110,2026-06-10T07:50:54+06:00,Demo Seller 11,Accessories,4,Pallabi,23.836161,90.368693,2888,mobile_wallet,cancelled,2026-06-16T07:50:54+06:00,True
USR013,01000000013,Demo User 013,DZ0000107,2026-07-05T09:10:57+06:00,Demo Seller 06,Home & Living,2,Tejgaon,23.767994,90.397344,22789,mobile_wallet,returned,2026-07-12T13:10:57+06:00,True
USR014,01000000014,Demo User 014,DZ0000122,2026-02-11T21:15:56+06:00,Demo Seller 13,Sports,4,Badda,23.777677,90.425771,16457,cash,cancelled,2026-02-16T11:15:56+06:00,True
USR014,01000000014,Demo User 014,DZ0000119,2026-03-19T20:08:07+06:00,Demo Seller 04,Groceries,2,Shyamoli,23.779633,90.363598,23676,cash,delivered,2026-03-20T03:08:07+06:00,True
USR014,01000000014,Demo User 014,DZ0000120,2026-04-10T01:30:13+06:00,Demo Seller 01,Groceries,3,Tejgaon,23.764745,90.400742,14776,mobile_wallet,cancelled,2026-04-19T16:30:13+06:00,True
USR014,01000000014,Demo User 014,DZ0000114,2026-04-14T11:25:15+06:00,Demo Seller 03,Sports,2,Khilgaon,23.75371,90.43243,11726,card,delivered,2026-04-17T02:25:15+06:00,True
USR014,01000000014,Demo User 014,DZ0000121,2026-05-14T09:35:05+06:00,Demo Seller 13,Books,1,Badda,23.781425,90.433143,876,mobile_wallet,delivered,2026-05-23T15:35:05+06:00,True
USR014,01000000014,Demo User 014,DZ0000116,2026-05-24T10:27:47+06:00,Demo Seller 09,Books,4,Wari,23.712138,90.414771,4107,card,delivered,2026-06-01T00:27:47+06:00,True
USR014,01000000014,Demo User 014,DZ0000117,2026-06-06T14:26:11+06:00,Demo Seller 01,Electronics,4,Motijheel,23.727971,90.416098,20743,card,delivered,2026-06-07T20:26:11+06:00,True
USR014,01000000014,Demo User 014,DZ0000113,2026-06-14T02:47:41+06:00,Demo Seller 10,Groceries,3,Mirpur,23.817779,90.361813,22351,card,delivered,2026-06-16T09:47:41+06:00,True
USR014,01000000014,Demo User 014,DZ0000115,2026-06-28T14:52:46+06:00,Demo Seller 01,Groceries,2,Gulshan,23.795124,90.410039,11594,cash,delivered,2026-07-06T19:52:46+06:00,True
USR014,01000000014,Demo User 014,DZ0000118,2026-07-22T19:04:14+06:00,Demo Seller 02,Books,3,Dhanmondi,23.742684,90.383846,14436,cash,delivered,2026-07-24T12:04:14+06:00,True
USR015,01000000015,Demo User 015,DZ0000128,2026-03-14T04:09:50+06:00,Demo Seller 10,Accessories,2,Dhanmondi,23.744319,90.378263,8374,mobile_wallet,shipped,2026-03-18T09:09:50+06:00,True
USR015,01000000015,Demo User 015,DZ0000130,2026-03-20T23:25:36+06:00,Demo Seller 11,Sports,3,Motijheel,23.740707,90.424774,22359,cash,delivered,2026-03-23T23:25:36+06:00,True
USR015,01000000015,Demo User 015,DZ0000125,2026-04-18T14:49:05+06:00,Demo Seller 12,Home & Living,4,Khilgaon,23.751246,90.421042,21687,card,delivered,2026-04-28T02:49:05+06:00,True
USR015,01000000015,Demo User 015,DZ0000126,2026-04-23T15:36:09+06:00,Demo Seller 15,Beauty,2,Bashundhara,23.807348,90.418067,5146,mobile_wallet,cancelled,2026-05-03T02:36:09+06:00,True
USR015,01000000015,Demo User 015,DZ0000124,2026-04-25T15:40:42+06:00,Demo Seller 10,Books,1,Uttara,23.868504,90.372212,17429,cash,delivered,2026-05-03T21:40:42+06:00,True
USR015,01000000015,Demo User 015,DZ0000129,2026-05-29T03:04:39+06:00,Demo Seller 14,Home & Living,2,Tejgaon,23.761245,90.397884,17871,cash,shipped,2026-06-06T02:04:39+06:00,True
USR015,01000000015,Demo User 015,DZ0000127,2026-07-02T18:22:29+06:00,Demo Seller 01,Electronics,4,Banani,23.800791,90.40301,23208,cash,delivered,2026-07-11T23:22:29+06:00,True
USR015,01000000015,Demo User 015,DZ0000123,2026-07-18T14:13:56+06:00,Demo Seller 05,Beauty,4,Badda,23.778927,90.427767,24007,cash,cancelled,2026-07-20T13:13:56+06:00,True
USR016,01000000016,Demo User 016,DZ0000132,2026-03-14T15:51:09+06:00,Demo Seller 07,Sports,4,Khilgaon,23.745222,90.418485,20392,cash,delivered,2026-03-16T16:51:09+06:00,True
USR016,01000000016,Demo User 016,DZ0000134,2026-03-22T11:48:24+06:00,Demo Seller 05,Books,4,Pallabi,23.834373,90.359512,18493,cash,cancelled,2026-03-31T22:48:24+06:00,True
USR016,01000000016,Demo User 016,DZ0000135,2026-04-23T02:46:15+06:00,Demo Seller 14,Electronics,3,Mirpur,23.824609,90.363709,5327,cash,delivered,2026-04-27T12:46:15+06:00,True
USR016,01000000016,Demo User 016,DZ0000133,2026-07-04T05:44:21+06:00,Demo Seller 09,Accessories,4,Mirpur,23.821059,90.373325,16939,card,delivered,2026-07-12T22:44:21+06:00,True
USR016,01000000016,Demo User 016,DZ0000131,2026-07-25T19:52:25+06:00,Demo Seller 03,Electronics,4,Mohakhali,23.783333,90.39408,12963,card,delivered,2026-07-26T08:52:25+06:00,True
USR017,01000000017,Demo User 017,DZ0000137,2026-02-16T08:01:45+06:00,Demo Seller 14,Home & Living,3,Tejgaon,23.759725,90.400501,24306,cash,shipped,2026-02-23T09:01:45+06:00,True
USR017,01000000017,Demo User 017,DZ0000136,2026-03-19T18:33:16+06:00,Demo Seller 01,Home & Living,2,Old Dhaka,23.703579,90.405591,17821,cash,delivered,2026-03-26T13:33:16+06:00,True
USR017,01000000017,Demo User 017,DZ0000141,2026-04-07T15:00:53+06:00,Demo Seller 10,Electronics,4,Bashundhara,23.812755,90.426879,534,card,delivered,2026-04-09T01:00:53+06:00,True
USR017,01000000017,Demo User 017,DZ0000138,2026-05-10T16:29:57+06:00,Demo Seller 09,Books,4,Shyamoli,23.776366,90.369338,7497,mobile_wallet,returned,2026-05-14T11:29:57+06:00,True
USR017,01000000017,Demo User 017,DZ0000140,2026-06-02T15:29:43+06:00,Demo Seller 02,Electronics,4,Uttara,23.883257,90.37576,13701,card,delivered,2026-06-05T18:29:43+06:00,True
USR017,01000000017,Demo User 017,DZ0000139,2026-06-11T10:20:02+06:00,Demo Seller 10,Accessories,4,Pallabi,23.832254,90.360455,13453,mobile_wallet,delivered,2026-06-19T20:20:02+06:00,True
USR018,01000000018,Demo User 018,DZ0000144,2026-04-05T08:02:26+06:00,Demo Seller 11,Home & Living,4,Motijheel,23.732901,90.413172,21299,card,delivered,2026-04-12T22:02:26+06:00,True
USR018,01000000018,Demo User 018,DZ0000142,2026-04-17T18:06:12+06:00,Demo Seller 10,Books,3,Mohakhali,23.781058,90.4017,18145,mobile_wallet,delivered,2026-04-19T20:06:12+06:00,True
USR018,01000000018,Demo User 018,DZ0000146,2026-04-28T13:39:48+06:00,Demo Seller 12,Home & Living,4,Bashundhara,23.823007,90.42124,19848,card,delivered,2026-04-30T22:39:48+06:00,True
USR018,01000000018,Demo User 018,DZ0000147,2026-05-09T13:19:30+06:00,Demo Seller 04,Fashion,3,Farmgate,23.756005,90.384931,23328,cash,shipped,2026-05-14T20:19:30+06:00,True
USR018,01000000018,Demo User 018,DZ0000145,2026-06-15T16:28:44+06:00,Demo Seller 10,Groceries,4,Uttara,23.880591,90.38732,5766,cash,returned,2026-06-19T06:28:44+06:00,True
USR018,01000000018,Demo User 018,DZ0000143,2026-07-29T08:06:09+06:00,Demo Seller 09,Books,1,Mohammadpur,23.767926,90.350875,15452,mobile_wallet,returned,2026-08-03T16:06:09+06:00,True
USR019,01000000019,Demo User 019,DZ0000150,2026-02-27T00:19:38+06:00,Demo Seller 15,Fashion,3,Rampura,23.765806,90.427462,16432,card,delivered,2026-03-02T05:19:38+06:00,True
USR019,01000000019,Demo User 019,DZ0000154,2026-03-19T01:04:57+06:00,Demo Seller 10,Sports,3,Bashundhara,23.816728,90.420452,12524,card,delivered,2026-03-19T22:04:57+06:00,True
USR019,01000000019,Demo User 019,DZ0000152,2026-03-21T21:23:56+06:00,Demo Seller 13,Books,2,Wari,23.71954,90.420726,8602,cash,delivered,2026-03-26T17:23:56+06:00,True
USR019,01000000019,Demo User 019,DZ0000153,2026-03-26T01:58:29+06:00,Demo Seller 07,Fashion,2,Mirpur,23.815147,90.371852,12835,card,shipped,2026-04-02T07:58:29+06:00,True
USR019,01000000019,Demo User 019,DZ0000149,2026-04-24T22:39:48+06:00,Demo Seller 10,Fashion,3,Bashundhara,23.81938,90.419455,17135,card,returned,2026-05-01T08:39:48+06:00,True
USR019,01000000019,Demo User 019,DZ0000148,2026-05-17T13:49:04+06:00,Demo Seller 15,Accessories,3,Dhanmondi,23.748263,90.36903,13052,mobile_wallet,delivered,2026-05-25T20:49:04+06:00,True
USR019,01000000019,Demo User 019,DZ0000156,2026-05-22T13:50:51+06:00,Demo Seller 13,Home & Living,3,Tejgaon,23.769035,90.389433,24338,mobile_wallet,delivered,2026-05-23T03:50:51+06:00,True
USR019,01000000019,Demo User 019,DZ0000159,2026-05-28T12:52:21+06:00,Demo Seller 11,Beauty,2,Mirpur,23.818834,90.361582,9006,mobile_wallet,delivered,2026-06-03T23:52:21+06:00,True
USR019,01000000019,Demo User 019,DZ0000155,2026-06-01T12:43:58+06:00,Demo Seller 15,Groceries,3,Dhanmondi,23.743962,90.375087,16857,mobile_wallet,shipped,2026-06-04T10:43:58+06:00,True
USR019,01000000019,Demo User 019,DZ0000157,2026-06-04T10:34:05+06:00,Demo Seller 14,Sports,1,Pallabi,23.835294,90.356237,15154,mobile_wallet,returned,2026-06-08T00:34:05+06:00,True
USR019,01000000019,Demo User 019,DZ0000151,2026-06-09T23:13:52+06:00,Demo Seller 07,Groceries,2,Shyamoli,23.773741,90.372356,19552,card,delivered,2026-06-12T15:13:52+06:00,True
USR019,01000000019,Demo User 019,DZ0000158,2026-07-24T07:41:56+06:00,Demo Seller 14,Accessories,3,Mohakhali,23.774588,90.403094,11020,card,returned,2026-07-26T09:41:56+06:00,True
USR020,01000000020,Demo User 020,DZ0000164,2026-03-12T06:25:47+06:00,Demo Seller 08,Beauty,1,Mohammadpur,23.760047,90.355327,15458,mobile_wallet,delivered,2026-03-15T18:25:47+06:00,True
USR020,01000000020,Demo User 020,DZ0000163,2026-06-01T22:09:54+06:00,Demo Seller 04,Fashion,1,Farmgate,23.762462,90.385667,2993,card,delivered,2026-06-07T19:09:54+06:00,True
USR020,01000000020,Demo User 020,DZ0000161,2026-07-01T10:42:15+06:00,Demo Seller 12,Sports,4,Mohammadpur,23.761815,90.358874,19099,card,returned,2026-07-05T22:42:15+06:00,True
USR020,01000000020,Demo User 020,DZ0000160,2026-07-11T17:03:32+06:00,Demo Seller 09,Fashion,1,Pallabi,23.82601,90.366751,16213,cash,delivered,2026-07-20T09:03:32+06:00,True
USR020,01000000020,Demo User 020,DZ0000162,2026-07-24T18:06:32+06:00,Demo Seller 05,Groceries,1,Wari,23.714027,90.418441,3599,mobile_wallet,delivered,2026-07-29T04:06:32+06:00,True
USR021,01000000021,Demo User 021,DZ0000169,2026-02-11T17:42:18+06:00,Demo Seller 05,Electronics,1,Pallabi,23.83182,90.36708,2109,mobile_wallet,delivered,2026-02-12T11:42:18+06:00,True
USR021,01000000021,Demo User 021,DZ0000171,2026-02-28T03:50:14+06:00,Demo Seller 05,Books,3,Wari,23.717251,90.414618,18280,cash,delivered,2026-03-06T04:50:14+06:00,True
USR021,01000000021,Demo User 021,DZ0000167,2026-05-26T13:59:48+06:00,Demo Seller 13,Groceries,4,Old Dhaka,23.704689,90.407498,6582,card,delivered,2026-06-01T02:59:48+06:00,True
USR021,01000000021,Demo User 021,DZ0000166,2026-05-27T14:47:24+06:00,Demo Seller 14,Sports,1,Rampura,23.764958,90.424241,16520,mobile_wallet,processing,2026-06-02T23:47:24+06:00,True
USR021,01000000021,Demo User 021,DZ0000173,2026-05-28T00:47:04+06:00,Demo Seller 01,Beauty,2,Banani,23.792507,90.41299,13068,card,delivered,2026-05-31T18:47:04+06:00,True
USR021,01000000021,Demo User 021,DZ0000170,2026-05-28T18:07:18+06:00,Demo Seller 14,Books,3,Badda,23.788235,90.43415,17847,cash,cancelled,2026-06-07T16:07:18+06:00,True
USR021,01000000021,Demo User 021,DZ0000172,2026-06-26T04:13:20+06:00,Demo Seller 10,Sports,2,Rampura,23.763972,90.413726,7317,cash,shipped,2026-06-30T00:13:20+06:00,True
USR021,01000000021,Demo User 021,DZ0000168,2026-07-22T05:18:10+06:00,Demo Seller 13,Electronics,3,Motijheel,23.737059,90.413933,14616,cash,returned,2026-07-30T16:18:10+06:00,True
USR021,01000000021,Demo User 021,DZ0000165,2026-07-25T19:19:39+06:00,Demo Seller 14,Electronics,2,Banani,23.794918,90.406057,17029,mobile_wallet,shipped,2026-08-02T08:19:39+06:00,True
USR022,01000000022,Demo User 022,DZ0000181,2026-02-27T01:33:58+06:00,Demo Seller 05,Fashion,2,Rampura,23.769068,90.420574,9949,cash,delivered,2026-03-05T23:33:58+06:00,True
USR022,01000000022,Demo User 022,DZ0000178,2026-03-01T02:58:01+06:00,Demo Seller 03,Groceries,4,Motijheel,23.732642,90.41195,11523,card,delivered,2026-03-02T07:58:01+06:00,True
USR022,01000000022,Demo User 022,DZ0000177,2026-05-31T00:52:54+06:00,Demo Seller 11,Groceries,3,Rampura,23.768383,90.423027,16150,card,delivered,2026-06-02T23:52:54+06:00,True
USR022,01000000022,Demo User 022,DZ0000179,2026-06-16T09:49:32+06:00,Demo Seller 14,Beauty,3,Mohakhali,23.773984,90.405989,9640,card,delivered,2026-06-25T06:49:32+06:00,True
USR022,01000000022,Demo User 022,DZ0000175,2026-06-16T22:11:10+06:00,Demo Seller 05,Fashion,4,Old Dhaka,23.706523,90.414323,9475,card,delivered,2026-06-22T05:11:10+06:00,True
USR022,01000000022,Demo User 022,DZ0000184,2026-06-17T19:38:11+06:00,Demo Seller 08,Fashion,1,Mohakhali,23.784168,90.391492,7714,cash,delivered,2026-06-22T00:38:11+06:00,True
USR022,01000000022,Demo User 022,DZ0000182,2026-07-05T22:01:43+06:00,Demo Seller 12,Beauty,4,Mirpur,23.82675,90.372763,9712,mobile_wallet,delivered,2026-07-12T08:01:43+06:00,True
USR022,01000000022,Demo User 022,DZ0000180,2026-07-10T18:26:51+06:00,Demo Seller 13,Beauty,2,Rampura,23.754802,90.421013,13863,cash,delivered,2026-07-18T19:26:51+06:00,True
USR022,01000000022,Demo User 022,DZ0000183,2026-07-11T20:14:27+06:00,Demo Seller 05,Sports,4,Uttara,23.875974,90.383757,17010,cash,cancelled,2026-07-17T20:14:27+06:00,True
USR022,01000000022,Demo User 022,DZ0000176,2026-07-20T03:24:34+06:00,Demo Seller 11,Fashion,1,Banani,23.794474,90.414216,17286,cash,delivered,2026-07-28T23:24:34+06:00,True
USR022,01000000022,Demo User 022,DZ0000174,2026-08-09T21:30:28+06:00,Demo Seller 09,Sports,1,Mohakhali,23.785823,90.397726,17987,card,delivered,2026-08-09T23:59:59+06:00,True
USR023,01000000023,Demo User 023,DZ0000186,2026-02-17T01:55:08+06:00,Demo Seller 02,Home & Living,1,Motijheel,23.73035,90.412284,16697,cash,delivered,2026-02-20T23:55:08+06:00,True
USR023,01000000023,Demo User 023,DZ0000187,2026-02-22T10:52:05+06:00,Demo Seller 06,Beauty,3,Mohakhali,23.779936,90.394423,1410,cash,delivered,2026-02-27T03:52:05+06:00,True
USR023,01000000023,Demo User 023,DZ0000190,2026-03-10T10:03:11+06:00,Demo Seller 06,Books,4,Uttara,23.879821,90.385159,4931,cash,delivered,2026-03-14T11:03:11+06:00,True
USR023,01000000023,Demo User 023,DZ0000185,2026-04-30T09:06:20+06:00,Demo Seller 03,Fashion,2,Mohammadpur,23.768858,90.358472,20047,mobile_wallet,delivered,2026-05-04T01:06:20+06:00,True
USR023,01000000023,Demo User 023,DZ0000188,2026-06-03T02:35:01+06:00,Demo Seller 13,Accessories,2,Wari,23.723983,90.422829,250,card,shipped,2026-06-07T04:35:01+06:00,True
USR023,01000000023,Demo User 023,DZ0000192,2026-07-02T18:58:12+06:00,Demo Seller 08,Electronics,1,Farmgate,23.764751,90.392636,22652,mobile_wallet,delivered,2026-07-03T19:58:12+06:00,True
USR023,01000000023,Demo User 023,DZ0000191,2026-07-10T13:49:51+06:00,Demo Seller 15,Fashion,2,Banani,23.78816,90.399018,15980,card,delivered,2026-07-18T03:49:51+06:00,True
USR023,01000000023,Demo User 023,DZ0000189,2026-07-17T20:12:52+06:00,Demo Seller 11,Groceries,4,Motijheel,23.736183,90.414857,14448,mobile_wallet,delivered,2026-07-25T05:12:52+06:00,True
USR024,01000000024,Demo User 024,DZ0000196,2026-03-05T13:53:24+06:00,Demo Seller 06,Accessories,3,Mohakhali,23.781546,90.400703,1741,cash,delivered,2026-03-09T10:53:24+06:00,True
USR024,01000000024,Demo User 024,DZ0000193,2026-04-11T22:41:16+06:00,Demo Seller 12,Fashion,1,Dhanmondi,23.742966,90.379547,14517,cash,delivered,2026-04-13T23:41:16+06:00,True
USR024,01000000024,Demo User 024,DZ0000199,2026-05-10T00:00:45+06:00,Demo Seller 07,Accessories,4,Banani,23.794906,90.411529,1216,card,delivered,2026-05-15T17:00:45+06:00,True
USR024,01000000024,Demo User 024,DZ0000194,2026-07-01T05:19:28+06:00,Demo Seller 06,Electronics,4,Gulshan,23.794752,90.403313,5762,cash,delivered,2026-07-07T13:19:28+06:00,True
USR024,01000000024,Demo User 024,DZ0000197,2026-07-15T06:03:04+06:00,Demo Seller 06,Groceries,1,Bashundhara,23.809327,90.427526,14358,cash,delivered,2026-07-19T09:03:04+06:00,True
USR024,01000000024,Demo User 024,DZ0000195,2026-07-19T21:01:57+06:00,Demo Seller 10,Accessories,2,Uttara,23.872466,90.386551,4774,card,delivered,2026-07-20T22:01:57+06:00,True
USR024,01000000024,Demo User 024,DZ0000198,2026-08-03T01:37:35+06:00,Demo Seller 07,Groceries,2,Motijheel,23.730288,90.414166,21581,card,shipped,2026-08-09T22:37:35+06:00,True
USR025,01000000025,Demo User 025,DZ0000203,2026-04-14T18:17:34+06:00,Demo Seller 07,Beauty,1,Khilgaon,23.746328,90.422514,4077,mobile_wallet,delivered,2026-04-23T12:17:34+06:00,True
USR025,01000000025,Demo User 025,DZ0000200,2026-05-03T07:44:51+06:00,Demo Seller 02,Groceries,3,Dhanmondi,23.749132,90.381282,16655,mobile_wallet,delivered,2026-05-06T02:44:51+06:00,True
USR025,01000000025,Demo User 025,DZ0000202,2026-06-07T19:59:23+06:00,Demo Seller 15,Accessories,4,Old Dhaka,23.717244,90.41007,22297,cash,delivered,2026-06-11T03:59:23+06:00,True
USR025,01000000025,Demo User 025,DZ0000204,2026-06-08T11:01:44+06:00,Demo Seller 05,Books,3,Rampura,23.76046,90.419307,19556,card,cancelled,2026-06-16T09:01:44+06:00,True
USR025,01000000025,Demo User 025,DZ0000205,2026-06-22T23:59:54+06:00,Demo Seller 08,Books,3,Uttara,23.882446,90.385506,9486,card,delivered,2026-06-23T06:59:54+06:00,True
USR025,01000000025,Demo User 025,DZ0000201,2026-07-03T18:41:08+06:00,Demo Seller 11,Groceries,2,Dhanmondi,23.753613,90.378451,9989,card,delivered,2026-07-10T20:41:08+06:00,True
USR025,01000000025,Demo User 025,DZ0000206,2026-07-20T07:51:07+06:00,Demo Seller 01,Home & Living,4,Mohakhali,23.77727,90.397801,14788,card,delivered,2026-07-28T23:51:07+06:00,True
USR026,01000000026,Demo User 026,DZ0000207,2026-02-16T22:15:27+06:00,Demo Seller 12,Accessories,2,Mohammadpur,23.760584,90.361015,1347,cash,delivered,2026-02-22T07:15:27+06:00,True
USR026,01000000026,Demo User 026,DZ0000215,2026-02-24T15:32:24+06:00,Demo Seller 06,Electronics,2,Farmgate,23.758627,90.39277,20562,card,delivered,2026-02-25T17:32:24+06:00,True
USR026,01000000026,Demo User 026,DZ0000212,2026-03-03T13:50:08+06:00,Demo Seller 05,Accessories,4,Rampura,23.758867,90.414346,4336,card,delivered,2026-03-09T15:50:08+06:00,True
USR026,01000000026,Demo User 026,DZ0000214,2026-03-29T03:51:20+06:00,Demo Seller 05,Books,3,Uttara,23.870339,90.378392,21106,mobile_wallet,delivered,2026-04-05T09:51:20+06:00,True
USR026,01000000026,Demo User 026,DZ0000213,2026-04-02T05:09:26+06:00,Demo Seller 09,Home & Living,2,Mohakhali,23.777227,90.403084,12610,cash,delivered,2026-04-02T07:09:26+06:00,True
USR026,01000000026,Demo User 026,DZ0000216,2026-04-25T20:03:00+06:00,Demo Seller 12,Fashion,2,Pallabi,23.827204,90.364822,15550,card,delivered,2026-04-27T02:03:00+06:00,True
USR026,01000000026,Demo User 026,DZ0000209,2026-05-03T19:32:27+06:00,Demo Seller 07,Sports,1,Banani,23.787165,90.405876,12617,mobile_wallet,delivered,2026-05-10T16:32:27+06:00,True
USR026,01000000026,Demo User 026,DZ0000208,2026-05-09T00:05:20+06:00,Demo Seller 01,Accessories,2,Uttara,23.875958,90.379319,16377,card,cancelled,2026-05-15T13:05:20+06:00,True
USR026,01000000026,Demo User 026,DZ0000211,2026-05-11T14:48:05+06:00,Demo Seller 04,Fashion,1,Dhanmondi,23.744233,90.374483,24047,mobile_wallet,returned,2026-05-18T12:48:05+06:00,True
USR026,01000000026,Demo User 026,DZ0000210,2026-07-10T23:11:44+06:00,Demo Seller 09,Home & Living,1,Pallabi,23.82489,90.36795,19120,cash,delivered,2026-07-15T08:11:44+06:00,True
USR027,01000000027,Demo User 027,DZ0000218,2026-02-16T03:32:05+06:00,Demo Seller 08,Fashion,2,Mohammadpur,23.772361,90.359416,317,cash,shipped,2026-02-19T06:32:05+06:00,True
USR027,01000000027,Demo User 027,DZ0000221,2026-02-17T19:39:27+06:00,Demo Seller 06,Books,2,Badda,23.783689,90.430405,745,cash,delivered,2026-02-26T08:39:27+06:00,True
USR027,01000000027,Demo User 027,DZ0000220,2026-02-20T13:12:33+06:00,Demo Seller 07,Beauty,2,Rampura,23.753551,90.423995,21032,card,returned,2026-02-28T00:12:33+06:00,True
USR027,01000000027,Demo User 027,DZ0000224,2026-02-28T08:57:23+06:00,Demo Seller 11,Home & Living,1,Wari,23.722793,90.419467,15741,cash,delivered,2026-03-04T18:57:23+06:00,True
USR027,01000000027,Demo User 027,DZ0000217,2026-03-13T18:03:12+06:00,Demo Seller 11,Books,3,Wari,23.720226,90.421953,7205,cash,delivered,2026-03-20T00:03:12+06:00,True
USR027,01000000027,Demo User 027,DZ0000225,2026-03-31T20:07:05+06:00,Demo Seller 15,Sports,1,Shyamoli,23.768876,90.368097,12424,cash,delivered,2026-04-04T03:07:05+06:00,True
USR027,01000000027,Demo User 027,DZ0000219,2026-05-17T06:46:51+06:00,Demo Seller 08,Fashion,1,Badda,23.786661,90.427217,16311,cash,delivered,2026-05-19T19:46:51+06:00,True
USR027,01000000027,Demo User 027,DZ0000222,2026-06-10T14:35:05+06:00,Demo Seller 05,Beauty,2,Rampura,23.766066,90.41696,3717,mobile_wallet,delivered,2026-06-14T08:35:05+06:00,True
USR027,01000000027,Demo User 027,DZ0000226,2026-07-12T10:22:36+06:00,Demo Seller 10,Sports,4,Bashundhara,23.810021,90.418269,12102,mobile_wallet,shipped,2026-07-21T19:22:36+06:00,True
USR027,01000000027,Demo User 027,DZ0000223,2026-07-19T00:41:20+06:00,Demo Seller 03,Beauty,4,Wari,23.722849,90.41112,21383,mobile_wallet,cancelled,2026-07-25T01:41:20+06:00,True
USR027,01000000027,Demo User 027,DZ0000227,2026-07-23T05:38:20+06:00,Demo Seller 04,Fashion,3,Mohakhali,23.779531,90.406145,21533,card,delivered,2026-07-25T02:38:20+06:00,True
USR028,01000000028,Demo User 028,DZ0000231,2026-03-11T22:48:32+06:00,Demo Seller 07,Beauty,1,Badda,23.781272,90.424898,12780,card,delivered,2026-03-15T22:48:32+06:00,True
USR028,01000000028,Demo User 028,DZ0000229,2026-03-24T22:05:25+06:00,Demo Seller 12,Electronics,4,Mohakhali,23.77996,90.402412,20524,cash,shipped,2026-03-29T02:05:25+06:00,True
USR028,01000000028,Demo User 028,DZ0000228,2026-04-02T05:09:09+06:00,Demo Seller 01,Accessories,4,Gulshan,23.797795,90.404609,468,card,processing,2026-04-12T04:09:09+06:00,True
USR028,01000000028,Demo User 028,DZ0000230,2026-05-19T12:40:33+06:00,Demo Seller 13,Sports,1,Tejgaon,23.765182,90.39186,23867,mobile_wallet,delivered,2026-05-26T22:40:33+06:00,True
USR028,01000000028,Demo User 028,DZ0000232,2026-07-10T08:40:45+06:00,Demo Seller 04,Fashion,1,Dhanmondi,23.75287,90.381377,4967,mobile_wallet,delivered,2026-07-15T18:40:45+06:00,True
USR029,01000000029,Demo User 029,DZ0000234,2026-03-05T16:09:30+06:00,Demo Seller 09,Home & Living,4,Pallabi,23.827434,90.35944,23835,mobile_wallet,delivered,2026-03-09T18:09:30+06:00,True
USR029,01000000029,Demo User 029,DZ0000233,2026-04-13T03:54:19+06:00,Demo Seller 15,Electronics,2,Khilgaon,23.753961,90.427377,12763,cash,delivered,2026-04-18T22:54:19+06:00,True
USR029,01000000029,Demo User 029,DZ0000237,2026-05-26T08:36:58+06:00,Demo Seller 04,Accessories,2,Old Dhaka,23.707108,90.412967,19793,mobile_wallet,delivered,2026-05-31T13:36:58+06:00,True
USR029,01000000029,Demo User 029,DZ0000235,2026-05-30T17:59:26+06:00,Demo Seller 11,Books,2,Mohakhali,23.777176,90.394695,14988,mobile_wallet,delivered,2026-06-09T03:59:26+06:00,True
USR029,01000000029,Demo User 029,DZ0000236,2026-06-06T02:18:40+06:00,Demo Seller 07,Groceries,3,Wari,23.718583,90.416495,10557,cash,cancelled,2026-06-07T01:18:40+06:00,True
USR029,01000000029,Demo User 029,DZ0000241,2026-06-29T13:52:52+06:00,Demo Seller 12,Books,2,Bashundhara,23.81189,90.424473,8769,mobile_wallet,delivered,2026-07-03T04:52:52+06:00,True
USR029,01000000029,Demo User 029,DZ0000240,2026-07-11T10:06:16+06:00,Demo Seller 05,Books,1,Wari,23.725362,90.423588,14053,cash,delivered,2026-07-17T21:06:16+06:00,True
USR029,01000000029,Demo User 029,DZ0000238,2026-07-14T04:32:23+06:00,Demo Seller 12,Electronics,3,Farmgate,23.765465,90.384563,19608,card,delivered,2026-07-20T21:32:23+06:00,True
USR029,01000000029,Demo User 029,DZ0000239,2026-07-14T12:23:45+06:00,Demo Seller 04,Electronics,4,Bashundhara,23.812413,90.417915,8074,card,delivered,2026-07-19T02:23:45+06:00,True
USR030,01000000030,Demo User 030,DZ0000243,2026-03-02T13:50:56+06:00,Demo Seller 11,Fashion,1,Rampura,23.762139,90.414487,21461,cash,delivered,2026-03-11T22:50:56+06:00,True
USR030,01000000030,Demo User 030,DZ0000248,2026-03-08T03:18:26+06:00,Demo Seller 14,Sports,4,Khilgaon,23.745187,90.427554,12373,mobile_wallet,delivered,2026-03-13T13:18:26+06:00,True
USR030,01000000030,Demo User 030,DZ0000246,2026-03-22T14:29:28+06:00,Demo Seller 09,Accessories,4,Banani,23.800634,90.406602,311,card,delivered,2026-03-26T04:29:28+06:00,True
USR030,01000000030,Demo User 030,DZ0000242,2026-04-09T01:12:45+06:00,Demo Seller 11,Fashion,1,Khilgaon,23.744778,90.423767,7220,cash,delivered,2026-04-15T23:12:45+06:00,True
USR030,01000000030,Demo User 030,DZ0000244,2026-05-13T18:33:06+06:00,Demo Seller 03,Fashion,3,Motijheel,23.736143,90.41534,19244,cash,delivered,2026-05-19T05:33:06+06:00,True
USR030,01000000030,Demo User 030,DZ0000245,2026-06-30T22:13:19+06:00,Demo Seller 10,Home & Living,2,Bashundhara,23.817679,90.428673,10555,mobile_wallet,delivered,2026-07-02T18:13:19+06:00,True
USR030,01000000030,Demo User 030,DZ0000247,2026-07-15T17:38:34+06:00,Demo Seller 09,Fashion,2,Badda,23.778251,90.424786,9770,mobile_wallet,cancelled,2026-07-22T09:38:34+06:00,True
USR031,01000000031,Demo User 031,DZ0000256,2026-02-24T12:09:00+06:00,Demo Seller 10,Electronics,2,Shyamoli,23.770599,90.37348,17142,card,returned,2026-02-25T03:09:00+06:00,True
USR031,01000000031,Demo User 031,DZ0000254,2026-03-03T17:47:25+06:00,Demo Seller 12,Electronics,4,Khilgaon,23.75232,90.431417,1954,cash,delivered,2026-03-07T14:47:25+06:00,True
USR031,01000000031,Demo User 031,DZ0000250,2026-03-21T01:41:22+06:00,Demo Seller 05,Accessories,2,Mohakhali,23.776181,90.404384,2543,mobile_wallet,delivered,2026-03-28T10:41:22+06:00,True
USR031,01000000031,Demo User 031,DZ0000249,2026-04-08T01:54:51+06:00,Demo Seller 07,Groceries,3,Dhanmondi,23.747693,90.383216,17284,cash,delivered,2026-04-15T16:54:51+06:00,True
USR031,01000000031,Demo User 031,DZ0000257,2026-04-11T10:39:57+06:00,Demo Seller 12,Sports,4,Mohakhali,23.784665,90.405026,12710,mobile_wallet,delivered,2026-04-19T15:39:57+06:00,True
USR031,01000000031,Demo User 031,DZ0000253,2026-04-23T04:19:57+06:00,Demo Seller 04,Accessories,2,Mirpur,23.815492,90.373138,19253,cash,returned,2026-04-27T17:19:57+06:00,True
USR031,01000000031,Demo User 031,DZ0000255,2026-04-23T11:36:43+06:00,Demo Seller 03,Fashion,4,Uttara,23.87476,90.371862,6026,card,delivered,2026-04-30T12:36:43+06:00,True
USR031,01000000031,Demo User 031,DZ0000258,2026-06-14T09:37:05+06:00,Demo Seller 10,Fashion,1,Uttara,23.872408,90.383482,9738,mobile_wallet,delivered,2026-06-16T00:37:05+06:00,True
USR031,01000000031,Demo User 031,DZ0000252,2026-07-05T16:50:00+06:00,Demo Seller 12,Fashion,4,Tejgaon,23.757008,90.389271,24319,card,delivered,2026-07-14T06:50:00+06:00,True
USR031,01000000031,Demo User 031,DZ0000251,2026-08-02T18:11:04+06:00,Demo Seller 02,Sports,2,Khilgaon,23.749678,90.423569,24780,mobile_wallet,cancelled,2026-08-06T21:11:04+06:00,True
USR032,01000000032,Demo User 032,DZ0000262,2026-03-24T01:01:54+06:00,Demo Seller 01,Books,4,Badda,23.779586,90.431481,1814,mobile_wallet,delivered,2026-03-29T05:01:54+06:00,True
USR032,01000000032,Demo User 032,DZ0000259,2026-04-10T14:53:13+06:00,Demo Seller 05,Fashion,2,Shyamoli,23.771526,90.36538,22376,cash,delivered,2026-04-14T20:53:13+06:00,True
USR032,01000000032,Demo User 032,DZ0000263,2026-05-04T04:14:09+06:00,Demo Seller 05,Sports,3,Old Dhaka,23.706171,90.414034,8989,card,delivered,2026-05-06T05:14:09+06:00,True
USR032,01000000032,Demo User 032,DZ0000260,2026-06-06T00:56:36+06:00,Demo Seller 12,Accessories,4,Pallabi,23.825271,90.357734,22375,cash,delivered,2026-06-14T18:56:36+06:00,True
USR032,01000000032,Demo User 032,DZ0000261,2026-06-06T22:51:53+06:00,Demo Seller 12,Groceries,4,Khilgaon,23.74885,90.426445,5435,mobile_wallet,delivered,2026-06-13T23:51:53+06:00,True
USR033,01000000033,Demo User 033,DZ0000269,2026-02-18T14:00:54+06:00,Demo Seller 08,Electronics,3,Bashundhara,23.819772,90.426385,13852,cash,delivered,2026-02-28T03:00:54+06:00,True
USR033,01000000033,Demo User 033,DZ0000267,2026-03-20T11:38:27+06:00,Demo Seller 04,Home & Living,4,Rampura,23.760376,90.414707,9649,cash,delivered,2026-03-23T23:38:27+06:00,True
USR033,01000000033,Demo User 033,DZ0000270,2026-04-04T10:36:14+06:00,Demo Seller 10,Beauty,3,Tejgaon,23.767827,90.395595,16338,cash,delivered,2026-04-09T17:36:14+06:00,True
USR033,01000000033,Demo User 033,DZ0000271,2026-05-13T01:19:08+06:00,Demo Seller 11,Books,4,Pallabi,23.833888,90.371184,20573,mobile_wallet,cancelled,2026-05-22T00:19:08+06:00,True
USR033,01000000033,Demo User 033,DZ0000264,2026-05-16T15:52:16+06:00,Demo Seller 02,Accessories,4,Farmgate,23.766529,90.387798,2049,card,cancelled,2026-05-18T14:52:16+06:00,True
USR033,01000000033,Demo User 033,DZ0000265,2026-05-19T00:02:56+06:00,Demo Seller 03,Beauty,2,Uttara,23.877847,90.378829,17328,mobile_wallet,delivered,2026-05-21T03:02:56+06:00,True
USR033,01000000033,Demo User 033,DZ0000273,2026-06-21T09:19:34+06:00,Demo Seller 12,Home & Living,2,Farmgate,23.7598,90.385096,20108,card,delivered,2026-06-30T11:19:34+06:00,True
USR033,01000000033,Demo User 033,DZ0000268,2026-06-28T10:23:03+06:00,Demo Seller 11,Groceries,2,Shyamoli,23.778202,90.359823,11638,mobile_wallet,cancelled,2026-06-28T13:23:03+06:00,True
USR033,01000000033,Demo User 033,DZ0000272,2026-07-07T20:54:19+06:00,Demo Seller 01,Groceries,4,Gulshan,23.790074,90.404059,2573,mobile_wallet,delivered,2026-07-12T18:54:19+06:00,True
USR033,01000000033,Demo User 033,DZ0000266,2026-07-15T13:01:26+06:00,Demo Seller 02,Fashion,3,Wari,23.714494,90.41053,8226,mobile_wallet,delivered,2026-07-22T10:01:26+06:00,True
USR034,01000000034,Demo User 034,DZ0000274,2026-03-02T05:29:58+06:00,Demo Seller 10,Home & Living,2,Badda,23.779948,90.421382,5167,card,delivered,2026-03-10T00:29:58+06:00,True
USR034,01000000034,Demo User 034,DZ0000276,2026-03-11T10:47:15+06:00,Demo Seller 11,Fashion,3,Old Dhaka,23.7139,90.404523,18047,card,delivered,2026-03-16T12:47:15+06:00,True
USR034,01000000034,Demo User 034,DZ0000279,2026-03-20T15:10:01+06:00,Demo Seller 07,Groceries,2,Mirpur,23.819855,90.36467,17903,cash,delivered,2026-03-23T21:10:01+06:00,True
USR034,01000000034,Demo User 034,DZ0000277,2026-04-04T16:43:41+06:00,Demo Seller 07,Home & Living,3,Badda,23.779477,90.425367,17368,cash,delivered,2026-04-08T15:43:41+06:00,True
USR034,01000000034,Demo User 034,DZ0000278,2026-04-07T15:58:47+06:00,Demo Seller 13,Groceries,2,Gulshan,23.798202,90.401142,2894,cash,cancelled,2026-04-15T00:58:47+06:00,True
USR034,01000000034,Demo User 034,DZ0000275,2026-05-21T22:07:36+06:00,Demo Seller 03,Beauty,3,Uttara,23.869339,90.378403,11291,card,delivered,2026-05-23T06:07:36+06:00,True
USR035,01000000035,Demo User 035,DZ0000286,2026-02-18T11:18:55+06:00,Demo Seller 05,Sports,4,Mirpur,23.82405,90.367518,7228,mobile_wallet,delivered,2026-02-22T16:18:55+06:00,True
USR035,01000000035,Demo User 035,DZ0000285,2026-02-21T02:48:56+06:00,Demo Seller 07,Books,1,Mohammadpur,23.760469,90.357627,7263,card,delivered,2026-02-26T02:48:56+06:00,True
USR035,01000000035,Demo User 035,DZ0000284,2026-06-09T13:00:47+06:00,Demo Seller 06,Groceries,3,Motijheel,23.736076,90.41383,3467,mobile_wallet,delivered,2026-06-10T06:00:47+06:00,True
USR035,01000000035,Demo User 035,DZ0000283,2026-06-28T14:48:46+06:00,Demo Seller 05,Groceries,3,Pallabi,23.821309,90.364852,6503,card,delivered,2026-07-03T18:48:46+06:00,True
USR035,01000000035,Demo User 035,DZ0000288,2026-07-03T11:31:41+06:00,Demo Seller 04,Home & Living,2,Uttara,23.874194,90.379505,14935,card,delivered,2026-07-12T11:31:41+06:00,True
USR035,01000000035,Demo User 035,DZ0000282,2026-07-09T02:16:24+06:00,Demo Seller 06,Books,3,Mirpur,23.830252,90.371851,569,cash,shipped,2026-07-12T05:16:24+06:00,True
USR035,01000000035,Demo User 035,DZ0000281,2026-07-09T21:50:37+06:00,Demo Seller 04,Beauty,3,Rampura,23.757304,90.423573,11358,cash,cancelled,2026-07-13T16:50:37+06:00,True
USR035,01000000035,Demo User 035,DZ0000280,2026-07-20T04:16:40+06:00,Demo Seller 05,Books,4,Motijheel,23.729174,90.409555,9998,card,shipped,2026-07-27T08:16:40+06:00,True
USR035,01000000035,Demo User 035,DZ0000287,2026-08-04T03:22:27+06:00,Demo Seller 14,Groceries,1,Bashundhara,23.810944,90.431429,11417,card,delivered,2026-08-08T17:22:27+06:00,True
USR036,01000000036,Demo User 036,DZ0000293,2026-03-17T13:48:48+06:00,Demo Seller 10,Books,2,Old Dhaka,23.712099,90.400303,20988,card,delivered,2026-03-20T18:48:48+06:00,True
USR036,01000000036,Demo User 036,DZ0000292,2026-04-28T15:32:18+06:00,Demo Seller 15,Groceries,4,Mohammadpur,23.768732,90.366322,13862,mobile_wallet,delivered,2026-05-04T19:32:18+06:00,True
USR036,01000000036,Demo User 036,DZ0000290,2026-05-18T22:28:05+06:00,Demo Seller 03,Electronics,4,Tejgaon,23.769414,90.400693,14916,cash,cancelled,2026-05-27T14:28:05+06:00,True
USR036,01000000036,Demo User 036,DZ0000289,2026-07-02T14:40:26+06:00,Demo Seller 01,Beauty,4,Gulshan,23.795051,90.410752,2405,mobile_wallet,delivered,2026-07-02T21:40:26+06:00,True
USR036,01000000036,Demo User 036,DZ0000291,2026-07-31T20:17:25+06:00,Demo Seller 02,Beauty,3,Shyamoli,23.77304,90.368739,17740,mobile_wallet,cancelled,2026-08-05T02:17:25+06:00,True
USR037,01000000037,Demo User 037,DZ0000298,2026-02-10T07:12:12+06:00,Demo Seller 09,Fashion,3,Farmgate,23.759092,90.396259,2893,mobile_wallet,delivered,2026-02-10T16:12:12+06:00,True
USR037,01000000037,Demo User 037,DZ0000295,2026-02-21T08:44:42+06:00,Demo Seller 12,Beauty,2,Mohammadpur,23.77036,90.361979,4402,mobile_wallet,returned,2026-02-25T04:44:42+06:00,True
USR037,01000000037,Demo User 037,DZ0000303,2026-03-24T07:56:12+06:00,Demo Seller 04,Electronics,2,Tejgaon,23.763439,90.391762,6604,cash,delivered,2026-03-31T19:56:12+06:00,True
USR037,01000000037,Demo User 037,DZ0000301,2026-04-09T13:06:05+06:00,Demo Seller 12,Groceries,1,Dhanmondi,23.740667,90.376715,18895,card,delivered,2026-04-18T07:06:05+06:00,True
USR037,01000000037,Demo User 037,DZ0000296,2026-04-15T13:03:41+06:00,Demo Seller 07,Fashion,2,Badda,23.786015,90.422498,17004,cash,delivered,2026-04-22T20:03:41+06:00,True
USR037,01000000037,Demo User 037,DZ0000294,2026-04-26T02:39:39+06:00,Demo Seller 13,Sports,4,Banani,23.787143,90.405896,14736,mobile_wallet,returned,2026-04-30T15:39:39+06:00,True
USR037,01000000037,Demo User 037,DZ0000297,2026-05-16T18:53:21+06:00,Demo Seller 02,Beauty,1,Motijheel,23.729249,90.422703,7661,card,processing,2026-05-18T07:53:21+06:00,True
USR037,01000000037,Demo User 037,DZ0000302,2026-06-03T21:46:13+06:00,Demo Seller 02,Accessories,2,Mohakhali,23.785124,90.405668,367,mobile_wallet,delivered,2026-06-07T14:46:13+06:00,True
USR037,01000000037,Demo User 037,DZ0000300,2026-06-20T20:34:38+06:00,Demo Seller 08,Electronics,2,Gulshan,23.787525,90.415587,12081,cash,delivered,2026-06-25T16:34:38+06:00,True
USR037,01000000037,Demo User 037,DZ0000299,2026-07-04T08:19:38+06:00,Demo Seller 06,Groceries,1,Old Dhaka,23.705191,90.408399,3225,mobile_wallet,delivered,2026-07-12T01:19:38+06:00,True
USR038,01000000038,Demo User 038,DZ0000304,2026-02-13T19:11:06+06:00,Demo Seller 07,Home & Living,1,Gulshan,23.79044,90.411868,18507,mobile_wallet,delivered,2026-02-14T06:11:06+06:00,True
USR038,01000000038,Demo User 038,DZ0000308,2026-03-12T02:08:35+06:00,Demo Seller 13,Groceries,1,Motijheel,23.732644,90.417876,8429,card,delivered,2026-03-17T04:08:35+06:00,True
USR038,01000000038,Demo User 038,DZ0000305,2026-03-30T23:09:04+06:00,Demo Seller 01,Accessories,1,Mohammadpur,23.761943,90.355778,17902,cash,shipped,2026-04-04T13:09:04+06:00,True
USR038,01000000038,Demo User 038,DZ0000309,2026-04-06T13:52:20+06:00,Demo Seller 09,Electronics,3,Bashundhara,23.820598,90.421167,6409,mobile_wallet,delivered,2026-04-07T17:52:20+06:00,True
USR038,01000000038,Demo User 038,DZ0000306,2026-05-30T05:05:25+06:00,Demo Seller 13,Accessories,4,Banani,23.791753,90.410089,23457,cash,delivered,2026-06-02T05:05:25+06:00,True
USR038,01000000038,Demo User 038,DZ0000307,2026-07-25T03:57:16+06:00,Demo Seller 07,Accessories,1,Bashundhara,23.808167,90.431402,23955,mobile_wallet,delivered,2026-07-30T13:57:16+06:00,True
USR039,01000000039,Demo User 039,DZ0000311,2026-03-05T20:59:47+06:00,Demo Seller 01,Electronics,1,Tejgaon,23.760645,90.395465,9477,cash,delivered,2026-03-09T05:59:47+06:00,True
USR039,01000000039,Demo User 039,DZ0000312,2026-03-26T09:58:06+06:00,Demo Seller 10,Fashion,1,Mohammadpur,23.759983,90.35478,1984,card,cancelled,2026-04-03T23:58:06+06:00,True
USR039,01000000039,Demo User 039,DZ0000315,2026-04-05T07:39:07+06:00,Demo Seller 15,Sports,3,Shyamoli,23.773664,90.36287,14868,card,cancelled,2026-04-05T22:39:07+06:00,True
USR039,01000000039,Demo User 039,DZ0000314,2026-04-09T00:10:54+06:00,Demo Seller 13,Home & Living,3,Wari,23.716367,90.418848,22714,cash,returned,2026-04-11T10:10:54+06:00,True
USR039,01000000039,Demo User 039,DZ0000313,2026-04-18T18:08:29+06:00,Demo Seller 10,Sports,1,Tejgaon,23.762822,90.387723,23188,cash,delivered,2026-04-25T10:08:29+06:00,True
USR039,01000000039,Demo User 039,DZ0000317,2026-05-11T07:40:23+06:00,Demo Seller 06,Books,4,Badda,23.775298,90.419161,899,card,delivered,2026-05-17T01:40:23+06:00,True
USR039,01000000039,Demo User 039,DZ0000310,2026-05-11T11:49:02+06:00,Demo Seller 10,Fashion,2,Shyamoli,23.780798,90.365356,3384,mobile_wallet,returned,2026-05-12T11:49:02+06:00,True
USR039,01000000039,Demo User 039,DZ0000316,2026-05-14T09:42:02+06:00,Demo Seller 12,Groceries,1,Farmgate,23.753023,90.388996,13761,mobile_wallet,delivered,2026-05-19T10:42:02+06:00,True
USR039,01000000039,Demo User 039,DZ0000319,2026-05-29T19:26:56+06:00,Demo Seller 12,Accessories,3,Rampura,23.761559,90.425427,16386,mobile_wallet,delivered,2026-06-07T00:26:56+06:00,True
USR039,01000000039,Demo User 039,DZ0000320,2026-06-22T09:02:18+06:00,Demo Seller 15,Beauty,4,Tejgaon,23.762596,90.388294,17904,mobile_wallet,delivered,2026-06-26T03:02:18+06:00,True
USR039,01000000039,Demo User 039,DZ0000318,2026-07-26T09:53:34+06:00,Demo Seller 05,Sports,3,Farmgate,23.753077,90.394874,14104,card,delivered,2026-07-27T20:53:34+06:00,True
USR040,01000000040,Demo User 040,DZ0000331,2026-03-10T08:21:22+06:00,Demo Seller 06,Books,2,Uttara,23.876638,90.380974,19749,cash,delivered,2026-03-16T03:21:22+06:00,True
USR040,01000000040,Demo User 040,DZ0000332,2026-03-17T15:57:13+06:00,Demo Seller 10,Fashion,4,Rampura,23.766583,90.423923,14226,cash,processing,2026-03-22T07:57:13+06:00,True
USR040,01000000040,Demo User 040,DZ0000325,2026-03-20T12:49:15+06:00,Demo Seller 03,Beauty,4,Mohakhali,23.772979,90.392238,11352,card,delivered,2026-03-26T23:49:15+06:00,True
USR040,01000000040,Demo User 040,DZ0000330,2026-03-30T09:36:47+06:00,Demo Seller 07,Books,4,Motijheel,23.740453,90.420359,2299,card,cancelled,2026-04-08T11:36:47+06:00,True
USR040,01000000040,Demo User 040,DZ0000324,2026-04-10T03:38:30+06:00,Demo Seller 08,Books,4,Tejgaon,23.770187,90.388099,12047,card,cancelled,2026-04-17T14:38:30+06:00,True
USR040,01000000040,Demo User 040,DZ0000327,2026-04-26T07:32:32+06:00,Demo Seller 09,Books,4,Khilgaon,23.75014,90.432196,11555,mobile_wallet,delivered,2026-05-01T03:32:32+06:00,True
USR040,01000000040,Demo User 040,DZ0000329,2026-06-12T23:33:14+06:00,Demo Seller 14,Sports,3,Dhanmondi,23.741322,90.372503,14766,card,delivered,2026-06-18T12:33:14+06:00,True
USR040,01000000040,Demo User 040,DZ0000323,2026-06-27T12:23:45+06:00,Demo Seller 11,Accessories,3,Farmgate,23.753062,90.384406,1561,mobile_wallet,processing,2026-07-01T03:23:45+06:00,True
USR040,01000000040,Demo User 040,DZ0000321,2026-06-29T22:06:02+06:00,Demo Seller 03,Accessories,4,Rampura,23.768177,90.427306,8199,cash,delivered,2026-07-07T13:06:02+06:00,True
USR040,01000000040,Demo User 040,DZ0000322,2026-07-09T02:11:14+06:00,Demo Seller 06,Accessories,4,Uttara,23.875304,90.371912,2383,cash,shipped,2026-07-09T16:11:14+06:00,True
USR040,01000000040,Demo User 040,DZ0000326,2026-07-15T04:31:34+06:00,Demo Seller 02,Accessories,3,Dhanmondi,23.740372,90.375657,3359,mobile_wallet,delivered,2026-07-18T11:31:34+06:00,True
USR040,01000000040,Demo User 040,DZ0000328,2026-08-09T22:24:34+06:00,Demo Seller 15,Home & Living,1,Mohammadpur,23.760023,90.360607,11283,card,delivered,2026-08-09T23:59:59+06:00,True
USR041,01000000041,Demo User 041,DZ0000338,2026-03-02T21:46:42+06:00,Demo Seller 07,Books,1,Khilgaon,23.75045,90.41981,17469,cash,cancelled,2026-03-12T03:46:42+06:00,True
USR041,01000000041,Demo User 041,DZ0000333,2026-03-13T16:53:05+06:00,Demo Seller 11,Groceries,3,Dhanmondi,23.753651,90.372465,19370,card,delivered,2026-03-22T03:53:05+06:00,True
USR041,01000000041,Demo User 041,DZ0000336,2026-03-20T09:02:32+06:00,Demo Seller 09,Fashion,1,Farmgate,23.753939,90.384072,15693,card,returned,2026-03-27T00:02:32+06:00,True
USR041,01000000041,Demo User 041,DZ0000339,2026-04-09T00:16:57+06:00,Demo Seller 06,Fashion,2,Mirpur,23.819021,90.358966,6327,cash,delivered,2026-04-11T04:16:57+06:00,True
USR041,01000000041,Demo User 041,DZ0000340,2026-04-11T12:36:10+06:00,Demo Seller 06,Sports,4,Mohakhali,23.777056,90.403269,1767,card,cancelled,2026-04-20T01:36:10+06:00,True
USR041,01000000041,Demo User 041,DZ0000335,2026-04-12T17:33:46+06:00,Demo Seller 09,Fashion,3,Old Dhaka,23.715747,90.405669,3148,cash,delivered,2026-04-19T00:33:46+06:00,True
USR041,01000000041,Demo User 041,DZ0000334,2026-05-15T02:30:23+06:00,Demo Seller 03,Electronics,2,Bashundhara,23.816063,90.417659,11651,card,delivered,2026-05-24T09:30:23+06:00,True
USR041,01000000041,Demo User 041,DZ0000337,2026-05-16T12:27:44+06:00,Demo Seller 08,Beauty,4,Mohakhali,23.786877,90.399969,24556,mobile_wallet,delivered,2026-05-16T15:27:44+06:00,True
USR041,01000000041,Demo User 041,DZ0000341,2026-07-02T05:46:02+06:00,Demo Seller 07,Fashion,1,Badda,23.783697,90.432196,3008,card,delivered,2026-07-09T05:46:02+06:00,True
USR042,01000000042,Demo User 042,DZ0000343,2026-02-11T16:35:33+06:00,Demo Seller 14,Beauty,4,Badda,23.786569,90.428526,12126,mobile_wallet,delivered,2026-02-12T13:35:33+06:00,True
USR042,01000000042,Demo User 042,DZ0000345,2026-02-27T23:26:33+06:00,Demo Seller 05,Groceries,2,Motijheel,23.729733,90.41221,17401,cash,delivered,2026-03-03T19:26:33+06:00,True
USR042,01000000042,Demo User 042,DZ0000348,2026-03-22T15:48:21+06:00,Demo Seller 14,Groceries,1,Mirpur,23.81677,90.369596,22168,cash,delivered,2026-03-29T22:48:21+06:00,True
USR042,01000000042,Demo User 042,DZ0000342,2026-03-23T13:00:14+06:00,Demo Seller 01,Accessories,3,Wari,23.710956,90.417646,1635,card,delivered,2026-03-28T06:00:14+06:00,True
USR042,01000000042,Demo User 042,DZ0000351,2026-03-25T03:33:17+06:00,Demo Seller 14,Groceries,3,Banani,23.795983,90.413822,23261,cash,delivered,2026-04-01T18:33:17+06:00,True
USR042,01000000042,Demo User 042,DZ0000344,2026-04-15T22:17:44+06:00,Demo Seller 09,Home & Living,3,Dhanmondi,23.745359,90.374149,6852,card,delivered,2026-04-19T17:17:44+06:00,True
USR042,01000000042,Demo User 042,DZ0000349,2026-04-18T05:44:32+06:00,Demo Seller 08,Home & Living,1,Old Dhaka,23.714,90.413904,24808,cash,delivered,2026-04-22T21:44:32+06:00,True
USR042,01000000042,Demo User 042,DZ0000352,2026-04-24T11:23:17+06:00,Demo Seller 08,Groceries,1,Banani,23.788027,90.41196,17872,card,delivered,2026-05-02T23:23:17+06:00,True
USR042,01000000042,Demo User 042,DZ0000353,2026-04-29T21:27:52+06:00,Demo Seller 02,Books,2,Tejgaon,23.767056,90.390428,19552,card,delivered,2026-05-08T06:27:52+06:00,True
USR042,01000000042,Demo User 042,DZ0000346,2026-05-05T18:43:52+06:00,Demo Seller 11,Groceries,1,Dhanmondi,23.751413,90.370135,16052,card,delivered,2026-05-14T11:43:52+06:00,True
USR042,01000000042,Demo User 042,DZ0000350,2026-05-20T22:52:21+06:00,Demo Seller 04,Groceries,2,Rampura,23.765154,90.428137,3714,cash,delivered,2026-05-27T12:52:21+06:00,True
USR042,01000000042,Demo User 042,DZ0000347,2026-08-03T13:46:28+06:00,Demo Seller 02,Books,3,Mohammadpur,23.759991,90.356981,20027,cash,delivered,2026-08-09T23:59:59+06:00,True
USR043,01000000043,Demo User 043,DZ0000360,2026-04-25T16:39:26+06:00,Demo Seller 15,Books,1,Badda,23.786911,90.421093,1992,card,delivered,2026-05-01T06:39:26+06:00,True
USR043,01000000043,Demo User 043,DZ0000359,2026-04-27T00:27:43+06:00,Demo Seller 12,Beauty,4,Gulshan,23.792393,90.405752,5722,mobile_wallet,delivered,2026-04-30T10:27:43+06:00,True
USR043,01000000043,Demo User 043,DZ0000354,2026-05-12T09:24:37+06:00,Demo Seller 11,Sports,3,Farmgate,23.754901,90.388878,3594,mobile_wallet,delivered,2026-05-14T09:24:37+06:00,True
USR043,01000000043,Demo User 043,DZ0000355,2026-05-12T15:45:18+06:00,Demo Seller 07,Sports,4,Dhanmondi,23.744339,90.376012,19655,card,delivered,2026-05-17T23:45:18+06:00,True
USR043,01000000043,Demo User 043,DZ0000357,2026-05-14T20:56:21+06:00,Demo Seller 05,Beauty,2,Farmgate,23.751796,90.396894,17574,card,delivered,2026-05-16T13:56:21+06:00,True
USR043,01000000043,Demo User 043,DZ0000358,2026-05-18T01:31:38+06:00,Demo Seller 03,Beauty,4,Dhanmondi,23.740996,90.370592,17745,card,delivered,2026-05-25T15:31:38+06:00,True
USR043,01000000043,Demo User 043,DZ0000363,2026-05-23T16:15:08+06:00,Demo Seller 13,Fashion,2,Old Dhaka,23.704487,90.401824,13134,mobile_wallet,delivered,2026-06-02T01:15:08+06:00,True
USR043,01000000043,Demo User 043,DZ0000362,2026-06-29T15:44:24+06:00,Demo Seller 01,Fashion,4,Motijheel,23.736388,90.419619,19150,card,shipped,2026-07-08T00:44:24+06:00,True
USR043,01000000043,Demo User 043,DZ0000361,2026-07-07T17:13:55+06:00,Demo Seller 07,Beauty,3,Uttara,23.883732,90.385863,19584,card,delivered,2026-07-13T18:13:55+06:00,True
USR043,01000000043,Demo User 043,DZ0000356,2026-07-18T11:35:39+06:00,Demo Seller 07,Beauty,2,Gulshan,23.799002,90.407527,961,card,delivered,2026-07-23T11:35:39+06:00,True
USR044,01000000044,Demo User 044,DZ0000364,2026-03-16T07:22:41+06:00,Demo Seller 02,Sports,2,Rampura,23.756911,90.425991,12219,cash,delivered,2026-03-19T06:22:41+06:00,True
USR044,01000000044,Demo User 044,DZ0000369,2026-04-21T11:29:54+06:00,Demo Seller 05,Home & Living,2,Wari,23.726238,90.410051,9764,cash,delivered,2026-04-30T09:29:54+06:00,True
USR044,01000000044,Demo User 044,DZ0000368,2026-06-02T20:54:34+06:00,Demo Seller 12,Sports,3,Badda,23.781563,90.421574,4957,card,delivered,2026-06-12T14:54:34+06:00,True
USR044,01000000044,Demo User 044,DZ0000365,2026-06-22T12:49:15+06:00,Demo Seller 08,Groceries,4,Khilgaon,23.752967,90.424083,1252,card,delivered,2026-07-01T08:49:15+06:00,True
USR044,01000000044,Demo User 044,DZ0000366,2026-06-24T01:59:34+06:00,Demo Seller 06,Books,2,Rampura,23.768854,90.421352,18598,card,delivered,2026-06-24T18:59:34+06:00,True
USR044,01000000044,Demo User 044,DZ0000367,2026-07-07T18:28:11+06:00,Demo Seller 08,Books,2,Badda,23.778938,90.419687,17056,card,delivered,2026-07-08T07:28:11+06:00,True
USR045,01000000045,Demo User 045,DZ0000375,2026-04-26T01:13:28+06:00,Demo Seller 02,Sports,2,Dhanmondi,23.74042,90.372186,15132,mobile_wallet,delivered,2026-05-01T20:13:28+06:00,True
USR045,01000000045,Demo User 045,DZ0000371,2026-04-30T09:04:46+06:00,Demo Seller 02,Home & Living,4,Pallabi,23.823734,90.364978,11562,cash,delivered,2026-05-07T23:04:46+06:00,True
USR045,01000000045,Demo User 045,DZ0000372,2026-05-04T22:22:24+06:00,Demo Seller 09,Fashion,4,Mohakhali,23.783361,90.397322,23179,card,delivered,2026-05-11T01:22:24+06:00,True
USR045,01000000045,Demo User 045,DZ0000374,2026-05-07T12:33:46+06:00,Demo Seller 09,Electronics,3,Badda,23.786225,90.430763,12531,mobile_wallet,delivered,2026-05-10T02:33:46+06:00,True
USR045,01000000045,Demo User 045,DZ0000376,2026-05-21T06:46:53+06:00,Demo Seller 07,Groceries,4,Shyamoli,23.771757,90.363771,6319,card,delivered,2026-05-21T13:46:53+06:00,True
USR045,01000000045,Demo User 045,DZ0000370,2026-06-14T19:45:23+06:00,Demo Seller 14,Accessories,3,Mohakhali,23.781634,90.399926,4091,cash,delivered,2026-06-15T15:45:23+06:00,True
USR045,01000000045,Demo User 045,DZ0000373,2026-06-26T06:58:23+06:00,Demo Seller 05,Books,3,Rampura,23.757293,90.41566,14866,cash,returned,2026-06-29T05:58:23+06:00,True
USR045,01000000045,Demo User 045,DZ0000377,2026-07-15T23:15:39+06:00,Demo Seller 01,Accessories,4,Mohammadpur,23.773081,90.351336,9013,mobile_wallet,delivered,2026-07-20T10:15:39+06:00,True
USR046,01000000046,Demo User 046,DZ0000387,2026-02-21T23:57:15+06:00,Demo Seller 07,Groceries,1,Pallabi,23.825624,90.365149,24338,card,delivered,2026-02-22T10:57:15+06:00,True
USR046,01000000046,Demo User 046,DZ0000379,2026-02-28T00:54:44+06:00,Demo Seller 06,Fashion,1,Gulshan,23.7898,90.408255,2407,cash,delivered,2026-03-02T18:54:44+06:00,True
USR046,01000000046,Demo User 046,DZ0000385,2026-03-02T14:01:03+06:00,Demo Seller 03,Accessories,3,Rampura,23.760335,90.421245,1785,cash,delivered,2026-03-07T21:01:03+06:00,True
USR046,01000000046,Demo User 046,DZ0000386,2026-03-04T19:28:52+06:00,Demo Seller 06,Groceries,2,Gulshan,23.795356,90.410273,17000,mobile_wallet,delivered,2026-03-14T05:28:52+06:00,True
USR046,01000000046,Demo User 046,DZ0000383,2026-04-01T16:33:22+06:00,Demo Seller 14,Fashion,4,Banani,23.788337,90.414542,1720,card,delivered,2026-04-09T09:33:22+06:00,True
USR046,01000000046,Demo User 046,DZ0000378,2026-04-16T08:40:57+06:00,Demo Seller 04,Accessories,2,Pallabi,23.832826,90.367407,18552,card,delivered,2026-04-25T10:40:57+06:00,True
USR046,01000000046,Demo User 046,DZ0000381,2026-04-22T23:24:58+06:00,Demo Seller 03,Electronics,2,Farmgate,23.758013,90.394428,13452,card,delivered,2026-04-23T20:24:58+06:00,True
USR046,01000000046,Demo User 046,DZ0000382,2026-05-21T08:15:38+06:00,Demo Seller 13,Beauty,3,Uttara,23.878371,90.371529,6986,card,delivered,2026-05-23T23:15:38+06:00,True
USR046,01000000046,Demo User 046,DZ0000380,2026-06-17T09:30:29+06:00,Demo Seller 12,Electronics,3,Bashundhara,23.808782,90.421103,14233,cash,delivered,2026-06-20T22:30:29+06:00,True
USR046,01000000046,Demo User 046,DZ0000384,2026-08-05T03:55:04+06:00,Demo Seller 02,Fashion,2,Gulshan,23.784832,90.415495,17008,mobile_wallet,cancelled,2026-08-09T23:59:59+06:00,True
USR047,01000000047,Demo User 047,DZ0000392,2026-04-09T02:28:58+06:00,Demo Seller 07,Groceries,1,Mohakhali,23.774384,90.402355,12429,card,delivered,2026-04-14T21:28:58+06:00,True
USR047,01000000047,Demo User 047,DZ0000388,2026-04-13T04:56:26+06:00,Demo Seller 15,Groceries,2,Khilgaon,23.744642,90.429671,9024,mobile_wallet,delivered,2026-04-18T06:56:26+06:00,True
USR047,01000000047,Demo User 047,DZ0000390,2026-04-14T09:06:32+06:00,Demo Seller 14,Beauty,4,Old Dhaka,23.706467,90.412565,8279,mobile_wallet,delivered,2026-04-21T14:06:32+06:00,True
USR047,01000000047,Demo User 047,DZ0000393,2026-04-24T08:29:06+06:00,Demo Seller 05,Electronics,1,Shyamoli,23.778771,90.35956,14118,cash,returned,2026-04-29T00:29:06+06:00,True
USR047,01000000047,Demo User 047,DZ0000389,2026-06-08T19:43:43+06:00,Demo Seller 04,Fashion,3,Khilgaon,23.756068,90.430419,6104,cash,delivered,2026-06-14T15:43:43+06:00,True
USR047,01000000047,Demo User 047,DZ0000391,2026-06-16T14:22:23+06:00,Demo Seller 03,Home & Living,2,Rampura,23.755831,90.418652,5681,cash,delivered,2026-06-23T12:22:23+06:00,True
USR047,01000000047,Demo User 047,DZ0000394,2026-06-23T16:36:37+06:00,Demo Seller 11,Electronics,1,Dhanmondi,23.747588,90.375749,7742,mobile_wallet,returned,2026-07-02T06:36:37+06:00,True
USR048,01000000048,Demo User 048,DZ0000398,2026-02-12T13:15:49+06:00,Demo Seller 03,Fashion,1,Banani,23.787234,90.400924,17232,cash,delivered,2026-02-15T04:15:49+06:00,True
USR048,01000000048,Demo User 048,DZ0000402,2026-03-31T06:21:16+06:00,Demo Seller 07,Books,1,Gulshan,23.791388,90.409516,9899,card,delivered,2026-04-04T22:21:16+06:00,True
USR048,01000000048,Demo User 048,DZ0000395,2026-04-11T20:44:48+06:00,Demo Seller 08,Accessories,3,Banani,23.797966,90.398771,22238,card,delivered,2026-04-16T07:44:48+06:00,True
USR048,01000000048,Demo User 048,DZ0000401,2026-04-25T05:15:41+06:00,Demo Seller 09,Electronics,4,Mohakhali,23.78655,90.396787,2578,card,cancelled,2026-04-30T20:15:41+06:00,True
USR048,01000000048,Demo User 048,DZ0000399,2026-05-25T02:55:51+06:00,Demo Seller 01,Home & Living,4,Wari,23.711561,90.411912,17465,card,delivered,2026-06-01T11:55:51+06:00,True
USR048,01000000048,Demo User 048,DZ0000400,2026-07-18T23:54:17+06:00,Demo Seller 14,Groceries,2,Rampura,23.767182,90.415025,23027,mobile_wallet,delivered,2026-07-24T00:54:17+06:00,True
USR048,01000000048,Demo User 048,DZ0000404,2026-07-21T06:18:16+06:00,Demo Seller 15,Sports,1,Dhanmondi,23.742213,90.383082,13594,cash,delivered,2026-07-22T18:18:16+06:00,True
USR048,01000000048,Demo User 048,DZ0000397,2026-07-22T05:15:40+06:00,Demo Seller 12,Groceries,2,Farmgate,23.766719,90.387547,15434,card,delivered,2026-07-29T18:15:40+06:00,True
USR048,01000000048,Demo User 048,DZ0000396,2026-07-29T19:02:55+06:00,Demo Seller 08,Electronics,4,Rampura,23.758257,90.425812,22264,card,delivered,2026-08-01T00:02:55+06:00,True
USR048,01000000048,Demo User 048,DZ0000403,2026-07-31T22:02:09+06:00,Demo Seller 07,Beauty,3,Mohammadpur,23.768092,90.361165,7576,card,delivered,2026-08-09T02:02:09+06:00,True
USR049,01000000049,Demo User 049,DZ0000409,2026-03-06T12:26:17+06:00,Demo Seller 04,Accessories,3,Khilgaon,23.746112,90.431403,7971,card,delivered,2026-03-08T21:26:17+06:00,True
USR049,01000000049,Demo User 049,DZ0000405,2026-04-02T22:14:01+06:00,Demo Seller 13,Home & Living,2,Banani,23.797167,90.408021,5290,cash,delivered,2026-04-12T04:14:01+06:00,True
USR049,01000000049,Demo User 049,DZ0000413,2026-04-20T02:13:01+06:00,Demo Seller 06,Fashion,2,Tejgaon,23.755934,90.38781,23273,card,delivered,2026-04-25T06:13:01+06:00,True
USR049,01000000049,Demo User 049,DZ0000410,2026-04-24T03:16:55+06:00,Demo Seller 04,Beauty,4,Mohammadpur,23.773417,90.354514,12827,cash,delivered,2026-05-01T06:16:55+06:00,True
USR049,01000000049,Demo User 049,DZ0000415,2026-04-25T04:23:14+06:00,Demo Seller 03,Sports,3,Shyamoli,23.769984,90.367239,10621,mobile_wallet,delivered,2026-05-04T09:23:14+06:00,True
USR049,01000000049,Demo User 049,DZ0000406,2026-05-16T17:17:34+06:00,Demo Seller 13,Fashion,1,Badda,23.780793,90.420282,2354,mobile_wallet,delivered,2026-05-22T11:17:34+06:00,True
USR049,01000000049,Demo User 049,DZ0000407,2026-05-22T11:10:52+06:00,Demo Seller 04,Books,2,Dhanmondi,23.748129,90.383135,20564,card,processing,2026-05-31T09:10:52+06:00,True
USR049,01000000049,Demo User 049,DZ0000414,2026-06-22T11:17:48+06:00,Demo Seller 02,Fashion,4,Old Dhaka,23.704128,90.411094,20330,card,delivered,2026-06-27T11:17:48+06:00,True
USR049,01000000049,Demo User 049,DZ0000411,2026-07-04T16:05:01+06:00,Demo Seller 15,Sports,1,Badda,23.779399,90.419129,15038,mobile_wallet,delivered,2026-07-13T22:05:01+06:00,True
USR049,01000000049,Demo User 049,DZ0000412,2026-07-11T01:31:02+06:00,Demo Seller 08,Electronics,4,Shyamoli,23.782449,90.358211,9403,mobile_wallet,delivered,2026-07-11T15:31:02+06:00,True
USR049,01000000049,Demo User 049,DZ0000408,2026-08-05T21:46:28+06:00,Demo Seller 04,Home & Living,1,Bashundhara,23.820657,90.420823,20309,cash,delivered,2026-08-06T17:46:28+06:00,True
USR050,01000000050,Demo User 050,DZ0000417,2026-02-16T12:36:14+06:00,Demo Seller 09,Fashion,4,Khilgaon,23.746438,90.417463,10946,cash,delivered,2026-02-18T16:36:14+06:00,True
USR050,01000000050,Demo User 050,DZ0000418,2026-03-11T00:55:17+06:00,Demo Seller 14,Beauty,1,Tejgaon,23.76779,90.387088,2881,mobile_wallet,delivered,2026-03-20T05:55:17+06:00,True
USR050,01000000050,Demo User 050,DZ0000416,2026-04-14T09:53:26+06:00,Demo Seller 14,Accessories,2,Mohakhali,23.785243,90.392148,2823,cash,returned,2026-04-16T02:53:26+06:00,True
USR050,01000000050,Demo User 050,DZ0000419,2026-06-03T21:01:00+06:00,Demo Seller 01,Sports,3,Rampura,23.766027,90.428202,10852,mobile_wallet,cancelled,2026-06-13T03:01:00+06:00,True
USR050,01000000050,Demo User 050,DZ0000421,2026-07-22T02:28:45+06:00,Demo Seller 03,Books,1,Khilgaon,23.752893,90.431136,5903,cash,delivered,2026-07-30T21:28:45+06:00,True
USR050,01000000050,Demo User 050,DZ0000422,2026-07-29T18:58:48+06:00,Demo Seller 12,Beauty,3,Rampura,23.760864,90.427878,2632,card,delivered,2026-08-06T07:58:48+06:00,True
USR050,01000000050,Demo User 050,DZ0000420,2026-08-01T11:01:52+06:00,Demo Seller 01,Fashion,4,Dhanmondi,23.745563,90.378496,8988,card,shipped,2026-08-04T01:01:52+06:00,True
USR051,01000000051,Demo User 051,DZ0000427,2026-03-18T13:17:54+06:00,Demo Seller 01,Books,4,Mohakhali,23.786348,90.4004,14058,cash,delivered,2026-03-24T14:17:54+06:00,True
USR051,01000000051,Demo User 051,DZ0000423,2026-03-20T19:50:35+06:00,Demo Seller 10,Beauty,4,Gulshan,23.787564,90.406923,2847,mobile_wallet,delivered,2026-03-26T14:50:35+06:00,True
USR051,01000000051,Demo User 051,DZ0000424,2026-04-03T16:53:40+06:00,Demo Seller 09,Sports,1,Badda,23.774383,90.419856,23630,cash,shipped,2026-04-04T06:53:40+06:00,True
USR051,01000000051,Demo User 051,DZ0000426,2026-04-22T01:40:15+06:00,Demo Seller 07,Groceries,1,Dhanmondi,23.743022,90.368302,20354,mobile_wallet,delivered,2026-04-27T13:40:15+06:00,True
USR051,01000000051,Demo User 051,DZ0000425,2026-07-30T12:39:58+06:00,Demo Seller 11,Books,3,Banani,23.799905,90.401754,17378,card,delivered,2026-08-08T07:39:58+06:00,True
USR052,01000000052,Demo User 052,DZ0000435,2026-02-10T09:25:01+06:00,Demo Seller 08,Electronics,1,Motijheel,23.728788,90.424909,7486,mobile_wallet,delivered,2026-02-17T20:25:01+06:00,True
USR052,01000000052,Demo User 052,DZ0000428,2026-02-11T07:59:29+06:00,Demo Seller 14,Groceries,4,Badda,23.778307,90.431237,1629,cash,delivered,2026-02-13T13:59:29+06:00,True
USR052,01000000052,Demo User 052,DZ0000436,2026-02-22T08:01:30+06:00,Demo Seller 15,Books,3,Gulshan,23.78998,90.413752,16733,cash,delivered,2026-02-24T13:01:30+06:00,True
USR052,01000000052,Demo User 052,DZ0000438,2026-03-21T22:42:28+06:00,Demo Seller 10,Sports,1,Mirpur,23.824839,90.357671,19815,cash,delivered,2026-03-31T09:42:28+06:00,True
USR052,01000000052,Demo User 052,DZ0000429,2026-04-06T21:31:15+06:00,Demo Seller 01,Beauty,4,Pallabi,23.831197,90.359664,19658,mobile_wallet,cancelled,2026-04-15T22:31:15+06:00,True
USR052,01000000052,Demo User 052,DZ0000432,2026-04-08T15:17:21+06:00,Demo Seller 02,Beauty,3,Wari,23.722945,90.419789,6195,mobile_wallet,delivered,2026-04-10T11:17:21+06:00,True
USR052,01000000052,Demo User 052,DZ0000439,2026-04-09T23:58:18+06:00,Demo Seller 13,Home & Living,2,Badda,23.787176,90.424765,15181,cash,cancelled,2026-04-18T02:58:18+06:00,True
USR052,01000000052,Demo User 052,DZ0000437,2026-04-10T20:29:40+06:00,Demo Seller 01,Beauty,3,Khilgaon,23.75468,90.422972,24453,cash,returned,2026-04-11T16:29:40+06:00,True
USR052,01000000052,Demo User 052,DZ0000431,2026-05-09T19:33:21+06:00,Demo Seller 01,Books,3,Rampura,23.756398,90.414723,20657,mobile_wallet,delivered,2026-05-16T15:33:21+06:00,True
USR052,01000000052,Demo User 052,DZ0000433,2026-06-04T01:01:26+06:00,Demo Seller 15,Electronics,3,Pallabi,23.829029,90.358257,2979,card,processing,2026-06-11T19:01:26+06:00,True
USR052,01000000052,Demo User 052,DZ0000430,2026-06-18T10:13:17+06:00,Demo Seller 10,Fashion,2,Badda,23.778495,90.431947,14778,card,delivered,2026-06-21T20:13:17+06:00,True
USR052,01000000052,Demo User 052,DZ0000434,2026-07-16T19:08:38+06:00,Demo Seller 06,Sports,1,Old Dhaka,23.710142,90.41311,14205,cash,delivered,2026-07-25T05:08:38+06:00,True
USR053,01000000053,Demo User 053,DZ0000447,2026-02-26T10:35:09+06:00,Demo Seller 04,Groceries,3,Shyamoli,23.766877,90.364252,11264,card,delivered,2026-03-04T01:35:09+06:00,True
USR053,01000000053,Demo User 053,DZ0000442,2026-03-13T19:46:38+06:00,Demo Seller 12,Home & Living,1,Old Dhaka,23.710991,90.400417,11263,cash,cancelled,2026-03-21T06:46:38+06:00,True
USR053,01000000053,Demo User 053,DZ0000443,2026-04-01T11:55:45+06:00,Demo Seller 04,Home & Living,1,Tejgaon,23.763027,90.386853,2096,card,delivered,2026-04-04T16:55:45+06:00,True
USR053,01000000053,Demo User 053,DZ0000445,2026-04-13T01:22:15+06:00,Demo Seller 04,Fashion,1,Shyamoli,23.770324,90.361004,16740,mobile_wallet,delivered,2026-04-13T11:22:15+06:00,True
USR053,01000000053,Demo User 053,DZ0000440,2026-05-22T19:13:07+06:00,Demo Seller 12,Home & Living,3,Rampura,23.756111,90.42144,9994,cash,delivered,2026-06-01T08:13:07+06:00,True
USR053,01000000053,Demo User 053,DZ0000448,2026-05-25T15:26:30+06:00,Demo Seller 07,Beauty,2,Bashundhara,23.815458,90.433422,12620,mobile_wallet,returned,2026-06-04T14:26:30+06:00,True
USR053,01000000053,Demo User 053,DZ0000444,2026-06-17T13:43:02+06:00,Demo Seller 10,Fashion,3,Dhanmondi,23.747154,90.371589,21635,cash,delivered,2026-06-25T10:43:02+06:00,True
USR053,01000000053,Demo User 053,DZ0000441,2026-06-28T07:46:42+06:00,Demo Seller 15,Accessories,3,Rampura,23.764793,90.417249,10978,cash,delivered,2026-06-30T18:46:42+06:00,True
USR053,01000000053,Demo User 053,DZ0000446,2026-07-10T01:39:17+06:00,Demo Seller 03,Books,1,Farmgate,23.756652,90.391176,13000,card,delivered,2026-07-14T18:39:17+06:00,True
USR054,01000000054,Demo User 054,DZ0000449,2026-02-20T16:10:38+06:00,Demo Seller 02,Fashion,1,Mirpur,23.824077,90.364748,10229,cash,delivered,2026-03-01T16:10:38+06:00,True
USR054,01000000054,Demo User 054,DZ0000452,2026-03-12T20:06:12+06:00,Demo Seller 07,Home & Living,4,Mirpur,23.819858,90.359039,15291,mobile_wallet,shipped,2026-03-15T18:06:12+06:00,True
USR054,01000000054,Demo User 054,DZ0000456,2026-03-16T17:52:11+06:00,Demo Seller 13,Accessories,3,Wari,23.718294,90.411616,17426,cash,delivered,2026-03-24T04:52:11+06:00,True
USR054,01000000054,Demo User 054,DZ0000454,2026-03-22T23:12:03+06:00,Demo Seller 14,Electronics,4,Badda,23.773014,90.422148,6494,cash,delivered,2026-03-31T05:12:03+06:00,True
USR054,01000000054,Demo User 054,DZ0000451,2026-04-06T10:43:50+06:00,Demo Seller 10,Home & Living,4,Pallabi,23.827387,90.365529,24780,card,delivered,2026-04-12T02:43:50+06:00,True
USR054,01000000054,Demo User 054,DZ0000455,2026-04-16T04:42:50+06:00,Demo Seller 10,Home & Living,4,Badda,23.773968,90.427737,14739,card,delivered,2026-04-21T22:42:50+06:00,True
USR054,01000000054,Demo User 054,DZ0000457,2026-04-24T05:27:51+06:00,Demo Seller 14,Fashion,4,Banani,23.797688,90.407749,23696,mobile_wallet,cancelled,2026-05-01T16:27:51+06:00,True
USR054,01000000054,Demo User 054,DZ0000450,2026-05-16T14:54:05+06:00,Demo Seller 01,Books,3,Shyamoli,23.767204,90.365855,19604,card,delivered,2026-05-25T06:54:05+06:00,True
USR054,01000000054,Demo User 054,DZ0000453,2026-07-27T03:10:38+06:00,Demo Seller 11,Groceries,1,Mirpur,23.81748,90.365443,22867,mobile_wallet,delivered,2026-07-28T05:10:38+06:00,True
USR055,01000000055,Demo User 055,DZ0000460,2026-02-20T12:08:55+06:00,Demo Seller 11,Electronics,1,Dhanmondi,23.749322,90.374786,686,mobile_wallet,delivered,2026-02-22T20:08:55+06:00,True
USR055,01000000055,Demo User 055,DZ0000458,2026-04-05T08:27:47+06:00,Demo Seller 02,Fashion,2,Dhanmondi,23.748802,90.38098,22513,card,delivered,2026-04-13T06:27:47+06:00,True
USR055,01000000055,Demo User 055,DZ0000459,2026-04-16T14:28:10+06:00,Demo Seller 10,Groceries,1,Bashundhara,23.815554,90.431549,9471,cash,delivered,2026-04-20T09:28:10+06:00,True
USR055,01000000055,Demo User 055,DZ0000461,2026-05-10T03:29:06+06:00,Demo Seller 14,Beauty,1,Old Dhaka,23.717376,90.411637,2738,card,delivered,2026-05-13T15:29:06+06:00,True
USR055,01000000055,Demo User 055,DZ0000462,2026-06-02T22:25:17+06:00,Demo Seller 09,Beauty,1,Uttara,23.882317,90.378043,14339,cash,delivered,2026-06-05T18:25:17+06:00,True
USR056,01000000056,Demo User 056,DZ0000465,2026-02-26T16:30:40+06:00,Demo Seller 06,Books,4,Dhanmondi,23.745377,90.370418,22629,mobile_wallet,delivered,2026-03-04T19:30:40+06:00,True
USR056,01000000056,Demo User 056,DZ0000464,2026-03-19T23:33:22+06:00,Demo Seller 07,Books,1,Bashundhara,23.808524,90.417772,10869,mobile_wallet,delivered,2026-03-28T16:33:22+06:00,True
USR056,01000000056,Demo User 056,DZ0000463,2026-03-31T12:28:55+06:00,Demo Seller 11,Electronics,3,Mirpur,23.817706,90.372012,7901,mobile_wallet,returned,2026-04-01T16:28:55+06:00,True
USR056,01000000056,Demo User 056,DZ0000470,2026-04-30T16:12:38+06:00,Demo Seller 04,Fashion,1,Mohammadpur,23.764185,90.366194,17146,card,delivered,2026-05-03T21:12:38+06:00,True
USR056,01000000056,Demo User 056,DZ0000471,2026-05-21T19:33:38+06:00,Demo Seller 11,Groceries,3,Pallabi,23.821938,90.356436,21401,card,delivered,2026-05-30T19:33:38+06:00,True
USR056,01000000056,Demo User 056,DZ0000466,2026-06-02T19:01:25+06:00,Demo Seller 13,Books,2,Old Dhaka,23.707741,90.411742,17092,card,delivered,2026-06-08T15:01:25+06:00,True
USR056,01000000056,Demo User 056,DZ0000468,2026-06-12T13:38:47+06:00,Demo Seller 04,Sports,2,Farmgate,23.75377,90.384372,21058,card,delivered,2026-06-16T02:38:47+06:00,True
USR056,01000000056,Demo User 056,DZ0000469,2026-07-08T22:30:29+06:00,Demo Seller 05,Fashion,1,Tejgaon,23.763707,90.392158,24719,mobile_wallet,shipped,2026-07-17T16:30:29+06:00,True
USR056,01000000056,Demo User 056,DZ0000467,2026-07-11T23:02:53+06:00,Demo Seller 08,Beauty,1,Wari,23.720917,90.417818,21563,card,delivered,2026-07-15T08:02:53+06:00,True
USR057,01000000057,Demo User 057,DZ0000477,2026-04-08T12:46:54+06:00,Demo Seller 07,Fashion,2,Mirpur,23.818556,90.36455,13981,cash,delivered,2026-04-18T02:46:54+06:00,True
USR057,01000000057,Demo User 057,DZ0000476,2026-04-29T08:28:05+06:00,Demo Seller 15,Fashion,4,Khilgaon,23.752113,90.431756,830,cash,delivered,2026-04-30T17:28:05+06:00,True
USR057,01000000057,Demo User 057,DZ0000473,2026-05-05T04:12:21+06:00,Demo Seller 13,Electronics,3,Mirpur,23.829396,90.368727,22446,cash,delivered,2026-05-09T15:12:21+06:00,True
USR057,01000000057,Demo User 057,DZ0000475,2026-06-19T01:26:48+06:00,Demo Seller 05,Beauty,2,Khilgaon,23.758343,90.420598,7246,mobile_wallet,delivered,2026-06-24T18:26:48+06:00,True
USR057,01000000057,Demo User 057,DZ0000472,2026-07-11T02:21:06+06:00,Demo Seller 07,Electronics,1,Bashundhara,23.809106,90.418052,15821,mobile_wallet,delivered,2026-07-11T14:21:06+06:00,True
USR057,01000000057,Demo User 057,DZ0000474,2026-07-11T04:37:44+06:00,Demo Seller 05,Home & Living,4,Mohammadpur,23.765294,90.357728,17374,cash,delivered,2026-07-14T09:37:44+06:00,True
USR058,01000000058,Demo User 058,DZ0000478,2026-02-17T21:21:22+06:00,Demo Seller 06,Beauty,3,Bashundhara,23.820177,90.429019,2466,mobile_wallet,delivered,2026-02-18T23:21:22+06:00,True
USR058,01000000058,Demo User 058,DZ0000479,2026-02-27T03:24:31+06:00,Demo Seller 13,Books,2,Mohammadpur,23.760129,90.360241,3249,card,delivered,2026-03-07T17:24:31+06:00,True
USR058,01000000058,Demo User 058,DZ0000482,2026-04-03T00:43:26+06:00,Demo Seller 01,Groceries,3,Rampura,23.768288,90.424247,13164,cash,delivered,2026-04-07T15:43:26+06:00,True
USR058,01000000058,Demo User 058,DZ0000483,2026-04-24T19:54:34+06:00,Demo Seller 15,Beauty,3,Shyamoli,23.778836,90.358352,22806,card,returned,2026-05-01T19:54:34+06:00,True
USR058,01000000058,Demo User 058,DZ0000485,2026-05-31T16:20:39+06:00,Demo Seller 01,Fashion,2,Wari,23.71806,90.417767,20166,card,delivered,2026-06-01T20:20:39+06:00,True
USR058,01000000058,Demo User 058,DZ0000484,2026-06-23T23:44:24+06:00,Demo Seller 01,Electronics,2,Dhanmondi,23.747608,90.381524,13297,cash,delivered,2026-07-01T01:44:24+06:00,True
USR058,01000000058,Demo User 058,DZ0000480,2026-07-04T07:49:06+06:00,Demo Seller 11,Sports,1,Badda,23.783989,90.420694,11222,mobile_wallet,delivered,2026-07-13T09:49:06+06:00,True
USR058,01000000058,Demo User 058,DZ0000481,2026-07-23T04:26:59+06:00,Demo Seller 07,Beauty,1,Badda,23.777296,90.420008,9177,card,delivered,2026-07-31T13:26:59+06:00,True
USR058,01000000058,Demo User 058,DZ0000486,2026-07-30T13:19:48+06:00,Demo Seller 05,Sports,2,Mohammadpur,23.769459,90.358415,24863,cash,delivered,2026-08-05T08:19:48+06:00,True
USR059,01000000059,Demo User 059,DZ0000490,2026-02-12T18:45:16+06:00,Demo Seller 11,Accessories,1,Farmgate,23.755902,90.394018,4808,card,delivered,2026-02-14T19:45:16+06:00,True
USR059,01000000059,Demo User 059,DZ0000488,2026-03-01T21:45:07+06:00,Demo Seller 06,Electronics,1,Motijheel,23.736351,90.41388,16378,cash,delivered,2026-03-11T01:45:07+06:00,True
USR059,01000000059,Demo User 059,DZ0000489,2026-03-21T14:15:36+06:00,Demo Seller 11,Home & Living,2,Bashundhara,23.813233,90.424179,14215,card,delivered,2026-03-27T22:15:36+06:00,True
USR059,01000000059,Demo User 059,DZ0000492,2026-04-14T00:57:01+06:00,Demo Seller 08,Accessories,3,Badda,23.773305,90.431723,21042,mobile_wallet,delivered,2026-04-16T05:57:01+06:00,True
USR059,01000000059,Demo User 059,DZ0000493,2026-04-19T14:42:59+06:00,Demo Seller 10,Books,4,Bashundhara,23.808439,90.428841,15836,mobile_wallet,delivered,2026-04-27T11:42:59+06:00,True
USR059,01000000059,Demo User 059,DZ0000494,2026-04-23T23:04:30+06:00,Demo Seller 02,Books,2,Dhanmondi,23.754274,90.368075,11641,cash,delivered,2026-04-30T19:04:30+06:00,True
USR059,01000000059,Demo User 059,DZ0000487,2026-07-30T20:05:28+06:00,Demo Seller 12,Accessories,2,Uttara,23.876659,90.381541,18444,mobile_wallet,delivered,2026-08-05T23:05:28+06:00,True
USR059,01000000059,Demo User 059,DZ0000491,2026-08-09T23:43:05+06:00,Demo Seller 06,Home & Living,4,Wari,23.724119,90.41194,13006,mobile_wallet,delivered,2026-08-09T23:59:59+06:00,True
USR060,01000000060,Demo User 060,DZ0000501,2026-03-19T12:42:18+06:00,Demo Seller 12,Sports,1,Wari,23.719561,90.409797,8209,mobile_wallet,delivered,2026-03-25T16:42:18+06:00,True
USR060,01000000060,Demo User 060,DZ0000497,2026-03-22T12:10:19+06:00,Demo Seller 10,Groceries,4,Mohakhali,23.781368,90.398728,9238,mobile_wallet,delivered,2026-03-25T12:10:19+06:00,True
USR060,01000000060,Demo User 060,DZ0000498,2026-04-14T16:15:57+06:00,Demo Seller 11,Fashion,3,Motijheel,23.725377,90.424937,1487,cash,shipped,2026-04-18T18:15:57+06:00,True
USR060,01000000060,Demo User 060,DZ0000496,2026-04-30T15:27:23+06:00,Demo Seller 09,Home & Living,1,Farmgate,23.756837,90.392292,6345,cash,delivered,2026-05-07T06:27:23+06:00,True
USR060,01000000060,Demo User 060,DZ0000495,2026-05-11T23:04:48+06:00,Demo Seller 05,Accessories,1,Uttara,23.877743,90.377998,24355,mobile_wallet,delivered,2026-05-17T18:04:48+06:00,True
USR060,01000000060,Demo User 060,DZ0000500,2026-05-18T02:57:06+06:00,Demo Seller 11,Groceries,4,Mohammadpur,23.771639,90.354078,19656,card,delivered,2026-05-25T15:57:06+06:00,True
USR060,01000000060,Demo User 060,DZ0000499,2026-07-29T04:39:16+06:00,Demo Seller 07,Accessories,3,Farmgate,23.754617,90.387515,21499,mobile_wallet,processing,2026-08-06T07:39:16+06:00,True
USR061,01000000061,Demo User 061,DZ0000506,2026-02-18T14:59:06+06:00,Demo Seller 05,Beauty,1,Mohakhali,23.786974,90.399146,19674,mobile_wallet,shipped,2026-02-19T22:59:06+06:00,True
USR061,01000000061,Demo User 061,DZ0000503,2026-02-26T15:25:17+06:00,Demo Seller 07,Groceries,2,Wari,23.712007,90.424086,12653,card,returned,2026-03-08T05:25:17+06:00,True
USR061,01000000061,Demo User 061,DZ0000508,2026-03-28T07:22:13+06:00,Demo Seller 02,Home & Living,4,Shyamoli,23.769464,90.360706,4729,cash,delivered,2026-04-02T02:22:13+06:00,True
USR061,01000000061,Demo User 061,DZ0000505,2026-04-19T14:46:07+06:00,Demo Seller 13,Home & Living,2,Mirpur,23.82354,90.368724,18625,mobile_wallet,delivered,2026-04-26T08:46:07+06:00,True
USR061,01000000061,Demo User 061,DZ0000502,2026-06-12T15:03:01+06:00,Demo Seller 11,Sports,4,Motijheel,23.729623,90.421075,8468,mobile_wallet,delivered,2026-06-17T23:03:01+06:00,True
USR061,01000000061,Demo User 061,DZ0000504,2026-07-22T02:21:09+06:00,Demo Seller 14,Books,3,Tejgaon,23.770033,90.397994,10048,card,delivered,2026-07-27T12:21:09+06:00,True
USR061,01000000061,Demo User 061,DZ0000507,2026-07-26T23:07:26+06:00,Demo Seller 01,Books,1,Mirpur,23.817003,90.368059,10225,cash,delivered,2026-07-28T17:07:26+06:00,True
USR062,01000000062,Demo User 062,DZ0000514,2026-02-15T01:06:40+06:00,Demo Seller 12,Books,3,Motijheel,23.736827,90.412976,6536,card,delivered,2026-02-20T19:06:40+06:00,True
USR062,01000000062,Demo User 062,DZ0000513,2026-04-30T13:32:48+06:00,Demo Seller 03,Home & Living,4,Gulshan,23.797236,90.411195,3998,card,delivered,2026-05-08T23:32:48+06:00,True
USR062,01000000062,Demo User 062,DZ0000512,2026-05-19T18:28:04+06:00,Demo Seller 12,Groceries,3,Bashundhara,23.814983,90.423661,3925,mobile_wallet,cancelled,2026-05-27T23:28:04+06:00,True
USR062,01000000062,Demo User 062,DZ0000511,2026-05-28T13:27:05+06:00,Demo Seller 02,Accessories,4,Tejgaon,23.755974,90.400478,16275,card,processing,2026-06-07T02:27:05+06:00,True
USR062,01000000062,Demo User 062,DZ0000509,2026-07-12T17:11:33+06:00,Demo Seller 14,Accessories,2,Shyamoli,23.777978,90.359522,14241,card,delivered,2026-07-16T16:11:33+06:00,True
USR062,01000000062,Demo User 062,DZ0000510,2026-07-18T23:43:37+06:00,Demo Seller 12,Fashion,3,Rampura,23.765012,90.427057,8809,mobile_wallet,shipped,2026-07-24T22:43:37+06:00,True
USR063,01000000063,Demo User 063,DZ0000525,2026-02-20T16:52:03+06:00,Demo Seller 03,Groceries,1,Shyamoli,23.775231,90.363578,1125,cash,delivered,2026-03-01T02:52:03+06:00,True
USR063,01000000063,Demo User 063,DZ0000516,2026-03-01T05:47:08+06:00,Demo Seller 12,Accessories,2,Rampura,23.753439,90.422087,20814,card,delivered,2026-03-02T23:47:08+06:00,True
USR063,01000000063,Demo User 063,DZ0000522,2026-03-08T03:45:25+06:00,Demo Seller 02,Sports,3,Farmgate,23.75188,90.392773,23318,cash,delivered,2026-03-15T01:45:25+06:00,True
USR063,01000000063,Demo User 063,DZ0000521,2026-03-19T10:03:34+06:00,Demo Seller 14,Home & Living,2,Uttara,23.875106,90.385951,22791,cash,delivered,2026-03-25T23:03:34+06:00,True
USR063,01000000063,Demo User 063,DZ0000518,2026-03-28T02:10:51+06:00,Demo Seller 13,Accessories,4,Farmgate,23.753969,90.38417,13733,card,delivered,2026-04-02T12:10:51+06:00,True
USR063,01000000063,Demo User 063,DZ0000515,2026-04-16T00:45:12+06:00,Demo Seller 06,Accessories,2,Badda,23.774109,90.420594,12885,card,delivered,2026-04-19T04:45:12+06:00,True
USR063,01000000063,Demo User 063,DZ0000524,2026-04-25T11:31:31+06:00,Demo Seller 03,Books,1,Old Dhaka,23.703947,90.411995,2884,card,delivered,2026-04-27T00:31:31+06:00,True
USR063,01000000063,Demo User 063,DZ0000519,2026-04-29T23:20:58+06:00,Demo Seller 10,Books,1,Shyamoli,23.781051,90.366433,24824,card,delivered,2026-05-07T14:20:58+06:00,True
USR063,01000000063,Demo User 063,DZ0000520,2026-06-04T17:36:34+06:00,Demo Seller 03,Books,3,Gulshan,23.789864,90.401694,23784,card,delivered,2026-06-10T18:36:34+06:00,True
USR063,01000000063,Demo User 063,DZ0000523,2026-07-11T21:40:49+06:00,Demo Seller 15,Fashion,4,Motijheel,23.725217,90.416363,22501,mobile_wallet,delivered,2026-07-21T18:40:49+06:00,True
USR063,01000000063,Demo User 063,DZ0000517,2026-07-22T21:56:44+06:00,Demo Seller 02,Sports,4,Mohakhali,23.784774,90.399382,14956,card,delivered,2026-07-23T23:56:44+06:00,True
USR064,01000000064,Demo User 064,DZ0000530,2026-02-11T10:36:26+06:00,Demo Seller 11,Home & Living,3,Farmgate,23.753259,90.392204,18876,card,delivered,2026-02-13T03:36:26+06:00,True
USR064,01000000064,Demo User 064,DZ0000534,2026-02-19T06:20:02+06:00,Demo Seller 06,Beauty,4,Old Dhaka,23.702829,90.403519,10792,mobile_wallet,delivered,2026-02-23T19:20:02+06:00,True
USR064,01000000064,Demo User 064,DZ0000533,2026-03-02T00:03:09+06:00,Demo Seller 04,Electronics,3,Bashundhara,23.8229,90.420151,9927,mobile_wallet,delivered,2026-03-06T21:03:09+06:00,True
USR064,01000000064,Demo User 064,DZ0000531,2026-03-13T16:39:50+06:00,Demo Seller 07,Accessories,3,Wari,23.71298,90.414035,6893,card,delivered,2026-03-17T19:39:50+06:00,True
USR064,01000000064,Demo User 064,DZ0000526,2026-04-30T16:32:17+06:00,Demo Seller 06,Sports,1,Wari,23.711883,90.41856,3534,mobile_wallet,delivered,2026-05-04T07:32:17+06:00,True
USR064,01000000064,Demo User 064,DZ0000529,2026-05-06T09:36:55+06:00,Demo Seller 10,Accessories,4,Wari,23.72352,90.412423,20027,card,delivered,2026-05-08T01:36:55+06:00,True
USR064,01000000064,Demo User 064,DZ0000528,2026-05-31T23:46:50+06:00,Demo Seller 12,Fashion,4,Old Dhaka,23.716804,90.41129,22744,cash,delivered,2026-06-06T19:46:50+06:00,True
USR064,01000000064,Demo User 064,DZ0000535,2026-07-11T22:41:39+06:00,Demo Seller 15,Electronics,3,Banani,23.785929,90.413125,9078,card,delivered,2026-07-17T10:41:39+06:00,True
USR064,01000000064,Demo User 064,DZ0000532,2026-07-18T00:50:03+06:00,Demo Seller 05,Accessories,3,Pallabi,23.834324,90.35831,8826,cash,delivered,2026-07-18T02:50:03+06:00,True
USR064,01000000064,Demo User 064,DZ0000527,2026-07-29T06:24:48+06:00,Demo Seller 03,Books,3,Banani,23.791537,90.411379,24368,card,delivered,2026-08-01T22:24:48+06:00,True
USR065,01000000065,Demo User 065,DZ0000537,2026-04-11T13:23:08+06:00,Demo Seller 14,Books,2,Gulshan,23.800104,90.406386,18301,mobile_wallet,delivered,2026-04-15T18:23:08+06:00,True
USR065,01000000065,Demo User 065,DZ0000539,2026-05-23T12:08:19+06:00,Demo Seller 11,Fashion,1,Motijheel,23.734158,90.421326,24543,card,processing,2026-05-27T15:08:19+06:00,True
USR065,01000000065,Demo User 065,DZ0000536,2026-06-05T08:44:36+06:00,Demo Seller 10,Beauty,4,Farmgate,23.760004,90.390801,24640,card,delivered,2026-06-15T03:44:36+06:00,True
USR065,01000000065,Demo User 065,DZ0000540,2026-06-10T12:41:25+06:00,Demo Seller 10,Books,1,Mohakhali,23.783789,90.402336,23059,mobile_wallet,delivered,2026-06-19T14:41:25+06:00,True
USR065,01000000065,Demo User 065,DZ0000541,2026-07-02T21:21:44+06:00,Demo Seller 12,Electronics,4,Gulshan,23.788857,90.41547,14393,mobile_wallet,shipped,2026-07-08T14:21:44+06:00,True
USR065,01000000065,Demo User 065,DZ0000538,2026-07-17T12:23:48+06:00,Demo Seller 12,Accessories,1,Dhanmondi,23.739541,90.379249,21132,cash,delivered,2026-07-23T18:23:48+06:00,True
USR066,01000000066,Demo User 066,DZ0000542,2026-03-04T22:30:17+06:00,Demo Seller 01,Electronics,1,Wari,23.711403,90.42531,2240,cash,delivered,2026-03-05T08:30:17+06:00,True
USR066,01000000066,Demo User 066,DZ0000548,2026-04-23T00:23:46+06:00,Demo Seller 09,Electronics,2,Khilgaon,23.746756,90.429312,13093,card,delivered,2026-04-23T15:23:46+06:00,True
USR066,01000000066,Demo User 066,DZ0000544,2026-04-30T01:26:00+06:00,Demo Seller 12,Books,4,Mirpur,23.815358,90.361345,4588,cash,delivered,2026-05-07T21:26:00+06:00,True
USR066,01000000066,Demo User 066,DZ0000543,2026-05-07T10:20:16+06:00,Demo Seller 12,Books,4,Wari,23.715986,90.412111,552,cash,delivered,2026-05-14T22:20:16+06:00,True
USR066,01000000066,Demo User 066,DZ0000545,2026-06-02T07:51:17+06:00,Demo Seller 12,Home & Living,4,Bashundhara,23.815627,90.43162,19215,cash,cancelled,2026-06-07T08:51:17+06:00,True
USR066,01000000066,Demo User 066,DZ0000546,2026-06-27T02:35:29+06:00,Demo Seller 14,Fashion,1,Uttara,23.877766,90.381918,537,card,delivered,2026-07-06T23:35:29+06:00,True
USR066,01000000066,Demo User 066,DZ0000549,2026-06-29T20:54:07+06:00,Demo Seller 08,Books,3,Motijheel,23.725297,90.420186,22059,cash,delivered,2026-07-04T15:54:07+06:00,True
USR066,01000000066,Demo User 066,DZ0000547,2026-08-02T03:50:52+06:00,Demo Seller 07,Accessories,2,Old Dhaka,23.706459,90.406031,4105,cash,delivered,2026-08-08T09:50:52+06:00,True
USR067,01000000067,Demo User 067,DZ0000557,2026-03-15T19:25:53+06:00,Demo Seller 02,Sports,3,Gulshan,23.785031,90.412852,2185,cash,delivered,2026-03-15T22:25:53+06:00,True
USR067,01000000067,Demo User 067,DZ0000559,2026-03-31T23:45:53+06:00,Demo Seller 06,Sports,4,Khilgaon,23.744114,90.425185,3741,mobile_wallet,delivered,2026-04-10T12:45:53+06:00,True
USR067,01000000067,Demo User 067,DZ0000551,2026-04-07T22:00:33+06:00,Demo Seller 05,Sports,3,Tejgaon,23.768774,90.396795,1106,card,processing,2026-04-14T11:00:33+06:00,True
USR067,01000000067,Demo User 067,DZ0000556,2026-04-11T07:08:03+06:00,Demo Seller 08,Fashion,3,Pallabi,23.824867,90.364396,561,mobile_wallet,delivered,2026-04-20T04:08:03+06:00,True
USR067,01000000067,Demo User 067,DZ0000555,2026-05-01T02:53:49+06:00,Demo Seller 10,Groceries,3,Mohakhali,23.778481,90.395637,22610,mobile_wallet,delivered,2026-05-05T08:53:49+06:00,True
USR067,01000000067,Demo User 067,DZ0000558,2026-05-12T18:11:26+06:00,Demo Seller 15,Electronics,2,Mohammadpur,23.759596,90.365967,24745,mobile_wallet,processing,2026-05-21T22:11:26+06:00,True
USR067,01000000067,Demo User 067,DZ0000550,2026-06-12T12:22:27+06:00,Demo Seller 02,Books,1,Mohakhali,23.78251,90.403691,3964,mobile_wallet,processing,2026-06-15T09:22:27+06:00,True
USR067,01000000067,Demo User 067,DZ0000553,2026-06-16T10:13:32+06:00,Demo Seller 12,Groceries,4,Motijheel,23.730282,90.42065,16777,cash,delivered,2026-06-21T21:13:32+06:00,True
USR067,01000000067,Demo User 067,DZ0000554,2026-07-30T06:19:54+06:00,Demo Seller 10,Beauty,2,Wari,23.715101,90.416726,18036,card,delivered,2026-08-04T17:19:54+06:00,True
USR067,01000000067,Demo User 067,DZ0000560,2026-07-30T07:26:51+06:00,Demo Seller 15,Sports,1,Motijheel,23.740852,90.422476,7855,card,cancelled,2026-08-07T07:26:51+06:00,True
USR067,01000000067,Demo User 067,DZ0000552,2026-07-31T03:49:24+06:00,Demo Seller 10,Sports,3,Bashundhara,23.822752,90.430621,20948,cash,delivered,2026-08-06T02:49:24+06:00,True
USR068,01000000068,Demo User 068,DZ0000562,2026-03-16T15:57:36+06:00,Demo Seller 04,Electronics,3,Bashundhara,23.807618,90.423085,24252,card,delivered,2026-03-24T14:57:36+06:00,True
USR068,01000000068,Demo User 068,DZ0000561,2026-03-30T13:58:57+06:00,Demo Seller 02,Home & Living,3,Uttara,23.872272,90.374929,18878,card,cancelled,2026-04-07T21:58:57+06:00,True
USR068,01000000068,Demo User 068,DZ0000565,2026-05-02T21:47:06+06:00,Demo Seller 15,Sports,4,Wari,23.718815,90.409751,4171,card,returned,2026-05-07T07:47:06+06:00,True
USR068,01000000068,Demo User 068,DZ0000563,2026-06-08T21:59:55+06:00,Demo Seller 10,Beauty,1,Rampura,23.7583,90.420516,15839,mobile_wallet,processing,2026-06-12T14:59:55+06:00,True
USR068,01000000068,Demo User 068,DZ0000564,2026-06-13T04:35:23+06:00,Demo Seller 15,Beauty,3,Pallabi,23.835538,90.371406,6056,mobile_wallet,delivered,2026-06-22T01:35:23+06:00,True
USR068,01000000068,Demo User 068,DZ0000566,2026-07-20T19:17:24+06:00,Demo Seller 09,Sports,2,Dhanmondi,23.749244,90.378207,9888,mobile_wallet,delivered,2026-07-27T22:17:24+06:00,True
USR069,01000000069,Demo User 069,DZ0000572,2026-02-22T16:32:23+06:00,Demo Seller 11,Groceries,3,Rampura,23.756173,90.423062,5439,cash,shipped,2026-02-27T01:32:23+06:00,True
USR069,01000000069,Demo User 069,DZ0000576,2026-03-19T17:42:54+06:00,Demo Seller 01,Home & Living,4,Bashundhara,23.821262,90.422649,4630,cash,delivered,2026-03-22T10:42:54+06:00,True
USR069,01000000069,Demo User 069,DZ0000574,2026-03-27T10:26:29+06:00,Demo Seller 14,Sports,3,Dhanmondi,23.740762,90.368452,14878,mobile_wallet,returned,2026-04-02T22:26:29+06:00,True
USR069,01000000069,Demo User 069,DZ0000575,2026-04-19T23:30:12+06:00,Demo Seller 12,Groceries,1,Motijheel,23.738975,90.409658,7331,cash,delivered,2026-04-26T04:30:12+06:00,True
USR069,01000000069,Demo User 069,DZ0000571,2026-05-21T12:43:35+06:00,Demo Seller 11,Groceries,1,Uttara,23.87732,90.371811,22382,cash,delivered,2026-05-28T18:43:35+06:00,True
USR069,01000000069,Demo User 069,DZ0000573,2026-06-13T04:57:01+06:00,Demo Seller 04,Electronics,3,Khilgaon,23.7485,90.422317,4082,cash,cancelled,2026-06-16T13:57:01+06:00,True
USR069,01000000069,Demo User 069,DZ0000567,2026-07-20T13:05:55+06:00,Demo Seller 11,Books,2,Bashundhara,23.82046,90.419718,20662,card,delivered,2026-07-22T11:05:55+06:00,True
USR069,01000000069,Demo User 069,DZ0000568,2026-07-20T17:13:06+06:00,Demo Seller 09,Books,3,Gulshan,23.794425,90.412305,5114,card,delivered,2026-07-22T10:13:06+06:00,True
USR069,01000000069,Demo User 069,DZ0000569,2026-07-26T16:16:39+06:00,Demo Seller 08,Home & Living,1,Khilgaon,23.756627,90.429773,7577,card,delivered,2026-07-30T17:16:39+06:00,True
USR069,01000000069,Demo User 069,DZ0000570,2026-08-07T20:51:25+06:00,Demo Seller 07,Home & Living,1,Farmgate,23.75568,90.384763,14485,mobile_wallet,delivered,2026-08-09T23:59:59+06:00,True
USR070,01000000070,Demo User 070,DZ0000584,2026-02-20T22:52:10+06:00,Demo Seller 05,Sports,4,Pallabi,23.822007,90.370282,16093,mobile_wallet,delivered,2026-02-21T06:52:10+06:00,True
USR070,01000000070,Demo User 070,DZ0000582,2026-02-21T03:55:04+06:00,Demo Seller 03,Sports,3,Pallabi,23.82507,90.362691,8294,mobile_wallet,shipped,2026-03-01T13:55:04+06:00,True
USR070,01000000070,Demo User 070,DZ0000583,2026-03-03T01:46:15+06:00,Demo Seller 03,Electronics,3,Khilgaon,23.742882,90.432735,21103,card,delivered,2026-03-05T00:46:15+06:00,True
USR070,01000000070,Demo User 070,DZ0000577,2026-04-24T10:59:01+06:00,Demo Seller 08,Accessories,4,Bashundhara,23.818696,90.432653,24563,card,delivered,2026-04-29T03:59:01+06:00,True
USR070,01000000070,Demo User 070,DZ0000580,2026-05-04T05:21:58+06:00,Demo Seller 11,Beauty,3,Uttara,23.879594,90.383137,4960,mobile_wallet,delivered,2026-05-09T17:21:58+06:00,True
USR070,01000000070,Demo User 070,DZ0000578,2026-05-05T01:19:27+06:00,Demo Seller 05,Beauty,4,Farmgate,23.755158,90.388009,21132,card,delivered,2026-05-13T20:19:27+06:00,True
USR070,01000000070,Demo User 070,DZ0000581,2026-05-13T14:55:20+06:00,Demo Seller 11,Books,1,Pallabi,23.830655,90.359946,11569,mobile_wallet,delivered,2026-05-15T19:55:20+06:00,True
USR070,01000000070,Demo User 070,DZ0000579,2026-06-07T09:09:36+06:00,Demo Seller 10,Beauty,2,Banani,23.791458,90.400359,15653,mobile_wallet,delivered,2026-06-11T07:09:36+06:00,True
USR070,01000000070,Demo User 070,DZ0000585,2026-06-13T21:12:52+06:00,Demo Seller 01,Home & Living,4,Mirpur,23.825654,90.360529,1090,mobile_wallet,delivered,2026-06-16T19:12:52+06:00,True
USR071,01000000071,Demo User 071,DZ0000589,2026-02-11T15:27:09+06:00,Demo Seller 10,Books,2,Banani,23.787738,90.410418,6819,cash,shipped,2026-02-14T13:27:09+06:00,True
USR071,01000000071,Demo User 071,DZ0000587,2026-03-09T19:29:57+06:00,Demo Seller 10,Home & Living,3,Badda,23.788576,90.420637,20642,card,delivered,2026-03-18T15:29:57+06:00,True
USR071,01000000071,Demo User 071,DZ0000586,2026-03-18T10:17:18+06:00,Demo Seller 01,Beauty,3,Mohakhali,23.782317,90.397754,18145,cash,delivered,2026-03-22T13:17:18+06:00,True
USR071,01000000071,Demo User 071,DZ0000588,2026-05-11T22:46:01+06:00,Demo Seller 03,Home & Living,4,Pallabi,23.821449,90.370732,21681,card,processing,2026-05-12T17:46:01+06:00,True
USR071,01000000071,Demo User 071,DZ0000590,2026-06-26T13:45:04+06:00,Demo Seller 11,Fashion,1,Badda,23.777381,90.420048,23535,cash,delivered,2026-06-28T21:45:04+06:00,True
USR072,01000000072,Demo User 072,DZ0000593,2026-03-21T14:35:09+06:00,Demo Seller 09,Electronics,1,Shyamoli,23.770356,90.368361,5246,mobile_wallet,delivered,2026-03-29T01:35:09+06:00,True
USR072,01000000072,Demo User 072,DZ0000591,2026-03-23T08:25:33+06:00,Demo Seller 03,Home & Living,2,Badda,23.778229,90.424378,10560,cash,delivered,2026-03-31T21:25:33+06:00,True
USR072,01000000072,Demo User 072,DZ0000592,2026-04-12T22:58:22+06:00,Demo Seller 12,Books,4,Banani,23.793517,90.410727,8150,card,delivered,2026-04-14T07:58:22+06:00,True
USR072,01000000072,Demo User 072,DZ0000599,2026-04-15T08:06:32+06:00,Demo Seller 05,Electronics,2,Mohakhali,23.782294,90.401574,21350,mobile_wallet,delivered,2026-04-19T20:06:32+06:00,True
USR072,01000000072,Demo User 072,DZ0000598,2026-05-13T19:19:55+06:00,Demo Seller 09,Beauty,1,Bashundhara,23.816681,90.426134,15686,mobile_wallet,delivered,2026-05-19T09:19:55+06:00,True
USR072,01000000072,Demo User 072,DZ0000602,2026-05-23T10:29:42+06:00,Demo Seller 12,Groceries,2,Tejgaon,23.757362,90.388534,17571,card,delivered,2026-06-02T02:29:42+06:00,True
USR072,01000000072,Demo User 072,DZ0000600,2026-06-01T00:06:12+06:00,Demo Seller 01,Groceries,1,Banani,23.789381,90.411771,20740,cash,returned,2026-06-02T22:06:12+06:00,True
USR072,01000000072,Demo User 072,DZ0000597,2026-06-11T03:45:51+06:00,Demo Seller 01,Groceries,2,Tejgaon,23.770138,90.398716,9914,card,delivered,2026-06-17T20:45:51+06:00,True
USR072,01000000072,Demo User 072,DZ0000594,2026-06-11T04:26:00+06:00,Demo Seller 09,Home & Living,2,Wari,23.721362,90.425429,15061,cash,cancelled,2026-06-13T01:26:00+06:00,True
USR072,01000000072,Demo User 072,DZ0000596,2026-06-22T11:16:19+06:00,Demo Seller 06,Home & Living,3,Dhanmondi,23.740904,90.381574,4127,card,processing,2026-06-27T16:16:19+06:00,True
USR072,01000000072,Demo User 072,DZ0000595,2026-07-03T06:45:24+06:00,Demo Seller 01,Fashion,4,Badda,23.776486,90.426132,15646,card,delivered,2026-07-10T23:45:24+06:00,True
USR072,01000000072,Demo User 072,DZ0000601,2026-08-07T13:30:37+06:00,Demo Seller 11,Accessories,3,Gulshan,23.785347,90.400014,13692,mobile_wallet,returned,2026-08-08T06:30:37+06:00,True
USR073,01000000073,Demo User 073,DZ0000608,2026-02-13T21:28:14+06:00,Demo Seller 06,Groceries,4,Uttara,23.874049,90.375381,23613,card,delivered,2026-02-14T03:28:14+06:00,True
USR073,01000000073,Demo User 073,DZ0000603,2026-02-25T06:48:42+06:00,Demo Seller 01,Books,1,Farmgate,23.758163,90.385149,7183,card,delivered,2026-02-27T12:48:42+06:00,True
USR073,01000000073,Demo User 073,DZ0000607,2026-03-20T00:56:42+06:00,Demo Seller 05,Accessories,3,Dhanmondi,23.751745,90.371514,20661,card,delivered,2026-03-26T21:56:42+06:00,True
USR073,01000000073,Demo User 073,DZ0000605,2026-05-06T15:47:06+06:00,Demo Seller 10,Electronics,1,Dhanmondi,23.747129,90.368531,12714,cash,delivered,2026-05-13T04:47:06+06:00,True
USR073,01000000073,Demo User 073,DZ0000606,2026-06-17T04:55:33+06:00,Demo Seller 15,Electronics,4,Tejgaon,23.764425,90.392615,1456,mobile_wallet,cancelled,2026-06-17T19:55:33+06:00,True
USR073,01000000073,Demo User 073,DZ0000604,2026-07-19T20:48:54+06:00,Demo Seller 14,Fashion,3,Shyamoli,23.77866,90.364165,8935,card,delivered,2026-07-26T15:48:54+06:00,True
USR073,01000000073,Demo User 073,DZ0000609,2026-07-19T21:22:43+06:00,Demo Seller 04,Books,1,Badda,23.778891,90.426311,16438,mobile_wallet,cancelled,2026-07-26T15:22:43+06:00,True
USR074,01000000074,Demo User 074,DZ0000611,2026-04-14T20:22:11+06:00,Demo Seller 11,Electronics,4,Farmgate,23.76,90.39514,10457,mobile_wallet,delivered,2026-04-22T03:22:11+06:00,True
USR074,01000000074,Demo User 074,DZ0000613,2026-04-22T09:00:57+06:00,Demo Seller 12,Sports,3,Shyamoli,23.781292,90.358534,15540,cash,delivered,2026-04-28T08:00:57+06:00,True
USR074,01000000074,Demo User 074,DZ0000612,2026-05-07T04:54:38+06:00,Demo Seller 11,Accessories,4,Motijheel,23.727542,90.423266,6706,mobile_wallet,delivered,2026-05-14T09:54:38+06:00,True
USR074,01000000074,Demo User 074,DZ0000615,2026-05-10T09:56:40+06:00,Demo Seller 11,Groceries,3,Tejgaon,23.758758,90.399917,20712,cash,delivered,2026-05-17T08:56:40+06:00,True
USR074,01000000074,Demo User 074,DZ0000616,2026-06-03T18:08:05+06:00,Demo Seller 12,Electronics,4,Rampura,23.765978,90.421181,3901,cash,delivered,2026-06-07T20:08:05+06:00,True
USR074,01000000074,Demo User 074,DZ0000614,2026-06-14T23:48:36+06:00,Demo Seller 13,Groceries,4,Gulshan,23.794926,90.40985,16116,cash,delivered,2026-06-24T12:48:36+06:00,True
USR074,01000000074,Demo User 074,DZ0000610,2026-08-08T02:34:11+06:00,Demo Seller 07,Groceries,2,Farmgate,23.766202,90.396864,19822,mobile_wallet,delivered,2026-08-09T23:59:59+06:00,True
USR075,01000000075,Demo User 075,DZ0000625,2026-03-09T20:53:13+06:00,Demo Seller 05,Beauty,2,Banani,23.789271,90.413331,14869,cash,delivered,2026-03-14T09:53:13+06:00,True
USR075,01000000075,Demo User 075,DZ0000622,2026-03-14T21:00:51+06:00,Demo Seller 06,Home & Living,1,Farmgate,23.75528,90.392937,919,card,delivered,2026-03-19T09:00:51+06:00,True
USR075,01000000075,Demo User 075,DZ0000621,2026-03-17T08:39:31+06:00,Demo Seller 03,Home & Living,1,Mohakhali,23.777187,90.392663,21065,card,cancelled,2026-03-17T11:39:31+06:00,True
USR075,01000000075,Demo User 075,DZ0000619,2026-04-05T07:31:34+06:00,Demo Seller 10,Groceries,2,Wari,23.720465,90.416046,18612,card,delivered,2026-04-12T16:31:34+06:00,True
USR075,01000000075,Demo User 075,DZ0000620,2026-05-06T00:22:26+06:00,Demo Seller 03,Home & Living,3,Uttara,23.881244,90.375563,2066,mobile_wallet,shipped,2026-05-14T01:22:26+06:00,True
USR075,01000000075,Demo User 075,DZ0000618,2026-05-30T09:08:25+06:00,Demo Seller 13,Beauty,3,Farmgate,23.75612,90.38516,9804,cash,delivered,2026-06-07T09:08:25+06:00,True
USR075,01000000075,Demo User 075,DZ0000623,2026-07-11T00:30:23+06:00,Demo Seller 13,Books,1,Shyamoli,23.773759,90.362063,17096,card,cancelled,2026-07-18T07:30:23+06:00,True
USR075,01000000075,Demo User 075,DZ0000617,2026-07-24T03:24:08+06:00,Demo Seller 15,Home & Living,1,Mohakhali,23.774557,90.393717,19569,mobile_wallet,delivered,2026-07-27T02:24:08+06:00,True
USR075,01000000075,Demo User 075,DZ0000624,2026-08-07T15:36:09+06:00,Demo Seller 13,Home & Living,1,Banani,23.795545,90.413401,11538,card,delivered,2026-08-09T23:59:59+06:00,True
USR076,01000000076,Demo User 076,DZ0000627,2026-03-03T11:45:33+06:00,Demo Seller 07,Groceries,3,Wari,23.723532,90.417795,20308,mobile_wallet,processing,2026-03-12T23:45:33+06:00,True
USR076,01000000076,Demo User 076,DZ0000630,2026-03-11T13:41:32+06:00,Demo Seller 06,Groceries,1,Shyamoli,23.772009,90.35915,1327,card,delivered,2026-03-17T00:41:32+06:00,True
USR076,01000000076,Demo User 076,DZ0000631,2026-04-02T21:56:11+06:00,Demo Seller 08,Accessories,2,Mohammadpur,23.766112,90.350845,635,card,delivered,2026-04-05T06:56:11+06:00,True
USR076,01000000076,Demo User 076,DZ0000626,2026-04-30T15:53:56+06:00,Demo Seller 05,Home & Living,3,Uttara,23.880148,90.37818,23500,card,delivered,2026-05-05T16:53:56+06:00,True
USR076,01000000076,Demo User 076,DZ0000628,2026-05-08T06:30:28+06:00,Demo Seller 07,Sports,2,Tejgaon,23.764151,90.389947,12409,card,delivered,2026-05-09T08:30:28+06:00,True
USR076,01000000076,Demo User 076,DZ0000629,2026-07-31T20:19:52+06:00,Demo Seller 12,Sports,4,Farmgate,23.755279,90.384906,13667,cash,delivered,2026-08-08T04:19:52+06:00,True
USR077,01000000077,Demo User 077,DZ0000637,2026-02-17T19:42:57+06:00,Demo Seller 14,Electronics,1,Wari,23.722207,90.425327,15930,cash,delivered,2026-02-27T07:42:57+06:00,True
USR077,01000000077,Demo User 077,DZ0000636,2026-02-27T20:47:47+06:00,Demo Seller 05,Fashion,3,Dhanmondi,23.750161,90.377116,16570,cash,delivered,2026-03-05T21:47:47+06:00,True
USR077,01000000077,Demo User 077,DZ0000638,2026-05-28T03:05:10+06:00,Demo Seller 14,Books,4,Farmgate,23.755686,90.385606,18468,mobile_wallet,delivered,2026-05-28T07:05:10+06:00,True
USR077,01000000077,Demo User 077,DZ0000634,2026-06-05T18:02:28+06:00,Demo Seller 12,Beauty,3,Bashundhara,23.80884,90.418047,15882,mobile_wallet,delivered,2026-06-08T03:02:28+06:00,True
USR077,01000000077,Demo User 077,DZ0000635,2026-07-16T13:21:23+06:00,Demo Seller 15,Home & Living,3,Bashundhara,23.817821,90.422395,9800,cash,delivered,2026-07-21T18:21:23+06:00,True
USR077,01000000077,Demo User 077,DZ0000632,2026-07-17T02:23:03+06:00,Demo Seller 13,Books,1,Farmgate,23.756114,90.383422,1950,cash,delivered,2026-07-22T09:23:03+06:00,True
USR077,01000000077,Demo User 077,DZ0000633,2026-07-17T15:13:34+06:00,Demo Seller 10,Groceries,4,Mohammadpur,23.762155,90.361502,7027,card,delivered,2026-07-18T04:13:34+06:00,True
USR078,01000000078,Demo User 078,DZ0000639,2026-03-04T20:58:37+06:00,Demo Seller 07,Sports,2,Badda,23.784793,90.431854,9591,card,delivered,2026-03-05T06:58:37+06:00,True
USR078,01000000078,Demo User 078,DZ0000642,2026-03-09T08:54:06+06:00,Demo Seller 12,Groceries,3,Gulshan,23.794689,90.414315,8211,cash,delivered,2026-03-15T23:54:06+06:00,True
USR078,01000000078,Demo User 078,DZ0000643,2026-06-23T04:33:52+06:00,Demo Seller 13,Beauty,1,Shyamoli,23.778528,90.370315,15280,card,delivered,2026-06-29T12:33:52+06:00,True
USR078,01000000078,Demo User 078,DZ0000641,2026-07-19T18:52:53+06:00,Demo Seller 14,Books,2,Farmgate,23.751592,90.396004,12742,cash,delivered,2026-07-21T20:52:53+06:00,True
USR078,01000000078,Demo User 078,DZ0000640,2026-07-28T01:13:16+06:00,Demo Seller 15,Electronics,1,Mohammadpur,23.770691,90.358456,1212,cash,delivered,2026-07-28T10:13:16+06:00,True
USR079,01000000079,Demo User 079,DZ0000647,2026-02-11T19:21:18+06:00,Demo Seller 08,Accessories,2,Tejgaon,23.757878,90.386767,800,mobile_wallet,shipped,2026-02-16T07:21:18+06:00,True
USR079,01000000079,Demo User 079,DZ0000644,2026-03-10T18:34:22+06:00,Demo Seller 11,Electronics,4,Uttara,23.880552,90.374579,5671,card,delivered,2026-03-11T05:34:22+06:00,True
USR079,01000000079,Demo User 079,DZ0000652,2026-03-13T02:14:02+06:00,Demo Seller 12,Books,1,Badda,23.779422,90.429354,11262,cash,delivered,2026-03-16T21:14:02+06:00,True
USR079,01000000079,Demo User 079,DZ0000650,2026-03-30T15:29:14+06:00,Demo Seller 03,Beauty,1,Dhanmondi,23.749444,90.382362,6179,cash,shipped,2026-03-30T23:29:14+06:00,True
USR079,01000000079,Demo User 079,DZ0000646,2026-04-14T01:56:45+06:00,Demo Seller 09,Groceries,1,Dhanmondi,23.746791,90.3722,813,mobile_wallet,delivered,2026-04-21T13:56:45+06:00,True
USR079,01000000079,Demo User 079,DZ0000651,2026-06-12T00:53:10+06:00,Demo Seller 08,Home & Living,1,Bashundhara,23.810556,90.430768,4334,mobile_wallet,delivered,2026-06-16T02:53:10+06:00,True
USR079,01000000079,Demo User 079,DZ0000649,2026-07-27T20:54:33+06:00,Demo Seller 04,Books,1,Mohakhali,23.78642,90.396117,13567,card,returned,2026-08-03T04:54:33+06:00,True
USR079,01000000079,Demo User 079,DZ0000648,2026-08-01T16:33:27+06:00,Demo Seller 11,Electronics,4,Dhanmondi,23.744085,90.376197,972,mobile_wallet,delivered,2026-08-03T19:33:27+06:00,True
USR079,01000000079,Demo User 079,DZ0000645,2026-08-08T16:49:26+06:00,Demo Seller 11,Groceries,1,Uttara,23.87158,90.376088,9075,cash,delivered,2026-08-09T23:59:59+06:00,True
USR080,01000000080,Demo User 080,DZ0000654,2026-03-15T18:46:14+06:00,Demo Seller 04,Home & Living,1,Mohakhali,23.784002,90.396665,24342,card,delivered,2026-03-18T14:46:14+06:00,True
USR080,01000000080,Demo User 080,DZ0000656,2026-04-13T03:20:30+06:00,Demo Seller 11,Fashion,4,Banani,23.787598,90.402688,9792,mobile_wallet,delivered,2026-04-18T16:20:30+06:00,True
USR080,01000000080,Demo User 080,DZ0000659,2026-06-03T00:06:01+06:00,Demo Seller 06,Beauty,1,Mohakhali,23.785683,90.40318,21421,card,delivered,2026-06-04T17:06:01+06:00,True
USR080,01000000080,Demo User 080,DZ0000658,2026-06-12T15:56:25+06:00,Demo Seller 07,Groceries,1,Farmgate,23.762902,90.397555,8129,mobile_wallet,delivered,2026-06-21T20:56:25+06:00,True
USR080,01000000080,Demo User 080,DZ0000653,2026-06-30T07:37:52+06:00,Demo Seller 06,Home & Living,3,Motijheel,23.737362,90.410569,21333,card,delivered,2026-07-02T08:37:52+06:00,True
USR080,01000000080,Demo User 080,DZ0000655,2026-07-09T00:59:43+06:00,Demo Seller 10,Sports,1,Badda,23.782443,90.42321,13912,mobile_wallet,delivered,2026-07-14T11:59:43+06:00,True
USR080,01000000080,Demo User 080,DZ0000657,2026-08-01T02:03:44+06:00,Demo Seller 01,Groceries,4,Wari,23.71462,90.423416,22344,mobile_wallet,delivered,2026-08-08T04:03:44+06:00,True
USR081,01000000081,Demo User 081,DZ0000670,2026-03-13T10:13:36+06:00,Demo Seller 05,Beauty,1,Old Dhaka,23.713712,90.399474,21678,card,shipped,2026-03-22T04:13:36+06:00,True
USR081,01000000081,Demo User 081,DZ0000669,2026-04-18T04:24:13+06:00,Demo Seller 07,Groceries,3,Tejgaon,23.758115,90.397681,3219,card,delivered,2026-04-20T02:24:13+06:00,True
USR081,01000000081,Demo User 081,DZ0000660,2026-05-07T04:07:13+06:00,Demo Seller 01,Books,2,Badda,23.779504,90.425393,9261,cash,processing,2026-05-12T13:07:13+06:00,True
USR081,01000000081,Demo User 081,DZ0000664,2026-05-07T07:53:16+06:00,Demo Seller 02,Electronics,4,Mirpur,23.816391,90.361622,21885,cash,delivered,2026-05-09T07:53:16+06:00,True
USR081,01000000081,Demo User 081,DZ0000665,2026-05-12T14:13:39+06:00,Demo Seller 02,Fashion,1,Pallabi,23.831042,90.356322,11970,card,returned,2026-05-20T01:13:39+06:00,True
USR081,01000000081,Demo User 081,DZ0000666,2026-06-22T22:40:03+06:00,Demo Seller 15,Beauty,3,Banani,23.790698,90.399719,7386,cash,delivered,2026-06-30T14:40:03+06:00,True
USR081,01000000081,Demo User 081,DZ0000663,2026-06-28T21:09:57+06:00,Demo Seller 05,Accessories,4,Dhanmondi,23.752899,90.374731,15843,card,delivered,2026-07-04T21:09:57+06:00,True
USR081,01000000081,Demo User 081,DZ0000662,2026-07-08T08:18:18+06:00,Demo Seller 06,Accessories,3,Pallabi,23.820266,90.364229,20854,cash,delivered,2026-07-15T22:18:18+06:00,True
USR081,01000000081,Demo User 081,DZ0000668,2026-07-14T12:34:44+06:00,Demo Seller 02,Sports,1,Uttara,23.870483,90.386593,1109,card,delivered,2026-07-16T21:34:44+06:00,True
USR081,01000000081,Demo User 081,DZ0000667,2026-07-16T01:43:22+06:00,Demo Seller 09,Groceries,2,Badda,23.782653,90.423315,24022,mobile_wallet,cancelled,2026-07-16T22:43:22+06:00,True
USR081,01000000081,Demo User 081,DZ0000661,2026-08-01T05:21:31+06:00,Demo Seller 08,Accessories,2,Mohakhali,23.78334,90.395791,10606,card,delivered,2026-08-06T17:21:31+06:00,True
USR082,01000000082,Demo User 082,DZ0000671,2026-03-10T14:47:32+06:00,Demo Seller 13,Home & Living,3,Uttara,23.88291,90.377013,8991,cash,returned,2026-03-17T21:47:32+06:00,True
USR082,01000000082,Demo User 082,DZ0000674,2026-03-13T19:05:31+06:00,Demo Seller 06,Sports,4,Gulshan,23.797892,90.413955,2229,card,delivered,2026-03-18T06:05:31+06:00,True
USR082,01000000082,Demo User 082,DZ0000677,2026-04-01T10:47:57+06:00,Demo Seller 02,Fashion,4,Banani,23.790742,90.399855,438,mobile_wallet,delivered,2026-04-02T14:47:57+06:00,True
USR082,01000000082,Demo User 082,DZ0000679,2026-04-08T11:18:46+06:00,Demo Seller 03,Accessories,4,Rampura,23.766627,90.423953,11770,card,delivered,2026-04-14T22:18:46+06:00,True
USR082,01000000082,Demo User 082,DZ0000672,2026-04-19T00:09:34+06:00,Demo Seller 08,Sports,2,Tejgaon,23.771373,90.396932,9559,cash,shipped,2026-04-25T10:09:34+06:00,True
USR082,01000000082,Demo User 082,DZ0000676,2026-05-20T17:06:39+06:00,Demo Seller 13,Fashion,1,Mirpur,23.818579,90.359586,14062,card,delivered,2026-05-24T03:06:39+06:00,True
USR082,01000000082,Demo User 082,DZ0000673,2026-06-17T19:40:31+06:00,Demo Seller 10,Groceries,3,Bashundhara,23.817866,90.423566,19589,card,returned,2026-06-25T00:40:31+06:00,True
USR082,01000000082,Demo User 082,DZ0000675,2026-07-07T21:19:32+06:00,Demo Seller 08,Beauty,2,Badda,23.785192,90.434609,11628,mobile_wallet,cancelled,2026-07-12T23:19:32+06:00,True
USR082,01000000082,Demo User 082,DZ0000678,2026-07-27T02:05:28+06:00,Demo Seller 15,Beauty,2,Old Dhaka,23.707539,90.408286,19277,card,delivered,2026-08-02T06:05:28+06:00,True
USR083,01000000083,Demo User 083,DZ0000688,2026-02-20T14:55:32+06:00,Demo Seller 13,Groceries,3,Rampura,23.764084,90.416294,6121,mobile_wallet,delivered,2026-02-26T16:55:32+06:00,True
USR083,01000000083,Demo User 083,DZ0000686,2026-04-11T20:24:31+06:00,Demo Seller 06,Groceries,2,Pallabi,23.823727,90.359773,2493,cash,delivered,2026-04-13T12:24:31+06:00,True
USR083,01000000083,Demo User 083,DZ0000687,2026-04-21T04:22:29+06:00,Demo Seller 10,Fashion,1,Farmgate,23.751779,90.395887,6129,mobile_wallet,delivered,2026-04-24T21:22:29+06:00,True
USR083,01000000083,Demo User 083,DZ0000680,2026-05-06T00:02:11+06:00,Demo Seller 08,Home & Living,2,Mohakhali,23.777492,90.394187,5432,cash,delivered,2026-05-13T08:02:11+06:00,True
USR083,01000000083,Demo User 083,DZ0000685,2026-05-09T18:02:51+06:00,Demo Seller 07,Beauty,3,Mohakhali,23.781215,90.396085,18811,card,shipped,2026-05-18T18:02:51+06:00,True
USR083,01000000083,Demo User 083,DZ0000683,2026-05-13T09:59:34+06:00,Demo Seller 13,Groceries,4,Mohammadpur,23.761243,90.35259,5569,mobile_wallet,delivered,2026-05-22T16:59:34+06:00,True
USR083,01000000083,Demo User 083,DZ0000684,2026-05-24T20:09:35+06:00,Demo Seller 10,Electronics,4,Mohakhali,23.779772,90.393278,16581,card,delivered,2026-05-26T18:09:35+06:00,True
USR083,01000000083,Demo User 083,DZ0000682,2026-07-08T21:58:43+06:00,Demo Seller 02,Books,2,Khilgaon,23.742802,90.423168,18096,mobile_wallet,cancelled,2026-07-10T18:58:43+06:00,True
USR083,01000000083,Demo User 083,DZ0000691,2026-07-16T19:48:23+06:00,Demo Seller 05,Electronics,4,Dhanmondi,23.75309,90.380501,6582,mobile_wallet,delivered,2026-07-20T11:48:23+06:00,True
USR083,01000000083,Demo User 083,DZ0000681,2026-07-28T22:00:04+06:00,Demo Seller 05,Accessories,3,Old Dhaka,23.704298,90.414592,24698,card,delivered,2026-08-02T14:00:04+06:00,True
USR083,01000000083,Demo User 083,DZ0000689,2026-07-29T22:36:51+06:00,Demo Seller 04,Home & Living,4,Wari,23.714609,90.413523,1211,mobile_wallet,delivered,2026-08-06T12:36:51+06:00,True
USR083,01000000083,Demo User 083,DZ0000690,2026-08-03T09:54:21+06:00,Demo Seller 12,Beauty,1,Mohakhali,23.773802,90.398134,4908,mobile_wallet,processing,2026-08-09T23:59:59+06:00,True
USR084,01000000084,Demo User 084,DZ0000699,2026-02-18T21:49:56+06:00,Demo Seller 05,Electronics,2,Gulshan,23.796076,90.407718,18782,card,delivered,2026-02-22T09:49:56+06:00,True
USR084,01000000084,Demo User 084,DZ0000693,2026-03-28T21:14:07+06:00,Demo Seller 15,Fashion,1,Old Dhaka,23.714589,90.403627,14734,card,delivered,2026-04-06T22:14:07+06:00,True
USR084,01000000084,Demo User 084,DZ0000692,2026-03-31T05:56:04+06:00,Demo Seller 02,Books,2,Tejgaon,23.768637,90.399903,6828,cash,processing,2026-04-03T14:56:04+06:00,True
USR084,01000000084,Demo User 084,DZ0000696,2026-04-29T17:46:31+06:00,Demo Seller 10,Accessories,2,Mirpur,23.818191,90.366801,24076,mobile_wallet,delivered,2026-05-02T21:46:31+06:00,True
USR084,01000000084,Demo User 084,DZ0000694,2026-05-21T04:32:29+06:00,Demo Seller 13,Groceries,1,Pallabi,23.821213,90.364561,22854,mobile_wallet,delivered,2026-05-25T10:32:29+06:00,True
USR084,01000000084,Demo User 084,DZ0000695,2026-05-23T00:26:37+06:00,Demo Seller 13,Groceries,3,Mohammadpur,23.760828,90.353032,12896,card,delivered,2026-05-28T11:26:37+06:00,True
USR084,01000000084,Demo User 084,DZ0000698,2026-06-22T12:34:49+06:00,Demo Seller 14,Books,3,Mirpur,23.822056,90.365663,10925,cash,delivered,2026-06-23T05:34:49+06:00,True
USR084,01000000084,Demo User 084,DZ0000700,2026-07-15T18:55:40+06:00,Demo Seller 07,Beauty,1,Tejgaon,23.762103,90.397092,16384,card,delivered,2026-07-24T19:55:40+06:00,True
USR084,01000000084,Demo User 084,DZ0000697,2026-07-20T15:17:44+06:00,Demo Seller 03,Accessories,4,Tejgaon,23.763858,90.387923,23263,cash,delivered,2026-07-27T13:17:44+06:00,True
USR085,01000000085,Demo User 085,DZ0000706,2026-04-04T14:06:39+06:00,Demo Seller 10,Beauty,2,Farmgate,23.765622,90.384669,9591,card,delivered,2026-04-09T00:06:39+06:00,True
USR085,01000000085,Demo User 085,DZ0000702,2026-04-27T02:28:56+06:00,Demo Seller 13,Electronics,4,Banani,23.795817,90.409336,20461,mobile_wallet,delivered,2026-04-29T18:28:56+06:00,True
USR085,01000000085,Demo User 085,DZ0000701,2026-04-30T12:38:05+06:00,Demo Seller 04,Electronics,4,Gulshan,23.792985,90.402406,6845,card,delivered,2026-05-02T19:38:05+06:00,True
USR085,01000000085,Demo User 085,DZ0000704,2026-05-14T00:52:19+06:00,Demo Seller 10,Accessories,4,Dhanmondi,23.753684,90.381663,13477,card,delivered,2026-05-21T19:52:19+06:00,True
USR085,01000000085,Demo User 085,DZ0000705,2026-07-02T03:11:34+06:00,Demo Seller 12,Fashion,3,Gulshan,23.785278,90.410999,6069,mobile_wallet,delivered,2026-07-04T13:11:34+06:00,True
USR085,01000000085,Demo User 085,DZ0000703,2026-08-01T20:11:11+06:00,Demo Seller 04,Fashion,2,Banani,23.796516,90.40178,16661,mobile_wallet,delivered,2026-08-06T23:11:11+06:00,True
USR086,01000000086,Demo User 086,DZ0000707,2026-03-04T04:23:24+06:00,Demo Seller 03,Beauty,4,Pallabi,23.821908,90.359316,2631,cash,delivered,2026-03-06T04:23:24+06:00,True
USR086,01000000086,Demo User 086,DZ0000713,2026-03-14T01:00:17+06:00,Demo Seller 12,Home & Living,2,Wari,23.717989,90.42405,5712,cash,delivered,2026-03-23T11:00:17+06:00,True
USR086,01000000086,Demo User 086,DZ0000711,2026-05-01T09:35:12+06:00,Demo Seller 12,Beauty,2,Wari,23.71673,90.420269,17313,card,cancelled,2026-05-09T02:35:12+06:00,True
USR086,01000000086,Demo User 086,DZ0000708,2026-05-28T21:55:46+06:00,Demo Seller 07,Sports,2,Gulshan,23.793219,90.411027,13887,cash,delivered,2026-06-07T13:55:46+06:00,True
USR086,01000000086,Demo User 086,DZ0000710,2026-07-03T20:37:09+06:00,Demo Seller 07,Electronics,4,Uttara,23.872617,90.381842,8487,mobile_wallet,delivered,2026-07-04T14:37:09+06:00,True
USR086,01000000086,Demo User 086,DZ0000709,2026-07-11T15:15:06+06:00,Demo Seller 03,Books,3,Shyamoli,23.769976,90.37335,2615,cash,delivered,2026-07-13T21:15:06+06:00,True
USR086,01000000086,Demo User 086,DZ0000712,2026-07-12T00:26:19+06:00,Demo Seller 02,Books,3,Tejgaon,23.76071,90.40128,19837,cash,delivered,2026-07-16T16:26:19+06:00,True
USR087,01000000087,Demo User 087,DZ0000721,2026-03-05T13:21:13+06:00,Demo Seller 06,Sports,2,Wari,23.723346,90.410457,18586,card,delivered,2026-03-15T01:21:13+06:00,True
USR087,01000000087,Demo User 087,DZ0000716,2026-03-08T02:05:30+06:00,Demo Seller 15,Sports,4,Uttara,23.88287,90.372521,18128,cash,delivered,2026-03-13T23:05:30+06:00,True
USR087,01000000087,Demo User 087,DZ0000717,2026-04-27T22:33:15+06:00,Demo Seller 04,Groceries,2,Uttara,23.869389,90.38267,6090,card,delivered,2026-05-07T18:33:15+06:00,True
USR087,01000000087,Demo User 087,DZ0000723,2026-05-24T12:26:44+06:00,Demo Seller 11,Electronics,3,Gulshan,23.790821,90.414145,10721,card,delivered,2026-05-25T09:26:44+06:00,True
USR087,01000000087,Demo User 087,DZ0000722,2026-06-01T19:44:51+06:00,Demo Seller 06,Accessories,3,Badda,23.78415,90.431646,13012,card,shipped,2026-06-11T18:44:51+06:00,True
USR087,01000000087,Demo User 087,DZ0000714,2026-06-12T19:37:03+06:00,Demo Seller 09,Electronics,3,Mirpur,23.814461,90.366294,22932,card,processing,2026-06-22T03:37:03+06:00,True
USR087,01000000087,Demo User 087,DZ0000719,2026-06-30T06:16:23+06:00,Demo Seller 02,Beauty,1,Banani,23.800498,90.402176,12707,mobile_wallet,delivered,2026-06-30T09:16:23+06:00,True
USR087,01000000087,Demo User 087,DZ0000715,2026-07-09T14:42:19+06:00,Demo Seller 03,Accessories,2,Mirpur,23.83025,90.368458,23197,mobile_wallet,delivered,2026-07-10T08:42:19+06:00,True
USR087,01000000087,Demo User 087,DZ0000720,2026-07-11T03:51:58+06:00,Demo Seller 08,Sports,3,Old Dhaka,23.706422,90.414803,19673,cash,delivered,2026-07-13T13:51:58+06:00,True
USR087,01000000087,Demo User 087,DZ0000718,2026-07-20T11:57:12+06:00,Demo Seller 06,Sports,3,Dhanmondi,23.750064,90.369431,1335,mobile_wallet,delivered,2026-07-23T12:57:12+06:00,True
USR088,01000000088,Demo User 088,DZ0000730,2026-02-23T00:35:36+06:00,Demo Seller 05,Electronics,1,Tejgaon,23.761847,90.389877,13991,cash,processing,2026-02-28T12:35:36+06:00,True
USR088,01000000088,Demo User 088,DZ0000732,2026-03-05T22:44:47+06:00,Demo Seller 11,Fashion,2,Mirpur,23.830277,90.360647,9605,card,delivered,2026-03-15T02:44:47+06:00,True
USR088,01000000088,Demo User 088,DZ0000726,2026-03-31T16:57:45+06:00,Demo Seller 10,Electronics,1,Gulshan,23.796235,90.414226,10188,card,delivered,2026-04-06T12:57:45+06:00,True
USR088,01000000088,Demo User 088,DZ0000733,2026-04-01T15:47:15+06:00,Demo Seller 03,Sports,2,Tejgaon,23.757342,90.397888,10731,cash,delivered,2026-04-09T09:47:15+06:00,True
USR088,01000000088,Demo User 088,DZ0000735,2026-05-16T04:40:00+06:00,Demo Seller 13,Books,4,Mohammadpur,23.757966,90.356538,1437,cash,cancelled,2026-05-18T08:40:00+06:00,True
USR088,01000000088,Demo User 088,DZ0000734,2026-06-03T11:38:19+06:00,Demo Seller 13,Fashion,1,Pallabi,23.822007,90.369859,14755,card,delivered,2026-06-10T19:38:19+06:00,True
USR088,01000000088,Demo User 088,DZ0000728,2026-06-07T21:35:44+06:00,Demo Seller 11,Electronics,4,Badda,23.772888,90.431285,14857,cash,delivered,2026-06-17T00:35:44+06:00,True
USR088,01000000088,Demo User 088,DZ0000724,2026-07-06T06:41:08+06:00,Demo Seller 08,Sports,2,Khilgaon,23.743006,90.429606,21981,card,shipped,2026-07-12T08:41:08+06:00,True
USR088,01000000088,Demo User 088,DZ0000731,2026-07-16T17:27:40+06:00,Demo Seller 08,Groceries,1,Mohammadpur,23.768831,90.359708,7555,cash,processing,2026-07-24T19:27:40+06:00,True
USR088,01000000088,Demo User 088,DZ0000725,2026-07-19T12:29:37+06:00,Demo Seller 06,Groceries,4,Bashundhara,23.813933,90.428935,6740,mobile_wallet,shipped,2026-07-26T18:29:37+06:00,True
USR088,01000000088,Demo User 088,DZ0000727,2026-07-28T00:48:27+06:00,Demo Seller 15,Accessories,2,Gulshan,23.792495,90.415795,21046,cash,delivered,2026-07-30T05:48:27+06:00,True
USR088,01000000088,Demo User 088,DZ0000729,2026-08-08T02:11:43+06:00,Demo Seller 02,Groceries,3,Pallabi,23.830351,90.358664,3837,mobile_wallet,cancelled,2026-08-09T23:59:59+06:00,True
USR089,01000000089,Demo User 089,DZ0000746,2026-02-10T20:15:27+06:00,Demo Seller 04,Sports,1,Tejgaon,23.762172,90.397516,3210,card,delivered,2026-02-17T22:15:27+06:00,True
USR089,01000000089,Demo User 089,DZ0000736,2026-02-24T01:22:20+06:00,Demo Seller 10,Electronics,2,Old Dhaka,23.713548,90.402457,20075,card,delivered,2026-02-24T22:22:20+06:00,True
USR089,01000000089,Demo User 089,DZ0000742,2026-03-18T09:24:53+06:00,Demo Seller 03,Fashion,2,Mirpur,23.819143,90.36245,16318,card,delivered,2026-03-18T13:24:53+06:00,True
USR089,01000000089,Demo User 089,DZ0000744,2026-03-21T02:44:37+06:00,Demo Seller 10,Electronics,3,Khilgaon,23.754958,90.42798,636,card,delivered,2026-03-26T06:44:37+06:00,True
USR089,01000000089,Demo User 089,DZ0000739,2026-04-02T22:19:59+06:00,Demo Seller 13,Sports,1,Pallabi,23.821876,90.360219,16911,card,delivered,2026-04-11T00:19:59+06:00,True
USR089,01000000089,Demo User 089,DZ0000747,2026-04-12T06:36:23+06:00,Demo Seller 15,Electronics,1,Rampura,23.760852,90.42801,4743,mobile_wallet,delivered,2026-04-16T02:36:23+06:00,True
USR089,01000000089,Demo User 089,DZ0000745,2026-05-02T13:16:18+06:00,Demo Seller 05,Beauty,3,Shyamoli,23.76878,90.370097,6280,card,delivered,2026-05-11T22:16:18+06:00,True
USR089,01000000089,Demo User 089,DZ0000740,2026-05-08T19:30:32+06:00,Demo Seller 12,Home & Living,2,Old Dhaka,23.70867,90.403067,23657,card,delivered,2026-05-17T04:30:32+06:00,True
USR089,01000000089,Demo User 089,DZ0000741,2026-05-15T02:23:04+06:00,Demo Seller 03,Beauty,2,Old Dhaka,23.714701,90.401462,5806,cash,delivered,2026-05-15T16:23:04+06:00,True
USR089,01000000089,Demo User 089,DZ0000743,2026-05-25T20:48:39+06:00,Demo Seller 05,Electronics,2,Pallabi,23.826262,90.363597,10526,mobile_wallet,delivered,2026-06-02T04:48:39+06:00,True
USR089,01000000089,Demo User 089,DZ0000738,2026-06-26T12:17:54+06:00,Demo Seller 05,Groceries,2,Mirpur,23.816503,90.357609,11542,card,returned,2026-07-04T21:17:54+06:00,True
USR089,01000000089,Demo User 089,DZ0000737,2026-07-22T23:40:17+06:00,Demo Seller 14,Accessories,4,Banani,23.801255,90.411073,21444,mobile_wallet,shipped,2026-07-23T11:40:17+06:00,True
USR090,01000000090,Demo User 090,DZ0000755,2026-03-05T04:02:38+06:00,Demo Seller 06,Beauty,4,Bashundhara,23.809041,90.428483,7431,cash,delivered,2026-03-06T15:02:38+06:00,True
USR090,01000000090,Demo User 090,DZ0000753,2026-03-14T16:05:10+06:00,Demo Seller 13,Home & Living,2,Uttara,23.872619,90.375009,21600,cash,cancelled,2026-03-14T22:05:10+06:00,True
USR090,01000000090,Demo User 090,DZ0000751,2026-03-16T03:17:49+06:00,Demo Seller 03,Electronics,1,Gulshan,23.786449,90.412264,10169,card,shipped,2026-03-19T22:17:49+06:00,True
USR090,01000000090,Demo User 090,DZ0000748,2026-03-20T17:04:14+06:00,Demo Seller 15,Accessories,3,Uttara,23.874465,90.380793,14605,card,delivered,2026-03-22T10:04:14+06:00,True
USR090,01000000090,Demo User 090,DZ0000752,2026-05-02T12:52:22+06:00,Demo Seller 07,Fashion,1,Khilgaon,23.747045,90.419428,10920,card,delivered,2026-05-08T23:52:22+06:00,True
USR090,01000000090,Demo User 090,DZ0000754,2026-06-03T01:42:20+06:00,Demo Seller 05,Books,2,Rampura,23.763246,90.427412,7675,cash,delivered,2026-06-06T11:42:20+06:00,True
USR090,01000000090,Demo User 090,DZ0000750,2026-06-16T11:31:54+06:00,Demo Seller 10,Home & Living,3,Khilgaon,23.742797,90.426585,11932,mobile_wallet,delivered,2026-06-24T21:31:54+06:00,True
USR090,01000000090,Demo User 090,DZ0000749,2026-07-15T13:19:11+06:00,Demo Seller 11,Groceries,1,Pallabi,23.831469,90.359525,11645,cash,delivered,2026-07-16T15:19:11+06:00,True
USR091,01000000091,Demo User 091,DZ0000758,2026-02-11T21:04:12+06:00,Demo Seller 05,Books,4,Mirpur,23.822229,90.362459,14642,mobile_wallet,shipped,2026-02-19T21:04:12+06:00,True
USR091,01000000091,Demo User 091,DZ0000760,2026-03-15T21:54:55+06:00,Demo Seller 01,Books,1,Shyamoli,23.776154,90.361632,2851,mobile_wallet,delivered,2026-03-23T05:54:55+06:00,True
USR091,01000000091,Demo User 091,DZ0000759,2026-06-08T11:36:31+06:00,Demo Seller 12,Sports,2,Khilgaon,23.745013,90.417282,13104,mobile_wallet,delivered,2026-06-14T03:36:31+06:00,True
USR091,01000000091,Demo User 091,DZ0000757,2026-07-22T21:59:13+06:00,Demo Seller 08,Electronics,3,Khilgaon,23.754597,90.425451,16835,cash,processing,2026-07-27T19:59:13+06:00,True
USR091,01000000091,Demo User 091,DZ0000756,2026-07-27T04:30:45+06:00,Demo Seller 13,Accessories,2,Farmgate,23.758789,90.390288,10048,card,delivered,2026-07-30T18:30:45+06:00,True
USR092,01000000092,Demo User 092,DZ0000763,2026-03-08T16:57:23+06:00,Demo Seller 02,Electronics,2,Dhanmondi,23.749701,90.383357,18197,cash,delivered,2026-03-12T00:57:23+06:00,True
USR092,01000000092,Demo User 092,DZ0000761,2026-03-19T18:38:00+06:00,Demo Seller 08,Sports,2,Shyamoli,23.781005,90.359977,1149,mobile_wallet,delivered,2026-03-22T03:38:00+06:00,True
USR092,01000000092,Demo User 092,DZ0000764,2026-03-27T16:21:46+06:00,Demo Seller 11,Beauty,4,Tejgaon,23.76872,90.392888,274,mobile_wallet,cancelled,2026-04-01T03:21:46+06:00,True
USR092,01000000092,Demo User 092,DZ0000762,2026-03-28T10:59:59+06:00,Demo Seller 06,Fashion,2,Pallabi,23.832808,90.369817,17514,cash,returned,2026-03-30T13:59:59+06:00,True
USR092,01000000092,Demo User 092,DZ0000767,2026-05-08T01:48:54+06:00,Demo Seller 12,Groceries,1,Rampura,23.756148,90.426004,6526,mobile_wallet,delivered,2026-05-12T04:48:54+06:00,True
USR092,01000000092,Demo User 092,DZ0000769,2026-06-04T14:32:56+06:00,Demo Seller 07,Home & Living,4,Uttara,23.868244,90.383533,18667,cash,delivered,2026-06-09T07:32:56+06:00,True
USR092,01000000092,Demo User 092,DZ0000768,2026-06-18T19:43:47+06:00,Demo Seller 15,Sports,4,Mirpur,23.814603,90.368942,23790,card,delivered,2026-06-23T00:43:47+06:00,True
USR092,01000000092,Demo User 092,DZ0000765,2026-07-24T23:16:58+06:00,Demo Seller 06,Books,3,Motijheel,23.735482,90.410522,17615,mobile_wallet,delivered,2026-07-31T06:16:58+06:00,True
USR092,01000000092,Demo User 092,DZ0000766,2026-08-07T00:53:33+06:00,Demo Seller 10,Groceries,4,Mirpur,23.823129,90.371543,1876,card,delivered,2026-08-09T23:59:59+06:00,True
USR093,01000000093,Demo User 093,DZ0000771,2026-03-02T01:42:24+06:00,Demo Seller 02,Books,3,Motijheel,23.727702,90.411313,1491,cash,delivered,2026-03-06T10:42:24+06:00,True
USR093,01000000093,Demo User 093,DZ0000773,2026-05-09T09:34:44+06:00,Demo Seller 03,Fashion,4,Khilgaon,23.744373,90.430307,3422,cash,delivered,2026-05-09T13:34:44+06:00,True
USR093,01000000093,Demo User 093,DZ0000772,2026-06-09T15:25:15+06:00,Demo Seller 12,Fashion,4,Tejgaon,23.768151,90.387822,3262,card,delivered,2026-06-14T20:25:15+06:00,True
USR093,01000000093,Demo User 093,DZ0000770,2026-06-28T08:01:34+06:00,Demo Seller 12,Beauty,4,Mirpur,23.827392,90.369947,8893,card,delivered,2026-06-30T20:01:34+06:00,True
USR093,01000000093,Demo User 093,DZ0000774,2026-07-16T02:34:54+06:00,Demo Seller 01,Fashion,1,Mirpur,23.814441,90.370408,9953,card,shipped,2026-07-24T11:34:54+06:00,True
USR094,01000000094,Demo User 094,DZ0000776,2026-03-02T19:03:48+06:00,Demo Seller 03,Sports,4,Badda,23.780078,90.41997,16739,card,delivered,2026-03-06T21:03:48+06:00,True
USR094,01000000094,Demo User 094,DZ0000775,2026-03-26T19:59:06+06:00,Demo Seller 08,Accessories,4,Shyamoli,23.782375,90.370185,8841,mobile_wallet,returned,2026-03-29T03:59:06+06:00,True
USR094,01000000094,Demo User 094,DZ0000778,2026-05-16T21:15:12+06:00,Demo Seller 12,Fashion,4,Mohakhali,23.786963,90.396053,4727,card,delivered,2026-05-22T02:15:12+06:00,True
USR094,01000000094,Demo User 094,DZ0000779,2026-06-17T08:02:34+06:00,Demo Seller 06,Beauty,4,Mirpur,23.822973,90.371872,11270,mobile_wallet,delivered,2026-06-18T14:02:34+06:00,True
USR094,01000000094,Demo User 094,DZ0000777,2026-07-02T07:19:42+06:00,Demo Seller 01,Fashion,1,Pallabi,23.831722,90.356385,9747,card,delivered,2026-07-03T16:19:42+06:00,True
USR095,01000000095,Demo User 095,DZ0000785,2026-02-26T04:06:42+06:00,Demo Seller 05,Beauty,2,Banani,23.800836,90.407363,17331,mobile_wallet,delivered,2026-03-01T17:06:42+06:00,True
USR095,01000000095,Demo User 095,DZ0000783,2026-04-26T00:55:51+06:00,Demo Seller 11,Fashion,2,Khilgaon,23.757914,90.417093,11197,mobile_wallet,shipped,2026-04-26T19:55:51+06:00,True
USR095,01000000095,Demo User 095,DZ0000786,2026-05-04T14:34:54+06:00,Demo Seller 07,Sports,4,Tejgaon,23.758536,90.387952,22700,cash,cancelled,2026-05-11T04:34:54+06:00,True
USR095,01000000095,Demo User 095,DZ0000780,2026-05-11T16:29:36+06:00,Demo Seller 07,Home & Living,2,Gulshan,23.786207,90.400824,7932,mobile_wallet,delivered,2026-05-18T19:29:36+06:00,True
USR095,01000000095,Demo User 095,DZ0000784,2026-05-21T09:00:27+06:00,Demo Seller 12,Fashion,1,Wari,23.717473,90.412134,5733,cash,delivered,2026-05-28T02:00:27+06:00,True
USR095,01000000095,Demo User 095,DZ0000781,2026-06-30T18:05:26+06:00,Demo Seller 07,Home & Living,3,Gulshan,23.794612,90.401315,6661,mobile_wallet,delivered,2026-07-02T14:05:26+06:00,True
USR095,01000000095,Demo User 095,DZ0000782,2026-07-19T19:37:55+06:00,Demo Seller 12,Accessories,2,Badda,23.779563,90.424637,304,card,delivered,2026-07-29T06:37:55+06:00,True
USR096,01000000096,Demo User 096,DZ0000793,2026-04-24T07:01:48+06:00,Demo Seller 01,Beauty,3,Old Dhaka,23.703064,90.410829,2576,cash,returned,2026-04-27T10:01:48+06:00,True
USR096,01000000096,Demo User 096,DZ0000789,2026-04-24T17:09:34+06:00,Demo Seller 07,Fashion,3,Motijheel,23.732894,90.412901,6828,card,delivered,2026-05-01T10:09:34+06:00,True
USR096,01000000096,Demo User 096,DZ0000794,2026-04-27T06:20:14+06:00,Demo Seller 09,Books,2,Mohakhali,23.776203,90.39764,7278,cash,delivered,2026-05-04T04:20:14+06:00,True
USR096,01000000096,Demo User 096,DZ0000790,2026-05-18T16:10:58+06:00,Demo Seller 05,Fashion,2,Gulshan,23.788954,90.409802,713,card,delivered,2026-05-27T20:10:58+06:00,True
USR096,01000000096,Demo User 096,DZ0000797,2026-05-20T15:49:00+06:00,Demo Seller 04,Books,3,Uttara,23.876008,90.379357,9861,cash,delivered,2026-05-21T20:49:00+06:00,True
USR096,01000000096,Demo User 096,DZ0000791,2026-06-29T20:03:40+06:00,Demo Seller 14,Sports,4,Motijheel,23.729079,90.415668,19004,card,delivered,2026-07-03T03:03:40+06:00,True
USR096,01000000096,Demo User 096,DZ0000795,2026-07-05T12:35:43+06:00,Demo Seller 10,Electronics,2,Rampura,23.758646,90.42266,13707,card,delivered,2026-07-13T14:35:43+06:00,True
USR096,01000000096,Demo User 096,DZ0000796,2026-07-06T02:41:21+06:00,Demo Seller 02,Groceries,2,Uttara,23.875219,90.374851,24548,mobile_wallet,delivered,2026-07-09T01:41:21+06:00,True
USR096,01000000096,Demo User 096,DZ0000792,2026-07-07T17:11:28+06:00,Demo Seller 15,Books,3,Uttara,23.869012,90.385049,17683,card,delivered,2026-07-11T10:11:28+06:00,True
USR096,01000000096,Demo User 096,DZ0000788,2026-07-20T02:36:00+06:00,Demo Seller 01,Electronics,2,Rampura,23.761551,90.425246,6426,cash,delivered,2026-07-23T16:36:00+06:00,True
USR096,01000000096,Demo User 096,DZ0000787,2026-08-05T15:14:36+06:00,Demo Seller 09,Fashion,1,Pallabi,23.829777,90.362373,11289,card,returned,2026-08-09T23:59:59+06:00,True
USR097,01000000097,Demo User 097,DZ0000802,2026-02-16T08:28:17+06:00,Demo Seller 08,Groceries,2,Mirpur,23.82592,90.372507,14685,cash,delivered,2026-02-20T02:28:17+06:00,True
USR097,01000000097,Demo User 097,DZ0000804,2026-02-20T09:12:57+06:00,Demo Seller 13,Electronics,3,Mohakhali,23.776033,90.403458,1227,mobile_wallet,delivered,2026-02-21T21:12:57+06:00,True
USR097,01000000097,Demo User 097,DZ0000807,2026-03-03T01:11:45+06:00,Demo Seller 02,Beauty,1,Badda,23.783299,90.42798,10018,cash,delivered,2026-03-09T17:11:45+06:00,True
USR097,01000000097,Demo User 097,DZ0000805,2026-03-04T16:11:20+06:00,Demo Seller 14,Groceries,2,Dhanmondi,23.742202,90.375407,18527,card,delivered,2026-03-07T23:11:20+06:00,True
USR097,01000000097,Demo User 097,DZ0000798,2026-03-17T13:34:39+06:00,Demo Seller 15,Fashion,1,Mohammadpur,23.766059,90.35768,13324,card,cancelled,2026-03-20T03:34:39+06:00,True
USR097,01000000097,Demo User 097,DZ0000803,2026-04-02T18:09:06+06:00,Demo Seller 03,Sports,2,Banani,23.796036,90.398715,13388,cash,delivered,2026-04-03T08:09:06+06:00,True
USR097,01000000097,Demo User 097,DZ0000801,2026-05-21T05:09:31+06:00,Demo Seller 07,Groceries,1,Mirpur,23.821556,90.366776,12889,cash,delivered,2026-05-26T07:09:31+06:00,True
USR097,01000000097,Demo User 097,DZ0000799,2026-06-04T10:16:14+06:00,Demo Seller 14,Home & Living,3,Tejgaon,23.767601,90.399404,3661,card,returned,2026-06-07T18:16:14+06:00,True
USR097,01000000097,Demo User 097,DZ0000800,2026-07-14T23:57:25+06:00,Demo Seller 03,Beauty,4,Uttara,23.877847,90.383928,2825,cash,delivered,2026-07-18T14:57:25+06:00,True
USR097,01000000097,Demo User 097,DZ0000806,2026-07-22T01:47:17+06:00,Demo Seller 15,Books,2,Badda,23.777012,90.434523,4150,card,delivered,2026-07-25T02:47:17+06:00,True
USR098,01000000098,Demo User 098,DZ0000808,2026-02-12T18:19:08+06:00,Demo Seller 09,Home & Living,2,Motijheel,23.733485,90.419868,3849,card,delivered,2026-02-16T21:19:08+06:00,True
USR098,01000000098,Demo User 098,DZ0000812,2026-03-28T14:14:34+06:00,Demo Seller 14,Groceries,1,Farmgate,23.766754,90.39013,1092,card,delivered,2026-04-06T15:14:34+06:00,True
USR098,01000000098,Demo User 098,DZ0000810,2026-05-17T06:50:00+06:00,Demo Seller 15,Home & Living,1,Mohakhali,23.782401,90.395901,17374,card,delivered,2026-05-18T22:50:00+06:00,True
USR098,01000000098,Demo User 098,DZ0000811,2026-05-18T00:32:49+06:00,Demo Seller 09,Accessories,2,Old Dhaka,23.710299,90.408784,9632,card,cancelled,2026-05-26T16:32:49+06:00,True
USR098,01000000098,Demo User 098,DZ0000809,2026-07-04T10:13:20+06:00,Demo Seller 04,Fashion,4,Rampura,23.757991,90.417506,1713,cash,shipped,2026-07-10T16:13:20+06:00,True
USR099,01000000099,Demo User 099,DZ0000815,2026-02-11T09:59:32+06:00,Demo Seller 05,Electronics,3,Mohakhali,23.783555,90.393066,16089,mobile_wallet,shipped,2026-02-12T17:59:32+06:00,True
USR099,01000000099,Demo User 099,DZ0000819,2026-03-08T16:45:03+06:00,Demo Seller 05,Electronics,4,Bashundhara,23.820665,90.424434,13033,cash,delivered,2026-03-18T14:45:03+06:00,True
USR099,01000000099,Demo User 099,DZ0000818,2026-04-10T14:33:32+06:00,Demo Seller 09,Beauty,3,Tejgaon,23.759772,90.396675,20553,cash,returned,2026-04-11T00:33:32+06:00,True
USR099,01000000099,Demo User 099,DZ0000817,2026-04-19T04:25:11+06:00,Demo Seller 04,Groceries,3,Mohammadpur,23.767124,90.360061,16197,cash,delivered,2026-04-23T03:25:11+06:00,True
USR099,01000000099,Demo User 099,DZ0000816,2026-04-21T04:06:00+06:00,Demo Seller 05,Fashion,1,Mohammadpur,23.759274,90.358851,9057,mobile_wallet,delivered,2026-04-23T19:06:00+06:00,True
USR099,01000000099,Demo User 099,DZ0000813,2026-04-29T01:42:23+06:00,Demo Seller 14,Books,4,Motijheel,23.736772,90.414476,13130,cash,cancelled,2026-05-01T17:42:23+06:00,True
USR099,01000000099,Demo User 099,DZ0000814,2026-07-20T09:51:26+06:00,Demo Seller 06,Books,2,Khilgaon,23.751267,90.422058,1031,cash,cancelled,2026-07-28T13:51:26+06:00,True
USR100,01000000100,Demo User 100,DZ0000821,2026-02-18T01:11:49+06:00,Demo Seller 06,Fashion,2,Pallabi,23.831934,90.356045,20021,card,delivered,2026-02-19T16:11:49+06:00,True
USR100,01000000100,Demo User 100,DZ0000820,2026-04-03T13:35:36+06:00,Demo Seller 14,Home & Living,4,Tejgaon,23.771059,90.398948,11032,cash,delivered,2026-04-05T09:35:36+06:00,True
USR100,01000000100,Demo User 100,DZ0000824,2026-05-20T13:33:13+06:00,Demo Seller 15,Books,4,Old Dhaka,23.718323,90.412411,9627,card,delivered,2026-05-29T10:33:13+06:00,True
USR100,01000000100,Demo User 100,DZ0000823,2026-07-02T17:45:54+06:00,Demo Seller 09,Fashion,4,Mirpur,23.821597,90.370911,2077,mobile_wallet,delivered,2026-07-07T03:45:54+06:00,True
USR100,01000000100,Demo User 100,DZ0000822,2026-08-04T16:15:12+06:00,Demo Seller 12,Accessories,2,Mohakhali,23.785066,90.395517,9334,mobile_wallet,delivered,2026-08-09T13:15:12+06:00,True
