index,user_id,phone,customer_name,order_id,order_time,restaurant_name,restaurant_category,delivery_area,delivery_lat,delivery_lon,order_amount_bdt,payment_method,order_status,source_updated_at,synthetic,provider_name,rider_id,rider_name,rider_phone,rider_role,rider_vehicle_type,rider_vehicle_number,rider_joined_at,rider_rating,rider_status,rider_primary_area,rider_dataset_activity_count,rider_dataset_completed_count,rider_total_completed_activities,rider_first_activity_at,rider_last_activity_at
0,USR001,+8801584323851,Sanjida Khan,FDI0000001,2026-04-21T13:46:01+06:00,Foodi Demo Kitchen 02,Fast Food,Uttara,23.8765,90.38436,405,cash,refunded,2026-04-21T16:47:01+06:00,True,Foodi,FDI-RDR-017,Tuhin Kabir,8801437966170,delivery_rider,Bike,Dhaka-Metro-LA-31-7414,2026-03-12,4.47,active,Uttara,56,36,899,2026-02-12T19:30:05+06:00,2026-08-02T10:56:53+06:00
1,USR001,+8801584323851,Sanjida Khan,FDI0000002,2026-07-21T03:58:36+06:00,Foodi Demo Kitchen 06,Burgers,Mirpur,23.824232,90.361592,567,card,delivered,2026-07-21T06:41:36+06:00,True,Foodi,FDI-RDR-008,Al Amin Mahmud,8801773840158,delivery_rider,Bike,Dhaka-Metro-LA-16-1506,2024-12-21,4.88,active,Mirpur,55,38,553,2026-02-10T07:25:37+06:00,2026-08-10T06:22:54+06:00
2,USR001,+8801584323851,Sanjida Khan,FDI0000003,2026-03-04T12:58:17+06:00,Foodi Demo Kitchen 06,Burgers,Bashundhara,23.819233,90.417217,768,cash,delivered,2026-03-04T15:29:17+06:00,True,Foodi,FDI-RDR-003,Rasel Rahman,8801991735857,delivery_rider,Bike,Dhaka-Metro-LA-25-1024,2025-03-30,4.27,active,Bashundhara,27,16,1021,2026-02-24T21:14:45+06:00,2026-08-07T13:05:52+06:00
3,USR001,+8801584323851,Sanjida Khan,FDI0000004,2026-02-13T16:48:02+06:00,Foodi Demo Kitchen 03,Biryani,Banani,23.800992,90.40897,1547,cash,delivered,2026-02-13T17:58:02+06:00,True,Foodi,FDI-RDR-002,Rony Sarker,8801683501448,delivery_rider,Bike,Dhaka-Metro-LA-47-5838,2023-05-27,4.52,active,Banani,29,19,739,2026-02-13T16:48:02+06:00,2026-07-30T12:32:32+06:00
4,USR001,+8801584323851,Sanjida Khan,FDI0000005,2026-04-30T16:59:15+06:00,Foodi Demo Kitchen 08,Kebab,Old Dhaka,23.709643,90.400338,1141,card,delivered,2026-04-30T19:50:15+06:00,True,Foodi,FDI-RDR-012,Parvez Mollah,8801798672324,delivery_rider,Bike,Dhaka-Metro-LA-18-1627,2023-01-21,4.38,active,Old Dhaka,70,47,563,2026-02-10T12:20:28+06:00,2026-08-08T06:41:21+06:00
5,USR001,+8801584323851,Sanjida Khan,FDI0000006,2026-02-22T17:06:51+06:00,Foodi Demo Kitchen 02,Fast Food,Mohakhali,23.783343,90.404378,1467,card,delivered,2026-02-22T17:38:51+06:00,True,Foodi,FDI-RDR-009,Mahmud Ali,8801453596488,delivery_rider,Bike,Dhaka-Metro-LA-50-1637,2024-06-25,4.64,active,Mohakhali,67,33,309,2026-02-10T09:51:53+06:00,2026-08-10T22:36:11+06:00
6,USR001,+8801584323851,Sanjida Khan,FDI0000007,2026-07-22T04:11:50+06:00,Foodi Demo Kitchen 04,Cafe,Pallabi,23.824469,90.367327,1625,mobile_wallet,delivered,2026-07-22T05:02:50+06:00,True,Foodi,FDI-RDR-013,Sabbir Hossain,8801364196925,delivery_rider,Bike,Dhaka-Metro-LA-17-2602,2024-08-29,4.32,active,Pallabi,52,36,1655,2026-02-13T02:02:06+06:00,2026-08-06T19:24:26+06:00
7,USR001,+8801584323851,Sanjida Khan,FDI0000008,2026-02-23T01:44:37+06:00,Foodi Demo Kitchen 07,Thai,Mirpur,23.829091,90.362201,1227,card,delivered,2026-02-23T04:26:37+06:00,True,Foodi,FDI-RDR-008,Al Amin Mahmud,8801773840158,delivery_rider,Bike,Dhaka-Metro-LA-16-1506,2024-12-21,4.88,active,Mirpur,55,38,553,2026-02-10T07:25:37+06:00,2026-08-10T06:22:54+06:00
8,USR001,+8801584323851,Sanjida Khan,FDI0000009,2026-05-13T06:07:37+06:00,Foodi Demo Kitchen 07,Thai,Old Dhaka,23.718655,90.414304,946,mobile_wallet,refunded,2026-05-13T06:47:37+06:00,True,Foodi,FDI-RDR-012,Parvez Mollah,8801798672324,delivery_rider,Bike,Dhaka-Metro-LA-18-1627,2023-01-21,4.38,active,Old Dhaka,70,47,563,2026-02-10T12:20:28+06:00,2026-08-08T06:41:21+06:00
9,USR001,+8801584323851,Sanjida Khan,FDI0000010,2026-06-12T00:22:55+06:00,Foodi Demo Kitchen 05,Pizza,Wari,23.724551,90.409223,474,mobile_wallet,delivered,2026-06-12T03:12:55+06:00,True,Foodi,FDI-RDR-018,Mehedi Karim,8801825989091,delivery_rider,Bicycle,BIC-77242,2025-01-08,4.35,active,Wari,63,40,1814,2026-02-12T18:32:46+06:00,2026-08-04T04:32:17+06:00
10,USR001,+8801584323851,Sanjida Khan,FDI0000011,2026-04-06T12:07:25+06:00,Foodi Demo Kitchen 02,Fast Food,Dhanmondi,23.751267,90.376046,1627,card,cancelled,2026-04-06T14:04:25+06:00,True,Foodi,FDI-RDR-004,Arif Mahmud,8801854692697,delivery_rider,Bike,Dhaka-Metro-LA-31-2968,2025-07-12,4.47,active,Dhanmondi,34,22,1435,2026-02-20T13:46:59+06:00,2026-08-05T20:00:40+06:00
11,USR002,+8801757183416,Rakib Jahan,FDI0000012,2026-04-03T14:02:57+06:00,Foodi Demo Kitchen 07,Thai,Shyamoli,23.774662,90.368251,1194,card,delivered,2026-04-03T16:12:57+06:00,True,Foodi,FDI-RDR-015,Al Amin Ahmed,8801422934517,delivery_rider,Bike,Dhaka-Metro-LA-24-2387,2025-07-31,4.60,active,Shyamoli,43,20,343,2026-02-15T20:41:46+06:00,2026-08-10T01:54:52+06:00
12,USR002,+8801757183416,Rakib Jahan,FDI0000013,2026-06-30T17:24:18+06:00,Foodi Demo Kitchen 06,Burgers,Mohakhali,23.775865,90.405788,741,cash,delivered,2026-06-30T20:49:18+06:00,True,Foodi,FDI-RDR-009,Mahmud Ali,8801453596488,delivery_rider,Bike,Dhaka-Metro-LA-50-1637,2024-06-25,4.64,active,Mohakhali,67,33,309,2026-02-10T09:51:53+06:00,2026-08-10T22:36:11+06:00
13,USR002,+8801757183416,Rakib Jahan,FDI0000014,2026-02-11T04:00:15+06:00,Foodi Demo Kitchen 02,Fast Food,Gulshan,23.784159,90.403496,240,cash,delivered,2026-02-11T06:49:15+06:00,True,Foodi,FDI-RDR-006,Hasan Mahmud,8801309144811,delivery_rider,Bike,Dhaka-Metro-LA-24-6061,2023-05-09,4.71,active,Gulshan,53,31,1075,2026-02-11T04:00:15+06:00,2026-08-05T08:02:50+06:00
14,USR002,+8801757183416,Rakib Jahan,FDI0000015,2026-06-22T15:26:10+06:00,Foodi Demo Kitchen 08,Kebab,Shyamoli,23.768663,90.358003,998,card,delivered,2026-06-22T17:58:10+06:00,True,Foodi,FDI-RDR-015,Al Amin Ahmed,8801422934517,delivery_rider,Bike,Dhaka-Metro-LA-24-2387,2025-07-31,4.60,active,Shyamoli,43,20,343,2026-02-15T20:41:46+06:00,2026-08-10T01:54:52+06:00
15,USR002,+8801757183416,Rakib Jahan,FDI0000016,2026-06-29T12:56:36+06:00,Foodi Demo Kitchen 04,Cafe,Uttara,23.873954,90.374664,805,cash,delivered,2026-06-29T14:19:36+06:00,True,Foodi,FDI-RDR-017,Tuhin Kabir,8801437966170,delivery_rider,Bike,Dhaka-Metro-LA-31-7414,2026-03-12,4.47,active,Uttara,56,36,899,2026-02-12T19:30:05+06:00,2026-08-02T10:56:53+06:00
16,USR002,+8801757183416,Rakib Jahan,FDI0000017,2026-04-22T11:49:03+06:00,Foodi Demo Kitchen 05,Pizza,Farmgate,23.748906,90.394018,396,mobile_wallet,refunded,2026-04-22T14:23:03+06:00,True,Foodi,FDI-RDR-023,Shahadat Hasan,8801754954467,delivery_rider,Bike,Dhaka-Metro-LA-51-6371,2025-12-07,4.56,active,Farmgate,36,23,1181,2026-02-18T00:50:59+06:00,2026-08-06T11:04:59+06:00
17,USR002,+8801757183416,Rakib Jahan,FDI0000018,2026-06-20T09:18:21+06:00,Foodi Demo Kitchen 01,Bangla,Dhanmondi,23.74363,90.380301,1529,mobile_wallet,delivered,2026-06-20T12:32:21+06:00,True,Foodi,FDI-RDR-004,Arif Mahmud,8801854692697,delivery_rider,Bike,Dhaka-Metro-LA-31-2968,2025-07-12,4.47,active,Dhanmondi,34,22,1435,2026-02-20T13:46:59+06:00,2026-08-05T20:00:40+06:00
18,USR002,+8801757183416,Rakib Jahan,FDI0000019,2026-04-20T19:44:36+06:00,Foodi Demo Kitchen 03,Biryani,Tejgaon,23.756425,90.389466,510,mobile_wallet,delivered,2026-04-20T21:51:36+06:00,True,Foodi,FDI-RDR-016,Noman Mollah,8801385740882,delivery_rider,Bike,Dhaka-Metro-LA-22-3253,2025-12-03,4.49,active,Tejgaon,49,28,819,2026-02-13T23:12:09+06:00,2026-08-05T05:30:47+06:00
19,USR002,+8801757183416,Rakib Jahan,FDI0000020,2026-02-23T05:54:40+06:00,Foodi Demo Kitchen 07,Thai,Rampura,23.763853,90.414384,1561,card,delivered,2026-02-23T07:23:40+06:00,True,Foodi,FDI-RDR-014,Sabbir Ahmed,8801739856270,delivery_rider,Bike,Dhaka-Metro-LA-13-2488,2024-03-05,4.91,active,Rampura,71,47,1187,2026-02-10T02:57:10+06:00,2026-08-07T14:03:06+06:00
20,USR002,+8801757183416,Rakib Jahan,FDI0000021,2026-06-04T05:25:29+06:00,Foodi Demo Kitchen 08,Kebab,Tejgaon,23.759563,90.395968,1158,mobile_wallet,cancelled,2026-06-04T05:56:29+06:00,True,Foodi,FDI-RDR-016,Noman Mollah,8801385740882,delivery_rider,Bike,Dhaka-Metro-LA-22-3253,2025-12-03,4.49,active,Tejgaon,49,28,819,2026-02-13T23:12:09+06:00,2026-08-05T05:30:47+06:00
21,USR002,+8801757183416,Rakib Jahan,FDI0000022,2026-08-02T07:53:18+06:00,Foodi Demo Kitchen 03,Biryani,Mohammadpur,23.769669,90.364278,692,card,delivered,2026-08-02T11:17:18+06:00,True,Foodi,FDI-RDR-010,Shuvo Kabir,8801941100059,delivery_rider,Bike,Dhaka-Metro-LA-31-8053,2024-10-07,4.30,active,Mohammadpur,59,37,808,2026-02-11T13:16:22+06:00,2026-08-10T20:09:48+06:00
22,USR002,+8801757183416,Rakib Jahan,FDI0000023,2026-02-21T00:02:54+06:00,Foodi Demo Kitchen 01,Bangla,Badda,23.777155,90.435688,661,cash,delivered,2026-02-21T00:59:54+06:00,True,Foodi,FDI-RDR-001,Nahid Ali,8801862610128,delivery_rider,Bike,Dhaka-Metro-LA-30-5508,2024-10-09,4.84,active,Badda,24,15,971,2026-02-13T19:01:33+06:00,2026-07-28T10:35:20+06:00
23,USR002,+8801757183416,Rakib Jahan,FDI0000024,2026-03-03T08:01:50+06:00,Foodi Demo Kitchen 04,Cafe,Mohammadpur,23.759903,90.358653,357,mobile_wallet,cancelled,2026-03-03T09:56:50+06:00,True,Foodi,FDI-RDR-010,Shuvo Kabir,8801941100059,delivery_rider,Bike,Dhaka-Metro-LA-31-8053,2024-10-07,4.30,active,Mohammadpur,59,37,808,2026-02-11T13:16:22+06:00,2026-08-10T20:09:48+06:00
24,USR002,+8801757183416,Rakib Jahan,FDI0000025,2026-06-09T12:22:32+06:00,Foodi Demo Kitchen 02,Fast Food,Khilgaon,23.751634,90.429805,569,mobile_wallet,delivered,2026-06-09T15:20:32+06:00,True,Foodi,FDI-RDR-007,Shakil Sarker,8801645088972,delivery_rider,Bike,Dhaka-Metro-LA-51-7903,2024-11-22,4.89,active,Khilgaon,63,46,238,2026-02-12T07:27:28+06:00,2026-08-08T00:12:25+06:00
25,USR003,+8801354621115,Tania Islam,FDI0000026,2026-04-19T17:10:38+06:00,Foodi Demo Kitchen 06,Burgers,Mohammadpur,23.761779,90.357559,1593,cash,cancelled,2026-04-19T19:47:38+06:00,True,Foodi,FDI-RDR-010,Shuvo Kabir,8801941100059,delivery_rider,Bike,Dhaka-Metro-LA-31-8053,2024-10-07,4.30,active,Mohammadpur,59,37,808,2026-02-11T13:16:22+06:00,2026-08-10T20:09:48+06:00
26,USR003,+8801354621115,Tania Islam,FDI0000027,2026-05-01T17:06:50+06:00,Foodi Demo Kitchen 02,Fast Food,Banani,23.800963,90.41473,1368,mobile_wallet,delivered,2026-05-01T19:12:50+06:00,True,Foodi,FDI-RDR-020,Rakib Hasan,8801703040974,delivery_rider,Bike,Dhaka-Metro-LA-11-8668,2025-06-15,4.73,active,Banani,34,25,770,2026-02-15T15:29:27+06:00,2026-08-02T04:28:06+06:00
27,USR003,+8801354621115,Tania Islam,FDI0000028,2026-06-15T06:36:23+06:00,Foodi Demo Kitchen 05,Pizza,Farmgate,23.752187,90.388784,755,mobile_wallet,cancelled,2026-06-15T09:01:23+06:00,True,Foodi,FDI-RDR-005,Nayeem Sheikh,8801743750117,delivery_rider,Bike,Dhaka-Metro-LA-11-2234,2025-12-12,4.45,active,Farmgate,28,19,703,2026-02-14T20:09:21+06:00,2026-07-11T22:41:13+06:00
28,USR003,+8801354621115,Tania Islam,FDI0000029,2026-06-28T14:11:44+06:00,Foodi Demo Kitchen 04,Cafe,Rampura,23.763507,90.418827,1023,cash,delivered,2026-06-28T16:46:44+06:00,True,Foodi,FDI-RDR-014,Sabbir Ahmed,8801739856270,delivery_rider,Bike,Dhaka-Metro-LA-13-2488,2024-03-05,4.91,active,Rampura,71,47,1187,2026-02-10T02:57:10+06:00,2026-08-07T14:03:06+06:00
29,USR003,+8801354621115,Tania Islam,FDI0000030,2026-04-22T17:28:27+06:00,Foodi Demo Kitchen 01,Bangla,Rampura,23.758531,90.418663,599,mobile_wallet,delivered,2026-04-22T20:00:27+06:00,True,Foodi,FDI-RDR-014,Sabbir Ahmed,8801739856270,delivery_rider,Bike,Dhaka-Metro-LA-13-2488,2024-03-05,4.91,active,Rampura,71,47,1187,2026-02-10T02:57:10+06:00,2026-08-07T14:03:06+06:00
30,USR003,+8801354621115,Tania Islam,FDI0000031,2026-05-30T15:12:12+06:00,Foodi Demo Kitchen 03,Biryani,Motijheel,23.729306,90.421923,1457,cash,refunded,2026-05-30T18:30:12+06:00,True,Foodi,FDI-RDR-011,Mahmud Hasan,8801546275934,delivery_rider,Bike,Dhaka-Metro-LA-42-9695,2024-01-04,4.61,active,Motijheel,44,30,774,2026-02-12T09:24:57+06:00,2026-08-10T17:38:53+06:00
31,USR003,+8801354621115,Tania Islam,FDI0000032,2026-06-17T01:25:56+06:00,Foodi Demo Kitchen 03,Biryani,Mohammadpur,23.765003,90.349628,1587,mobile_wallet,cancelled,2026-06-17T02:11:56+06:00,True,Foodi,FDI-RDR-010,Shuvo Kabir,8801941100059,delivery_rider,Bike,Dhaka-Metro-LA-31-8053,2024-10-07,4.30,active,Mohammadpur,59,37,808,2026-02-11T13:16:22+06:00,2026-08-10T20:09:48+06:00
32,USR003,+8801354621115,Tania Islam,FDI0000033,2026-08-04T23:36:22+06:00,Foodi Demo Kitchen 08,Kebab,Mohammadpur,23.772688,90.361591,1458,card,delivered,2026-08-05T00:10:22+06:00,True,Foodi,FDI-RDR-010,Shuvo Kabir,8801941100059,delivery_rider,Bike,Dhaka-Metro-LA-31-8053,2024-10-07,4.30,active,Mohammadpur,59,37,808,2026-02-11T13:16:22+06:00,2026-08-10T20:09:48+06:00
33,USR003,+8801354621115,Tania Islam,FDI0000034,2026-03-20T20:13:40+06:00,Foodi Demo Kitchen 01,Bangla,Uttara,23.88039,90.383963,666,card,delivered,2026-03-20T21:54:40+06:00,True,Foodi,FDI-RDR-017,Tuhin Kabir,8801437966170,delivery_rider,Bike,Dhaka-Metro-LA-31-7414,2026-03-12,4.47,active,Uttara,56,36,899,2026-02-12T19:30:05+06:00,2026-08-02T10:56:53+06:00
34,USR003,+8801354621115,Tania Islam,FDI0000035,2026-02-10T09:51:53+06:00,Foodi Demo Kitchen 05,Pizza,Mohakhali,23.770822,90.40492,881,cash,refunded,2026-02-10T12:13:53+06:00,True,Foodi,FDI-RDR-009,Mahmud Ali,8801453596488,delivery_rider,Bike,Dhaka-Metro-LA-50-1637,2024-06-25,4.64,active,Mohakhali,67,33,309,2026-02-10T09:51:53+06:00,2026-08-10T22:36:11+06:00
35,USR004,+8801569374252,Mim Rahman,FDI0000036,2026-05-01T14:38:41+06:00,Foodi Demo Kitchen 05,Pizza,Mirpur,23.826459,90.370621,1306,mobile_wallet,delivered,2026-05-01T17:58:41+06:00,True,Foodi,FDI-RDR-008,Al Amin Mahmud,8801773840158,delivery_rider,Bike,Dhaka-Metro-LA-16-1506,2024-12-21,4.88,active,Mirpur,55,38,553,2026-02-10T07:25:37+06:00,2026-08-10T06:22:54+06:00
36,USR004,+8801569374252,Mim Rahman,FDI0000037,2026-05-05T22:04:17+06:00,Foodi Demo Kitchen 01,Bangla,Mohakhali,23.783513,90.401355,543,card,delivered,2026-05-06T01:22:17+06:00,True,Foodi,FDI-RDR-009,Mahmud Ali,8801453596488,delivery_rider,Bike,Dhaka-Metro-LA-50-1637,2024-06-25,4.64,active,Mohakhali,67,33,309,2026-02-10T09:51:53+06:00,2026-08-10T22:36:11+06:00
37,USR004,+8801569374252,Mim Rahman,FDI0000038,2026-06-21T04:29:51+06:00,Foodi Demo Kitchen 03,Biryani,Rampura,23.756172,90.419954,1416,mobile_wallet,delivered,2026-06-21T05:20:51+06:00,True,Foodi,FDI-RDR-014,Sabbir Ahmed,8801739856270,delivery_rider,Bike,Dhaka-Metro-LA-13-2488,2024-03-05,4.91,active,Rampura,71,47,1187,2026-02-10T02:57:10+06:00,2026-08-07T14:03:06+06:00
38,USR004,+8801569374252,Mim Rahman,FDI0000039,2026-08-02T10:56:53+06:00,Foodi Demo Kitchen 02,Fast Food,Uttara,23.875337,90.375985,961,mobile_wallet,delivered,2026-08-02T14:27:53+06:00,True,Foodi,FDI-RDR-017,Tuhin Kabir,8801437966170,delivery_rider,Bike,Dhaka-Metro-LA-31-7414,2026-03-12,4.47,active,Uttara,56,36,899,2026-02-12T19:30:05+06:00,2026-08-02T10:56:53+06:00
39,USR004,+8801569374252,Mim Rahman,FDI0000040,2026-06-05T17:17:05+06:00,Foodi Demo Kitchen 05,Pizza,Banani,23.802076,90.403313,1729,mobile_wallet,delivered,2026-06-05T18:00:05+06:00,True,Foodi,FDI-RDR-020,Rakib Hasan,8801703040974,delivery_rider,Bike,Dhaka-Metro-LA-11-8668,2025-06-15,4.73,active,Banani,34,25,770,2026-02-15T15:29:27+06:00,2026-08-02T04:28:06+06:00
40,USR004,+8801569374252,Mim Rahman,FDI0000041,2026-06-08T04:52:50+06:00,Foodi Demo Kitchen 06,Burgers,Banani,23.800972,90.398564,895,card,delivered,2026-06-08T05:54:50+06:00,True,Foodi,FDI-RDR-002,Rony Sarker,8801683501448,delivery_rider,Bike,Dhaka-Metro-LA-47-5838,2023-05-27,4.52,active,Banani,29,19,739,2026-02-13T16:48:02+06:00,2026-07-30T12:32:32+06:00
41,USR004,+8801569374252,Mim Rahman,FDI0000042,2026-05-23T23:54:14+06:00,Foodi Demo Kitchen 02,Fast Food,Wari,23.726968,90.425028,1563,card,cancelled,2026-05-24T01:30:14+06:00,True,Foodi,FDI-RDR-018,Mehedi Karim,8801825989091,delivery_rider,Bicycle,BIC-77242,2025-01-08,4.35,active,Wari,63,40,1814,2026-02-12T18:32:46+06:00,2026-08-04T04:32:17+06:00
42,USR004,+8801569374252,Mim Rahman,FDI0000043,2026-04-02T16:15:48+06:00,Foodi Demo Kitchen 07,Thai,Uttara,23.884717,90.379812,958,card,delivered,2026-04-02T18:57:48+06:00,True,Foodi,FDI-RDR-017,Tuhin Kabir,8801437966170,delivery_rider,Bike,Dhaka-Metro-LA-31-7414,2026-03-12,4.47,active,Uttara,56,36,899,2026-02-12T19:30:05+06:00,2026-08-02T10:56:53+06:00
43,USR004,+8801569374252,Mim Rahman,FDI0000044,2026-06-21T17:41:09+06:00,Foodi Demo Kitchen 03,Biryani,Motijheel,23.724589,90.423654,1619,mobile_wallet,delivered,2026-06-21T19:10:09+06:00,True,Foodi,FDI-RDR-011,Mahmud Hasan,8801546275934,delivery_rider,Bike,Dhaka-Metro-LA-42-9695,2024-01-04,4.61,active,Motijheel,44,30,774,2026-02-12T09:24:57+06:00,2026-08-10T17:38:53+06:00
44,USR005,+8801526187734,Anika Hossain,FDI0000045,2026-02-25T10:50:55+06:00,Foodi Demo Kitchen 01,Bangla,Old Dhaka,23.718553,90.406971,696,mobile_wallet,delivered,2026-02-25T14:12:55+06:00,True,Foodi,FDI-RDR-012,Parvez Mollah,8801798672324,delivery_rider,Bike,Dhaka-Metro-LA-18-1627,2023-01-21,4.38,active,Old Dhaka,70,47,563,2026-02-10T12:20:28+06:00,2026-08-08T06:41:21+06:00
45,USR005,+8801526187734,Anika Hossain,FDI0000046,2026-03-21T01:29:10+06:00,Foodi Demo Kitchen 01,Bangla,Banani,23.786437,90.412243,1839,cash,delivered,2026-03-21T03:42:10+06:00,True,Foodi,FDI-RDR-020,Rakib Hasan,8801703040974,delivery_rider,Bike,Dhaka-Metro-LA-11-8668,2025-06-15,4.73,active,Banani,34,25,770,2026-02-15T15:29:27+06:00,2026-08-02T04:28:06+06:00
46,USR005,+8801526187734,Anika Hossain,FDI0000047,2026-05-21T06:12:42+06:00,Foodi Demo Kitchen 02,Fast Food,Farmgate,23.763388,90.386895,1198,cash,delivered,2026-05-21T08:03:42+06:00,True,Foodi,FDI-RDR-005,Nayeem Sheikh,8801743750117,delivery_rider,Bike,Dhaka-Metro-LA-11-2234,2025-12-12,4.45,active,Farmgate,28,19,703,2026-02-14T20:09:21+06:00,2026-07-11T22:41:13+06:00
47,USR005,+8801526187734,Anika Hossain,FDI0000048,2026-07-17T20:48:09+06:00,Foodi Demo Kitchen 02,Fast Food,Wari,23.722698,90.425535,1018,mobile_wallet,cancelled,2026-07-18T00:12:09+06:00,True,Foodi,FDI-RDR-018,Mehedi Karim,8801825989091,delivery_rider,Bicycle,BIC-77242,2025-01-08,4.35,active,Wari,63,40,1814,2026-02-12T18:32:46+06:00,2026-08-04T04:32:17+06:00
48,USR005,+8801526187734,Anika Hossain,FDI0000049,2026-07-28T18:26:47+06:00,Foodi Demo Kitchen 07,Thai,Tejgaon,23.768176,90.398416,1391,cash,delivered,2026-07-28T21:42:47+06:00,True,Foodi,FDI-RDR-016,Noman Mollah,8801385740882,delivery_rider,Bike,Dhaka-Metro-LA-22-3253,2025-12-03,4.49,active,Tejgaon,49,28,819,2026-02-13T23:12:09+06:00,2026-08-05T05:30:47+06:00
49,USR005,+8801526187734,Anika Hossain,FDI0000050,2026-03-27T08:44:02+06:00,Foodi Demo Kitchen 05,Pizza,Bashundhara,23.813932,90.418793,1036,cash,refunded,2026-03-27T11:31:02+06:00,True,Foodi,FDI-RDR-021,Habib Khan,8801640944989,delivery_rider,Bicycle,BIC-62834,2024-07-09,4.84,active,Bashundhara,33,19,586,2026-03-08T16:51:38+06:00,2026-08-08T20:11:49+06:00
50,USR005,+8801526187734,Anika Hossain,FDI0000051,2026-03-12T03:19:18+06:00,Foodi Demo Kitchen 06,Burgers,Mohammadpur,23.764889,90.359039,1482,mobile_wallet,delivered,2026-03-12T05:09:18+06:00,True,Foodi,FDI-RDR-010,Shuvo Kabir,8801941100059,delivery_rider,Bike,Dhaka-Metro-LA-31-8053,2024-10-07,4.30,active,Mohammadpur,59,37,808,2026-02-11T13:16:22+06:00,2026-08-10T20:09:48+06:00
51,USR005,+8801526187734,Anika Hossain,FDI0000052,2026-07-12T04:06:32+06:00,Foodi Demo Kitchen 05,Pizza,Banani,23.801934,90.412766,985,mobile_wallet,delivered,2026-07-12T05:40:32+06:00,True,Foodi,FDI-RDR-020,Rakib Hasan,8801703040974,delivery_rider,Bike,Dhaka-Metro-LA-11-8668,2025-06-15,4.73,active,Banani,34,25,770,2026-02-15T15:29:27+06:00,2026-08-02T04:28:06+06:00
52,USR005,+8801526187734,Anika Hossain,FDI0000053,2026-06-26T18:37:27+06:00,Foodi Demo Kitchen 04,Cafe,Mohakhali,23.777047,90.398863,1712,card,cancelled,2026-06-26T19:09:27+06:00,True,Foodi,FDI-RDR-009,Mahmud Ali,8801453596488,delivery_rider,Bike,Dhaka-Metro-LA-50-1637,2024-06-25,4.64,active,Mohakhali,67,33,309,2026-02-10T09:51:53+06:00,2026-08-10T22:36:11+06:00
53,USR005,+8801526187734,Anika Hossain,FDI0000054,2026-07-23T21:38:52+06:00,Foodi Demo Kitchen 06,Burgers,Farmgate,23.754339,90.393057,1778,mobile_wallet,delivered,2026-07-24T01:02:52+06:00,True,Foodi,FDI-RDR-023,Shahadat Hasan,8801754954467,delivery_rider,Bike,Dhaka-Metro-LA-51-6371,2025-12-07,4.56,active,Farmgate,36,23,1181,2026-02-18T00:50:59+06:00,2026-08-06T11:04:59+06:00
54,USR005,+8801526187734,Anika Hossain,FDI0000055,2026-03-19T02:03:36+06:00,Foodi Demo Kitchen 02,Fast Food,Rampura,23.769194,90.421026,256,cash,delivered,2026-03-19T03:57:36+06:00,True,Foodi,FDI-RDR-014,Sabbir Ahmed,8801739856270,delivery_rider,Bike,Dhaka-Metro-LA-13-2488,2024-03-05,4.91,active,Rampura,71,47,1187,2026-02-10T02:57:10+06:00,2026-08-07T14:03:06+06:00
55,USR005,+8801526187734,Anika Hossain,FDI0000056,2026-04-07T22:13:20+06:00,Foodi Demo Kitchen 02,Fast Food,Rampura,23.753248,90.41993,593,card,delivered,2026-04-07T22:34:20+06:00,True,Foodi,FDI-RDR-014,Sabbir Ahmed,8801739856270,delivery_rider,Bike,Dhaka-Metro-LA-13-2488,2024-03-05,4.91,active,Rampura,71,47,1187,2026-02-10T02:57:10+06:00,2026-08-07T14:03:06+06:00
56,USR006,+8801540236353,Sanjida Hasan,FDI0000057,2026-07-30T12:32:32+06:00,Foodi Demo Kitchen 07,Thai,Banani,23.788262,90.404579,771,cash,delivered,2026-07-30T13:38:32+06:00,True,Foodi,FDI-RDR-002,Rony Sarker,8801683501448,delivery_rider,Bike,Dhaka-Metro-LA-47-5838,2023-05-27,4.52,active,Banani,29,19,739,2026-02-13T16:48:02+06:00,2026-07-30T12:32:32+06:00
57,USR006,+8801540236353,Sanjida Hasan,FDI0000058,2026-08-01T10:26:23+06:00,Foodi Demo Kitchen 06,Burgers,Farmgate,23.764565,90.397388,911,cash,delivered,2026-08-01T12:51:23+06:00,True,Foodi,FDI-RDR-023,Shahadat Hasan,8801754954467,delivery_rider,Bike,Dhaka-Metro-LA-51-6371,2025-12-07,4.56,active,Farmgate,36,23,1181,2026-02-18T00:50:59+06:00,2026-08-06T11:04:59+06:00
58,USR006,+8801540236353,Sanjida Hasan,FDI0000059,2026-04-29T21:29:31+06:00,Foodi Demo Kitchen 08,Kebab,Banani,23.788268,90.401105,324,cash,delivered,2026-04-29T22:10:31+06:00,True,Foodi,FDI-RDR-002,Rony Sarker,8801683501448,delivery_rider,Bike,Dhaka-Metro-LA-47-5838,2023-05-27,4.52,active,Banani,29,19,739,2026-02-13T16:48:02+06:00,2026-07-30T12:32:32+06:00
59,USR006,+8801540236353,Sanjida Hasan,FDI0000060,2026-03-16T01:07:43+06:00,Foodi Demo Kitchen 06,Burgers,Badda,23.779511,90.420893,711,card,delivered,2026-03-16T04:16:43+06:00,True,Foodi,FDI-RDR-019,Imran Khan,8801655026262,delivery_rider,Bike,Dhaka-Metro-LA-31-3687,2024-04-05,4.91,active,Badda,37,23,1569,2026-02-24T06:56:48+06:00,2026-08-06T06:15:06+06:00
60,USR006,+8801540236353,Sanjida Hasan,FDI0000061,2026-02-12T19:30:05+06:00,Foodi Demo Kitchen 06,Burgers,Uttara,23.877408,90.370729,1440,cash,cancelled,2026-02-12T22:18:05+06:00,True,Foodi,FDI-RDR-017,Tuhin Kabir,8801437966170,delivery_rider,Bike,Dhaka-Metro-LA-31-7414,2026-03-12,4.47,active,Uttara,56,36,899,2026-02-12T19:30:05+06:00,2026-08-02T10:56:53+06:00
61,USR006,+8801540236353,Sanjida Hasan,FDI0000062,2026-03-25T19:59:24+06:00,Foodi Demo Kitchen 02,Fast Food,Shyamoli,23.772407,90.370305,1112,mobile_wallet,cancelled,2026-03-25T20:56:24+06:00,True,Foodi,FDI-RDR-015,Al Amin Ahmed,8801422934517,delivery_rider,Bike,Dhaka-Metro-LA-24-2387,2025-07-31,4.60,active,Shyamoli,43,20,343,2026-02-15T20:41:46+06:00,2026-08-10T01:54:52+06:00
62,USR006,+8801540236353,Sanjida Hasan,FDI0000063,2026-03-14T23:47:02+06:00,Foodi Demo Kitchen 05,Pizza,Mohakhali,23.786094,90.399237,1174,cash,delivered,2026-03-15T03:07:02+06:00,True,Foodi,FDI-RDR-009,Mahmud Ali,8801453596488,delivery_rider,Bike,Dhaka-Metro-LA-50-1637,2024-06-25,4.64,active,Mohakhali,67,33,309,2026-02-10T09:51:53+06:00,2026-08-10T22:36:11+06:00
63,USR006,+8801540236353,Sanjida Hasan,FDI0000064,2026-05-14T08:21:59+06:00,Foodi Demo Kitchen 03,Biryani,Farmgate,23.758859,90.39663,241,cash,delivered,2026-05-14T11:18:59+06:00,True,Foodi,FDI-RDR-023,Shahadat Hasan,8801754954467,delivery_rider,Bike,Dhaka-Metro-LA-51-6371,2025-12-07,4.56,active,Farmgate,36,23,1181,2026-02-18T00:50:59+06:00,2026-08-06T11:04:59+06:00
64,USR006,+8801540236353,Sanjida Hasan,FDI0000065,2026-03-16T01:18:49+06:00,Foodi Demo Kitchen 07,Thai,Farmgate,23.75415,90.383179,1848,cash,refunded,2026-03-16T02:01:49+06:00,True,Foodi,FDI-RDR-023,Shahadat Hasan,8801754954467,delivery_rider,Bike,Dhaka-Metro-LA-51-6371,2025-12-07,4.56,active,Farmgate,36,23,1181,2026-02-18T00:50:59+06:00,2026-08-06T11:04:59+06:00
65,USR007,+8801414017475,Sadia Chowdhury,FDI0000066,2026-08-07T22:05:31+06:00,Foodi Demo Kitchen 02,Fast Food,Mirpur,23.823581,90.371339,364,mobile_wallet,cancelled,2026-08-08T01:02:31+06:00,True,Foodi,FDI-RDR-008,Al Amin Mahmud,8801773840158,delivery_rider,Bike,Dhaka-Metro-LA-16-1506,2024-12-21,4.88,active,Mirpur,55,38,553,2026-02-10T07:25:37+06:00,2026-08-10T06:22:54+06:00
66,USR007,+8801414017475,Sadia Chowdhury,FDI0000067,2026-05-14T04:04:10+06:00,Foodi Demo Kitchen 04,Cafe,Dhanmondi,23.741389,90.378754,726,card,cancelled,2026-05-14T07:29:10+06:00,True,Foodi,FDI-RDR-022,Habib Chowdhury,8801384916196,delivery_rider,Bike,Dhaka-Metro-LA-46-4315,2024-05-20,4.33,active,Dhanmondi,27,18,197,2026-02-12T07:13:30+06:00,2026-08-05T01:26:05+06:00
67,USR007,+8801414017475,Sadia Chowdhury,FDI0000068,2026-03-11T23:50:44+06:00,Foodi Demo Kitchen 02,Fast Food,Rampura,23.764671,90.41438,1435,cash,delivered,2026-03-12T00:34:44+06:00,True,Foodi,FDI-RDR-014,Sabbir Ahmed,8801739856270,delivery_rider,Bike,Dhaka-Metro-LA-13-2488,2024-03-05,4.91,active,Rampura,71,47,1187,2026-02-10T02:57:10+06:00,2026-08-07T14:03:06+06:00
68,USR007,+8801414017475,Sadia Chowdhury,FDI0000069,2026-02-15T01:58:09+06:00,Foodi Demo Kitchen 01,Bangla,Khilgaon,23.753941,90.435482,1820,card,cancelled,2026-02-15T02:29:09+06:00,True,Foodi,FDI-RDR-007,Shakil Sarker,8801645088972,delivery_rider,Bike,Dhaka-Metro-LA-51-7903,2024-11-22,4.89,active,Khilgaon,63,46,238,2026-02-12T07:27:28+06:00,2026-08-08T00:12:25+06:00
69,USR007,+8801414017475,Sadia Chowdhury,FDI0000070,2026-05-01T05:51:53+06:00,Foodi Demo Kitchen 01,Bangla,Dhanmondi,23.747041,90.383632,376,cash,refunded,2026-05-01T07:12:53+06:00,True,Foodi,FDI-RDR-022,Habib Chowdhury,8801384916196,delivery_rider,Bike,Dhaka-Metro-LA-46-4315,2024-05-20,4.33,active,Dhanmondi,27,18,197,2026-02-12T07:13:30+06:00,2026-08-05T01:26:05+06:00
70,USR007,+8801414017475,Sadia Chowdhury,FDI0000071,2026-04-02T22:09:50+06:00,Foodi Demo Kitchen 02,Fast Food,Uttara,23.867519,90.385815,441,mobile_wallet,refunded,2026-04-02T23:22:50+06:00,True,Foodi,FDI-RDR-017,Tuhin Kabir,8801437966170,delivery_rider,Bike,Dhaka-Metro-LA-31-7414,2026-03-12,4.47,active,Uttara,56,36,899,2026-02-12T19:30:05+06:00,2026-08-02T10:56:53+06:00
71,USR007,+8801414017475,Sadia Chowdhury,FDI0000072,2026-07-08T11:27:46+06:00,Foodi Demo Kitchen 01,Bangla,Gulshan,23.797964,90.411091,1807,card,refunded,2026-07-08T14:34:46+06:00,True,Foodi,FDI-RDR-006,Hasan Mahmud,8801309144811,delivery_rider,Bike,Dhaka-Metro-LA-24-6061,2023-05-09,4.71,active,Gulshan,53,31,1075,2026-02-11T04:00:15+06:00,2026-08-05T08:02:50+06:00
72,USR007,+8801414017475,Sadia Chowdhury,FDI0000073,2026-04-27T08:02:36+06:00,Foodi Demo Kitchen 04,Cafe,Khilgaon,23.750133,90.434734,1105,mobile_wallet,delivered,2026-04-27T11:15:36+06:00,True,Foodi,FDI-RDR-007,Shakil Sarker,8801645088972,delivery_rider,Bike,Dhaka-Metro-LA-51-7903,2024-11-22,4.89,active,Khilgaon,63,46,238,2026-02-12T07:27:28+06:00,2026-08-08T00:12:25+06:00
73,USR007,+8801414017475,Sadia Chowdhury,FDI0000074,2026-07-12T20:49:32+06:00,Foodi Demo Kitchen 06,Burgers,Badda,23.775513,90.419973,1314,cash,delivered,2026-07-13T00:07:32+06:00,True,Foodi,FDI-RDR-001,Nahid Ali,8801862610128,delivery_rider,Bike,Dhaka-Metro-LA-30-5508,2024-10-09,4.84,active,Badda,24,15,971,2026-02-13T19:01:33+06:00,2026-07-28T10:35:20+06:00
74,USR007,+8801414017475,Sadia Chowdhury,FDI0000075,2026-05-28T16:59:38+06:00,Foodi Demo Kitchen 02,Fast Food,Motijheel,23.734701,90.41965,931,cash,cancelled,2026-05-28T19:43:38+06:00,True,Foodi,FDI-RDR-011,Mahmud Hasan,8801546275934,delivery_rider,Bike,Dhaka-Metro-LA-42-9695,2024-01-04,4.61,active,Motijheel,44,30,774,2026-02-12T09:24:57+06:00,2026-08-10T17:38:53+06:00
75,USR008,+8801416261428,Imran Jahan,FDI0000076,2026-03-22T12:31:45+06:00,Foodi Demo Kitchen 03,Biryani,Badda,23.785928,90.422804,1007,card,delivered,2026-03-22T15:23:45+06:00,True,Foodi,FDI-RDR-019,Imran Khan,8801655026262,delivery_rider,Bike,Dhaka-Metro-LA-31-3687,2024-04-05,4.91,active,Badda,37,23,1569,2026-02-24T06:56:48+06:00,2026-08-06T06:15:06+06:00
76,USR008,+8801416261428,Imran Jahan,FDI0000077,2026-05-30T11:03:57+06:00,Foodi Demo Kitchen 07,Thai,Mirpur,23.8254,90.360387,330,cash,cancelled,2026-05-30T14:10:57+06:00,True,Foodi,FDI-RDR-008,Al Amin Mahmud,8801773840158,delivery_rider,Bike,Dhaka-Metro-LA-16-1506,2024-12-21,4.88,active,Mirpur,55,38,553,2026-02-10T07:25:37+06:00,2026-08-10T06:22:54+06:00
77,USR008,+8801416261428,Imran Jahan,FDI0000078,2026-06-24T12:10:17+06:00,Foodi Demo Kitchen 01,Bangla,Mohammadpur,23.769271,90.351998,1768,mobile_wallet,delivered,2026-06-24T14:47:17+06:00,True,Foodi,FDI-RDR-010,Shuvo Kabir,8801941100059,delivery_rider,Bike,Dhaka-Metro-LA-31-8053,2024-10-07,4.30,active,Mohammadpur,59,37,808,2026-02-11T13:16:22+06:00,2026-08-10T20:09:48+06:00
78,USR008,+8801416261428,Imran Jahan,FDI0000079,2026-04-16T01:42:47+06:00,Foodi Demo Kitchen 01,Bangla,Uttara,23.881864,90.372464,286,card,delivered,2026-04-16T04:32:47+06:00,True,Foodi,FDI-RDR-017,Tuhin Kabir,8801437966170,delivery_rider,Bike,Dhaka-Metro-LA-31-7414,2026-03-12,4.47,active,Uttara,56,36,899,2026-02-12T19:30:05+06:00,2026-08-02T10:56:53+06:00
79,USR008,+8801416261428,Imran Jahan,FDI0000080,2026-05-18T01:24:59+06:00,Foodi Demo Kitchen 01,Bangla,Mohammadpur,23.76866,90.3555,1215,card,refunded,2026-05-18T01:50:59+06:00,True,Foodi,FDI-RDR-010,Shuvo Kabir,8801941100059,delivery_rider,Bike,Dhaka-Metro-LA-31-8053,2024-10-07,4.30,active,Mohammadpur,59,37,808,2026-02-11T13:16:22+06:00,2026-08-10T20:09:48+06:00
80,USR008,+8801416261428,Imran Jahan,FDI0000081,2026-03-17T10:27:19+06:00,Foodi Demo Kitchen 02,Fast Food,Banani,23.788959,90.400865,1824,mobile_wallet,delivered,2026-03-17T12:34:19+06:00,True,Foodi,FDI-RDR-020,Rakib Hasan,8801703040974,delivery_rider,Bike,Dhaka-Metro-LA-11-8668,2025-06-15,4.73,active,Banani,34,25,770,2026-02-15T15:29:27+06:00,2026-08-02T04:28:06+06:00
81,USR008,+8801416261428,Imran Jahan,FDI0000082,2026-03-09T18:46:08+06:00,Foodi Demo Kitchen 05,Pizza,Mohakhali,23.784036,90.396386,1141,cash,refunded,2026-03-09T19:48:08+06:00,True,Foodi,FDI-RDR-009,Mahmud Ali,8801453596488,delivery_rider,Bike,Dhaka-Metro-LA-50-1637,2024-06-25,4.64,active,Mohakhali,67,33,309,2026-02-10T09:51:53+06:00,2026-08-10T22:36:11+06:00
82,USR008,+8801416261428,Imran Jahan,FDI0000083,2026-07-30T02:40:05+06:00,Foodi Demo Kitchen 01,Bangla,Uttara,23.870394,90.373983,1340,cash,delivered,2026-07-30T06:09:05+06:00,True,Foodi,FDI-RDR-017,Tuhin Kabir,8801437966170,delivery_rider,Bike,Dhaka-Metro-LA-31-7414,2026-03-12,4.47,active,Uttara,56,36,899,2026-02-12T19:30:05+06:00,2026-08-02T10:56:53+06:00
83,USR008,+8801416261428,Imran Jahan,FDI0000084,2026-02-26T10:31:07+06:00,Foodi Demo Kitchen 08,Kebab,Old Dhaka,23.70982,90.402122,566,cash,delivered,2026-02-26T14:06:07+06:00,True,Foodi,FDI-RDR-012,Parvez Mollah,8801798672324,delivery_rider,Bike,Dhaka-Metro-LA-18-1627,2023-01-21,4.38,active,Old Dhaka,70,47,563,2026-02-10T12:20:28+06:00,2026-08-08T06:41:21+06:00
84,USR008,+8801416261428,Imran Jahan,FDI0000085,2026-03-10T20:02:04+06:00,Foodi Demo Kitchen 06,Burgers,Pallabi,23.823219,90.368878,1033,card,delivered,2026-03-10T20:58:04+06:00,True,Foodi,FDI-RDR-013,Sabbir Hossain,8801364196925,delivery_rider,Bike,Dhaka-Metro-LA-17-2602,2024-08-29,4.32,active,Pallabi,52,36,1655,2026-02-13T02:02:06+06:00,2026-08-06T19:24:26+06:00
85,USR009,+8801912664313,Samira Jahan,FDI0000086,2026-02-13T19:01:33+06:00,Foodi Demo Kitchen 03,Biryani,Badda,23.774132,90.427615,799,mobile_wallet,refunded,2026-02-13T19:26:33+06:00,True,Foodi,FDI-RDR-001,Nahid Ali,8801862610128,delivery_rider,Bike,Dhaka-Metro-LA-30-5508,2024-10-09,4.84,active,Badda,24,15,971,2026-02-13T19:01:33+06:00,2026-07-28T10:35:20+06:00
86,USR009,+8801912664313,Samira Jahan,FDI0000087,2026-05-29T03:23:18+06:00,Foodi Demo Kitchen 03,Biryani,Rampura,23.752962,90.426597,1073,cash,cancelled,2026-05-29T05:47:18+06:00,True,Foodi,FDI-RDR-014,Sabbir Ahmed,8801739856270,delivery_rider,Bike,Dhaka-Metro-LA-13-2488,2024-03-05,4.91,active,Rampura,71,47,1187,2026-02-10T02:57:10+06:00,2026-08-07T14:03:06+06:00
87,USR009,+8801912664313,Samira Jahan,FDI0000088,2026-07-25T04:38:17+06:00,Foodi Demo Kitchen 07,Thai,Old Dhaka,23.703747,90.409312,255,mobile_wallet,delivered,2026-07-25T07:32:17+06:00,True,Foodi,FDI-RDR-012,Parvez Mollah,8801798672324,delivery_rider,Bike,Dhaka-Metro-LA-18-1627,2023-01-21,4.38,active,Old Dhaka,70,47,563,2026-02-10T12:20:28+06:00,2026-08-08T06:41:21+06:00
88,USR009,+8801912664313,Samira Jahan,FDI0000089,2026-03-08T04:36:13+06:00,Foodi Demo Kitchen 02,Fast Food,Shyamoli,23.776775,90.366962,592,card,cancelled,2026-03-08T08:01:13+06:00,True,Foodi,FDI-RDR-015,Al Amin Ahmed,8801422934517,delivery_rider,Bike,Dhaka-Metro-LA-24-2387,2025-07-31,4.60,active,Shyamoli,43,20,343,2026-02-15T20:41:46+06:00,2026-08-10T01:54:52+06:00
89,USR009,+8801912664313,Samira Jahan,FDI0000090,2026-05-16T09:06:03+06:00,Foodi Demo Kitchen 07,Thai,Banani,23.795644,90.397756,1767,mobile_wallet,delivered,2026-05-16T11:15:03+06:00,True,Foodi,FDI-RDR-002,Rony Sarker,8801683501448,delivery_rider,Bike,Dhaka-Metro-LA-47-5838,2023-05-27,4.52,active,Banani,29,19,739,2026-02-13T16:48:02+06:00,2026-07-30T12:32:32+06:00
90,USR009,+8801912664313,Samira Jahan,FDI0000091,2026-04-12T08:18:29+06:00,Foodi Demo Kitchen 01,Bangla,Mohammadpur,23.766758,90.357755,1472,cash,delivered,2026-04-12T09:30:29+06:00,True,Foodi,FDI-RDR-010,Shuvo Kabir,8801941100059,delivery_rider,Bike,Dhaka-Metro-LA-31-8053,2024-10-07,4.30,active,Mohammadpur,59,37,808,2026-02-11T13:16:22+06:00,2026-08-10T20:09:48+06:00
91,USR009,+8801912664313,Samira Jahan,FDI0000092,2026-03-31T02:18:05+06:00,Foodi Demo Kitchen 02,Fast Food,Motijheel,23.72767,90.418666,967,card,refunded,2026-03-31T05:07:05+06:00,True,Foodi,FDI-RDR-011,Mahmud Hasan,8801546275934,delivery_rider,Bike,Dhaka-Metro-LA-42-9695,2024-01-04,4.61,active,Motijheel,44,30,774,2026-02-12T09:24:57+06:00,2026-08-10T17:38:53+06:00
92,USR009,+8801912664313,Samira Jahan,FDI0000093,2026-04-11T10:41:18+06:00,Foodi Demo Kitchen 04,Cafe,Pallabi,23.826152,90.356226,1776,card,delivered,2026-04-11T11:25:18+06:00,True,Foodi,FDI-RDR-013,Sabbir Hossain,8801364196925,delivery_rider,Bike,Dhaka-Metro-LA-17-2602,2024-08-29,4.32,active,Pallabi,52,36,1655,2026-02-13T02:02:06+06:00,2026-08-06T19:24:26+06:00
93,USR009,+8801912664313,Samira Jahan,FDI0000094,2026-03-13T18:03:57+06:00,Foodi Demo Kitchen 02,Fast Food,Rampura,23.755467,90.423698,309,card,refunded,2026-03-13T21:22:57+06:00,True,Foodi,FDI-RDR-014,Sabbir Ahmed,8801739856270,delivery_rider,Bike,Dhaka-Metro-LA-13-2488,2024-03-05,4.91,active,Rampura,71,47,1187,2026-02-10T02:57:10+06:00,2026-08-07T14:03:06+06:00
94,USR010,+8801645545273,Nadia Uddin,FDI0000095,2026-05-28T09:11:16+06:00,Foodi Demo Kitchen 07,Thai,Bashundhara,23.811989,90.419261,768,mobile_wallet,delivered,2026-05-28T09:43:16+06:00,True,Foodi,FDI-RDR-003,Rasel Rahman,8801991735857,delivery_rider,Bike,Dhaka-Metro-LA-25-1024,2025-03-30,4.27,active,Bashundhara,27,16,1021,2026-02-24T21:14:45+06:00,2026-08-07T13:05:52+06:00
95,USR010,+8801645545273,Nadia Uddin,FDI0000096,2026-07-18T04:18:27+06:00,Foodi Demo Kitchen 08,Kebab,Mohammadpur,23.760818,90.353929,932,cash,refunded,2026-07-18T05:50:27+06:00,True,Foodi,FDI-RDR-010,Shuvo Kabir,8801941100059,delivery_rider,Bike,Dhaka-Metro-LA-31-8053,2024-10-07,4.30,active,Mohammadpur,59,37,808,2026-02-11T13:16:22+06:00,2026-08-10T20:09:48+06:00
96,USR010,+8801645545273,Nadia Uddin,FDI0000097,2026-07-30T13:00:09+06:00,Foodi Demo Kitchen 06,Burgers,Khilgaon,23.747283,90.422321,466,card,delivered,2026-07-30T15:49:09+06:00,True,Foodi,FDI-RDR-007,Shakil Sarker,8801645088972,delivery_rider,Bike,Dhaka-Metro-LA-51-7903,2024-11-22,4.89,active,Khilgaon,63,46,238,2026-02-12T07:27:28+06:00,2026-08-08T00:12:25+06:00
97,USR010,+8801645545273,Nadia Uddin,FDI0000098,2026-05-11T10:16:42+06:00,Foodi Demo Kitchen 04,Cafe,Banani,23.789152,90.402236,788,card,cancelled,2026-05-11T10:48:42+06:00,True,Foodi,FDI-RDR-020,Rakib Hasan,8801703040974,delivery_rider,Bike,Dhaka-Metro-LA-11-8668,2025-06-15,4.73,active,Banani,34,25,770,2026-02-15T15:29:27+06:00,2026-08-02T04:28:06+06:00
98,USR010,+8801645545273,Nadia Uddin,FDI0000099,2026-06-07T06:28:47+06:00,Foodi Demo Kitchen 08,Kebab,Dhanmondi,23.737956,90.38208,375,card,delivered,2026-06-07T08:15:47+06:00,True,Foodi,FDI-RDR-004,Arif Mahmud,8801854692697,delivery_rider,Bike,Dhaka-Metro-LA-31-2968,2025-07-12,4.47,active,Dhanmondi,34,22,1435,2026-02-20T13:46:59+06:00,2026-08-05T20:00:40+06:00
99,USR010,+8801645545273,Nadia Uddin,FDI0000100,2026-02-23T08:28:08+06:00,Foodi Demo Kitchen 06,Burgers,Khilgaon,23.758631,90.435121,694,mobile_wallet,cancelled,2026-02-23T10:10:08+06:00,True,Foodi,FDI-RDR-007,Shakil Sarker,8801645088972,delivery_rider,Bike,Dhaka-Metro-LA-51-7903,2024-11-22,4.89,active,Khilgaon,63,46,238,2026-02-12T07:27:28+06:00,2026-08-08T00:12:25+06:00
100,USR010,+8801645545273,Nadia Uddin,FDI0000101,2026-08-01T02:40:13+06:00,Foodi Demo Kitchen 02,Fast Food,Khilgaon,23.748312,90.428922,1278,card,delivered,2026-08-01T04:41:13+06:00,True,Foodi,FDI-RDR-007,Shakil Sarker,8801645088972,delivery_rider,Bike,Dhaka-Metro-LA-51-7903,2024-11-22,4.89,active,Khilgaon,63,46,238,2026-02-12T07:27:28+06:00,2026-08-08T00:12:25+06:00
101,USR010,+8801645545273,Nadia Uddin,FDI0000102,2026-03-19T14:47:48+06:00,Foodi Demo Kitchen 04,Cafe,Mohakhali,23.777387,90.403796,1003,mobile_wallet,delivered,2026-03-19T15:41:48+06:00,True,Foodi,FDI-RDR-009,Mahmud Ali,8801453596488,delivery_rider,Bike,Dhaka-Metro-LA-50-1637,2024-06-25,4.64,active,Mohakhali,67,33,309,2026-02-10T09:51:53+06:00,2026-08-10T22:36:11+06:00
102,USR010,+8801645545273,Nadia Uddin,FDI0000103,2026-05-01T20:46:44+06:00,Foodi Demo Kitchen 01,Bangla,Uttara,23.883476,90.376287,347,card,refunded,2026-05-01T22:58:44+06:00,True,Foodi,FDI-RDR-017,Tuhin Kabir,8801437966170,delivery_rider,Bike,Dhaka-Metro-LA-31-7414,2026-03-12,4.47,active,Uttara,56,36,899,2026-02-12T19:30:05+06:00,2026-08-02T10:56:53+06:00
103,USR010,+8801645545273,Nadia Uddin,FDI0000104,2026-05-13T18:50:13+06:00,Foodi Demo Kitchen 07,Thai,Banani,23.793826,90.414281,895,cash,delivered,2026-05-13T20:35:13+06:00,True,Foodi,FDI-RDR-020,Rakib Hasan,8801703040974,delivery_rider,Bike,Dhaka-Metro-LA-11-8668,2025-06-15,4.73,active,Banani,34,25,770,2026-02-15T15:29:27+06:00,2026-08-02T04:28:06+06:00
104,USR010,+8801645545273,Nadia Uddin,FDI0000105,2026-02-24T08:00:52+06:00,Foodi Demo Kitchen 08,Kebab,Mohakhali,23.782018,90.395938,1436,card,refunded,2026-02-24T10:50:52+06:00,True,Foodi,FDI-RDR-009,Mahmud Ali,8801453596488,delivery_rider,Bike,Dhaka-Metro-LA-50-1637,2024-06-25,4.64,active,Mohakhali,67,33,309,2026-02-10T09:51:53+06:00,2026-08-10T22:36:11+06:00
105,USR010,+8801645545273,Nadia Uddin,FDI0000106,2026-06-14T03:56:15+06:00,Foodi Demo Kitchen 03,Biryani,Pallabi,23.825587,90.365251,1057,card,delivered,2026-06-14T04:33:15+06:00,True,Foodi,FDI-RDR-013,Sabbir Hossain,8801364196925,delivery_rider,Bike,Dhaka-Metro-LA-17-2602,2024-08-29,4.32,active,Pallabi,52,36,1655,2026-02-13T02:02:06+06:00,2026-08-06T19:24:26+06:00
106,USR010,+8801645545273,Nadia Uddin,FDI0000107,2026-04-16T09:55:39+06:00,Foodi Demo Kitchen 03,Biryani,Mohammadpur,23.774707,90.354192,383,card,cancelled,2026-04-16T10:19:39+06:00,True,Foodi,FDI-RDR-010,Shuvo Kabir,8801941100059,delivery_rider,Bike,Dhaka-Metro-LA-31-8053,2024-10-07,4.30,active,Mohammadpur,59,37,808,2026-02-11T13:16:22+06:00,2026-08-10T20:09:48+06:00
107,USR011,+8801667091759,Samira Mahmud,FDI0000108,2026-04-22T22:59:24+06:00,Foodi Demo Kitchen 07,Thai,Dhanmondi,23.742839,90.381468,1352,card,delivered,2026-04-23T02:05:24+06:00,True,Foodi,FDI-RDR-022,Habib Chowdhury,8801384916196,delivery_rider,Bike,Dhaka-Metro-LA-46-4315,2024-05-20,4.33,active,Dhanmondi,27,18,197,2026-02-12T07:13:30+06:00,2026-08-05T01:26:05+06:00
108,USR011,+8801667091759,Samira Mahmud,FDI0000109,2026-07-14T15:40:34+06:00,Foodi Demo Kitchen 05,Pizza,Gulshan,23.796019,90.408883,862,card,delivered,2026-07-14T18:03:34+06:00,True,Foodi,FDI-RDR-006,Hasan Mahmud,8801309144811,delivery_rider,Bike,Dhaka-Metro-LA-24-6061,2023-05-09,4.71,active,Gulshan,53,31,1075,2026-02-11T04:00:15+06:00,2026-08-05T08:02:50+06:00
109,USR011,+8801667091759,Samira Mahmud,FDI0000110,2026-06-12T02:13:54+06:00,Foodi Demo Kitchen 03,Biryani,Mohammadpur,23.775523,90.365948,1708,mobile_wallet,delivered,2026-06-12T03:18:54+06:00,True,Foodi,FDI-RDR-010,Shuvo Kabir,8801941100059,delivery_rider,Bike,Dhaka-Metro-LA-31-8053,2024-10-07,4.30,active,Mohammadpur,59,37,808,2026-02-11T13:16:22+06:00,2026-08-10T20:09:48+06:00
110,USR011,+8801667091759,Samira Mahmud,FDI0000111,2026-05-28T15:00:47+06:00,Foodi Demo Kitchen 07,Thai,Uttara,23.873578,90.382296,359,cash,delivered,2026-05-28T16:22:47+06:00,True,Foodi,FDI-RDR-017,Tuhin Kabir,8801437966170,delivery_rider,Bike,Dhaka-Metro-LA-31-7414,2026-03-12,4.47,active,Uttara,56,36,899,2026-02-12T19:30:05+06:00,2026-08-02T10:56:53+06:00
111,USR011,+8801667091759,Samira Mahmud,FDI0000112,2026-02-19T03:59:44+06:00,Foodi Demo Kitchen 06,Burgers,Dhanmondi,23.744672,90.376847,1177,mobile_wallet,delivered,2026-02-19T05:34:44+06:00,True,Foodi,FDI-RDR-022,Habib Chowdhury,8801384916196,delivery_rider,Bike,Dhaka-Metro-LA-46-4315,2024-05-20,4.33,active,Dhanmondi,27,18,197,2026-02-12T07:13:30+06:00,2026-08-05T01:26:05+06:00
112,USR011,+8801667091759,Samira Mahmud,FDI0000113,2026-03-02T13:48:54+06:00,Foodi Demo Kitchen 03,Biryani,Farmgate,23.753961,90.397353,1525,card,delivered,2026-03-02T17:12:54+06:00,True,Foodi,FDI-RDR-023,Shahadat Hasan,8801754954467,delivery_rider,Bike,Dhaka-Metro-LA-51-6371,2025-12-07,4.56,active,Farmgate,36,23,1181,2026-02-18T00:50:59+06:00,2026-08-06T11:04:59+06:00
113,USR011,+8801667091759,Samira Mahmud,FDI0000114,2026-08-02T01:30:00+06:00,Foodi Demo Kitchen 06,Burgers,Uttara,23.874585,90.372096,1550,cash,delivered,2026-08-02T02:35:00+06:00,True,Foodi,FDI-RDR-017,Tuhin Kabir,8801437966170,delivery_rider,Bike,Dhaka-Metro-LA-31-7414,2026-03-12,4.47,active,Uttara,56,36,899,2026-02-12T19:30:05+06:00,2026-08-02T10:56:53+06:00
114,USR011,+8801667091759,Samira Mahmud,FDI0000115,2026-08-04T04:32:17+06:00,Foodi Demo Kitchen 05,Pizza,Wari,23.729245,90.41943,359,card,delivered,2026-08-04T06:00:17+06:00,True,Foodi,FDI-RDR-018,Mehedi Karim,8801825989091,delivery_rider,Bicycle,BIC-77242,2025-01-08,4.35,active,Wari,63,40,1814,2026-02-12T18:32:46+06:00,2026-08-04T04:32:17+06:00
115,USR011,+8801667091759,Samira Mahmud,FDI0000116,2026-03-29T08:24:46+06:00,Foodi Demo Kitchen 03,Biryani,Rampura,23.769657,90.413641,1802,mobile_wallet,delivered,2026-03-29T09:46:46+06:00,True,Foodi,FDI-RDR-014,Sabbir Ahmed,8801739856270,delivery_rider,Bike,Dhaka-Metro-LA-13-2488,2024-03-05,4.91,active,Rampura,71,47,1187,2026-02-10T02:57:10+06:00,2026-08-07T14:03:06+06:00
116,USR011,+8801667091759,Samira Mahmud,FDI0000117,2026-02-18T14:33:09+06:00,Foodi Demo Kitchen 04,Cafe,Old Dhaka,23.709059,90.405291,1790,mobile_wallet,refunded,2026-02-18T18:12:09+06:00,True,Foodi,FDI-RDR-012,Parvez Mollah,8801798672324,delivery_rider,Bike,Dhaka-Metro-LA-18-1627,2023-01-21,4.38,active,Old Dhaka,70,47,563,2026-02-10T12:20:28+06:00,2026-08-08T06:41:21+06:00
117,USR011,+8801667091759,Samira Mahmud,FDI0000118,2026-06-15T02:18:34+06:00,Foodi Demo Kitchen 04,Cafe,Wari,23.714367,90.412668,337,mobile_wallet,cancelled,2026-06-15T04:22:34+06:00,True,Foodi,FDI-RDR-018,Mehedi Karim,8801825989091,delivery_rider,Bicycle,BIC-77242,2025-01-08,4.35,active,Wari,63,40,1814,2026-02-12T18:32:46+06:00,2026-08-04T04:32:17+06:00
118,USR012,+8801503416513,Siam Hasan,FDI0000119,2026-04-23T18:20:49+06:00,Foodi Demo Kitchen 03,Biryani,Motijheel,23.737074,90.422378,1052,card,delivered,2026-04-23T20:51:49+06:00,True,Foodi,FDI-RDR-011,Mahmud Hasan,8801546275934,delivery_rider,Bike,Dhaka-Metro-LA-42-9695,2024-01-04,4.61,active,Motijheel,44,30,774,2026-02-12T09:24:57+06:00,2026-08-10T17:38:53+06:00
119,USR012,+8801503416513,Siam Hasan,FDI0000120,2026-03-22T16:35:16+06:00,Foodi Demo Kitchen 05,Pizza,Uttara,23.868379,90.376504,1077,card,refunded,2026-03-22T18:01:16+06:00,True,Foodi,FDI-RDR-017,Tuhin Kabir,8801437966170,delivery_rider,Bike,Dhaka-Metro-LA-31-7414,2026-03-12,4.47,active,Uttara,56,36,899,2026-02-12T19:30:05+06:00,2026-08-02T10:56:53+06:00
120,USR012,+8801503416513,Siam Hasan,FDI0000121,2026-06-03T00:42:47+06:00,Foodi Demo Kitchen 06,Burgers,Mirpur,23.815488,90.372144,1372,card,cancelled,2026-06-03T02:37:47+06:00,True,Foodi,FDI-RDR-008,Al Amin Mahmud,8801773840158,delivery_rider,Bike,Dhaka-Metro-LA-16-1506,2024-12-21,4.88,active,Mirpur,55,38,553,2026-02-10T07:25:37+06:00,2026-08-10T06:22:54+06:00
121,USR012,+8801503416513,Siam Hasan,FDI0000122,2026-05-02T13:07:00+06:00,Foodi Demo Kitchen 07,Thai,Khilgaon,23.751779,90.431816,449,card,refunded,2026-05-02T16:12:00+06:00,True,Foodi,FDI-RDR-007,Shakil Sarker,8801645088972,delivery_rider,Bike,Dhaka-Metro-LA-51-7903,2024-11-22,4.89,active,Khilgaon,63,46,238,2026-02-12T07:27:28+06:00,2026-08-08T00:12:25+06:00
122,USR012,+8801503416513,Siam Hasan,FDI0000123,2026-03-26T10:37:55+06:00,Foodi Demo Kitchen 07,Thai,Khilgaon,23.750224,90.421652,1695,mobile_wallet,refunded,2026-03-26T12:06:55+06:00,True,Foodi,FDI-RDR-007,Shakil Sarker,8801645088972,delivery_rider,Bike,Dhaka-Metro-LA-51-7903,2024-11-22,4.89,active,Khilgaon,63,46,238,2026-02-12T07:27:28+06:00,2026-08-08T00:12:25+06:00
123,USR012,+8801503416513,Siam Hasan,FDI0000124,2026-03-20T16:36:54+06:00,Foodi Demo Kitchen 04,Cafe,Uttara,23.882389,90.387849,232,mobile_wallet,delivered,2026-03-20T17:22:54+06:00,True,Foodi,FDI-RDR-017,Tuhin Kabir,8801437966170,delivery_rider,Bike,Dhaka-Metro-LA-31-7414,2026-03-12,4.47,active,Uttara,56,36,899,2026-02-12T19:30:05+06:00,2026-08-02T10:56:53+06:00
124,USR012,+8801503416513,Siam Hasan,FDI0000125,2026-04-02T12:59:34+06:00,Foodi Demo Kitchen 08,Kebab,Pallabi,23.821676,90.373593,874,cash,cancelled,2026-04-02T13:21:34+06:00,True,Foodi,FDI-RDR-013,Sabbir Hossain,8801364196925,delivery_rider,Bike,Dhaka-Metro-LA-17-2602,2024-08-29,4.32,active,Pallabi,52,36,1655,2026-02-13T02:02:06+06:00,2026-08-06T19:24:26+06:00
125,USR012,+8801503416513,Siam Hasan,FDI0000126,2026-03-14T23:42:25+06:00,Foodi Demo Kitchen 08,Kebab,Old Dhaka,23.703681,90.403606,1468,card,cancelled,2026-03-15T01:00:25+06:00,True,Foodi,FDI-RDR-012,Parvez Mollah,8801798672324,delivery_rider,Bike,Dhaka-Metro-LA-18-1627,2023-01-21,4.38,active,Old Dhaka,70,47,563,2026-02-10T12:20:28+06:00,2026-08-08T06:41:21+06:00
126,USR012,+8801503416513,Siam Hasan,FDI0000127,2026-02-25T05:15:19+06:00,Foodi Demo Kitchen 07,Thai,Uttara,23.877919,90.379794,1003,card,refunded,2026-02-25T08:19:19+06:00,True,Foodi,FDI-RDR-017,Tuhin Kabir,8801437966170,delivery_rider,Bike,Dhaka-Metro-LA-31-7414,2026-03-12,4.47,active,Uttara,56,36,899,2026-02-12T19:30:05+06:00,2026-08-02T10:56:53+06:00
127,USR012,+8801503416513,Siam Hasan,FDI0000128,2026-06-01T11:56:39+06:00,Foodi Demo Kitchen 03,Biryani,Dhanmondi,23.75003,90.371951,945,mobile_wallet,delivered,2026-06-01T12:39:39+06:00,True,Foodi,FDI-RDR-004,Arif Mahmud,8801854692697,delivery_rider,Bike,Dhaka-Metro-LA-31-2968,2025-07-12,4.47,active,Dhanmondi,34,22,1435,2026-02-20T13:46:59+06:00,2026-08-05T20:00:40+06:00
128,USR013,+8801357928509,Arif Sultana,FDI0000129,2026-04-12T02:53:34+06:00,Foodi Demo Kitchen 06,Burgers,Mohammadpur,23.763768,90.364565,1046,card,refunded,2026-04-12T05:03:34+06:00,True,Foodi,FDI-RDR-010,Shuvo Kabir,8801941100059,delivery_rider,Bike,Dhaka-Metro-LA-31-8053,2024-10-07,4.30,active,Mohammadpur,59,37,808,2026-02-11T13:16:22+06:00,2026-08-10T20:09:48+06:00
129,USR013,+8801357928509,Arif Sultana,FDI0000130,2026-06-05T16:09:49+06:00,Foodi Demo Kitchen 05,Pizza,Uttara,23.879326,90.376139,1278,mobile_wallet,delivered,2026-06-05T18:30:49+06:00,True,Foodi,FDI-RDR-017,Tuhin Kabir,8801437966170,delivery_rider,Bike,Dhaka-Metro-LA-31-7414,2026-03-12,4.47,active,Uttara,56,36,899,2026-02-12T19:30:05+06:00,2026-08-02T10:56:53+06:00
130,USR013,+8801357928509,Arif Sultana,FDI0000131,2026-04-06T22:20:51+06:00,Foodi Demo Kitchen 07,Thai,Khilgaon,23.75115,90.426989,1048,mobile_wallet,delivered,2026-04-07T01:52:51+06:00,True,Foodi,FDI-RDR-007,Shakil Sarker,8801645088972,delivery_rider,Bike,Dhaka-Metro-LA-51-7903,2024-11-22,4.89,active,Khilgaon,63,46,238,2026-02-12T07:27:28+06:00,2026-08-08T00:12:25+06:00
131,USR013,+8801357928509,Arif Sultana,FDI0000132,2026-05-01T16:59:41+06:00,Foodi Demo Kitchen 08,Kebab,Farmgate,23.765704,90.386046,1468,card,delivered,2026-05-01T20:20:41+06:00,True,Foodi,FDI-RDR-023,Shahadat Hasan,8801754954467,delivery_rider,Bike,Dhaka-Metro-LA-51-6371,2025-12-07,4.56,active,Farmgate,36,23,1181,2026-02-18T00:50:59+06:00,2026-08-06T11:04:59+06:00
132,USR013,+8801357928509,Arif Sultana,FDI0000133,2026-03-09T18:01:31+06:00,Foodi Demo Kitchen 08,Kebab,Old Dhaka,23.70999,90.398852,656,cash,refunded,2026-03-09T20:33:31+06:00,True,Foodi,FDI-RDR-012,Parvez Mollah,8801798672324,delivery_rider,Bike,Dhaka-Metro-LA-18-1627,2023-01-21,4.38,active,Old Dhaka,70,47,563,2026-02-10T12:20:28+06:00,2026-08-08T06:41:21+06:00
133,USR013,+8801357928509,Arif Sultana,FDI0000134,2026-06-27T12:54:47+06:00,Foodi Demo Kitchen 07,Thai,Pallabi,23.831498,90.366883,487,cash,delivered,2026-06-27T15:29:47+06:00,True,Foodi,FDI-RDR-013,Sabbir Hossain,8801364196925,delivery_rider,Bike,Dhaka-Metro-LA-17-2602,2024-08-29,4.32,active,Pallabi,52,36,1655,2026-02-13T02:02:06+06:00,2026-08-06T19:24:26+06:00
134,USR013,+8801357928509,Arif Sultana,FDI0000135,2026-05-02T15:12:54+06:00,Foodi Demo Kitchen 03,Biryani,Wari,23.72624,90.425415,643,cash,refunded,2026-05-02T16:01:54+06:00,True,Foodi,FDI-RDR-018,Mehedi Karim,8801825989091,delivery_rider,Bicycle,BIC-77242,2025-01-08,4.35,active,Wari,63,40,1814,2026-02-12T18:32:46+06:00,2026-08-04T04:32:17+06:00
135,USR013,+8801357928509,Arif Sultana,FDI0000136,2026-07-15T08:14:18+06:00,Foodi Demo Kitchen 02,Fast Food,Wari,23.723054,90.424064,313,mobile_wallet,delivered,2026-07-15T11:45:18+06:00,True,Foodi,FDI-RDR-018,Mehedi Karim,8801825989091,delivery_rider,Bicycle,BIC-77242,2025-01-08,4.35,active,Wari,63,40,1814,2026-02-12T18:32:46+06:00,2026-08-04T04:32:17+06:00
136,USR013,+8801357928509,Arif Sultana,FDI0000137,2026-07-19T10:51:25+06:00,Foodi Demo Kitchen 03,Biryani,Rampura,23.763291,90.412675,1479,mobile_wallet,delivered,2026-07-19T12:52:25+06:00,True,Foodi,FDI-RDR-014,Sabbir Ahmed,8801739856270,delivery_rider,Bike,Dhaka-Metro-LA-13-2488,2024-03-05,4.91,active,Rampura,71,47,1187,2026-02-10T02:57:10+06:00,2026-08-07T14:03:06+06:00
137,USR013,+8801357928509,Arif Sultana,FDI0000138,2026-07-10T17:48:18+06:00,Foodi Demo Kitchen 07,Thai,Bashundhara,23.814256,90.419959,1669,mobile_wallet,delivered,2026-07-10T18:36:18+06:00,True,Foodi,FDI-RDR-021,Habib Khan,8801640944989,delivery_rider,Bicycle,BIC-62834,2024-07-09,4.84,active,Bashundhara,33,19,586,2026-03-08T16:51:38+06:00,2026-08-08T20:11:49+06:00
138,USR013,+8801357928509,Arif Sultana,FDI0000139,2026-04-30T08:05:32+06:00,Foodi Demo Kitchen 04,Cafe,Mohammadpur,23.763035,90.351065,1149,card,refunded,2026-04-30T09:07:32+06:00,True,Foodi,FDI-RDR-010,Shuvo Kabir,8801941100059,delivery_rider,Bike,Dhaka-Metro-LA-31-8053,2024-10-07,4.30,active,Mohammadpur,59,37,808,2026-02-11T13:16:22+06:00,2026-08-10T20:09:48+06:00
139,USR013,+8801357928509,Arif Sultana,FDI0000140,2026-08-02T20:20:27+06:00,Foodi Demo Kitchen 01,Bangla,Khilgaon,23.746284,90.432018,878,cash,delivered,2026-08-02T22:42:27+06:00,True,Foodi,FDI-RDR-007,Shakil Sarker,8801645088972,delivery_rider,Bike,Dhaka-Metro-LA-51-7903,2024-11-22,4.89,active,Khilgaon,63,46,238,2026-02-12T07:27:28+06:00,2026-08-08T00:12:25+06:00
140,USR013,+8801357928509,Arif Sultana,FDI0000141,2026-06-02T17:03:27+06:00,Foodi Demo Kitchen 07,Thai,Khilgaon,23.753372,90.433213,973,card,delivered,2026-06-02T18:20:27+06:00,True,Foodi,FDI-RDR-007,Shakil Sarker,8801645088972,delivery_rider,Bike,Dhaka-Metro-LA-51-7903,2024-11-22,4.89,active,Khilgaon,63,46,238,2026-02-12T07:27:28+06:00,2026-08-08T00:12:25+06:00
141,USR013,+8801357928509,Arif Sultana,FDI0000142,2026-05-05T17:09:21+06:00,Foodi Demo Kitchen 04,Cafe,Mirpur,23.826869,90.362001,641,mobile_wallet,delivered,2026-05-05T19:21:21+06:00,True,Foodi,FDI-RDR-008,Al Amin Mahmud,8801773840158,delivery_rider,Bike,Dhaka-Metro-LA-16-1506,2024-12-21,4.88,active,Mirpur,55,38,553,2026-02-10T07:25:37+06:00,2026-08-10T06:22:54+06:00
142,USR014,+8801787913695,Anika Karim,FDI0000143,2026-04-22T22:40:20+06:00,Foodi Demo Kitchen 06,Burgers,Banani,23.80159,90.411663,1248,card,delivered,2026-04-23T00:43:20+06:00,True,Foodi,FDI-RDR-020,Rakib Hasan,8801703040974,delivery_rider,Bike,Dhaka-Metro-LA-11-8668,2025-06-15,4.73,active,Banani,34,25,770,2026-02-15T15:29:27+06:00,2026-08-02T04:28:06+06:00
143,USR014,+8801787913695,Anika Karim,FDI0000144,2026-05-10T04:48:05+06:00,Foodi Demo Kitchen 08,Kebab,Uttara,23.874283,90.374622,1400,cash,delivered,2026-05-10T05:25:05+06:00,True,Foodi,FDI-RDR-017,Tuhin Kabir,8801437966170,delivery_rider,Bike,Dhaka-Metro-LA-31-7414,2026-03-12,4.47,active,Uttara,56,36,899,2026-02-12T19:30:05+06:00,2026-08-02T10:56:53+06:00
144,USR014,+8801787913695,Anika Karim,FDI0000145,2026-07-08T15:17:41+06:00,Foodi Demo Kitchen 05,Pizza,Farmgate,23.763502,90.39099,308,mobile_wallet,delivered,2026-07-08T18:02:41+06:00,True,Foodi,FDI-RDR-023,Shahadat Hasan,8801754954467,delivery_rider,Bike,Dhaka-Metro-LA-51-6371,2025-12-07,4.56,active,Farmgate,36,23,1181,2026-02-18T00:50:59+06:00,2026-08-06T11:04:59+06:00
145,USR014,+8801787913695,Anika Karim,FDI0000146,2026-05-01T10:29:23+06:00,Foodi Demo Kitchen 04,Cafe,Tejgaon,23.761223,90.391576,1130,mobile_wallet,delivered,2026-05-01T12:33:23+06:00,True,Foodi,FDI-RDR-016,Noman Mollah,8801385740882,delivery_rider,Bike,Dhaka-Metro-LA-22-3253,2025-12-03,4.49,active,Tejgaon,49,28,819,2026-02-13T23:12:09+06:00,2026-08-05T05:30:47+06:00
146,USR014,+8801787913695,Anika Karim,FDI0000147,2026-05-05T09:06:17+06:00,Foodi Demo Kitchen 02,Fast Food,Mirpur,23.824024,90.359502,798,mobile_wallet,delivered,2026-05-05T11:18:17+06:00,True,Foodi,FDI-RDR-008,Al Amin Mahmud,8801773840158,delivery_rider,Bike,Dhaka-Metro-LA-16-1506,2024-12-21,4.88,active,Mirpur,55,38,553,2026-02-10T07:25:37+06:00,2026-08-10T06:22:54+06:00
147,USR014,+8801787913695,Anika Karim,FDI0000148,2026-07-25T14:57:41+06:00,Foodi Demo Kitchen 05,Pizza,Motijheel,23.737911,90.416949,609,cash,delivered,2026-07-25T17:44:41+06:00,True,Foodi,FDI-RDR-011,Mahmud Hasan,8801546275934,delivery_rider,Bike,Dhaka-Metro-LA-42-9695,2024-01-04,4.61,active,Motijheel,44,30,774,2026-02-12T09:24:57+06:00,2026-08-10T17:38:53+06:00
148,USR014,+8801787913695,Anika Karim,FDI0000149,2026-06-07T13:30:16+06:00,Foodi Demo Kitchen 08,Kebab,Badda,23.777983,90.432927,945,cash,refunded,2026-06-07T15:22:16+06:00,True,Foodi,FDI-RDR-019,Imran Khan,8801655026262,delivery_rider,Bike,Dhaka-Metro-LA-31-3687,2024-04-05,4.91,active,Badda,37,23,1569,2026-02-24T06:56:48+06:00,2026-08-06T06:15:06+06:00
149,USR014,+8801787913695,Anika Karim,FDI0000150,2026-05-22T15:39:04+06:00,Foodi Demo Kitchen 07,Thai,Mohammadpur,23.773791,90.367101,856,card,refunded,2026-05-22T18:42:04+06:00,True,Foodi,FDI-RDR-010,Shuvo Kabir,8801941100059,delivery_rider,Bike,Dhaka-Metro-LA-31-8053,2024-10-07,4.30,active,Mohammadpur,59,37,808,2026-02-11T13:16:22+06:00,2026-08-10T20:09:48+06:00
150,USR014,+8801787913695,Anika Karim,FDI0000151,2026-06-04T18:57:36+06:00,Foodi Demo Kitchen 05,Pizza,Tejgaon,23.763153,90.398838,1589,mobile_wallet,delivered,2026-06-04T19:17:36+06:00,True,Foodi,FDI-RDR-016,Noman Mollah,8801385740882,delivery_rider,Bike,Dhaka-Metro-LA-22-3253,2025-12-03,4.49,active,Tejgaon,49,28,819,2026-02-13T23:12:09+06:00,2026-08-05T05:30:47+06:00
151,USR015,+8801807655276,Tanvir Rahman,FDI0000152,2026-02-24T10:58:30+06:00,Foodi Demo Kitchen 06,Burgers,Dhanmondi,23.739817,90.369281,1838,card,delivered,2026-02-24T11:26:30+06:00,True,Foodi,FDI-RDR-004,Arif Mahmud,8801854692697,delivery_rider,Bike,Dhaka-Metro-LA-31-2968,2025-07-12,4.47,active,Dhanmondi,34,22,1435,2026-02-20T13:46:59+06:00,2026-08-05T20:00:40+06:00
152,USR015,+8801807655276,Tanvir Rahman,FDI0000153,2026-07-23T21:14:49+06:00,Foodi Demo Kitchen 02,Fast Food,Mirpur,23.829167,90.368791,852,mobile_wallet,delivered,2026-07-24T00:05:49+06:00,True,Foodi,FDI-RDR-008,Al Amin Mahmud,8801773840158,delivery_rider,Bike,Dhaka-Metro-LA-16-1506,2024-12-21,4.88,active,Mirpur,55,38,553,2026-02-10T07:25:37+06:00,2026-08-10T06:22:54+06:00
153,USR015,+8801807655276,Tanvir Rahman,FDI0000154,2026-04-21T09:01:25+06:00,Foodi Demo Kitchen 07,Thai,Wari,23.720064,90.415428,1830,card,delivered,2026-04-21T12:30:25+06:00,True,Foodi,FDI-RDR-018,Mehedi Karim,8801825989091,delivery_rider,Bicycle,BIC-77242,2025-01-08,4.35,active,Wari,63,40,1814,2026-02-12T18:32:46+06:00,2026-08-04T04:32:17+06:00
154,USR015,+8801807655276,Tanvir Rahman,FDI0000155,2026-06-16T13:13:33+06:00,Foodi Demo Kitchen 06,Burgers,Badda,23.785802,90.431021,830,card,delivered,2026-06-16T16:13:33+06:00,True,Foodi,FDI-RDR-019,Imran Khan,8801655026262,delivery_rider,Bike,Dhaka-Metro-LA-31-3687,2024-04-05,4.91,active,Badda,37,23,1569,2026-02-24T06:56:48+06:00,2026-08-06T06:15:06+06:00
155,USR015,+8801807655276,Tanvir Rahman,FDI0000156,2026-07-20T01:23:23+06:00,Foodi Demo Kitchen 06,Burgers,Mohakhali,23.772199,90.391647,1520,mobile_wallet,delivered,2026-07-20T04:57:23+06:00,True,Foodi,FDI-RDR-009,Mahmud Ali,8801453596488,delivery_rider,Bike,Dhaka-Metro-LA-50-1637,2024-06-25,4.64,active,Mohakhali,67,33,309,2026-02-10T09:51:53+06:00,2026-08-10T22:36:11+06:00
156,USR015,+8801807655276,Tanvir Rahman,FDI0000157,2026-04-25T22:10:42+06:00,Foodi Demo Kitchen 06,Burgers,Farmgate,23.7606,90.394236,1757,mobile_wallet,delivered,2026-04-26T00:45:42+06:00,True,Foodi,FDI-RDR-005,Nayeem Sheikh,8801743750117,delivery_rider,Bike,Dhaka-Metro-LA-11-2234,2025-12-12,4.45,active,Farmgate,28,19,703,2026-02-14T20:09:21+06:00,2026-07-11T22:41:13+06:00
157,USR015,+8801807655276,Tanvir Rahman,FDI0000158,2026-06-07T03:27:18+06:00,Foodi Demo Kitchen 08,Kebab,Gulshan,23.785336,90.401321,614,cash,delivered,2026-06-07T06:12:18+06:00,True,Foodi,FDI-RDR-006,Hasan Mahmud,8801309144811,delivery_rider,Bike,Dhaka-Metro-LA-24-6061,2023-05-09,4.71,active,Gulshan,53,31,1075,2026-02-11T04:00:15+06:00,2026-08-05T08:02:50+06:00
158,USR015,+8801807655276,Tanvir Rahman,FDI0000159,2026-04-19T10:43:38+06:00,Foodi Demo Kitchen 02,Fast Food,Mirpur,23.823818,90.358812,782,mobile_wallet,delivered,2026-04-19T12:37:38+06:00,True,Foodi,FDI-RDR-008,Al Amin Mahmud,8801773840158,delivery_rider,Bike,Dhaka-Metro-LA-16-1506,2024-12-21,4.88,active,Mirpur,55,38,553,2026-02-10T07:25:37+06:00,2026-08-10T06:22:54+06:00
159,USR015,+8801807655276,Tanvir Rahman,FDI0000160,2026-03-08T00:13:06+06:00,Foodi Demo Kitchen 07,Thai,Tejgaon,23.770144,90.394549,464,mobile_wallet,delivered,2026-03-08T01:49:06+06:00,True,Foodi,FDI-RDR-016,Noman Mollah,8801385740882,delivery_rider,Bike,Dhaka-Metro-LA-22-3253,2025-12-03,4.49,active,Tejgaon,49,28,819,2026-02-13T23:12:09+06:00,2026-08-05T05:30:47+06:00
160,USR015,+8801807655276,Tanvir Rahman,FDI0000161,2026-05-11T22:43:33+06:00,Foodi Demo Kitchen 04,Cafe,Old Dhaka,23.702344,90.411031,1831,cash,delivered,2026-05-11T23:59:33+06:00,True,Foodi,FDI-RDR-012,Parvez Mollah,8801798672324,delivery_rider,Bike,Dhaka-Metro-LA-18-1627,2023-01-21,4.38,active,Old Dhaka,70,47,563,2026-02-10T12:20:28+06:00,2026-08-08T06:41:21+06:00
161,USR016,+8801566053876,Nusrat Karim,FDI0000162,2026-04-04T10:34:36+06:00,Foodi Demo Kitchen 06,Burgers,Farmgate,23.762621,90.391877,416,cash,delivered,2026-04-04T14:14:36+06:00,True,Foodi,FDI-RDR-005,Nayeem Sheikh,8801743750117,delivery_rider,Bike,Dhaka-Metro-LA-11-2234,2025-12-12,4.45,active,Farmgate,28,19,703,2026-02-14T20:09:21+06:00,2026-07-11T22:41:13+06:00
162,USR016,+8801566053876,Nusrat Karim,FDI0000163,2026-04-25T13:55:04+06:00,Foodi Demo Kitchen 01,Bangla,Bashundhara,23.807984,90.431869,253,card,refunded,2026-04-25T15:59:04+06:00,True,Foodi,FDI-RDR-021,Habib Khan,8801640944989,delivery_rider,Bicycle,BIC-62834,2024-07-09,4.84,active,Bashundhara,33,19,586,2026-03-08T16:51:38+06:00,2026-08-08T20:11:49+06:00
163,USR016,+8801566053876,Nusrat Karim,FDI0000164,2026-06-28T02:33:04+06:00,Foodi Demo Kitchen 03,Biryani,Tejgaon,23.76514,90.390904,1146,cash,delivered,2026-06-28T03:49:04+06:00,True,Foodi,FDI-RDR-016,Noman Mollah,8801385740882,delivery_rider,Bike,Dhaka-Metro-LA-22-3253,2025-12-03,4.49,active,Tejgaon,49,28,819,2026-02-13T23:12:09+06:00,2026-08-05T05:30:47+06:00
164,USR016,+8801566053876,Nusrat Karim,FDI0000165,2026-04-11T11:34:00+06:00,Foodi Demo Kitchen 08,Kebab,Bashundhara,23.810071,90.425163,1108,cash,cancelled,2026-04-11T13:35:00+06:00,True,Foodi,FDI-RDR-003,Rasel Rahman,8801991735857,delivery_rider,Bike,Dhaka-Metro-LA-25-1024,2025-03-30,4.27,active,Bashundhara,27,16,1021,2026-02-24T21:14:45+06:00,2026-08-07T13:05:52+06:00
165,USR016,+8801566053876,Nusrat Karim,FDI0000166,2026-07-20T14:27:38+06:00,Foodi Demo Kitchen 07,Thai,Dhanmondi,23.748502,90.374066,1506,cash,delivered,2026-07-20T16:23:38+06:00,True,Foodi,FDI-RDR-022,Habib Chowdhury,8801384916196,delivery_rider,Bike,Dhaka-Metro-LA-46-4315,2024-05-20,4.33,active,Dhanmondi,27,18,197,2026-02-12T07:13:30+06:00,2026-08-05T01:26:05+06:00
166,USR016,+8801566053876,Nusrat Karim,FDI0000167,2026-06-24T02:35:27+06:00,Foodi Demo Kitchen 02,Fast Food,Tejgaon,23.760923,90.385049,1773,mobile_wallet,refunded,2026-06-24T05:02:27+06:00,True,Foodi,FDI-RDR-016,Noman Mollah,8801385740882,delivery_rider,Bike,Dhaka-Metro-LA-22-3253,2025-12-03,4.49,active,Tejgaon,49,28,819,2026-02-13T23:12:09+06:00,2026-08-05T05:30:47+06:00
167,USR016,+8801566053876,Nusrat Karim,FDI0000168,2026-02-22T22:40:43+06:00,Foodi Demo Kitchen 06,Burgers,Mohakhali,23.772391,90.401164,657,cash,delivered,2026-02-22T23:16:43+06:00,True,Foodi,FDI-RDR-009,Mahmud Ali,8801453596488,delivery_rider,Bike,Dhaka-Metro-LA-50-1637,2024-06-25,4.64,active,Mohakhali,67,33,309,2026-02-10T09:51:53+06:00,2026-08-10T22:36:11+06:00
168,USR016,+8801566053876,Nusrat Karim,FDI0000169,2026-03-19T13:25:30+06:00,Foodi Demo Kitchen 05,Pizza,Rampura,23.754517,90.426362,525,mobile_wallet,cancelled,2026-03-19T16:51:30+06:00,True,Foodi,FDI-RDR-014,Sabbir Ahmed,8801739856270,delivery_rider,Bike,Dhaka-Metro-LA-13-2488,2024-03-05,4.91,active,Rampura,71,47,1187,2026-02-10T02:57:10+06:00,2026-08-07T14:03:06+06:00
169,USR016,+8801566053876,Nusrat Karim,FDI0000170,2026-03-13T13:07:09+06:00,Foodi Demo Kitchen 03,Biryani,Mohakhali,23.779221,90.405442,778,card,delivered,2026-03-13T15:01:09+06:00,True,Foodi,FDI-RDR-009,Mahmud Ali,8801453596488,delivery_rider,Bike,Dhaka-Metro-LA-50-1637,2024-06-25,4.64,active,Mohakhali,67,33,309,2026-02-10T09:51:53+06:00,2026-08-10T22:36:11+06:00
170,USR016,+8801566053876,Nusrat Karim,FDI0000171,2026-05-17T09:10:12+06:00,Foodi Demo Kitchen 07,Thai,Farmgate,23.759014,90.385532,374,card,delivered,2026-05-17T12:01:12+06:00,True,Foodi,FDI-RDR-023,Shahadat Hasan,8801754954467,delivery_rider,Bike,Dhaka-Metro-LA-51-6371,2025-12-07,4.56,active,Farmgate,36,23,1181,2026-02-18T00:50:59+06:00,2026-08-06T11:04:59+06:00
171,USR016,+8801566053876,Nusrat Karim,FDI0000172,2026-06-13T23:24:58+06:00,Foodi Demo Kitchen 07,Thai,Bashundhara,23.807045,90.419311,1380,mobile_wallet,delivered,2026-06-14T01:25:58+06:00,True,Foodi,FDI-RDR-021,Habib Khan,8801640944989,delivery_rider,Bicycle,BIC-62834,2024-07-09,4.84,active,Bashundhara,33,19,586,2026-03-08T16:51:38+06:00,2026-08-08T20:11:49+06:00
172,USR016,+8801566053876,Nusrat Karim,FDI0000173,2026-05-29T18:53:20+06:00,Foodi Demo Kitchen 06,Burgers,Mirpur,23.828708,90.356768,730,card,delivered,2026-05-29T22:33:20+06:00,True,Foodi,FDI-RDR-008,Al Amin Mahmud,8801773840158,delivery_rider,Bike,Dhaka-Metro-LA-16-1506,2024-12-21,4.88,active,Mirpur,55,38,553,2026-02-10T07:25:37+06:00,2026-08-10T06:22:54+06:00
173,USR016,+8801566053876,Nusrat Karim,FDI0000174,2026-04-06T19:17:27+06:00,Foodi Demo Kitchen 02,Fast Food,Rampura,23.760155,90.426464,700,mobile_wallet,delivered,2026-04-06T21:52:27+06:00,True,Foodi,FDI-RDR-014,Sabbir Ahmed,8801739856270,delivery_rider,Bike,Dhaka-Metro-LA-13-2488,2024-03-05,4.91,active,Rampura,71,47,1187,2026-02-10T02:57:10+06:00,2026-08-07T14:03:06+06:00
174,USR017,+8801485053811,Farzana Islam,FDI0000175,2026-07-21T19:17:02+06:00,Foodi Demo Kitchen 03,Biryani,Shyamoli,23.769327,90.357081,1329,mobile_wallet,delivered,2026-07-21T21:21:02+06:00,True,Foodi,FDI-RDR-015,Al Amin Ahmed,8801422934517,delivery_rider,Bike,Dhaka-Metro-LA-24-2387,2025-07-31,4.60,active,Shyamoli,43,20,343,2026-02-15T20:41:46+06:00,2026-08-10T01:54:52+06:00
175,USR017,+8801485053811,Farzana Islam,FDI0000176,2026-04-11T04:36:40+06:00,Foodi Demo Kitchen 04,Cafe,Khilgaon,23.753549,90.423683,415,cash,delivered,2026-04-11T07:14:40+06:00,True,Foodi,FDI-RDR-007,Shakil Sarker,8801645088972,delivery_rider,Bike,Dhaka-Metro-LA-51-7903,2024-11-22,4.89,active,Khilgaon,63,46,238,2026-02-12T07:27:28+06:00,2026-08-08T00:12:25+06:00
176,USR017,+8801485053811,Farzana Islam,FDI0000177,2026-03-24T08:09:13+06:00,Foodi Demo Kitchen 08,Kebab,Wari,23.726176,90.419753,333,mobile_wallet,cancelled,2026-03-24T11:24:13+06:00,True,Foodi,FDI-RDR-018,Mehedi Karim,8801825989091,delivery_rider,Bicycle,BIC-77242,2025-01-08,4.35,active,Wari,63,40,1814,2026-02-12T18:32:46+06:00,2026-08-04T04:32:17+06:00
177,USR017,+8801485053811,Farzana Islam,FDI0000178,2026-06-04T13:58:57+06:00,Foodi Demo Kitchen 02,Fast Food,Tejgaon,23.755852,90.396675,418,card,delivered,2026-06-04T15:11:57+06:00,True,Foodi,FDI-RDR-016,Noman Mollah,8801385740882,delivery_rider,Bike,Dhaka-Metro-LA-22-3253,2025-12-03,4.49,active,Tejgaon,49,28,819,2026-02-13T23:12:09+06:00,2026-08-05T05:30:47+06:00
178,USR017,+8801485053811,Farzana Islam,FDI0000179,2026-05-07T01:45:30+06:00,Foodi Demo Kitchen 06,Burgers,Uttara,23.869582,90.388139,264,card,delivered,2026-05-07T03:55:30+06:00,True,Foodi,FDI-RDR-017,Tuhin Kabir,8801437966170,delivery_rider,Bike,Dhaka-Metro-LA-31-7414,2026-03-12,4.47,active,Uttara,56,36,899,2026-02-12T19:30:05+06:00,2026-08-02T10:56:53+06:00
179,USR017,+8801485053811,Farzana Islam,FDI0000180,2026-08-10T17:38:53+06:00,Foodi Demo Kitchen 01,Bangla,Motijheel,23.724134,90.416438,451,card,delivered,2026-08-10T18:06:53+06:00,True,Foodi,FDI-RDR-011,Mahmud Hasan,8801546275934,delivery_rider,Bike,Dhaka-Metro-LA-42-9695,2024-01-04,4.61,active,Motijheel,44,30,774,2026-02-12T09:24:57+06:00,2026-08-10T17:38:53+06:00
180,USR017,+8801485053811,Farzana Islam,FDI0000181,2026-07-09T18:19:04+06:00,Foodi Demo Kitchen 03,Biryani,Mirpur,23.821495,90.356966,1568,mobile_wallet,delivered,2026-07-09T18:47:04+06:00,True,Foodi,FDI-RDR-008,Al Amin Mahmud,8801773840158,delivery_rider,Bike,Dhaka-Metro-LA-16-1506,2024-12-21,4.88,active,Mirpur,55,38,553,2026-02-10T07:25:37+06:00,2026-08-10T06:22:54+06:00
181,USR017,+8801485053811,Farzana Islam,FDI0000182,2026-05-24T05:30:17+06:00,Foodi Demo Kitchen 05,Pizza,Rampura,23.766325,90.418627,1613,cash,delivered,2026-05-24T06:33:17+06:00,True,Foodi,FDI-RDR-014,Sabbir Ahmed,8801739856270,delivery_rider,Bike,Dhaka-Metro-LA-13-2488,2024-03-05,4.91,active,Rampura,71,47,1187,2026-02-10T02:57:10+06:00,2026-08-07T14:03:06+06:00
182,USR017,+8801485053811,Farzana Islam,FDI0000183,2026-05-13T08:34:59+06:00,Foodi Demo Kitchen 04,Cafe,Pallabi,23.823191,90.371787,709,card,cancelled,2026-05-13T09:48:59+06:00,True,Foodi,FDI-RDR-013,Sabbir Hossain,8801364196925,delivery_rider,Bike,Dhaka-Metro-LA-17-2602,2024-08-29,4.32,active,Pallabi,52,36,1655,2026-02-13T02:02:06+06:00,2026-08-06T19:24:26+06:00
183,USR018,+8801396253657,Naim Khan,FDI0000184,2026-03-18T23:28:12+06:00,Foodi Demo Kitchen 05,Pizza,Khilgaon,23.7417,90.434359,936,card,delivered,2026-03-19T02:09:12+06:00,True,Foodi,FDI-RDR-007,Shakil Sarker,8801645088972,delivery_rider,Bike,Dhaka-Metro-LA-51-7903,2024-11-22,4.89,active,Khilgaon,63,46,238,2026-02-12T07:27:28+06:00,2026-08-08T00:12:25+06:00
184,USR018,+8801396253657,Naim Khan,FDI0000185,2026-06-16T17:29:06+06:00,Foodi Demo Kitchen 04,Cafe,Banani,23.788182,90.410242,1850,card,delivered,2026-06-16T17:49:06+06:00,True,Foodi,FDI-RDR-002,Rony Sarker,8801683501448,delivery_rider,Bike,Dhaka-Metro-LA-47-5838,2023-05-27,4.52,active,Banani,29,19,739,2026-02-13T16:48:02+06:00,2026-07-30T12:32:32+06:00
185,USR018,+8801396253657,Naim Khan,FDI0000186,2026-03-09T19:28:35+06:00,Foodi Demo Kitchen 07,Thai,Khilgaon,23.751357,90.427052,1456,cash,delivered,2026-03-09T20:27:35+06:00,True,Foodi,FDI-RDR-007,Shakil Sarker,8801645088972,delivery_rider,Bike,Dhaka-Metro-LA-51-7903,2024-11-22,4.89,active,Khilgaon,63,46,238,2026-02-12T07:27:28+06:00,2026-08-08T00:12:25+06:00
186,USR018,+8801396253657,Naim Khan,FDI0000187,2026-06-28T14:01:46+06:00,Foodi Demo Kitchen 04,Cafe,Farmgate,23.755769,90.395928,1423,cash,delivered,2026-06-28T14:26:46+06:00,True,Foodi,FDI-RDR-005,Nayeem Sheikh,8801743750117,delivery_rider,Bike,Dhaka-Metro-LA-11-2234,2025-12-12,4.45,active,Farmgate,28,19,703,2026-02-14T20:09:21+06:00,2026-07-11T22:41:13+06:00
187,USR018,+8801396253657,Naim Khan,FDI0000188,2026-03-22T06:33:43+06:00,Foodi Demo Kitchen 02,Fast Food,Mohakhali,23.781066,90.397156,1016,cash,delivered,2026-03-22T08:20:43+06:00,True,Foodi,FDI-RDR-009,Mahmud Ali,8801453596488,delivery_rider,Bike,Dhaka-Metro-LA-50-1637,2024-06-25,4.64,active,Mohakhali,67,33,309,2026-02-10T09:51:53+06:00,2026-08-10T22:36:11+06:00
188,USR018,+8801396253657,Naim Khan,FDI0000189,2026-07-20T15:54:38+06:00,Foodi Demo Kitchen 05,Pizza,Rampura,23.755797,90.425591,559,card,refunded,2026-07-20T19:15:38+06:00,True,Foodi,FDI-RDR-014,Sabbir Ahmed,8801739856270,delivery_rider,Bike,Dhaka-Metro-LA-13-2488,2024-03-05,4.91,active,Rampura,71,47,1187,2026-02-10T02:57:10+06:00,2026-08-07T14:03:06+06:00
189,USR018,+8801396253657,Naim Khan,FDI0000190,2026-07-12T23:14:50+06:00,Foodi Demo Kitchen 06,Burgers,Pallabi,23.823618,90.366949,1101,card,delivered,2026-07-13T01:13:50+06:00,True,Foodi,FDI-RDR-013,Sabbir Hossain,8801364196925,delivery_rider,Bike,Dhaka-Metro-LA-17-2602,2024-08-29,4.32,active,Pallabi,52,36,1655,2026-02-13T02:02:06+06:00,2026-08-06T19:24:26+06:00
190,USR018,+8801396253657,Naim Khan,FDI0000191,2026-04-21T03:49:20+06:00,Foodi Demo Kitchen 03,Biryani,Gulshan,23.793983,90.410708,416,cash,delivered,2026-04-21T07:05:20+06:00,True,Foodi,FDI-RDR-006,Hasan Mahmud,8801309144811,delivery_rider,Bike,Dhaka-Metro-LA-24-6061,2023-05-09,4.71,active,Gulshan,53,31,1075,2026-02-11T04:00:15+06:00,2026-08-05T08:02:50+06:00
191,USR018,+8801396253657,Naim Khan,FDI0000192,2026-05-18T20:53:35+06:00,Foodi Demo Kitchen 03,Biryani,Rampura,23.763543,90.427014,1676,card,delivered,2026-05-18T23:25:35+06:00,True,Foodi,FDI-RDR-014,Sabbir Ahmed,8801739856270,delivery_rider,Bike,Dhaka-Metro-LA-13-2488,2024-03-05,4.91,active,Rampura,71,47,1187,2026-02-10T02:57:10+06:00,2026-08-07T14:03:06+06:00
192,USR019,+8801759980555,Tanjim Uddin,FDI0000193,2026-02-12T08:01:01+06:00,Foodi Demo Kitchen 04,Cafe,Old Dhaka,23.701917,90.401277,596,cash,delivered,2026-02-12T11:25:01+06:00,True,Foodi,FDI-RDR-012,Parvez Mollah,8801798672324,delivery_rider,Bike,Dhaka-Metro-LA-18-1627,2023-01-21,4.38,active,Old Dhaka,70,47,563,2026-02-10T12:20:28+06:00,2026-08-08T06:41:21+06:00
193,USR019,+8801759980555,Tanjim Uddin,FDI0000194,2026-04-21T03:12:15+06:00,Foodi Demo Kitchen 02,Fast Food,Tejgaon,23.765714,90.391569,1517,mobile_wallet,delivered,2026-04-21T05:52:15+06:00,True,Foodi,FDI-RDR-016,Noman Mollah,8801385740882,delivery_rider,Bike,Dhaka-Metro-LA-22-3253,2025-12-03,4.49,active,Tejgaon,49,28,819,2026-02-13T23:12:09+06:00,2026-08-05T05:30:47+06:00
194,USR019,+8801759980555,Tanjim Uddin,FDI0000195,2026-05-19T12:40:35+06:00,Foodi Demo Kitchen 05,Pizza,Old Dhaka,23.713046,90.411672,993,cash,delivered,2026-05-19T13:01:35+06:00,True,Foodi,FDI-RDR-012,Parvez Mollah,8801798672324,delivery_rider,Bike,Dhaka-Metro-LA-18-1627,2023-01-21,4.38,active,Old Dhaka,70,47,563,2026-02-10T12:20:28+06:00,2026-08-08T06:41:21+06:00
195,USR019,+8801759980555,Tanjim Uddin,FDI0000196,2026-07-31T03:47:46+06:00,Foodi Demo Kitchen 02,Fast Food,Dhanmondi,23.740404,90.371278,1427,cash,delivered,2026-07-31T04:07:46+06:00,True,Foodi,FDI-RDR-004,Arif Mahmud,8801854692697,delivery_rider,Bike,Dhaka-Metro-LA-31-2968,2025-07-12,4.47,active,Dhanmondi,34,22,1435,2026-02-20T13:46:59+06:00,2026-08-05T20:00:40+06:00
196,USR019,+8801759980555,Tanjim Uddin,FDI0000197,2026-04-23T06:27:16+06:00,Foodi Demo Kitchen 02,Fast Food,Rampura,23.760277,90.418221,1034,cash,refunded,2026-04-23T06:52:16+06:00,True,Foodi,FDI-RDR-014,Sabbir Ahmed,8801739856270,delivery_rider,Bike,Dhaka-Metro-LA-13-2488,2024-03-05,4.91,active,Rampura,71,47,1187,2026-02-10T02:57:10+06:00,2026-08-07T14:03:06+06:00
197,USR019,+8801759980555,Tanjim Uddin,FDI0000198,2026-05-10T17:12:56+06:00,Foodi Demo Kitchen 07,Thai,Pallabi,23.828312,90.370803,187,mobile_wallet,delivered,2026-05-10T18:43:56+06:00,True,Foodi,FDI-RDR-013,Sabbir Hossain,8801364196925,delivery_rider,Bike,Dhaka-Metro-LA-17-2602,2024-08-29,4.32,active,Pallabi,52,36,1655,2026-02-13T02:02:06+06:00,2026-08-06T19:24:26+06:00
198,USR019,+8801759980555,Tanjim Uddin,FDI0000199,2026-06-01T19:42:04+06:00,Foodi Demo Kitchen 08,Kebab,Pallabi,23.831232,90.373122,1688,mobile_wallet,delivered,2026-06-01T21:12:04+06:00,True,Foodi,FDI-RDR-013,Sabbir Hossain,8801364196925,delivery_rider,Bike,Dhaka-Metro-LA-17-2602,2024-08-29,4.32,active,Pallabi,52,36,1655,2026-02-13T02:02:06+06:00,2026-08-06T19:24:26+06:00
199,USR019,+8801759980555,Tanjim Uddin,FDI0000200,2026-02-12T09:24:57+06:00,Foodi Demo Kitchen 02,Fast Food,Motijheel,23.724161,90.410469,1260,mobile_wallet,delivered,2026-02-12T10:49:57+06:00,True,Foodi,FDI-RDR-011,Mahmud Hasan,8801546275934,delivery_rider,Bike,Dhaka-Metro-LA-42-9695,2024-01-04,4.61,active,Motijheel,44,30,774,2026-02-12T09:24:57+06:00,2026-08-10T17:38:53+06:00
200,USR019,+8801759980555,Tanjim Uddin,FDI0000201,2026-08-03T00:57:08+06:00,Foodi Demo Kitchen 02,Fast Food,Khilgaon,23.754976,90.434533,725,card,cancelled,2026-08-03T04:02:08+06:00,True,Foodi,FDI-RDR-007,Shakil Sarker,8801645088972,delivery_rider,Bike,Dhaka-Metro-LA-51-7903,2024-11-22,4.89,active,Khilgaon,63,46,238,2026-02-12T07:27:28+06:00,2026-08-08T00:12:25+06:00
201,USR019,+8801759980555,Tanjim Uddin,FDI0000202,2026-06-15T23:15:17+06:00,Foodi Demo Kitchen 02,Fast Food,Pallabi,23.835406,90.36319,1164,card,delivered,2026-06-16T01:01:17+06:00,True,Foodi,FDI-RDR-013,Sabbir Hossain,8801364196925,delivery_rider,Bike,Dhaka-Metro-LA-17-2602,2024-08-29,4.32,active,Pallabi,52,36,1655,2026-02-13T02:02:06+06:00,2026-08-06T19:24:26+06:00
202,USR019,+8801759980555,Tanjim Uddin,FDI0000203,2026-03-14T12:38:52+06:00,Foodi Demo Kitchen 06,Burgers,Tejgaon,23.756866,90.390394,1083,cash,refunded,2026-03-14T15:44:52+06:00,True,Foodi,FDI-RDR-016,Noman Mollah,8801385740882,delivery_rider,Bike,Dhaka-Metro-LA-22-3253,2025-12-03,4.49,active,Tejgaon,49,28,819,2026-02-13T23:12:09+06:00,2026-08-05T05:30:47+06:00
203,USR019,+8801759980555,Tanjim Uddin,FDI0000204,2026-04-04T23:44:18+06:00,Foodi Demo Kitchen 01,Bangla,Mohammadpur,23.769284,90.360592,774,cash,refunded,2026-04-05T01:49:18+06:00,True,Foodi,FDI-RDR-010,Shuvo Kabir,8801941100059,delivery_rider,Bike,Dhaka-Metro-LA-31-8053,2024-10-07,4.30,active,Mohammadpur,59,37,808,2026-02-11T13:16:22+06:00,2026-08-10T20:09:48+06:00
204,USR019,+8801759980555,Tanjim Uddin,FDI0000205,2026-04-11T13:45:05+06:00,Foodi Demo Kitchen 07,Thai,Farmgate,23.761763,90.380821,1700,card,delivered,2026-04-11T16:18:05+06:00,True,Foodi,FDI-RDR-005,Nayeem Sheikh,8801743750117,delivery_rider,Bike,Dhaka-Metro-LA-11-2234,2025-12-12,4.45,active,Farmgate,28,19,703,2026-02-14T20:09:21+06:00,2026-07-11T22:41:13+06:00
205,USR020,+8801394446203,Nadia Chowdhury,FDI0000206,2026-06-01T00:09:22+06:00,Foodi Demo Kitchen 05,Pizza,Shyamoli,23.777461,90.364366,769,card,refunded,2026-06-01T02:24:22+06:00,True,Foodi,FDI-RDR-015,Al Amin Ahmed,8801422934517,delivery_rider,Bike,Dhaka-Metro-LA-24-2387,2025-07-31,4.60,active,Shyamoli,43,20,343,2026-02-15T20:41:46+06:00,2026-08-10T01:54:52+06:00
206,USR020,+8801394446203,Nadia Chowdhury,FDI0000207,2026-05-06T12:59:02+06:00,Foodi Demo Kitchen 01,Bangla,Khilgaon,23.746456,90.435344,1533,card,delivered,2026-05-06T16:25:02+06:00,True,Foodi,FDI-RDR-007,Shakil Sarker,8801645088972,delivery_rider,Bike,Dhaka-Metro-LA-51-7903,2024-11-22,4.89,active,Khilgaon,63,46,238,2026-02-12T07:27:28+06:00,2026-08-08T00:12:25+06:00
207,USR020,+8801394446203,Nadia Chowdhury,FDI0000208,2026-07-04T10:21:56+06:00,Foodi Demo Kitchen 02,Fast Food,Old Dhaka,23.708026,90.409226,707,cash,delivered,2026-07-04T11:20:56+06:00,True,Foodi,FDI-RDR-012,Parvez Mollah,8801798672324,delivery_rider,Bike,Dhaka-Metro-LA-18-1627,2023-01-21,4.38,active,Old Dhaka,70,47,563,2026-02-10T12:20:28+06:00,2026-08-08T06:41:21+06:00
208,USR020,+8801394446203,Nadia Chowdhury,FDI0000209,2026-07-09T01:46:49+06:00,Foodi Demo Kitchen 03,Biryani,Badda,23.786951,90.431069,385,card,delivered,2026-07-09T03:19:49+06:00,True,Foodi,FDI-RDR-001,Nahid Ali,8801862610128,delivery_rider,Bike,Dhaka-Metro-LA-30-5508,2024-10-09,4.84,active,Badda,24,15,971,2026-02-13T19:01:33+06:00,2026-07-28T10:35:20+06:00
209,USR020,+8801394446203,Nadia Chowdhury,FDI0000210,2026-05-11T16:36:43+06:00,Foodi Demo Kitchen 01,Bangla,Wari,23.722301,90.418651,655,card,delivered,2026-05-11T17:09:43+06:00,True,Foodi,FDI-RDR-018,Mehedi Karim,8801825989091,delivery_rider,Bicycle,BIC-77242,2025-01-08,4.35,active,Wari,63,40,1814,2026-02-12T18:32:46+06:00,2026-08-04T04:32:17+06:00
210,USR020,+8801394446203,Nadia Chowdhury,FDI0000211,2026-04-19T11:52:48+06:00,Foodi Demo Kitchen 03,Biryani,Farmgate,23.75604,90.386429,567,cash,delivered,2026-04-19T14:47:48+06:00,True,Foodi,FDI-RDR-005,Nayeem Sheikh,8801743750117,delivery_rider,Bike,Dhaka-Metro-LA-11-2234,2025-12-12,4.45,active,Farmgate,28,19,703,2026-02-14T20:09:21+06:00,2026-07-11T22:41:13+06:00
211,USR020,+8801394446203,Nadia Chowdhury,FDI0000212,2026-05-26T20:03:00+06:00,Foodi Demo Kitchen 07,Thai,Khilgaon,23.753812,90.418711,1849,card,delivered,2026-05-26T23:31:00+06:00,True,Foodi,FDI-RDR-007,Shakil Sarker,8801645088972,delivery_rider,Bike,Dhaka-Metro-LA-51-7903,2024-11-22,4.89,active,Khilgaon,63,46,238,2026-02-12T07:27:28+06:00,2026-08-08T00:12:25+06:00
212,USR020,+8801394446203,Nadia Chowdhury,FDI0000213,2026-08-06T01:36:48+06:00,Foodi Demo Kitchen 03,Biryani,Bashundhara,23.821075,90.423518,346,mobile_wallet,refunded,2026-08-06T04:28:48+06:00,True,Foodi,FDI-RDR-003,Rasel Rahman,8801991735857,delivery_rider,Bike,Dhaka-Metro-LA-25-1024,2025-03-30,4.27,active,Bashundhara,27,16,1021,2026-02-24T21:14:45+06:00,2026-08-07T13:05:52+06:00
213,USR020,+8801394446203,Nadia Chowdhury,FDI0000214,2026-06-03T16:29:14+06:00,Foodi Demo Kitchen 05,Pizza,Pallabi,23.830484,90.356723,702,card,delivered,2026-06-03T17:41:14+06:00,True,Foodi,FDI-RDR-013,Sabbir Hossain,8801364196925,delivery_rider,Bike,Dhaka-Metro-LA-17-2602,2024-08-29,4.32,active,Pallabi,52,36,1655,2026-02-13T02:02:06+06:00,2026-08-06T19:24:26+06:00
214,USR020,+8801394446203,Nadia Chowdhury,FDI0000215,2026-02-10T12:20:28+06:00,Foodi Demo Kitchen 08,Kebab,Old Dhaka,23.701999,90.414118,1276,cash,delivered,2026-02-10T13:21:28+06:00,True,Foodi,FDI-RDR-012,Parvez Mollah,8801798672324,delivery_rider,Bike,Dhaka-Metro-LA-18-1627,2023-01-21,4.38,active,Old Dhaka,70,47,563,2026-02-10T12:20:28+06:00,2026-08-08T06:41:21+06:00
215,USR020,+8801394446203,Nadia Chowdhury,FDI0000216,2026-04-18T22:43:47+06:00,Foodi Demo Kitchen 08,Kebab,Wari,23.728971,90.422077,1213,mobile_wallet,delivered,2026-04-19T02:05:47+06:00,True,Foodi,FDI-RDR-018,Mehedi Karim,8801825989091,delivery_rider,Bicycle,BIC-77242,2025-01-08,4.35,active,Wari,63,40,1814,2026-02-12T18:32:46+06:00,2026-08-04T04:32:17+06:00
216,USR020,+8801394446203,Nadia Chowdhury,FDI0000217,2026-05-31T08:00:15+06:00,Foodi Demo Kitchen 01,Bangla,Motijheel,23.728793,90.414453,994,cash,delivered,2026-05-31T09:28:15+06:00,True,Foodi,FDI-RDR-011,Mahmud Hasan,8801546275934,delivery_rider,Bike,Dhaka-Metro-LA-42-9695,2024-01-04,4.61,active,Motijheel,44,30,774,2026-02-12T09:24:57+06:00,2026-08-10T17:38:53+06:00
217,USR020,+8801394446203,Nadia Chowdhury,FDI0000218,2026-03-27T04:36:01+06:00,Foodi Demo Kitchen 03,Biryani,Old Dhaka,23.713867,90.403008,1000,cash,delivered,2026-03-27T05:54:01+06:00,True,Foodi,FDI-RDR-012,Parvez Mollah,8801798672324,delivery_rider,Bike,Dhaka-Metro-LA-18-1627,2023-01-21,4.38,active,Old Dhaka,70,47,563,2026-02-10T12:20:28+06:00,2026-08-08T06:41:21+06:00
218,USR020,+8801394446203,Nadia Chowdhury,FDI0000219,2026-05-22T10:19:54+06:00,Foodi Demo Kitchen 07,Thai,Gulshan,23.794797,90.403579,1660,mobile_wallet,refunded,2026-05-22T12:54:54+06:00,True,Foodi,FDI-RDR-006,Hasan Mahmud,8801309144811,delivery_rider,Bike,Dhaka-Metro-LA-24-6061,2023-05-09,4.71,active,Gulshan,53,31,1075,2026-02-11T04:00:15+06:00,2026-08-05T08:02:50+06:00
219,USR021,+8801643629810,Shanto Islam,FDI0000220,2026-03-12T16:20:36+06:00,Foodi Demo Kitchen 05,Pizza,Tejgaon,23.76875,90.398378,957,mobile_wallet,delivered,2026-03-12T19:21:36+06:00,True,Foodi,FDI-RDR-016,Noman Mollah,8801385740882,delivery_rider,Bike,Dhaka-Metro-LA-22-3253,2025-12-03,4.49,active,Tejgaon,49,28,819,2026-02-13T23:12:09+06:00,2026-08-05T05:30:47+06:00
220,USR021,+8801643629810,Shanto Islam,FDI0000221,2026-05-04T22:25:52+06:00,Foodi Demo Kitchen 05,Pizza,Badda,23.787741,90.434198,623,mobile_wallet,delivered,2026-05-05T02:01:52+06:00,True,Foodi,FDI-RDR-019,Imran Khan,8801655026262,delivery_rider,Bike,Dhaka-Metro-LA-31-3687,2024-04-05,4.91,active,Badda,37,23,1569,2026-02-24T06:56:48+06:00,2026-08-06T06:15:06+06:00
221,USR021,+8801643629810,Shanto Islam,FDI0000222,2026-05-27T08:53:40+06:00,Foodi Demo Kitchen 02,Fast Food,Tejgaon,23.76095,90.385448,1834,mobile_wallet,delivered,2026-05-27T11:39:40+06:00,True,Foodi,FDI-RDR-016,Noman Mollah,8801385740882,delivery_rider,Bike,Dhaka-Metro-LA-22-3253,2025-12-03,4.49,active,Tejgaon,49,28,819,2026-02-13T23:12:09+06:00,2026-08-05T05:30:47+06:00
222,USR021,+8801643629810,Shanto Islam,FDI0000223,2026-07-20T10:34:47+06:00,Foodi Demo Kitchen 07,Thai,Tejgaon,23.76881,90.383713,340,card,refunded,2026-07-20T14:09:47+06:00,True,Foodi,FDI-RDR-016,Noman Mollah,8801385740882,delivery_rider,Bike,Dhaka-Metro-LA-22-3253,2025-12-03,4.49,active,Tejgaon,49,28,819,2026-02-13T23:12:09+06:00,2026-08-05T05:30:47+06:00
223,USR021,+8801643629810,Shanto Islam,FDI0000224,2026-06-07T09:45:36+06:00,Foodi Demo Kitchen 01,Bangla,Rampura,23.754066,90.419022,1270,mobile_wallet,delivered,2026-06-07T13:13:36+06:00,True,Foodi,FDI-RDR-014,Sabbir Ahmed,8801739856270,delivery_rider,Bike,Dhaka-Metro-LA-13-2488,2024-03-05,4.91,active,Rampura,71,47,1187,2026-02-10T02:57:10+06:00,2026-08-07T14:03:06+06:00
224,USR021,+8801643629810,Shanto Islam,FDI0000225,2026-03-03T05:48:36+06:00,Foodi Demo Kitchen 06,Burgers,Mohakhali,23.775416,90.391443,450,cash,refunded,2026-03-03T06:29:36+06:00,True,Foodi,FDI-RDR-009,Mahmud Ali,8801453596488,delivery_rider,Bike,Dhaka-Metro-LA-50-1637,2024-06-25,4.64,active,Mohakhali,67,33,309,2026-02-10T09:51:53+06:00,2026-08-10T22:36:11+06:00
225,USR021,+8801643629810,Shanto Islam,FDI0000226,2026-06-05T22:14:02+06:00,Foodi Demo Kitchen 06,Burgers,Gulshan,23.785289,90.407675,1391,mobile_wallet,refunded,2026-06-05T23:53:02+06:00,True,Foodi,FDI-RDR-006,Hasan Mahmud,8801309144811,delivery_rider,Bike,Dhaka-Metro-LA-24-6061,2023-05-09,4.71,active,Gulshan,53,31,1075,2026-02-11T04:00:15+06:00,2026-08-05T08:02:50+06:00
226,USR021,+8801643629810,Shanto Islam,FDI0000227,2026-05-22T08:56:58+06:00,Foodi Demo Kitchen 08,Kebab,Dhanmondi,23.753315,90.379195,1558,cash,cancelled,2026-05-22T10:40:58+06:00,True,Foodi,FDI-RDR-004,Arif Mahmud,8801854692697,delivery_rider,Bike,Dhaka-Metro-LA-31-2968,2025-07-12,4.47,active,Dhanmondi,34,22,1435,2026-02-20T13:46:59+06:00,2026-08-05T20:00:40+06:00
227,USR022,+8801385714090,Nabil Mahmud,FDI0000228,2026-05-11T18:46:13+06:00,Foodi Demo Kitchen 02,Fast Food,Uttara,23.883287,90.373069,828,card,delivered,2026-05-11T19:10:13+06:00,True,Foodi,FDI-RDR-017,Tuhin Kabir,8801437966170,delivery_rider,Bike,Dhaka-Metro-LA-31-7414,2026-03-12,4.47,active,Uttara,56,36,899,2026-02-12T19:30:05+06:00,2026-08-02T10:56:53+06:00
228,USR022,+8801385714090,Nabil Mahmud,FDI0000229,2026-05-20T13:39:26+06:00,Foodi Demo Kitchen 05,Pizza,Mohammadpur,23.777146,90.356179,1751,mobile_wallet,delivered,2026-05-20T14:05:26+06:00,True,Foodi,FDI-RDR-010,Shuvo Kabir,8801941100059,delivery_rider,Bike,Dhaka-Metro-LA-31-8053,2024-10-07,4.30,active,Mohammadpur,59,37,808,2026-02-11T13:16:22+06:00,2026-08-10T20:09:48+06:00
229,USR022,+8801385714090,Nabil Mahmud,FDI0000230,2026-08-05T14:04:46+06:00,Foodi Demo Kitchen 06,Burgers,Rampura,23.764698,90.414471,1014,mobile_wallet,delivered,2026-08-05T16:07:46+06:00,True,Foodi,FDI-RDR-014,Sabbir Ahmed,8801739856270,delivery_rider,Bike,Dhaka-Metro-LA-13-2488,2024-03-05,4.91,active,Rampura,71,47,1187,2026-02-10T02:57:10+06:00,2026-08-07T14:03:06+06:00
230,USR022,+8801385714090,Nabil Mahmud,FDI0000231,2026-03-15T02:23:26+06:00,Foodi Demo Kitchen 07,Thai,Wari,23.72134,90.419098,1641,mobile_wallet,delivered,2026-03-15T05:22:26+06:00,True,Foodi,FDI-RDR-018,Mehedi Karim,8801825989091,delivery_rider,Bicycle,BIC-77242,2025-01-08,4.35,active,Wari,63,40,1814,2026-02-12T18:32:46+06:00,2026-08-04T04:32:17+06:00
231,USR022,+8801385714090,Nabil Mahmud,FDI0000232,2026-05-14T10:34:19+06:00,Foodi Demo Kitchen 05,Pizza,Mirpur,23.823078,90.362428,827,cash,delivered,2026-05-14T11:17:19+06:00,True,Foodi,FDI-RDR-008,Al Amin Mahmud,8801773840158,delivery_rider,Bike,Dhaka-Metro-LA-16-1506,2024-12-21,4.88,active,Mirpur,55,38,553,2026-02-10T07:25:37+06:00,2026-08-10T06:22:54+06:00
232,USR022,+8801385714090,Nabil Mahmud,FDI0000233,2026-07-19T01:12:11+06:00,Foodi Demo Kitchen 05,Pizza,Uttara,23.870448,90.38195,1623,cash,delivered,2026-07-19T01:36:11+06:00,True,Foodi,FDI-RDR-017,Tuhin Kabir,8801437966170,delivery_rider,Bike,Dhaka-Metro-LA-31-7414,2026-03-12,4.47,active,Uttara,56,36,899,2026-02-12T19:30:05+06:00,2026-08-02T10:56:53+06:00
233,USR022,+8801385714090,Nabil Mahmud,FDI0000234,2026-06-18T13:28:00+06:00,Foodi Demo Kitchen 03,Biryani,Mohammadpur,23.767652,90.3556,501,card,refunded,2026-06-18T14:20:00+06:00,True,Foodi,FDI-RDR-010,Shuvo Kabir,8801941100059,delivery_rider,Bike,Dhaka-Metro-LA-31-8053,2024-10-07,4.30,active,Mohammadpur,59,37,808,2026-02-11T13:16:22+06:00,2026-08-10T20:09:48+06:00
234,USR022,+8801385714090,Nabil Mahmud,FDI0000235,2026-03-10T17:42:27+06:00,Foodi Demo Kitchen 01,Bangla,Motijheel,23.738669,90.424248,522,cash,cancelled,2026-03-10T18:26:27+06:00,True,Foodi,FDI-RDR-011,Mahmud Hasan,8801546275934,delivery_rider,Bike,Dhaka-Metro-LA-42-9695,2024-01-04,4.61,active,Motijheel,44,30,774,2026-02-12T09:24:57+06:00,2026-08-10T17:38:53+06:00
235,USR022,+8801385714090,Nabil Mahmud,FDI0000236,2026-06-24T16:42:14+06:00,Foodi Demo Kitchen 02,Fast Food,Mohammadpur,23.761307,90.357144,1024,mobile_wallet,delivered,2026-06-24T17:15:14+06:00,True,Foodi,FDI-RDR-010,Shuvo Kabir,8801941100059,delivery_rider,Bike,Dhaka-Metro-LA-31-8053,2024-10-07,4.30,active,Mohammadpur,59,37,808,2026-02-11T13:16:22+06:00,2026-08-10T20:09:48+06:00
236,USR022,+8801385714090,Nabil Mahmud,FDI0000237,2026-05-02T05:41:15+06:00,Foodi Demo Kitchen 02,Fast Food,Shyamoli,23.765722,90.372762,948,mobile_wallet,cancelled,2026-05-02T08:09:15+06:00,True,Foodi,FDI-RDR-015,Al Amin Ahmed,8801422934517,delivery_rider,Bike,Dhaka-Metro-LA-24-2387,2025-07-31,4.60,active,Shyamoli,43,20,343,2026-02-15T20:41:46+06:00,2026-08-10T01:54:52+06:00
237,USR023,+8801326177008,Touhid Islam,FDI0000238,2026-03-05T17:45:24+06:00,Foodi Demo Kitchen 05,Pizza,Bashundhara,23.82185,90.429401,1706,card,delivered,2026-03-05T19:51:24+06:00,True,Foodi,FDI-RDR-003,Rasel Rahman,8801991735857,delivery_rider,Bike,Dhaka-Metro-LA-25-1024,2025-03-30,4.27,active,Bashundhara,27,16,1021,2026-02-24T21:14:45+06:00,2026-08-07T13:05:52+06:00
238,USR023,+8801326177008,Touhid Islam,FDI0000239,2026-05-07T02:47:19+06:00,Foodi Demo Kitchen 06,Burgers,Tejgaon,23.761643,90.38778,596,card,delivered,2026-05-07T03:27:19+06:00,True,Foodi,FDI-RDR-016,Noman Mollah,8801385740882,delivery_rider,Bike,Dhaka-Metro-LA-22-3253,2025-12-03,4.49,active,Tejgaon,49,28,819,2026-02-13T23:12:09+06:00,2026-08-05T05:30:47+06:00
239,USR023,+8801326177008,Touhid Islam,FDI0000240,2026-07-14T14:07:04+06:00,Foodi Demo Kitchen 03,Biryani,Tejgaon,23.765077,90.387865,813,mobile_wallet,cancelled,2026-07-14T17:21:04+06:00,True,Foodi,FDI-RDR-016,Noman Mollah,8801385740882,delivery_rider,Bike,Dhaka-Metro-LA-22-3253,2025-12-03,4.49,active,Tejgaon,49,28,819,2026-02-13T23:12:09+06:00,2026-08-05T05:30:47+06:00
240,USR023,+8801326177008,Touhid Islam,FDI0000241,2026-03-18T11:26:23+06:00,Foodi Demo Kitchen 05,Pizza,Rampura,23.769055,90.422533,1044,card,refunded,2026-03-18T14:44:23+06:00,True,Foodi,FDI-RDR-014,Sabbir Ahmed,8801739856270,delivery_rider,Bike,Dhaka-Metro-LA-13-2488,2024-03-05,4.91,active,Rampura,71,47,1187,2026-02-10T02:57:10+06:00,2026-08-07T14:03:06+06:00
241,USR023,+8801326177008,Touhid Islam,FDI0000242,2026-07-24T00:44:29+06:00,Foodi Demo Kitchen 05,Pizza,Khilgaon,23.747125,90.434303,810,mobile_wallet,delivered,2026-07-24T03:46:29+06:00,True,Foodi,FDI-RDR-007,Shakil Sarker,8801645088972,delivery_rider,Bike,Dhaka-Metro-LA-51-7903,2024-11-22,4.89,active,Khilgaon,63,46,238,2026-02-12T07:27:28+06:00,2026-08-08T00:12:25+06:00
242,USR023,+8801326177008,Touhid Islam,FDI0000243,2026-05-23T19:37:27+06:00,Foodi Demo Kitchen 01,Bangla,Farmgate,23.749261,90.391739,874,card,refunded,2026-05-23T21:23:27+06:00,True,Foodi,FDI-RDR-005,Nayeem Sheikh,8801743750117,delivery_rider,Bike,Dhaka-Metro-LA-11-2234,2025-12-12,4.45,active,Farmgate,28,19,703,2026-02-14T20:09:21+06:00,2026-07-11T22:41:13+06:00
243,USR023,+8801326177008,Touhid Islam,FDI0000244,2026-02-13T23:28:50+06:00,Foodi Demo Kitchen 03,Biryani,Motijheel,23.729153,90.420765,1332,cash,delivered,2026-02-14T02:33:50+06:00,True,Foodi,FDI-RDR-011,Mahmud Hasan,8801546275934,delivery_rider,Bike,Dhaka-Metro-LA-42-9695,2024-01-04,4.61,active,Motijheel,44,30,774,2026-02-12T09:24:57+06:00,2026-08-10T17:38:53+06:00
244,USR023,+8801326177008,Touhid Islam,FDI0000245,2026-02-10T02:57:10+06:00,Foodi Demo Kitchen 07,Thai,Rampura,23.768042,90.423184,1484,cash,delivered,2026-02-10T04:44:10+06:00,True,Foodi,FDI-RDR-014,Sabbir Ahmed,8801739856270,delivery_rider,Bike,Dhaka-Metro-LA-13-2488,2024-03-05,4.91,active,Rampura,71,47,1187,2026-02-10T02:57:10+06:00,2026-08-07T14:03:06+06:00
245,USR023,+8801326177008,Touhid Islam,FDI0000246,2026-06-03T23:02:38+06:00,Foodi Demo Kitchen 05,Pizza,Mirpur,23.831012,90.36158,1630,card,delivered,2026-06-04T01:20:38+06:00,True,Foodi,FDI-RDR-008,Al Amin Mahmud,8801773840158,delivery_rider,Bike,Dhaka-Metro-LA-16-1506,2024-12-21,4.88,active,Mirpur,55,38,553,2026-02-10T07:25:37+06:00,2026-08-10T06:22:54+06:00
246,USR023,+8801326177008,Touhid Islam,FDI0000247,2026-07-31T13:05:14+06:00,Foodi Demo Kitchen 01,Bangla,Khilgaon,23.757038,90.419796,605,card,refunded,2026-07-31T14:50:14+06:00,True,Foodi,FDI-RDR-007,Shakil Sarker,8801645088972,delivery_rider,Bike,Dhaka-Metro-LA-51-7903,2024-11-22,4.89,active,Khilgaon,63,46,238,2026-02-12T07:27:28+06:00,2026-08-08T00:12:25+06:00
247,USR023,+8801326177008,Touhid Islam,FDI0000248,2026-05-14T08:05:46+06:00,Foodi Demo Kitchen 03,Biryani,Mohammadpur,23.763721,90.360149,1227,cash,delivered,2026-05-14T11:08:46+06:00,True,Foodi,FDI-RDR-010,Shuvo Kabir,8801941100059,delivery_rider,Bike,Dhaka-Metro-LA-31-8053,2024-10-07,4.30,active,Mohammadpur,59,37,808,2026-02-11T13:16:22+06:00,2026-08-10T20:09:48+06:00
248,USR023,+8801326177008,Touhid Islam,FDI0000249,2026-02-16T14:02:43+06:00,Foodi Demo Kitchen 04,Cafe,Mohakhali,23.779885,90.400788,1377,cash,refunded,2026-02-16T16:33:43+06:00,True,Foodi,FDI-RDR-009,Mahmud Ali,8801453596488,delivery_rider,Bike,Dhaka-Metro-LA-50-1637,2024-06-25,4.64,active,Mohakhali,67,33,309,2026-02-10T09:51:53+06:00,2026-08-10T22:36:11+06:00
249,USR024,+8801803972985,Sanjida Chowdhury,FDI0000250,2026-02-17T15:28:19+06:00,Foodi Demo Kitchen 07,Thai,Gulshan,23.800277,90.399081,195,cash,delivered,2026-02-17T17:50:19+06:00,True,Foodi,FDI-RDR-006,Hasan Mahmud,8801309144811,delivery_rider,Bike,Dhaka-Metro-LA-24-6061,2023-05-09,4.71,active,Gulshan,53,31,1075,2026-02-11T04:00:15+06:00,2026-08-05T08:02:50+06:00
250,USR024,+8801803972985,Sanjida Chowdhury,FDI0000251,2026-07-12T05:52:00+06:00,Foodi Demo Kitchen 03,Biryani,Gulshan,23.784153,90.40411,629,card,delivered,2026-07-12T07:05:00+06:00,True,Foodi,FDI-RDR-006,Hasan Mahmud,8801309144811,delivery_rider,Bike,Dhaka-Metro-LA-24-6061,2023-05-09,4.71,active,Gulshan,53,31,1075,2026-02-11T04:00:15+06:00,2026-08-05T08:02:50+06:00
251,USR024,+8801803972985,Sanjida Chowdhury,FDI0000252,2026-04-28T20:56:49+06:00,Foodi Demo Kitchen 06,Burgers,Old Dhaka,23.703601,90.408929,1083,card,delivered,2026-04-29T00:35:49+06:00,True,Foodi,FDI-RDR-012,Parvez Mollah,8801798672324,delivery_rider,Bike,Dhaka-Metro-LA-18-1627,2023-01-21,4.38,active,Old Dhaka,70,47,563,2026-02-10T12:20:28+06:00,2026-08-08T06:41:21+06:00
252,USR024,+8801803972985,Sanjida Chowdhury,FDI0000253,2026-03-15T20:46:20+06:00,Foodi Demo Kitchen 07,Thai,Rampura,23.769971,90.420964,767,card,delivered,2026-03-15T21:18:20+06:00,True,Foodi,FDI-RDR-014,Sabbir Ahmed,8801739856270,delivery_rider,Bike,Dhaka-Metro-LA-13-2488,2024-03-05,4.91,active,Rampura,71,47,1187,2026-02-10T02:57:10+06:00,2026-08-07T14:03:06+06:00
253,USR024,+8801803972985,Sanjida Chowdhury,FDI0000254,2026-07-08T03:43:29+06:00,Foodi Demo Kitchen 01,Bangla,Dhanmondi,23.741963,90.379539,1512,card,refunded,2026-07-08T06:16:29+06:00,True,Foodi,FDI-RDR-022,Habib Chowdhury,8801384916196,delivery_rider,Bike,Dhaka-Metro-LA-46-4315,2024-05-20,4.33,active,Dhanmondi,27,18,197,2026-02-12T07:13:30+06:00,2026-08-05T01:26:05+06:00
254,USR024,+8801803972985,Sanjida Chowdhury,FDI0000255,2026-08-04T08:12:34+06:00,Foodi Demo Kitchen 07,Thai,Dhanmondi,23.748302,90.38159,1722,card,delivered,2026-08-04T09:01:34+06:00,True,Foodi,FDI-RDR-004,Arif Mahmud,8801854692697,delivery_rider,Bike,Dhaka-Metro-LA-31-2968,2025-07-12,4.47,active,Dhanmondi,34,22,1435,2026-02-20T13:46:59+06:00,2026-08-05T20:00:40+06:00
255,USR024,+8801803972985,Sanjida Chowdhury,FDI0000256,2026-06-27T04:40:10+06:00,Foodi Demo Kitchen 03,Biryani,Gulshan,23.801398,90.403128,607,cash,cancelled,2026-06-27T08:01:10+06:00,True,Foodi,FDI-RDR-006,Hasan Mahmud,8801309144811,delivery_rider,Bike,Dhaka-Metro-LA-24-6061,2023-05-09,4.71,active,Gulshan,53,31,1075,2026-02-11T04:00:15+06:00,2026-08-05T08:02:50+06:00
256,USR024,+8801803972985,Sanjida Chowdhury,FDI0000257,2026-02-10T07:25:37+06:00,Foodi Demo Kitchen 04,Cafe,Mirpur,23.830913,90.358788,923,mobile_wallet,delivered,2026-02-10T10:06:37+06:00,True,Foodi,FDI-RDR-008,Al Amin Mahmud,8801773840158,delivery_rider,Bike,Dhaka-Metro-LA-16-1506,2024-12-21,4.88,active,Mirpur,55,38,553,2026-02-10T07:25:37+06:00,2026-08-10T06:22:54+06:00
257,USR024,+8801803972985,Sanjida Chowdhury,FDI0000258,2026-08-05T20:00:40+06:00,Foodi Demo Kitchen 01,Bangla,Dhanmondi,23.744328,90.375056,371,mobile_wallet,refunded,2026-08-05T23:36:40+06:00,True,Foodi,FDI-RDR-004,Arif Mahmud,8801854692697,delivery_rider,Bike,Dhaka-Metro-LA-31-2968,2025-07-12,4.47,active,Dhanmondi,34,22,1435,2026-02-20T13:46:59+06:00,2026-08-05T20:00:40+06:00
258,USR025,+8801328508768,Tanjim Sultana,FDI0000259,2026-05-29T05:58:46+06:00,Foodi Demo Kitchen 03,Biryani,Dhanmondi,23.739936,90.382669,1840,mobile_wallet,cancelled,2026-05-29T07:01:46+06:00,True,Foodi,FDI-RDR-022,Habib Chowdhury,8801384916196,delivery_rider,Bike,Dhaka-Metro-LA-46-4315,2024-05-20,4.33,active,Dhanmondi,27,18,197,2026-02-12T07:13:30+06:00,2026-08-05T01:26:05+06:00
259,USR025,+8801328508768,Tanjim Sultana,FDI0000260,2026-04-28T07:02:29+06:00,Foodi Demo Kitchen 06,Burgers,Gulshan,23.798843,90.408728,1257,cash,refunded,2026-04-28T09:51:29+06:00,True,Foodi,FDI-RDR-006,Hasan Mahmud,8801309144811,delivery_rider,Bike,Dhaka-Metro-LA-24-6061,2023-05-09,4.71,active,Gulshan,53,31,1075,2026-02-11T04:00:15+06:00,2026-08-05T08:02:50+06:00
260,USR025,+8801328508768,Tanjim Sultana,FDI0000261,2026-04-22T04:43:19+06:00,Foodi Demo Kitchen 04,Cafe,Gulshan,23.783942,90.412574,1407,cash,delivered,2026-04-22T05:21:19+06:00,True,Foodi,FDI-RDR-006,Hasan Mahmud,8801309144811,delivery_rider,Bike,Dhaka-Metro-LA-24-6061,2023-05-09,4.71,active,Gulshan,53,31,1075,2026-02-11T04:00:15+06:00,2026-08-05T08:02:50+06:00
261,USR025,+8801328508768,Tanjim Sultana,FDI0000262,2026-05-27T12:32:45+06:00,Foodi Demo Kitchen 07,Thai,Mohammadpur,23.762673,90.355749,1311,cash,delivered,2026-05-27T15:41:45+06:00,True,Foodi,FDI-RDR-010,Shuvo Kabir,8801941100059,delivery_rider,Bike,Dhaka-Metro-LA-31-8053,2024-10-07,4.30,active,Mohammadpur,59,37,808,2026-02-11T13:16:22+06:00,2026-08-10T20:09:48+06:00
262,USR025,+8801328508768,Tanjim Sultana,FDI0000263,2026-03-07T05:21:06+06:00,Foodi Demo Kitchen 01,Bangla,Gulshan,23.793556,90.413513,195,cash,delivered,2026-03-07T06:56:06+06:00,True,Foodi,FDI-RDR-006,Hasan Mahmud,8801309144811,delivery_rider,Bike,Dhaka-Metro-LA-24-6061,2023-05-09,4.71,active,Gulshan,53,31,1075,2026-02-11T04:00:15+06:00,2026-08-05T08:02:50+06:00
263,USR025,+8801328508768,Tanjim Sultana,FDI0000264,2026-06-26T01:53:10+06:00,Foodi Demo Kitchen 06,Burgers,Pallabi,23.837856,90.358036,418,cash,delivered,2026-06-26T03:31:10+06:00,True,Foodi,FDI-RDR-013,Sabbir Hossain,8801364196925,delivery_rider,Bike,Dhaka-Metro-LA-17-2602,2024-08-29,4.32,active,Pallabi,52,36,1655,2026-02-13T02:02:06+06:00,2026-08-06T19:24:26+06:00
264,USR025,+8801328508768,Tanjim Sultana,FDI0000265,2026-04-08T00:46:14+06:00,Foodi Demo Kitchen 05,Pizza,Badda,23.781528,90.432287,381,card,delivered,2026-04-08T01:49:14+06:00,True,Foodi,FDI-RDR-019,Imran Khan,8801655026262,delivery_rider,Bike,Dhaka-Metro-LA-31-3687,2024-04-05,4.91,active,Badda,37,23,1569,2026-02-24T06:56:48+06:00,2026-08-06T06:15:06+06:00
265,USR025,+8801328508768,Tanjim Sultana,FDI0000266,2026-04-03T17:32:08+06:00,Foodi Demo Kitchen 02,Fast Food,Motijheel,23.741916,90.418124,1591,cash,cancelled,2026-04-03T20:08:08+06:00,True,Foodi,FDI-RDR-011,Mahmud Hasan,8801546275934,delivery_rider,Bike,Dhaka-Metro-LA-42-9695,2024-01-04,4.61,active,Motijheel,44,30,774,2026-02-12T09:24:57+06:00,2026-08-10T17:38:53+06:00
266,USR025,+8801328508768,Tanjim Sultana,FDI0000267,2026-04-18T01:48:14+06:00,Foodi Demo Kitchen 03,Biryani,Mirpur,23.817949,90.361252,966,card,refunded,2026-04-18T03:25:14+06:00,True,Foodi,FDI-RDR-008,Al Amin Mahmud,8801773840158,delivery_rider,Bike,Dhaka-Metro-LA-16-1506,2024-12-21,4.88,active,Mirpur,55,38,553,2026-02-10T07:25:37+06:00,2026-08-10T06:22:54+06:00
267,USR025,+8801328508768,Tanjim Sultana,FDI0000268,2026-03-17T13:50:34+06:00,Foodi Demo Kitchen 06,Burgers,Banani,23.798821,90.40485,1696,cash,delivered,2026-03-17T14:42:34+06:00,True,Foodi,FDI-RDR-002,Rony Sarker,8801683501448,delivery_rider,Bike,Dhaka-Metro-LA-47-5838,2023-05-27,4.52,active,Banani,29,19,739,2026-02-13T16:48:02+06:00,2026-07-30T12:32:32+06:00
268,USR025,+8801328508768,Tanjim Sultana,FDI0000269,2026-03-30T01:24:18+06:00,Foodi Demo Kitchen 04,Cafe,Rampura,23.767523,90.413083,652,mobile_wallet,delivered,2026-03-30T04:08:18+06:00,True,Foodi,FDI-RDR-014,Sabbir Ahmed,8801739856270,delivery_rider,Bike,Dhaka-Metro-LA-13-2488,2024-03-05,4.91,active,Rampura,71,47,1187,2026-02-10T02:57:10+06:00,2026-08-07T14:03:06+06:00
269,USR025,+8801328508768,Tanjim Sultana,FDI0000270,2026-04-22T08:04:06+06:00,Foodi Demo Kitchen 01,Bangla,Shyamoli,23.768239,90.36044,1003,cash,cancelled,2026-04-22T09:17:06+06:00,True,Foodi,FDI-RDR-015,Al Amin Ahmed,8801422934517,delivery_rider,Bike,Dhaka-Metro-LA-24-2387,2025-07-31,4.60,active,Shyamoli,43,20,343,2026-02-15T20:41:46+06:00,2026-08-10T01:54:52+06:00
270,USR025,+8801328508768,Tanjim Sultana,FDI0000271,2026-07-04T03:39:17+06:00,Foodi Demo Kitchen 07,Thai,Khilgaon,23.751931,90.429326,866,card,cancelled,2026-07-04T05:35:17+06:00,True,Foodi,FDI-RDR-007,Shakil Sarker,8801645088972,delivery_rider,Bike,Dhaka-Metro-LA-51-7903,2024-11-22,4.89,active,Khilgaon,63,46,238,2026-02-12T07:27:28+06:00,2026-08-08T00:12:25+06:00
271,USR025,+8801328508768,Tanjim Sultana,FDI0000272,2026-05-06T11:08:05+06:00,Foodi Demo Kitchen 01,Bangla,Rampura,23.763387,90.417515,877,mobile_wallet,refunded,2026-05-06T12:14:05+06:00,True,Foodi,FDI-RDR-014,Sabbir Ahmed,8801739856270,delivery_rider,Bike,Dhaka-Metro-LA-13-2488,2024-03-05,4.91,active,Rampura,71,47,1187,2026-02-10T02:57:10+06:00,2026-08-07T14:03:06+06:00
272,USR026,+8801795919068,Imran Ahmed,FDI0000273,2026-03-08T14:38:24+06:00,Foodi Demo Kitchen 02,Fast Food,Mohammadpur,23.761106,90.358276,340,mobile_wallet,delivered,2026-03-08T17:15:24+06:00,True,Foodi,FDI-RDR-010,Shuvo Kabir,8801941100059,delivery_rider,Bike,Dhaka-Metro-LA-31-8053,2024-10-07,4.30,active,Mohammadpur,59,37,808,2026-02-11T13:16:22+06:00,2026-08-10T20:09:48+06:00
273,USR026,+8801795919068,Imran Ahmed,FDI0000274,2026-03-14T23:36:20+06:00,Foodi Demo Kitchen 05,Pizza,Khilgaon,23.754108,90.428412,420,mobile_wallet,delivered,2026-03-15T01:43:20+06:00,True,Foodi,FDI-RDR-007,Shakil Sarker,8801645088972,delivery_rider,Bike,Dhaka-Metro-LA-51-7903,2024-11-22,4.89,active,Khilgaon,63,46,238,2026-02-12T07:27:28+06:00,2026-08-08T00:12:25+06:00
274,USR026,+8801795919068,Imran Ahmed,FDI0000275,2026-03-09T00:44:57+06:00,Foodi Demo Kitchen 07,Thai,Dhanmondi,23.752664,90.371071,271,mobile_wallet,delivered,2026-03-09T02:20:57+06:00,True,Foodi,FDI-RDR-022,Habib Chowdhury,8801384916196,delivery_rider,Bike,Dhaka-Metro-LA-46-4315,2024-05-20,4.33,active,Dhanmondi,27,18,197,2026-02-12T07:13:30+06:00,2026-08-05T01:26:05+06:00
275,USR026,+8801795919068,Imran Ahmed,FDI0000276,2026-08-08T06:41:21+06:00,Foodi Demo Kitchen 08,Kebab,Old Dhaka,23.708448,90.4154,1416,card,delivered,2026-08-08T07:17:21+06:00,True,Foodi,FDI-RDR-012,Parvez Mollah,8801798672324,delivery_rider,Bike,Dhaka-Metro-LA-18-1627,2023-01-21,4.38,active,Old Dhaka,70,47,563,2026-02-10T12:20:28+06:00,2026-08-08T06:41:21+06:00
276,USR026,+8801795919068,Imran Ahmed,FDI0000277,2026-03-16T01:52:30+06:00,Foodi Demo Kitchen 06,Burgers,Shyamoli,23.772876,90.365469,341,mobile_wallet,delivered,2026-03-16T04:33:30+06:00,True,Foodi,FDI-RDR-015,Al Amin Ahmed,8801422934517,delivery_rider,Bike,Dhaka-Metro-LA-24-2387,2025-07-31,4.60,active,Shyamoli,43,20,343,2026-02-15T20:41:46+06:00,2026-08-10T01:54:52+06:00
277,USR026,+8801795919068,Imran Ahmed,FDI0000278,2026-05-16T05:12:10+06:00,Foodi Demo Kitchen 07,Thai,Badda,23.780031,90.428385,1746,cash,delivered,2026-05-16T08:40:10+06:00,True,Foodi,FDI-RDR-001,Nahid Ali,8801862610128,delivery_rider,Bike,Dhaka-Metro-LA-30-5508,2024-10-09,4.84,active,Badda,24,15,971,2026-02-13T19:01:33+06:00,2026-07-28T10:35:20+06:00
278,USR026,+8801795919068,Imran Ahmed,FDI0000279,2026-03-16T19:55:01+06:00,Foodi Demo Kitchen 03,Biryani,Old Dhaka,23.708666,90.402352,1754,cash,delivered,2026-03-16T21:48:01+06:00,True,Foodi,FDI-RDR-012,Parvez Mollah,8801798672324,delivery_rider,Bike,Dhaka-Metro-LA-18-1627,2023-01-21,4.38,active,Old Dhaka,70,47,563,2026-02-10T12:20:28+06:00,2026-08-08T06:41:21+06:00
279,USR026,+8801795919068,Imran Ahmed,FDI0000280,2026-06-30T00:55:31+06:00,Foodi Demo Kitchen 08,Kebab,Mohammadpur,23.769882,90.354807,1341,cash,cancelled,2026-06-30T01:33:31+06:00,True,Foodi,FDI-RDR-010,Shuvo Kabir,8801941100059,delivery_rider,Bike,Dhaka-Metro-LA-31-8053,2024-10-07,4.30,active,Mohammadpur,59,37,808,2026-02-11T13:16:22+06:00,2026-08-10T20:09:48+06:00
280,USR026,+8801795919068,Imran Ahmed,FDI0000281,2026-03-22T05:49:18+06:00,Foodi Demo Kitchen 01,Bangla,Tejgaon,23.763972,90.397007,412,cash,delivered,2026-03-22T08:46:18+06:00,True,Foodi,FDI-RDR-016,Noman Mollah,8801385740882,delivery_rider,Bike,Dhaka-Metro-LA-22-3253,2025-12-03,4.49,active,Tejgaon,49,28,819,2026-02-13T23:12:09+06:00,2026-08-05T05:30:47+06:00
281,USR026,+8801795919068,Imran Ahmed,FDI0000282,2026-07-21T18:08:52+06:00,Foodi Demo Kitchen 04,Cafe,Old Dhaka,23.714194,90.412058,1380,cash,cancelled,2026-07-21T19:35:52+06:00,True,Foodi,FDI-RDR-012,Parvez Mollah,8801798672324,delivery_rider,Bike,Dhaka-Metro-LA-18-1627,2023-01-21,4.38,active,Old Dhaka,70,47,563,2026-02-10T12:20:28+06:00,2026-08-08T06:41:21+06:00
282,USR026,+8801795919068,Imran Ahmed,FDI0000283,2026-07-18T03:31:20+06:00,Foodi Demo Kitchen 07,Thai,Pallabi,23.824597,90.372769,1038,cash,delivered,2026-07-18T04:20:20+06:00,True,Foodi,FDI-RDR-013,Sabbir Hossain,8801364196925,delivery_rider,Bike,Dhaka-Metro-LA-17-2602,2024-08-29,4.32,active,Pallabi,52,36,1655,2026-02-13T02:02:06+06:00,2026-08-06T19:24:26+06:00
283,USR026,+8801795919068,Imran Ahmed,FDI0000284,2026-04-15T17:20:02+06:00,Foodi Demo Kitchen 05,Pizza,Mirpur,23.827765,90.359383,1245,cash,cancelled,2026-04-15T20:33:02+06:00,True,Foodi,FDI-RDR-008,Al Amin Mahmud,8801773840158,delivery_rider,Bike,Dhaka-Metro-LA-16-1506,2024-12-21,4.88,active,Mirpur,55,38,553,2026-02-10T07:25:37+06:00,2026-08-10T06:22:54+06:00
284,USR027,+8801706292887,Rumana Ahmed,FDI0000285,2026-06-10T12:54:58+06:00,Foodi Demo Kitchen 01,Bangla,Tejgaon,23.756392,90.389744,730,cash,refunded,2026-06-10T15:12:58+06:00,True,Foodi,FDI-RDR-016,Noman Mollah,8801385740882,delivery_rider,Bike,Dhaka-Metro-LA-22-3253,2025-12-03,4.49,active,Tejgaon,49,28,819,2026-02-13T23:12:09+06:00,2026-08-05T05:30:47+06:00
285,USR027,+8801706292887,Rumana Ahmed,FDI0000286,2026-04-28T00:09:27+06:00,Foodi Demo Kitchen 03,Biryani,Farmgate,23.754172,90.384941,1291,mobile_wallet,delivered,2026-04-28T01:11:27+06:00,True,Foodi,FDI-RDR-005,Nayeem Sheikh,8801743750117,delivery_rider,Bike,Dhaka-Metro-LA-11-2234,2025-12-12,4.45,active,Farmgate,28,19,703,2026-02-14T20:09:21+06:00,2026-07-11T22:41:13+06:00
286,USR027,+8801706292887,Rumana Ahmed,FDI0000287,2026-06-08T06:25:43+06:00,Foodi Demo Kitchen 01,Bangla,Wari,23.714317,90.416804,1646,cash,cancelled,2026-06-08T06:52:43+06:00,True,Foodi,FDI-RDR-018,Mehedi Karim,8801825989091,delivery_rider,Bicycle,BIC-77242,2025-01-08,4.35,active,Wari,63,40,1814,2026-02-12T18:32:46+06:00,2026-08-04T04:32:17+06:00
287,USR027,+8801706292887,Rumana Ahmed,FDI0000288,2026-04-03T02:13:15+06:00,Foodi Demo Kitchen 03,Biryani,Mohakhali,23.77046,90.393729,1535,card,delivered,2026-04-03T05:38:15+06:00,True,Foodi,FDI-RDR-009,Mahmud Ali,8801453596488,delivery_rider,Bike,Dhaka-Metro-LA-50-1637,2024-06-25,4.64,active,Mohakhali,67,33,309,2026-02-10T09:51:53+06:00,2026-08-10T22:36:11+06:00
288,USR027,+8801706292887,Rumana Ahmed,FDI0000289,2026-05-09T07:25:43+06:00,Foodi Demo Kitchen 02,Fast Food,Badda,23.786007,90.434673,1338,cash,refunded,2026-05-09T10:11:43+06:00,True,Foodi,FDI-RDR-001,Nahid Ali,8801862610128,delivery_rider,Bike,Dhaka-Metro-LA-30-5508,2024-10-09,4.84,active,Badda,24,15,971,2026-02-13T19:01:33+06:00,2026-07-28T10:35:20+06:00
289,USR027,+8801706292887,Rumana Ahmed,FDI0000290,2026-04-23T13:04:29+06:00,Foodi Demo Kitchen 03,Biryani,Wari,23.722519,90.420472,1196,card,delivered,2026-04-23T16:04:29+06:00,True,Foodi,FDI-RDR-018,Mehedi Karim,8801825989091,delivery_rider,Bicycle,BIC-77242,2025-01-08,4.35,active,Wari,63,40,1814,2026-02-12T18:32:46+06:00,2026-08-04T04:32:17+06:00
290,USR027,+8801706292887,Rumana Ahmed,FDI0000291,2026-06-28T15:41:51+06:00,Foodi Demo Kitchen 06,Burgers,Rampura,23.752612,90.414938,1026,mobile_wallet,cancelled,2026-06-28T16:50:51+06:00,True,Foodi,FDI-RDR-014,Sabbir Ahmed,8801739856270,delivery_rider,Bike,Dhaka-Metro-LA-13-2488,2024-03-05,4.91,active,Rampura,71,47,1187,2026-02-10T02:57:10+06:00,2026-08-07T14:03:06+06:00
291,USR027,+8801706292887,Rumana Ahmed,FDI0000292,2026-08-05T23:39:18+06:00,Foodi Demo Kitchen 04,Cafe,Mirpur,23.824627,90.364785,596,card,delivered,2026-08-06T02:14:18+06:00,True,Foodi,FDI-RDR-008,Al Amin Mahmud,8801773840158,delivery_rider,Bike,Dhaka-Metro-LA-16-1506,2024-12-21,4.88,active,Mirpur,55,38,553,2026-02-10T07:25:37+06:00,2026-08-10T06:22:54+06:00
292,USR027,+8801706292887,Rumana Ahmed,FDI0000293,2026-05-21T23:58:55+06:00,Foodi Demo Kitchen 04,Cafe,Khilgaon,23.752152,90.425233,910,mobile_wallet,delivered,2026-05-22T00:40:55+06:00,True,Foodi,FDI-RDR-007,Shakil Sarker,8801645088972,delivery_rider,Bike,Dhaka-Metro-LA-51-7903,2024-11-22,4.89,active,Khilgaon,63,46,238,2026-02-12T07:27:28+06:00,2026-08-08T00:12:25+06:00
293,USR027,+8801706292887,Rumana Ahmed,FDI0000294,2026-07-08T02:28:06+06:00,Foodi Demo Kitchen 08,Kebab,Tejgaon,23.761112,90.389615,1183,mobile_wallet,refunded,2026-07-08T05:12:06+06:00,True,Foodi,FDI-RDR-016,Noman Mollah,8801385740882,delivery_rider,Bike,Dhaka-Metro-LA-22-3253,2025-12-03,4.49,active,Tejgaon,49,28,819,2026-02-13T23:12:09+06:00,2026-08-05T05:30:47+06:00
294,USR027,+8801706292887,Rumana Ahmed,FDI0000295,2026-06-05T11:13:54+06:00,Foodi Demo Kitchen 01,Bangla,Rampura,23.755452,90.418927,1128,cash,delivered,2026-06-05T12:55:54+06:00,True,Foodi,FDI-RDR-014,Sabbir Ahmed,8801739856270,delivery_rider,Bike,Dhaka-Metro-LA-13-2488,2024-03-05,4.91,active,Rampura,71,47,1187,2026-02-10T02:57:10+06:00,2026-08-07T14:03:06+06:00
295,USR027,+8801706292887,Rumana Ahmed,FDI0000296,2026-03-07T09:06:42+06:00,Foodi Demo Kitchen 04,Cafe,Uttara,23.882879,90.376658,1051,cash,delivered,2026-03-07T12:16:42+06:00,True,Foodi,FDI-RDR-017,Tuhin Kabir,8801437966170,delivery_rider,Bike,Dhaka-Metro-LA-31-7414,2026-03-12,4.47,active,Uttara,56,36,899,2026-02-12T19:30:05+06:00,2026-08-02T10:56:53+06:00
296,USR027,+8801706292887,Rumana Ahmed,FDI0000297,2026-06-23T06:47:59+06:00,Foodi Demo Kitchen 02,Fast Food,Banani,23.798253,90.414,1722,mobile_wallet,cancelled,2026-06-23T08:58:59+06:00,True,Foodi,FDI-RDR-002,Rony Sarker,8801683501448,delivery_rider,Bike,Dhaka-Metro-LA-47-5838,2023-05-27,4.52,active,Banani,29,19,739,2026-02-13T16:48:02+06:00,2026-07-30T12:32:32+06:00
297,USR027,+8801706292887,Rumana Ahmed,FDI0000298,2026-03-21T07:03:16+06:00,Foodi Demo Kitchen 06,Burgers,Mohakhali,23.781612,90.392589,1222,mobile_wallet,cancelled,2026-03-21T10:09:16+06:00,True,Foodi,FDI-RDR-009,Mahmud Ali,8801453596488,delivery_rider,Bike,Dhaka-Metro-LA-50-1637,2024-06-25,4.64,active,Mohakhali,67,33,309,2026-02-10T09:51:53+06:00,2026-08-10T22:36:11+06:00
298,USR028,+8801717722707,Raisa Sultana,FDI0000299,2026-05-25T19:38:11+06:00,Foodi Demo Kitchen 07,Thai,Pallabi,23.831809,90.362667,1508,mobile_wallet,delivered,2026-05-25T20:12:11+06:00,True,Foodi,FDI-RDR-013,Sabbir Hossain,8801364196925,delivery_rider,Bike,Dhaka-Metro-LA-17-2602,2024-08-29,4.32,active,Pallabi,52,36,1655,2026-02-13T02:02:06+06:00,2026-08-06T19:24:26+06:00
299,USR028,+8801717722707,Raisa Sultana,FDI0000300,2026-05-19T10:28:40+06:00,Foodi Demo Kitchen 01,Bangla,Motijheel,23.731323,90.414554,703,cash,refunded,2026-05-19T11:40:40+06:00,True,Foodi,FDI-RDR-011,Mahmud Hasan,8801546275934,delivery_rider,Bike,Dhaka-Metro-LA-42-9695,2024-01-04,4.61,active,Motijheel,44,30,774,2026-02-12T09:24:57+06:00,2026-08-10T17:38:53+06:00
300,USR028,+8801717722707,Raisa Sultana,FDI0000301,2026-08-04T10:21:23+06:00,Foodi Demo Kitchen 06,Burgers,Farmgate,23.751337,90.390983,1029,cash,refunded,2026-08-04T12:32:23+06:00,True,Foodi,FDI-RDR-023,Shahadat Hasan,8801754954467,delivery_rider,Bike,Dhaka-Metro-LA-51-6371,2025-12-07,4.56,active,Farmgate,36,23,1181,2026-02-18T00:50:59+06:00,2026-08-06T11:04:59+06:00
301,USR028,+8801717722707,Raisa Sultana,FDI0000302,2026-03-07T20:09:59+06:00,Foodi Demo Kitchen 01,Bangla,Banani,23.788878,90.399657,1577,card,refunded,2026-03-07T21:53:59+06:00,True,Foodi,FDI-RDR-020,Rakib Hasan,8801703040974,delivery_rider,Bike,Dhaka-Metro-LA-11-8668,2025-06-15,4.73,active,Banani,34,25,770,2026-02-15T15:29:27+06:00,2026-08-02T04:28:06+06:00
302,USR028,+8801717722707,Raisa Sultana,FDI0000303,2026-04-08T10:44:11+06:00,Foodi Demo Kitchen 05,Pizza,Gulshan,23.796828,90.402444,1664,mobile_wallet,delivered,2026-04-08T11:47:11+06:00,True,Foodi,FDI-RDR-006,Hasan Mahmud,8801309144811,delivery_rider,Bike,Dhaka-Metro-LA-24-6061,2023-05-09,4.71,active,Gulshan,53,31,1075,2026-02-11T04:00:15+06:00,2026-08-05T08:02:50+06:00
303,USR028,+8801717722707,Raisa Sultana,FDI0000304,2026-02-22T18:09:05+06:00,Foodi Demo Kitchen 04,Cafe,Mohakhali,23.780501,90.399352,1110,mobile_wallet,refunded,2026-02-22T20:33:05+06:00,True,Foodi,FDI-RDR-009,Mahmud Ali,8801453596488,delivery_rider,Bike,Dhaka-Metro-LA-50-1637,2024-06-25,4.64,active,Mohakhali,67,33,309,2026-02-10T09:51:53+06:00,2026-08-10T22:36:11+06:00
304,USR028,+8801717722707,Raisa Sultana,FDI0000305,2026-04-26T08:35:18+06:00,Foodi Demo Kitchen 03,Biryani,Uttara,23.869704,90.376129,986,mobile_wallet,delivered,2026-04-26T09:30:18+06:00,True,Foodi,FDI-RDR-017,Tuhin Kabir,8801437966170,delivery_rider,Bike,Dhaka-Metro-LA-31-7414,2026-03-12,4.47,active,Uttara,56,36,899,2026-02-12T19:30:05+06:00,2026-08-02T10:56:53+06:00
305,USR028,+8801717722707,Raisa Sultana,FDI0000306,2026-04-14T09:39:47+06:00,Foodi Demo Kitchen 04,Cafe,Uttara,23.881303,90.373224,1117,cash,delivered,2026-04-14T11:11:47+06:00,True,Foodi,FDI-RDR-017,Tuhin Kabir,8801437966170,delivery_rider,Bike,Dhaka-Metro-LA-31-7414,2026-03-12,4.47,active,Uttara,56,36,899,2026-02-12T19:30:05+06:00,2026-08-02T10:56:53+06:00
306,USR028,+8801717722707,Raisa Sultana,FDI0000307,2026-06-17T19:35:10+06:00,Foodi Demo Kitchen 04,Cafe,Pallabi,23.826273,90.360549,623,mobile_wallet,refunded,2026-06-17T21:19:10+06:00,True,Foodi,FDI-RDR-013,Sabbir Hossain,8801364196925,delivery_rider,Bike,Dhaka-Metro-LA-17-2602,2024-08-29,4.32,active,Pallabi,52,36,1655,2026-02-13T02:02:06+06:00,2026-08-06T19:24:26+06:00
307,USR028,+8801717722707,Raisa Sultana,FDI0000308,2026-06-16T02:41:39+06:00,Foodi Demo Kitchen 08,Kebab,Tejgaon,23.761361,90.394713,849,card,delivered,2026-06-16T04:35:39+06:00,True,Foodi,FDI-RDR-016,Noman Mollah,8801385740882,delivery_rider,Bike,Dhaka-Metro-LA-22-3253,2025-12-03,4.49,active,Tejgaon,49,28,819,2026-02-13T23:12:09+06:00,2026-08-05T05:30:47+06:00
308,USR028,+8801717722707,Raisa Sultana,FDI0000309,2026-02-24T21:14:45+06:00,Foodi Demo Kitchen 06,Burgers,Bashundhara,23.821142,90.416999,1035,cash,delivered,2026-02-24T23:18:45+06:00,True,Foodi,FDI-RDR-003,Rasel Rahman,8801991735857,delivery_rider,Bike,Dhaka-Metro-LA-25-1024,2025-03-30,4.27,active,Bashundhara,27,16,1021,2026-02-24T21:14:45+06:00,2026-08-07T13:05:52+06:00
309,USR028,+8801717722707,Raisa Sultana,FDI0000310,2026-05-30T03:03:19+06:00,Foodi Demo Kitchen 07,Thai,Pallabi,23.831633,90.366745,203,cash,refunded,2026-05-30T03:47:19+06:00,True,Foodi,FDI-RDR-013,Sabbir Hossain,8801364196925,delivery_rider,Bike,Dhaka-Metro-LA-17-2602,2024-08-29,4.32,active,Pallabi,52,36,1655,2026-02-13T02:02:06+06:00,2026-08-06T19:24:26+06:00
310,USR029,+8801526609535,Saif Islam,FDI0000311,2026-04-18T11:24:17+06:00,Foodi Demo Kitchen 06,Burgers,Mirpur,23.816647,90.370796,1763,mobile_wallet,delivered,2026-04-18T12:46:17+06:00,True,Foodi,FDI-RDR-008,Al Amin Mahmud,8801773840158,delivery_rider,Bike,Dhaka-Metro-LA-16-1506,2024-12-21,4.88,active,Mirpur,55,38,553,2026-02-10T07:25:37+06:00,2026-08-10T06:22:54+06:00
311,USR029,+8801526609535,Saif Islam,FDI0000312,2026-03-21T02:11:08+06:00,Foodi Demo Kitchen 06,Burgers,Uttara,23.877259,90.380787,1309,cash,cancelled,2026-03-21T03:48:08+06:00,True,Foodi,FDI-RDR-017,Tuhin Kabir,8801437966170,delivery_rider,Bike,Dhaka-Metro-LA-31-7414,2026-03-12,4.47,active,Uttara,56,36,899,2026-02-12T19:30:05+06:00,2026-08-02T10:56:53+06:00
312,USR029,+8801526609535,Saif Islam,FDI0000313,2026-03-28T21:16:00+06:00,Foodi Demo Kitchen 02,Fast Food,Badda,23.787436,90.434955,1402,card,delivered,2026-03-28T23:21:00+06:00,True,Foodi,FDI-RDR-019,Imran Khan,8801655026262,delivery_rider,Bike,Dhaka-Metro-LA-31-3687,2024-04-05,4.91,active,Badda,37,23,1569,2026-02-24T06:56:48+06:00,2026-08-06T06:15:06+06:00
313,USR029,+8801526609535,Saif Islam,FDI0000314,2026-05-15T09:33:59+06:00,Foodi Demo Kitchen 04,Cafe,Dhanmondi,23.754309,90.378162,376,mobile_wallet,delivered,2026-05-15T11:43:59+06:00,True,Foodi,FDI-RDR-004,Arif Mahmud,8801854692697,delivery_rider,Bike,Dhaka-Metro-LA-31-2968,2025-07-12,4.47,active,Dhanmondi,34,22,1435,2026-02-20T13:46:59+06:00,2026-08-05T20:00:40+06:00
314,USR029,+8801526609535,Saif Islam,FDI0000315,2026-06-20T04:31:16+06:00,Foodi Demo Kitchen 08,Kebab,Mohakhali,23.774397,90.397436,933,mobile_wallet,delivered,2026-06-20T07:08:16+06:00,True,Foodi,FDI-RDR-009,Mahmud Ali,8801453596488,delivery_rider,Bike,Dhaka-Metro-LA-50-1637,2024-06-25,4.64,active,Mohakhali,67,33,309,2026-02-10T09:51:53+06:00,2026-08-10T22:36:11+06:00
315,USR029,+8801526609535,Saif Islam,FDI0000316,2026-06-27T11:04:45+06:00,Foodi Demo Kitchen 06,Burgers,Old Dhaka,23.709299,90.410099,1162,card,refunded,2026-06-27T11:32:45+06:00,True,Foodi,FDI-RDR-012,Parvez Mollah,8801798672324,delivery_rider,Bike,Dhaka-Metro-LA-18-1627,2023-01-21,4.38,active,Old Dhaka,70,47,563,2026-02-10T12:20:28+06:00,2026-08-08T06:41:21+06:00
316,USR029,+8801526609535,Saif Islam,FDI0000317,2026-03-29T04:25:04+06:00,Foodi Demo Kitchen 07,Thai,Uttara,23.880657,90.375853,1200,cash,cancelled,2026-03-29T06:22:04+06:00,True,Foodi,FDI-RDR-017,Tuhin Kabir,8801437966170,delivery_rider,Bike,Dhaka-Metro-LA-31-7414,2026-03-12,4.47,active,Uttara,56,36,899,2026-02-12T19:30:05+06:00,2026-08-02T10:56:53+06:00
317,USR029,+8801526609535,Saif Islam,FDI0000318,2026-04-22T18:16:53+06:00,Foodi Demo Kitchen 07,Thai,Banani,23.794575,90.401318,1768,mobile_wallet,delivered,2026-04-22T19:30:53+06:00,True,Foodi,FDI-RDR-002,Rony Sarker,8801683501448,delivery_rider,Bike,Dhaka-Metro-LA-47-5838,2023-05-27,4.52,active,Banani,29,19,739,2026-02-13T16:48:02+06:00,2026-07-30T12:32:32+06:00
318,USR030,+8801462025102,Tanjim Mahmud,FDI0000319,2026-03-08T00:15:40+06:00,Foodi Demo Kitchen 08,Kebab,Wari,23.725564,90.417755,1115,card,delivered,2026-03-08T03:50:40+06:00,True,Foodi,FDI-RDR-018,Mehedi Karim,8801825989091,delivery_rider,Bicycle,BIC-77242,2025-01-08,4.35,active,Wari,63,40,1814,2026-02-12T18:32:46+06:00,2026-08-04T04:32:17+06:00
319,USR030,+8801462025102,Tanjim Mahmud,FDI0000320,2026-04-02T14:18:36+06:00,Foodi Demo Kitchen 02,Fast Food,Shyamoli,23.76965,90.370078,1828,card,delivered,2026-04-02T17:08:36+06:00,True,Foodi,FDI-RDR-015,Al Amin Ahmed,8801422934517,delivery_rider,Bike,Dhaka-Metro-LA-24-2387,2025-07-31,4.60,active,Shyamoli,43,20,343,2026-02-15T20:41:46+06:00,2026-08-10T01:54:52+06:00
320,USR030,+8801462025102,Tanjim Mahmud,FDI0000321,2026-06-13T15:55:27+06:00,Foodi Demo Kitchen 07,Thai,Banani,23.797742,90.407968,1468,card,delivered,2026-06-13T16:27:27+06:00,True,Foodi,FDI-RDR-002,Rony Sarker,8801683501448,delivery_rider,Bike,Dhaka-Metro-LA-47-5838,2023-05-27,4.52,active,Banani,29,19,739,2026-02-13T16:48:02+06:00,2026-07-30T12:32:32+06:00
321,USR030,+8801462025102,Tanjim Mahmud,FDI0000322,2026-06-15T19:38:27+06:00,Foodi Demo Kitchen 02,Fast Food,Motijheel,23.730159,90.423571,1454,mobile_wallet,delivered,2026-06-15T22:02:27+06:00,True,Foodi,FDI-RDR-011,Mahmud Hasan,8801546275934,delivery_rider,Bike,Dhaka-Metro-LA-42-9695,2024-01-04,4.61,active,Motijheel,44,30,774,2026-02-12T09:24:57+06:00,2026-08-10T17:38:53+06:00
322,USR030,+8801462025102,Tanjim Mahmud,FDI0000323,2026-05-26T05:11:28+06:00,Foodi Demo Kitchen 04,Cafe,Bashundhara,23.82356,90.42869,1388,mobile_wallet,delivered,2026-05-26T05:58:28+06:00,True,Foodi,FDI-RDR-021,Habib Khan,8801640944989,delivery_rider,Bicycle,BIC-62834,2024-07-09,4.84,active,Bashundhara,33,19,586,2026-03-08T16:51:38+06:00,2026-08-08T20:11:49+06:00
323,USR030,+8801462025102,Tanjim Mahmud,FDI0000324,2026-08-01T22:05:46+06:00,Foodi Demo Kitchen 02,Fast Food,Banani,23.785778,90.411423,531,mobile_wallet,delivered,2026-08-02T01:37:46+06:00,True,Foodi,FDI-RDR-020,Rakib Hasan,8801703040974,delivery_rider,Bike,Dhaka-Metro-LA-11-8668,2025-06-15,4.73,active,Banani,34,25,770,2026-02-15T15:29:27+06:00,2026-08-02T04:28:06+06:00
324,USR030,+8801462025102,Tanjim Mahmud,FDI0000325,2026-04-19T11:04:11+06:00,Foodi Demo Kitchen 01,Bangla,Tejgaon,23.763186,90.382308,1837,card,delivered,2026-04-19T14:16:11+06:00,True,Foodi,FDI-RDR-016,Noman Mollah,8801385740882,delivery_rider,Bike,Dhaka-Metro-LA-22-3253,2025-12-03,4.49,active,Tejgaon,49,28,819,2026-02-13T23:12:09+06:00,2026-08-05T05:30:47+06:00
325,USR030,+8801462025102,Tanjim Mahmud,FDI0000326,2026-07-11T23:17:27+06:00,Foodi Demo Kitchen 01,Bangla,Rampura,23.755919,90.419315,1780,cash,refunded,2026-07-12T01:58:27+06:00,True,Foodi,FDI-RDR-014,Sabbir Ahmed,8801739856270,delivery_rider,Bike,Dhaka-Metro-LA-13-2488,2024-03-05,4.91,active,Rampura,71,47,1187,2026-02-10T02:57:10+06:00,2026-08-07T14:03:06+06:00
326,USR030,+8801462025102,Tanjim Mahmud,FDI0000327,2026-03-03T08:52:05+06:00,Foodi Demo Kitchen 02,Fast Food,Rampura,23.756593,90.413839,665,cash,cancelled,2026-03-03T09:43:05+06:00,True,Foodi,FDI-RDR-014,Sabbir Ahmed,8801739856270,delivery_rider,Bike,Dhaka-Metro-LA-13-2488,2024-03-05,4.91,active,Rampura,71,47,1187,2026-02-10T02:57:10+06:00,2026-08-07T14:03:06+06:00
327,USR030,+8801462025102,Tanjim Mahmud,FDI0000328,2026-06-28T10:24:47+06:00,Foodi Demo Kitchen 06,Burgers,Wari,23.721364,90.412037,949,card,cancelled,2026-06-28T11:36:47+06:00,True,Foodi,FDI-RDR-018,Mehedi Karim,8801825989091,delivery_rider,Bicycle,BIC-77242,2025-01-08,4.35,active,Wari,63,40,1814,2026-02-12T18:32:46+06:00,2026-08-04T04:32:17+06:00
328,USR030,+8801462025102,Tanjim Mahmud,FDI0000329,2026-06-10T07:56:02+06:00,Foodi Demo Kitchen 02,Fast Food,Bashundhara,23.809878,90.427661,856,mobile_wallet,delivered,2026-06-10T10:06:02+06:00,True,Foodi,FDI-RDR-021,Habib Khan,8801640944989,delivery_rider,Bicycle,BIC-62834,2024-07-09,4.84,active,Bashundhara,33,19,586,2026-03-08T16:51:38+06:00,2026-08-08T20:11:49+06:00
329,USR030,+8801462025102,Tanjim Mahmud,FDI0000330,2026-07-14T10:13:35+06:00,Foodi Demo Kitchen 07,Thai,Farmgate,23.751968,90.387675,969,cash,cancelled,2026-07-14T11:08:35+06:00,True,Foodi,FDI-RDR-023,Shahadat Hasan,8801754954467,delivery_rider,Bike,Dhaka-Metro-LA-51-6371,2025-12-07,4.56,active,Farmgate,36,23,1181,2026-02-18T00:50:59+06:00,2026-08-06T11:04:59+06:00
330,USR030,+8801462025102,Tanjim Mahmud,FDI0000331,2026-03-15T11:57:30+06:00,Foodi Demo Kitchen 03,Biryani,Khilgaon,23.75887,90.4308,1757,card,delivered,2026-03-15T15:11:30+06:00,True,Foodi,FDI-RDR-007,Shakil Sarker,8801645088972,delivery_rider,Bike,Dhaka-Metro-LA-51-7903,2024-11-22,4.89,active,Khilgaon,63,46,238,2026-02-12T07:27:28+06:00,2026-08-08T00:12:25+06:00
331,USR031,+8801444217372,Mahi Rahman,FDI0000332,2026-07-10T22:46:39+06:00,Foodi Demo Kitchen 08,Kebab,Banani,23.799397,90.405782,901,cash,cancelled,2026-07-10T23:14:39+06:00,True,Foodi,FDI-RDR-002,Rony Sarker,8801683501448,delivery_rider,Bike,Dhaka-Metro-LA-47-5838,2023-05-27,4.52,active,Banani,29,19,739,2026-02-13T16:48:02+06:00,2026-07-30T12:32:32+06:00
332,USR031,+8801444217372,Mahi Rahman,FDI0000333,2026-05-28T11:19:21+06:00,Foodi Demo Kitchen 01,Bangla,Mirpur,23.817732,90.367285,1310,cash,delivered,2026-05-28T14:45:21+06:00,True,Foodi,FDI-RDR-008,Al Amin Mahmud,8801773840158,delivery_rider,Bike,Dhaka-Metro-LA-16-1506,2024-12-21,4.88,active,Mirpur,55,38,553,2026-02-10T07:25:37+06:00,2026-08-10T06:22:54+06:00
333,USR031,+8801444217372,Mahi Rahman,FDI0000334,2026-04-17T11:54:45+06:00,Foodi Demo Kitchen 06,Burgers,Uttara,23.883046,90.386375,912,cash,refunded,2026-04-17T14:08:45+06:00,True,Foodi,FDI-RDR-017,Tuhin Kabir,8801437966170,delivery_rider,Bike,Dhaka-Metro-LA-31-7414,2026-03-12,4.47,active,Uttara,56,36,899,2026-02-12T19:30:05+06:00,2026-08-02T10:56:53+06:00
334,USR031,+8801444217372,Mahi Rahman,FDI0000335,2026-07-09T07:43:05+06:00,Foodi Demo Kitchen 02,Fast Food,Dhanmondi,23.748073,90.381782,647,card,refunded,2026-07-09T11:13:05+06:00,True,Foodi,FDI-RDR-004,Arif Mahmud,8801854692697,delivery_rider,Bike,Dhaka-Metro-LA-31-2968,2025-07-12,4.47,active,Dhanmondi,34,22,1435,2026-02-20T13:46:59+06:00,2026-08-05T20:00:40+06:00
335,USR031,+8801444217372,Mahi Rahman,FDI0000336,2026-07-27T20:01:37+06:00,Foodi Demo Kitchen 04,Cafe,Dhanmondi,23.753565,90.380894,378,cash,delivered,2026-07-27T21:40:37+06:00,True,Foodi,FDI-RDR-004,Arif Mahmud,8801854692697,delivery_rider,Bike,Dhaka-Metro-LA-31-2968,2025-07-12,4.47,active,Dhanmondi,34,22,1435,2026-02-20T13:46:59+06:00,2026-08-05T20:00:40+06:00
336,USR031,+8801444217372,Mahi Rahman,FDI0000337,2026-02-20T13:46:59+06:00,Foodi Demo Kitchen 02,Fast Food,Dhanmondi,23.744697,90.371036,1204,mobile_wallet,delivered,2026-02-20T15:49:59+06:00,True,Foodi,FDI-RDR-004,Arif Mahmud,8801854692697,delivery_rider,Bike,Dhaka-Metro-LA-31-2968,2025-07-12,4.47,active,Dhanmondi,34,22,1435,2026-02-20T13:46:59+06:00,2026-08-05T20:00:40+06:00
337,USR031,+8801444217372,Mahi Rahman,FDI0000338,2026-07-15T22:12:24+06:00,Foodi Demo Kitchen 01,Bangla,Badda,23.772582,90.432135,289,card,delivered,2026-07-16T01:01:24+06:00,True,Foodi,FDI-RDR-019,Imran Khan,8801655026262,delivery_rider,Bike,Dhaka-Metro-LA-31-3687,2024-04-05,4.91,active,Badda,37,23,1569,2026-02-24T06:56:48+06:00,2026-08-06T06:15:06+06:00
338,USR032,+8801535357252,Nafisa Khan,FDI0000339,2026-04-04T09:26:37+06:00,Foodi Demo Kitchen 05,Pizza,Badda,23.778617,90.423373,1359,cash,delivered,2026-04-04T12:04:37+06:00,True,Foodi,FDI-RDR-019,Imran Khan,8801655026262,delivery_rider,Bike,Dhaka-Metro-LA-31-3687,2024-04-05,4.91,active,Badda,37,23,1569,2026-02-24T06:56:48+06:00,2026-08-06T06:15:06+06:00
339,USR032,+8801535357252,Nafisa Khan,FDI0000340,2026-08-05T08:02:50+06:00,Foodi Demo Kitchen 08,Kebab,Gulshan,23.799793,90.414685,572,card,delivered,2026-08-05T10:35:50+06:00,True,Foodi,FDI-RDR-006,Hasan Mahmud,8801309144811,delivery_rider,Bike,Dhaka-Metro-LA-24-6061,2023-05-09,4.71,active,Gulshan,53,31,1075,2026-02-11T04:00:15+06:00,2026-08-05T08:02:50+06:00
340,USR032,+8801535357252,Nafisa Khan,FDI0000341,2026-07-16T11:23:32+06:00,Foodi Demo Kitchen 03,Biryani,Bashundhara,23.815223,90.43189,945,mobile_wallet,delivered,2026-07-16T11:48:32+06:00,True,Foodi,FDI-RDR-021,Habib Khan,8801640944989,delivery_rider,Bicycle,BIC-62834,2024-07-09,4.84,active,Bashundhara,33,19,586,2026-03-08T16:51:38+06:00,2026-08-08T20:11:49+06:00
341,USR032,+8801535357252,Nafisa Khan,FDI0000342,2026-07-24T08:09:33+06:00,Foodi Demo Kitchen 02,Fast Food,Mohammadpur,23.771693,90.354404,1145,card,delivered,2026-07-24T09:34:33+06:00,True,Foodi,FDI-RDR-010,Shuvo Kabir,8801941100059,delivery_rider,Bike,Dhaka-Metro-LA-31-8053,2024-10-07,4.30,active,Mohammadpur,59,37,808,2026-02-11T13:16:22+06:00,2026-08-10T20:09:48+06:00
342,USR032,+8801535357252,Nafisa Khan,FDI0000343,2026-07-27T09:06:51+06:00,Foodi Demo Kitchen 02,Fast Food,Khilgaon,23.744158,90.436077,1575,card,delivered,2026-07-27T11:42:51+06:00,True,Foodi,FDI-RDR-007,Shakil Sarker,8801645088972,delivery_rider,Bike,Dhaka-Metro-LA-51-7903,2024-11-22,4.89,active,Khilgaon,63,46,238,2026-02-12T07:27:28+06:00,2026-08-08T00:12:25+06:00
343,USR032,+8801535357252,Nafisa Khan,FDI0000344,2026-07-23T17:25:58+06:00,Foodi Demo Kitchen 06,Burgers,Mohammadpur,23.768458,90.367345,277,card,delivered,2026-07-23T19:55:58+06:00,True,Foodi,FDI-RDR-010,Shuvo Kabir,8801941100059,delivery_rider,Bike,Dhaka-Metro-LA-31-8053,2024-10-07,4.30,active,Mohammadpur,59,37,808,2026-02-11T13:16:22+06:00,2026-08-10T20:09:48+06:00
344,USR032,+8801535357252,Nafisa Khan,FDI0000345,2026-04-11T02:05:53+06:00,Foodi Demo Kitchen 01,Bangla,Farmgate,23.750412,90.387988,379,card,delivered,2026-04-11T04:17:53+06:00,True,Foodi,FDI-RDR-005,Nayeem Sheikh,8801743750117,delivery_rider,Bike,Dhaka-Metro-LA-11-2234,2025-12-12,4.45,active,Farmgate,28,19,703,2026-02-14T20:09:21+06:00,2026-07-11T22:41:13+06:00
345,USR033,+8801813484178,Priya Ahmed,FDI0000346,2026-07-16T18:40:30+06:00,Foodi Demo Kitchen 02,Fast Food,Mohammadpur,23.767535,90.354238,1579,cash,delivered,2026-07-16T20:03:30+06:00,True,Foodi,FDI-RDR-010,Shuvo Kabir,8801941100059,delivery_rider,Bike,Dhaka-Metro-LA-31-8053,2024-10-07,4.30,active,Mohammadpur,59,37,808,2026-02-11T13:16:22+06:00,2026-08-10T20:09:48+06:00
346,USR033,+8801813484178,Priya Ahmed,FDI0000347,2026-07-20T04:27:42+06:00,Foodi Demo Kitchen 04,Cafe,Dhanmondi,23.738046,90.374788,785,mobile_wallet,delivered,2026-07-20T07:09:42+06:00,True,Foodi,FDI-RDR-004,Arif Mahmud,8801854692697,delivery_rider,Bike,Dhaka-Metro-LA-31-2968,2025-07-12,4.47,active,Dhanmondi,34,22,1435,2026-02-20T13:46:59+06:00,2026-08-05T20:00:40+06:00
347,USR033,+8801813484178,Priya Ahmed,FDI0000348,2026-07-25T04:54:20+06:00,Foodi Demo Kitchen 08,Kebab,Badda,23.778501,90.435295,1576,cash,cancelled,2026-07-25T06:56:20+06:00,True,Foodi,FDI-RDR-019,Imran Khan,8801655026262,delivery_rider,Bike,Dhaka-Metro-LA-31-3687,2024-04-05,4.91,active,Badda,37,23,1569,2026-02-24T06:56:48+06:00,2026-08-06T06:15:06+06:00
348,USR033,+8801813484178,Priya Ahmed,FDI0000349,2026-06-12T20:52:18+06:00,Foodi Demo Kitchen 01,Bangla,Mirpur,23.815945,90.360977,407,mobile_wallet,delivered,2026-06-12T22:21:18+06:00,True,Foodi,FDI-RDR-008,Al Amin Mahmud,8801773840158,delivery_rider,Bike,Dhaka-Metro-LA-16-1506,2024-12-21,4.88,active,Mirpur,55,38,553,2026-02-10T07:25:37+06:00,2026-08-10T06:22:54+06:00
349,USR033,+8801813484178,Priya Ahmed,FDI0000350,2026-07-20T04:20:02+06:00,Foodi Demo Kitchen 03,Biryani,Khilgaon,23.757969,90.426788,757,mobile_wallet,delivered,2026-07-20T06:51:02+06:00,True,Foodi,FDI-RDR-007,Shakil Sarker,8801645088972,delivery_rider,Bike,Dhaka-Metro-LA-51-7903,2024-11-22,4.89,active,Khilgaon,63,46,238,2026-02-12T07:27:28+06:00,2026-08-08T00:12:25+06:00
350,USR033,+8801813484178,Priya Ahmed,FDI0000351,2026-03-31T07:27:02+06:00,Foodi Demo Kitchen 08,Kebab,Tejgaon,23.756213,90.384241,234,cash,refunded,2026-03-31T10:41:02+06:00,True,Foodi,FDI-RDR-016,Noman Mollah,8801385740882,delivery_rider,Bike,Dhaka-Metro-LA-22-3253,2025-12-03,4.49,active,Tejgaon,49,28,819,2026-02-13T23:12:09+06:00,2026-08-05T05:30:47+06:00
351,USR033,+8801813484178,Priya Ahmed,FDI0000352,2026-04-30T12:40:37+06:00,Foodi Demo Kitchen 08,Kebab,Bashundhara,23.810799,90.428499,1310,card,cancelled,2026-04-30T14:18:37+06:00,True,Foodi,FDI-RDR-021,Habib Khan,8801640944989,delivery_rider,Bicycle,BIC-62834,2024-07-09,4.84,active,Bashundhara,33,19,586,2026-03-08T16:51:38+06:00,2026-08-08T20:11:49+06:00
352,USR033,+8801813484178,Priya Ahmed,FDI0000353,2026-05-10T07:48:50+06:00,Foodi Demo Kitchen 03,Biryani,Shyamoli,23.77097,90.365667,1605,card,delivered,2026-05-10T09:37:50+06:00,True,Foodi,FDI-RDR-015,Al Amin Ahmed,8801422934517,delivery_rider,Bike,Dhaka-Metro-LA-24-2387,2025-07-31,4.60,active,Shyamoli,43,20,343,2026-02-15T20:41:46+06:00,2026-08-10T01:54:52+06:00
353,USR033,+8801813484178,Priya Ahmed,FDI0000354,2026-06-08T11:11:25+06:00,Foodi Demo Kitchen 08,Kebab,Pallabi,23.822019,90.367241,926,card,refunded,2026-06-08T11:54:25+06:00,True,Foodi,FDI-RDR-013,Sabbir Hossain,8801364196925,delivery_rider,Bike,Dhaka-Metro-LA-17-2602,2024-08-29,4.32,active,Pallabi,52,36,1655,2026-02-13T02:02:06+06:00,2026-08-06T19:24:26+06:00
354,USR033,+8801813484178,Priya Ahmed,FDI0000355,2026-02-12T18:32:46+06:00,Foodi Demo Kitchen 06,Burgers,Wari,23.726045,90.415778,515,mobile_wallet,delivered,2026-02-12T20:57:46+06:00,True,Foodi,FDI-RDR-018,Mehedi Karim,8801825989091,delivery_rider,Bicycle,BIC-77242,2025-01-08,4.35,active,Wari,63,40,1814,2026-02-12T18:32:46+06:00,2026-08-04T04:32:17+06:00
355,USR033,+8801813484178,Priya Ahmed,FDI0000356,2026-07-30T04:29:17+06:00,Foodi Demo Kitchen 07,Thai,Mohakhali,23.785925,90.396846,1804,mobile_wallet,refunded,2026-07-30T06:28:17+06:00,True,Foodi,FDI-RDR-009,Mahmud Ali,8801453596488,delivery_rider,Bike,Dhaka-Metro-LA-50-1637,2024-06-25,4.64,active,Mohakhali,67,33,309,2026-02-10T09:51:53+06:00,2026-08-10T22:36:11+06:00
356,USR033,+8801813484178,Priya Ahmed,FDI0000357,2026-04-26T19:31:46+06:00,Foodi Demo Kitchen 01,Bangla,Uttara,23.870447,90.383292,459,mobile_wallet,delivered,2026-04-26T20:37:46+06:00,True,Foodi,FDI-RDR-017,Tuhin Kabir,8801437966170,delivery_rider,Bike,Dhaka-Metro-LA-31-7414,2026-03-12,4.47,active,Uttara,56,36,899,2026-02-12T19:30:05+06:00,2026-08-02T10:56:53+06:00
357,USR033,+8801813484178,Priya Ahmed,FDI0000358,2026-04-07T22:39:33+06:00,Foodi Demo Kitchen 07,Thai,Wari,23.718487,90.416669,910,card,delivered,2026-04-08T01:27:33+06:00,True,Foodi,FDI-RDR-018,Mehedi Karim,8801825989091,delivery_rider,Bicycle,BIC-77242,2025-01-08,4.35,active,Wari,63,40,1814,2026-02-12T18:32:46+06:00,2026-08-04T04:32:17+06:00
358,USR034,+8801580160103,Sadia Mahmud,FDI0000359,2026-07-09T11:48:27+06:00,Foodi Demo Kitchen 02,Fast Food,Mirpur,23.818812,90.368282,1390,cash,delivered,2026-07-09T13:05:27+06:00,True,Foodi,FDI-RDR-008,Al Amin Mahmud,8801773840158,delivery_rider,Bike,Dhaka-Metro-LA-16-1506,2024-12-21,4.88,active,Mirpur,55,38,553,2026-02-10T07:25:37+06:00,2026-08-10T06:22:54+06:00
359,USR034,+8801580160103,Sadia Mahmud,FDI0000360,2026-05-01T10:07:13+06:00,Foodi Demo Kitchen 05,Pizza,Banani,23.802183,90.403549,647,card,delivered,2026-05-01T11:59:13+06:00,True,Foodi,FDI-RDR-020,Rakib Hasan,8801703040974,delivery_rider,Bike,Dhaka-Metro-LA-11-8668,2025-06-15,4.73,active,Banani,34,25,770,2026-02-15T15:29:27+06:00,2026-08-02T04:28:06+06:00
360,USR034,+8801580160103,Sadia Mahmud,FDI0000361,2026-07-04T05:12:49+06:00,Foodi Demo Kitchen 01,Bangla,Motijheel,23.738726,90.413005,978,mobile_wallet,delivered,2026-07-04T07:10:49+06:00,True,Foodi,FDI-RDR-011,Mahmud Hasan,8801546275934,delivery_rider,Bike,Dhaka-Metro-LA-42-9695,2024-01-04,4.61,active,Motijheel,44,30,774,2026-02-12T09:24:57+06:00,2026-08-10T17:38:53+06:00
361,USR034,+8801580160103,Sadia Mahmud,FDI0000362,2026-05-22T04:31:07+06:00,Foodi Demo Kitchen 05,Pizza,Pallabi,23.825506,90.373768,532,mobile_wallet,delivered,2026-05-22T05:28:07+06:00,True,Foodi,FDI-RDR-013,Sabbir Hossain,8801364196925,delivery_rider,Bike,Dhaka-Metro-LA-17-2602,2024-08-29,4.32,active,Pallabi,52,36,1655,2026-02-13T02:02:06+06:00,2026-08-06T19:24:26+06:00
362,USR034,+8801580160103,Sadia Mahmud,FDI0000363,2026-05-10T22:01:13+06:00,Foodi Demo Kitchen 06,Burgers,Old Dhaka,23.712771,90.404335,1724,card,cancelled,2026-05-10T22:44:13+06:00,True,Foodi,FDI-RDR-012,Parvez Mollah,8801798672324,delivery_rider,Bike,Dhaka-Metro-LA-18-1627,2023-01-21,4.38,active,Old Dhaka,70,47,563,2026-02-10T12:20:28+06:00,2026-08-08T06:41:21+06:00
363,USR034,+8801580160103,Sadia Mahmud,FDI0000364,2026-05-10T13:56:45+06:00,Foodi Demo Kitchen 03,Biryani,Wari,23.721645,90.425083,213,cash,delivered,2026-05-10T17:14:45+06:00,True,Foodi,FDI-RDR-018,Mehedi Karim,8801825989091,delivery_rider,Bicycle,BIC-77242,2025-01-08,4.35,active,Wari,63,40,1814,2026-02-12T18:32:46+06:00,2026-08-04T04:32:17+06:00
364,USR034,+8801580160103,Sadia Mahmud,FDI0000365,2026-08-05T01:26:05+06:00,Foodi Demo Kitchen 04,Cafe,Dhanmondi,23.739719,90.376223,1243,card,delivered,2026-08-05T01:58:05+06:00,True,Foodi,FDI-RDR-022,Habib Chowdhury,8801384916196,delivery_rider,Bike,Dhaka-Metro-LA-46-4315,2024-05-20,4.33,active,Dhanmondi,27,18,197,2026-02-12T07:13:30+06:00,2026-08-05T01:26:05+06:00
365,USR034,+8801580160103,Sadia Mahmud,FDI0000366,2026-05-27T02:10:28+06:00,Foodi Demo Kitchen 04,Cafe,Gulshan,23.796314,90.404465,1197,card,delivered,2026-05-27T04:51:28+06:00,True,Foodi,FDI-RDR-006,Hasan Mahmud,8801309144811,delivery_rider,Bike,Dhaka-Metro-LA-24-6061,2023-05-09,4.71,active,Gulshan,53,31,1075,2026-02-11T04:00:15+06:00,2026-08-05T08:02:50+06:00
366,USR035,+8801786507106,Imran Hasan,FDI0000367,2026-03-01T14:24:24+06:00,Foodi Demo Kitchen 02,Fast Food,Bashundhara,23.816824,90.421622,262,card,delivered,2026-03-01T15:53:24+06:00,True,Foodi,FDI-RDR-003,Rasel Rahman,8801991735857,delivery_rider,Bike,Dhaka-Metro-LA-25-1024,2025-03-30,4.27,active,Bashundhara,27,16,1021,2026-02-24T21:14:45+06:00,2026-08-07T13:05:52+06:00
367,USR035,+8801786507106,Imran Hasan,FDI0000368,2026-07-12T09:17:22+06:00,Foodi Demo Kitchen 05,Pizza,Mohammadpur,23.775099,90.356375,757,mobile_wallet,delivered,2026-07-12T09:49:22+06:00,True,Foodi,FDI-RDR-010,Shuvo Kabir,8801941100059,delivery_rider,Bike,Dhaka-Metro-LA-31-8053,2024-10-07,4.30,active,Mohammadpur,59,37,808,2026-02-11T13:16:22+06:00,2026-08-10T20:09:48+06:00
368,USR035,+8801786507106,Imran Hasan,FDI0000369,2026-05-21T08:40:10+06:00,Foodi Demo Kitchen 02,Fast Food,Farmgate,23.752084,90.389843,759,mobile_wallet,delivered,2026-05-21T09:23:10+06:00,True,Foodi,FDI-RDR-005,Nayeem Sheikh,8801743750117,delivery_rider,Bike,Dhaka-Metro-LA-11-2234,2025-12-12,4.45,active,Farmgate,28,19,703,2026-02-14T20:09:21+06:00,2026-07-11T22:41:13+06:00
369,USR035,+8801786507106,Imran Hasan,FDI0000370,2026-02-27T16:56:43+06:00,Foodi Demo Kitchen 03,Biryani,Khilgaon,23.756241,90.434923,386,cash,delivered,2026-02-27T19:08:43+06:00,True,Foodi,FDI-RDR-007,Shakil Sarker,8801645088972,delivery_rider,Bike,Dhaka-Metro-LA-51-7903,2024-11-22,4.89,active,Khilgaon,63,46,238,2026-02-12T07:27:28+06:00,2026-08-08T00:12:25+06:00
370,USR035,+8801786507106,Imran Hasan,FDI0000371,2026-03-24T22:33:32+06:00,Foodi Demo Kitchen 02,Fast Food,Rampura,23.760729,90.420264,1702,cash,refunded,2026-03-25T00:51:32+06:00,True,Foodi,FDI-RDR-014,Sabbir Ahmed,8801739856270,delivery_rider,Bike,Dhaka-Metro-LA-13-2488,2024-03-05,4.91,active,Rampura,71,47,1187,2026-02-10T02:57:10+06:00,2026-08-07T14:03:06+06:00
371,USR035,+8801786507106,Imran Hasan,FDI0000372,2026-07-09T07:23:57+06:00,Foodi Demo Kitchen 07,Thai,Old Dhaka,23.706575,90.401484,215,cash,cancelled,2026-07-09T09:07:57+06:00,True,Foodi,FDI-RDR-012,Parvez Mollah,8801798672324,delivery_rider,Bike,Dhaka-Metro-LA-18-1627,2023-01-21,4.38,active,Old Dhaka,70,47,563,2026-02-10T12:20:28+06:00,2026-08-08T06:41:21+06:00
372,USR035,+8801786507106,Imran Hasan,FDI0000373,2026-03-26T14:15:28+06:00,Foodi Demo Kitchen 08,Kebab,Motijheel,23.740863,90.415169,358,cash,delivered,2026-03-26T15:50:28+06:00,True,Foodi,FDI-RDR-011,Mahmud Hasan,8801546275934,delivery_rider,Bike,Dhaka-Metro-LA-42-9695,2024-01-04,4.61,active,Motijheel,44,30,774,2026-02-12T09:24:57+06:00,2026-08-10T17:38:53+06:00
373,USR035,+8801786507106,Imran Hasan,FDI0000374,2026-03-29T03:43:38+06:00,Foodi Demo Kitchen 04,Cafe,Bashundhara,23.812341,90.426321,1814,card,refunded,2026-03-29T06:58:38+06:00,True,Foodi,FDI-RDR-021,Habib Khan,8801640944989,delivery_rider,Bicycle,BIC-62834,2024-07-09,4.84,active,Bashundhara,33,19,586,2026-03-08T16:51:38+06:00,2026-08-08T20:11:49+06:00
374,USR035,+8801786507106,Imran Hasan,FDI0000375,2026-07-28T03:16:55+06:00,Foodi Demo Kitchen 04,Cafe,Tejgaon,23.765948,90.382554,631,card,refunded,2026-07-28T04:40:55+06:00,True,Foodi,FDI-RDR-016,Noman Mollah,8801385740882,delivery_rider,Bike,Dhaka-Metro-LA-22-3253,2025-12-03,4.49,active,Tejgaon,49,28,819,2026-02-13T23:12:09+06:00,2026-08-05T05:30:47+06:00
375,USR035,+8801786507106,Imran Hasan,FDI0000376,2026-08-03T23:06:35+06:00,Foodi Demo Kitchen 05,Pizza,Motijheel,23.739705,90.417531,272,card,delivered,2026-08-04T00:27:35+06:00,True,Foodi,FDI-RDR-011,Mahmud Hasan,8801546275934,delivery_rider,Bike,Dhaka-Metro-LA-42-9695,2024-01-04,4.61,active,Motijheel,44,30,774,2026-02-12T09:24:57+06:00,2026-08-10T17:38:53+06:00
376,USR035,+8801786507106,Imran Hasan,FDI0000377,2026-07-11T07:06:39+06:00,Foodi Demo Kitchen 06,Burgers,Old Dhaka,23.709013,90.409408,253,card,delivered,2026-07-11T07:58:39+06:00,True,Foodi,FDI-RDR-012,Parvez Mollah,8801798672324,delivery_rider,Bike,Dhaka-Metro-LA-18-1627,2023-01-21,4.38,active,Old Dhaka,70,47,563,2026-02-10T12:20:28+06:00,2026-08-08T06:41:21+06:00
377,USR035,+8801786507106,Imran Hasan,FDI0000378,2026-03-21T14:30:56+06:00,Foodi Demo Kitchen 08,Kebab,Wari,23.728295,90.412577,1677,cash,delivered,2026-03-21T18:09:56+06:00,True,Foodi,FDI-RDR-018,Mehedi Karim,8801825989091,delivery_rider,Bicycle,BIC-77242,2025-01-08,4.35,active,Wari,63,40,1814,2026-02-12T18:32:46+06:00,2026-08-04T04:32:17+06:00
378,USR035,+8801786507106,Imran Hasan,FDI0000379,2026-03-13T02:49:43+06:00,Foodi Demo Kitchen 04,Cafe,Rampura,23.762212,90.422777,649,mobile_wallet,delivered,2026-03-13T06:25:43+06:00,True,Foodi,FDI-RDR-014,Sabbir Ahmed,8801739856270,delivery_rider,Bike,Dhaka-Metro-LA-13-2488,2024-03-05,4.91,active,Rampura,71,47,1187,2026-02-10T02:57:10+06:00,2026-08-07T14:03:06+06:00
379,USR035,+8801786507106,Imran Hasan,FDI0000380,2026-06-20T00:40:33+06:00,Foodi Demo Kitchen 05,Pizza,Wari,23.713425,90.413971,891,card,delivered,2026-06-20T02:14:33+06:00,True,Foodi,FDI-RDR-018,Mehedi Karim,8801825989091,delivery_rider,Bicycle,BIC-77242,2025-01-08,4.35,active,Wari,63,40,1814,2026-02-12T18:32:46+06:00,2026-08-04T04:32:17+06:00
380,USR036,+8801879457558,Rumana Islam,FDI0000381,2026-04-07T08:25:53+06:00,Foodi Demo Kitchen 08,Kebab,Wari,23.723499,90.409324,229,cash,delivered,2026-04-07T10:34:53+06:00,True,Foodi,FDI-RDR-018,Mehedi Karim,8801825989091,delivery_rider,Bicycle,BIC-77242,2025-01-08,4.35,active,Wari,63,40,1814,2026-02-12T18:32:46+06:00,2026-08-04T04:32:17+06:00
381,USR036,+8801879457558,Rumana Islam,FDI0000382,2026-05-01T12:30:20+06:00,Foodi Demo Kitchen 02,Fast Food,Gulshan,23.789563,90.400938,709,mobile_wallet,delivered,2026-05-01T14:07:20+06:00,True,Foodi,FDI-RDR-006,Hasan Mahmud,8801309144811,delivery_rider,Bike,Dhaka-Metro-LA-24-6061,2023-05-09,4.71,active,Gulshan,53,31,1075,2026-02-11T04:00:15+06:00,2026-08-05T08:02:50+06:00
382,USR036,+8801879457558,Rumana Islam,FDI0000383,2026-02-28T07:56:07+06:00,Foodi Demo Kitchen 07,Thai,Tejgaon,23.756965,90.390534,1110,cash,cancelled,2026-02-28T10:14:07+06:00,True,Foodi,FDI-RDR-016,Noman Mollah,8801385740882,delivery_rider,Bike,Dhaka-Metro-LA-22-3253,2025-12-03,4.49,active,Tejgaon,49,28,819,2026-02-13T23:12:09+06:00,2026-08-05T05:30:47+06:00
383,USR036,+8801879457558,Rumana Islam,FDI0000384,2026-07-20T21:07:35+06:00,Foodi Demo Kitchen 02,Fast Food,Motijheel,23.726297,90.422124,1501,cash,refunded,2026-07-20T23:46:35+06:00,True,Foodi,FDI-RDR-011,Mahmud Hasan,8801546275934,delivery_rider,Bike,Dhaka-Metro-LA-42-9695,2024-01-04,4.61,active,Motijheel,44,30,774,2026-02-12T09:24:57+06:00,2026-08-10T17:38:53+06:00
384,USR036,+8801879457558,Rumana Islam,FDI0000385,2026-08-01T06:23:52+06:00,Foodi Demo Kitchen 04,Cafe,Motijheel,23.738528,90.40933,258,cash,delivered,2026-08-01T09:45:52+06:00,True,Foodi,FDI-RDR-011,Mahmud Hasan,8801546275934,delivery_rider,Bike,Dhaka-Metro-LA-42-9695,2024-01-04,4.61,active,Motijheel,44,30,774,2026-02-12T09:24:57+06:00,2026-08-10T17:38:53+06:00
385,USR036,+8801879457558,Rumana Islam,FDI0000386,2026-07-12T00:36:51+06:00,Foodi Demo Kitchen 06,Burgers,Motijheel,23.727149,90.416523,1483,cash,delivered,2026-07-12T03:08:51+06:00,True,Foodi,FDI-RDR-011,Mahmud Hasan,8801546275934,delivery_rider,Bike,Dhaka-Metro-LA-42-9695,2024-01-04,4.61,active,Motijheel,44,30,774,2026-02-12T09:24:57+06:00,2026-08-10T17:38:53+06:00
386,USR036,+8801879457558,Rumana Islam,FDI0000387,2026-04-15T23:40:36+06:00,Foodi Demo Kitchen 05,Pizza,Khilgaon,23.744763,90.42615,1765,mobile_wallet,refunded,2026-04-16T03:10:36+06:00,True,Foodi,FDI-RDR-007,Shakil Sarker,8801645088972,delivery_rider,Bike,Dhaka-Metro-LA-51-7903,2024-11-22,4.89,active,Khilgaon,63,46,238,2026-02-12T07:27:28+06:00,2026-08-08T00:12:25+06:00
387,USR036,+8801879457558,Rumana Islam,FDI0000388,2026-04-29T23:44:54+06:00,Foodi Demo Kitchen 02,Fast Food,Old Dhaka,23.716153,90.412273,1845,mobile_wallet,delivered,2026-04-30T02:36:54+06:00,True,Foodi,FDI-RDR-012,Parvez Mollah,8801798672324,delivery_rider,Bike,Dhaka-Metro-LA-18-1627,2023-01-21,4.38,active,Old Dhaka,70,47,563,2026-02-10T12:20:28+06:00,2026-08-08T06:41:21+06:00
388,USR036,+8801879457558,Rumana Islam,FDI0000389,2026-03-31T00:23:21+06:00,Foodi Demo Kitchen 06,Burgers,Banani,23.80143,90.40654,202,card,cancelled,2026-03-31T03:15:21+06:00,True,Foodi,FDI-RDR-002,Rony Sarker,8801683501448,delivery_rider,Bike,Dhaka-Metro-LA-47-5838,2023-05-27,4.52,active,Banani,29,19,739,2026-02-13T16:48:02+06:00,2026-07-30T12:32:32+06:00
389,USR036,+8801879457558,Rumana Islam,FDI0000390,2026-05-17T19:32:02+06:00,Foodi Demo Kitchen 03,Biryani,Gulshan,23.78713,90.413934,198,mobile_wallet,cancelled,2026-05-17T19:54:02+06:00,True,Foodi,FDI-RDR-006,Hasan Mahmud,8801309144811,delivery_rider,Bike,Dhaka-Metro-LA-24-6061,2023-05-09,4.71,active,Gulshan,53,31,1075,2026-02-11T04:00:15+06:00,2026-08-05T08:02:50+06:00
390,USR036,+8801879457558,Rumana Islam,FDI0000391,2026-04-20T04:29:32+06:00,Foodi Demo Kitchen 02,Fast Food,Khilgaon,23.748274,90.424152,693,cash,delivered,2026-04-20T06:57:32+06:00,True,Foodi,FDI-RDR-007,Shakil Sarker,8801645088972,delivery_rider,Bike,Dhaka-Metro-LA-51-7903,2024-11-22,4.89,active,Khilgaon,63,46,238,2026-02-12T07:27:28+06:00,2026-08-08T00:12:25+06:00
391,USR037,+8801909160886,Farzana Sultana,FDI0000392,2026-02-21T08:04:24+06:00,Foodi Demo Kitchen 08,Kebab,Shyamoli,23.771288,90.373747,293,mobile_wallet,refunded,2026-02-21T10:23:24+06:00,True,Foodi,FDI-RDR-015,Al Amin Ahmed,8801422934517,delivery_rider,Bike,Dhaka-Metro-LA-24-2387,2025-07-31,4.60,active,Shyamoli,43,20,343,2026-02-15T20:41:46+06:00,2026-08-10T01:54:52+06:00
392,USR037,+8801909160886,Farzana Sultana,FDI0000393,2026-02-24T16:15:54+06:00,Foodi Demo Kitchen 04,Cafe,Mirpur,23.826442,90.357543,701,cash,refunded,2026-02-24T19:09:54+06:00,True,Foodi,FDI-RDR-008,Al Amin Mahmud,8801773840158,delivery_rider,Bike,Dhaka-Metro-LA-16-1506,2024-12-21,4.88,active,Mirpur,55,38,553,2026-02-10T07:25:37+06:00,2026-08-10T06:22:54+06:00
393,USR037,+8801909160886,Farzana Sultana,FDI0000394,2026-03-08T06:47:05+06:00,Foodi Demo Kitchen 01,Bangla,Banani,23.791881,90.41185,1784,mobile_wallet,delivered,2026-03-08T08:03:05+06:00,True,Foodi,FDI-RDR-002,Rony Sarker,8801683501448,delivery_rider,Bike,Dhaka-Metro-LA-47-5838,2023-05-27,4.52,active,Banani,29,19,739,2026-02-13T16:48:02+06:00,2026-07-30T12:32:32+06:00
394,USR037,+8801909160886,Farzana Sultana,FDI0000395,2026-07-05T21:28:04+06:00,Foodi Demo Kitchen 08,Kebab,Mohammadpur,23.769897,90.358728,1159,mobile_wallet,delivered,2026-07-05T21:54:04+06:00,True,Foodi,FDI-RDR-010,Shuvo Kabir,8801941100059,delivery_rider,Bike,Dhaka-Metro-LA-31-8053,2024-10-07,4.30,active,Mohammadpur,59,37,808,2026-02-11T13:16:22+06:00,2026-08-10T20:09:48+06:00
395,USR037,+8801909160886,Farzana Sultana,FDI0000396,2026-07-16T04:09:03+06:00,Foodi Demo Kitchen 03,Biryani,Wari,23.723327,90.417109,1719,card,cancelled,2026-07-16T07:16:03+06:00,True,Foodi,FDI-RDR-018,Mehedi Karim,8801825989091,delivery_rider,Bicycle,BIC-77242,2025-01-08,4.35,active,Wari,63,40,1814,2026-02-12T18:32:46+06:00,2026-08-04T04:32:17+06:00
396,USR037,+8801909160886,Farzana Sultana,FDI0000397,2026-03-29T22:19:12+06:00,Foodi Demo Kitchen 03,Biryani,Mohakhali,23.770378,90.402469,970,cash,refunded,2026-03-30T01:41:12+06:00,True,Foodi,FDI-RDR-009,Mahmud Ali,8801453596488,delivery_rider,Bike,Dhaka-Metro-LA-50-1637,2024-06-25,4.64,active,Mohakhali,67,33,309,2026-02-10T09:51:53+06:00,2026-08-10T22:36:11+06:00
397,USR037,+8801909160886,Farzana Sultana,FDI0000398,2026-07-10T14:34:08+06:00,Foodi Demo Kitchen 01,Bangla,Farmgate,23.757671,90.396514,591,cash,refunded,2026-07-10T16:23:08+06:00,True,Foodi,FDI-RDR-005,Nayeem Sheikh,8801743750117,delivery_rider,Bike,Dhaka-Metro-LA-11-2234,2025-12-12,4.45,active,Farmgate,28,19,703,2026-02-14T20:09:21+06:00,2026-07-11T22:41:13+06:00
398,USR037,+8801909160886,Farzana Sultana,FDI0000399,2026-03-09T14:19:13+06:00,Foodi Demo Kitchen 07,Thai,Old Dhaka,23.710384,90.413369,245,card,delivered,2026-03-09T14:42:13+06:00,True,Foodi,FDI-RDR-012,Parvez Mollah,8801798672324,delivery_rider,Bike,Dhaka-Metro-LA-18-1627,2023-01-21,4.38,active,Old Dhaka,70,47,563,2026-02-10T12:20:28+06:00,2026-08-08T06:41:21+06:00
399,USR038,+8801312595905,Arif Islam,FDI0000400,2026-08-06T20:28:36+06:00,Foodi Demo Kitchen 06,Burgers,Mirpur,23.814584,90.370949,1600,cash,delivered,2026-08-06T20:52:36+06:00,True,Foodi,FDI-RDR-008,Al Amin Mahmud,8801773840158,delivery_rider,Bike,Dhaka-Metro-LA-16-1506,2024-12-21,4.88,active,Mirpur,55,38,553,2026-02-10T07:25:37+06:00,2026-08-10T06:22:54+06:00
400,USR038,+8801312595905,Arif Islam,FDI0000401,2026-04-06T05:19:12+06:00,Foodi Demo Kitchen 07,Thai,Pallabi,23.836741,90.36681,1419,cash,cancelled,2026-04-06T06:49:12+06:00,True,Foodi,FDI-RDR-013,Sabbir Hossain,8801364196925,delivery_rider,Bike,Dhaka-Metro-LA-17-2602,2024-08-29,4.32,active,Pallabi,52,36,1655,2026-02-13T02:02:06+06:00,2026-08-06T19:24:26+06:00
401,USR038,+8801312595905,Arif Islam,FDI0000402,2026-08-07T13:05:52+06:00,Foodi Demo Kitchen 01,Bangla,Bashundhara,23.808424,90.433828,1555,mobile_wallet,delivered,2026-08-07T14:59:52+06:00,True,Foodi,FDI-RDR-003,Rasel Rahman,8801991735857,delivery_rider,Bike,Dhaka-Metro-LA-25-1024,2025-03-30,4.27,active,Bashundhara,27,16,1021,2026-02-24T21:14:45+06:00,2026-08-07T13:05:52+06:00
402,USR038,+8801312595905,Arif Islam,FDI0000403,2026-03-12T06:04:46+06:00,Foodi Demo Kitchen 01,Bangla,Banani,23.799611,90.409086,1475,cash,delivered,2026-03-12T08:00:46+06:00,True,Foodi,FDI-RDR-020,Rakib Hasan,8801703040974,delivery_rider,Bike,Dhaka-Metro-LA-11-8668,2025-06-15,4.73,active,Banani,34,25,770,2026-02-15T15:29:27+06:00,2026-08-02T04:28:06+06:00
403,USR038,+8801312595905,Arif Islam,FDI0000404,2026-06-19T17:24:13+06:00,Foodi Demo Kitchen 02,Fast Food,Banani,23.78668,90.406003,1120,card,refunded,2026-06-19T19:07:13+06:00,True,Foodi,FDI-RDR-002,Rony Sarker,8801683501448,delivery_rider,Bike,Dhaka-Metro-LA-47-5838,2023-05-27,4.52,active,Banani,29,19,739,2026-02-13T16:48:02+06:00,2026-07-30T12:32:32+06:00
404,USR038,+8801312595905,Arif Islam,FDI0000405,2026-07-26T17:20:19+06:00,Foodi Demo Kitchen 05,Pizza,Khilgaon,23.744364,90.422288,214,card,refunded,2026-07-26T17:52:19+06:00,True,Foodi,FDI-RDR-007,Shakil Sarker,8801645088972,delivery_rider,Bike,Dhaka-Metro-LA-51-7903,2024-11-22,4.89,active,Khilgaon,63,46,238,2026-02-12T07:27:28+06:00,2026-08-08T00:12:25+06:00
405,USR038,+8801312595905,Arif Islam,FDI0000406,2026-08-06T19:24:26+06:00,Foodi Demo Kitchen 08,Kebab,Pallabi,23.826615,90.372027,1667,card,delivered,2026-08-06T21:34:26+06:00,True,Foodi,FDI-RDR-013,Sabbir Hossain,8801364196925,delivery_rider,Bike,Dhaka-Metro-LA-17-2602,2024-08-29,4.32,active,Pallabi,52,36,1655,2026-02-13T02:02:06+06:00,2026-08-06T19:24:26+06:00
406,USR038,+8801312595905,Arif Islam,FDI0000407,2026-06-20T11:41:33+06:00,Foodi Demo Kitchen 05,Pizza,Uttara,23.87769,90.381152,1594,card,cancelled,2026-06-20T12:59:33+06:00,True,Foodi,FDI-RDR-017,Tuhin Kabir,8801437966170,delivery_rider,Bike,Dhaka-Metro-LA-31-7414,2026-03-12,4.47,active,Uttara,56,36,899,2026-02-12T19:30:05+06:00,2026-08-02T10:56:53+06:00
407,USR038,+8801312595905,Arif Islam,FDI0000408,2026-04-25T17:08:21+06:00,Foodi Demo Kitchen 02,Fast Food,Badda,23.778204,90.433972,707,mobile_wallet,delivered,2026-04-25T19:39:21+06:00,True,Foodi,FDI-RDR-019,Imran Khan,8801655026262,delivery_rider,Bike,Dhaka-Metro-LA-31-3687,2024-04-05,4.91,active,Badda,37,23,1569,2026-02-24T06:56:48+06:00,2026-08-06T06:15:06+06:00
408,USR038,+8801312595905,Arif Islam,FDI0000409,2026-05-28T00:27:37+06:00,Foodi Demo Kitchen 08,Kebab,Badda,23.78186,90.428343,601,card,delivered,2026-05-28T03:02:37+06:00,True,Foodi,FDI-RDR-019,Imran Khan,8801655026262,delivery_rider,Bike,Dhaka-Metro-LA-31-3687,2024-04-05,4.91,active,Badda,37,23,1569,2026-02-24T06:56:48+06:00,2026-08-06T06:15:06+06:00
409,USR039,+8801461779647,Mahin Karim,FDI0000410,2026-06-03T19:33:38+06:00,Foodi Demo Kitchen 07,Thai,Tejgaon,23.766344,90.38284,872,card,delivered,2026-06-03T22:39:38+06:00,True,Foodi,FDI-RDR-016,Noman Mollah,8801385740882,delivery_rider,Bike,Dhaka-Metro-LA-22-3253,2025-12-03,4.49,active,Tejgaon,49,28,819,2026-02-13T23:12:09+06:00,2026-08-05T05:30:47+06:00
410,USR039,+8801461779647,Mahin Karim,FDI0000411,2026-03-25T04:33:56+06:00,Foodi Demo Kitchen 03,Biryani,Pallabi,23.831544,90.364352,1723,mobile_wallet,cancelled,2026-03-25T05:41:56+06:00,True,Foodi,FDI-RDR-013,Sabbir Hossain,8801364196925,delivery_rider,Bike,Dhaka-Metro-LA-17-2602,2024-08-29,4.32,active,Pallabi,52,36,1655,2026-02-13T02:02:06+06:00,2026-08-06T19:24:26+06:00
411,USR039,+8801461779647,Mahin Karim,FDI0000412,2026-06-17T09:31:15+06:00,Foodi Demo Kitchen 03,Biryani,Bashundhara,23.819842,90.43143,907,card,cancelled,2026-06-17T11:09:15+06:00,True,Foodi,FDI-RDR-021,Habib Khan,8801640944989,delivery_rider,Bicycle,BIC-62834,2024-07-09,4.84,active,Bashundhara,33,19,586,2026-03-08T16:51:38+06:00,2026-08-08T20:11:49+06:00
412,USR039,+8801461779647,Mahin Karim,FDI0000413,2026-02-26T11:43:42+06:00,Foodi Demo Kitchen 08,Kebab,Mohakhali,23.774659,90.402424,549,cash,delivered,2026-02-26T14:35:42+06:00,True,Foodi,FDI-RDR-009,Mahmud Ali,8801453596488,delivery_rider,Bike,Dhaka-Metro-LA-50-1637,2024-06-25,4.64,active,Mohakhali,67,33,309,2026-02-10T09:51:53+06:00,2026-08-10T22:36:11+06:00
413,USR039,+8801461779647,Mahin Karim,FDI0000414,2026-03-29T14:08:25+06:00,Foodi Demo Kitchen 03,Biryani,Farmgate,23.751824,90.393612,774,card,delivered,2026-03-29T16:44:25+06:00,True,Foodi,FDI-RDR-023,Shahadat Hasan,8801754954467,delivery_rider,Bike,Dhaka-Metro-LA-51-6371,2025-12-07,4.56,active,Farmgate,36,23,1181,2026-02-18T00:50:59+06:00,2026-08-06T11:04:59+06:00
414,USR039,+8801461779647,Mahin Karim,FDI0000415,2026-07-22T08:16:41+06:00,Foodi Demo Kitchen 06,Burgers,Old Dhaka,23.711149,90.407955,1092,mobile_wallet,delivered,2026-07-22T10:53:41+06:00,True,Foodi,FDI-RDR-012,Parvez Mollah,8801798672324,delivery_rider,Bike,Dhaka-Metro-LA-18-1627,2023-01-21,4.38,active,Old Dhaka,70,47,563,2026-02-10T12:20:28+06:00,2026-08-08T06:41:21+06:00
415,USR039,+8801461779647,Mahin Karim,FDI0000416,2026-07-19T04:16:51+06:00,Foodi Demo Kitchen 01,Bangla,Old Dhaka,23.704229,90.407064,370,mobile_wallet,cancelled,2026-07-19T07:01:51+06:00,True,Foodi,FDI-RDR-012,Parvez Mollah,8801798672324,delivery_rider,Bike,Dhaka-Metro-LA-18-1627,2023-01-21,4.38,active,Old Dhaka,70,47,563,2026-02-10T12:20:28+06:00,2026-08-08T06:41:21+06:00
416,USR039,+8801461779647,Mahin Karim,FDI0000417,2026-05-19T08:31:17+06:00,Foodi Demo Kitchen 05,Pizza,Badda,23.774539,90.432118,307,card,cancelled,2026-05-19T09:09:17+06:00,True,Foodi,FDI-RDR-019,Imran Khan,8801655026262,delivery_rider,Bike,Dhaka-Metro-LA-31-3687,2024-04-05,4.91,active,Badda,37,23,1569,2026-02-24T06:56:48+06:00,2026-08-06T06:15:06+06:00
417,USR039,+8801461779647,Mahin Karim,FDI0000418,2026-05-29T20:39:46+06:00,Foodi Demo Kitchen 08,Kebab,Uttara,23.86981,90.3717,1169,cash,refunded,2026-05-29T23:35:46+06:00,True,Foodi,FDI-RDR-017,Tuhin Kabir,8801437966170,delivery_rider,Bike,Dhaka-Metro-LA-31-7414,2026-03-12,4.47,active,Uttara,56,36,899,2026-02-12T19:30:05+06:00,2026-08-02T10:56:53+06:00
418,USR039,+8801461779647,Mahin Karim,FDI0000419,2026-03-15T03:07:16+06:00,Foodi Demo Kitchen 04,Cafe,Uttara,23.867008,90.376521,1686,card,delivered,2026-03-15T04:17:16+06:00,True,Foodi,FDI-RDR-017,Tuhin Kabir,8801437966170,delivery_rider,Bike,Dhaka-Metro-LA-31-7414,2026-03-12,4.47,active,Uttara,56,36,899,2026-02-12T19:30:05+06:00,2026-08-02T10:56:53+06:00
419,USR039,+8801461779647,Mahin Karim,FDI0000420,2026-07-06T11:14:38+06:00,Foodi Demo Kitchen 01,Bangla,Motijheel,23.726638,90.409014,1523,card,delivered,2026-07-06T12:08:38+06:00,True,Foodi,FDI-RDR-011,Mahmud Hasan,8801546275934,delivery_rider,Bike,Dhaka-Metro-LA-42-9695,2024-01-04,4.61,active,Motijheel,44,30,774,2026-02-12T09:24:57+06:00,2026-08-10T17:38:53+06:00
420,USR039,+8801461779647,Mahin Karim,FDI0000421,2026-07-17T09:08:40+06:00,Foodi Demo Kitchen 05,Pizza,Bashundhara,23.818023,90.42856,224,cash,refunded,2026-07-17T11:07:40+06:00,True,Foodi,FDI-RDR-003,Rasel Rahman,8801991735857,delivery_rider,Bike,Dhaka-Metro-LA-25-1024,2025-03-30,4.27,active,Bashundhara,27,16,1021,2026-02-24T21:14:45+06:00,2026-08-07T13:05:52+06:00
421,USR040,+8801754701672,Tanvir Karim,FDI0000422,2026-05-07T23:10:19+06:00,Foodi Demo Kitchen 02,Fast Food,Mirpur,23.815251,90.356813,1051,cash,delivered,2026-05-08T01:43:19+06:00,True,Foodi,FDI-RDR-008,Al Amin Mahmud,8801773840158,delivery_rider,Bike,Dhaka-Metro-LA-16-1506,2024-12-21,4.88,active,Mirpur,55,38,553,2026-02-10T07:25:37+06:00,2026-08-10T06:22:54+06:00
422,USR040,+8801754701672,Tanvir Karim,FDI0000423,2026-06-23T12:35:36+06:00,Foodi Demo Kitchen 05,Pizza,Dhanmondi,23.747721,90.383111,1239,card,delivered,2026-06-23T16:09:36+06:00,True,Foodi,FDI-RDR-022,Habib Chowdhury,8801384916196,delivery_rider,Bike,Dhaka-Metro-LA-46-4315,2024-05-20,4.33,active,Dhanmondi,27,18,197,2026-02-12T07:13:30+06:00,2026-08-05T01:26:05+06:00
423,USR040,+8801754701672,Tanvir Karim,FDI0000424,2026-03-22T22:33:03+06:00,Foodi Demo Kitchen 02,Fast Food,Mohakhali,23.774861,90.398757,934,card,cancelled,2026-03-22T23:36:03+06:00,True,Foodi,FDI-RDR-009,Mahmud Ali,8801453596488,delivery_rider,Bike,Dhaka-Metro-LA-50-1637,2024-06-25,4.64,active,Mohakhali,67,33,309,2026-02-10T09:51:53+06:00,2026-08-10T22:36:11+06:00
424,USR040,+8801754701672,Tanvir Karim,FDI0000425,2026-04-04T03:31:12+06:00,Foodi Demo Kitchen 06,Burgers,Badda,23.778433,90.43154,717,card,delivered,2026-04-04T05:45:12+06:00,True,Foodi,FDI-RDR-001,Nahid Ali,8801862610128,delivery_rider,Bike,Dhaka-Metro-LA-30-5508,2024-10-09,4.84,active,Badda,24,15,971,2026-02-13T19:01:33+06:00,2026-07-28T10:35:20+06:00
425,USR040,+8801754701672,Tanvir Karim,FDI0000426,2026-05-21T23:37:30+06:00,Foodi Demo Kitchen 06,Burgers,Badda,23.77327,90.432471,523,card,delivered,2026-05-22T02:24:30+06:00,True,Foodi,FDI-RDR-001,Nahid Ali,8801862610128,delivery_rider,Bike,Dhaka-Metro-LA-30-5508,2024-10-09,4.84,active,Badda,24,15,971,2026-02-13T19:01:33+06:00,2026-07-28T10:35:20+06:00
426,USR040,+8801754701672,Tanvir Karim,FDI0000427,2026-06-03T12:56:29+06:00,Foodi Demo Kitchen 08,Kebab,Old Dhaka,23.714755,90.400525,411,cash,delivered,2026-06-03T14:40:29+06:00,True,Foodi,FDI-RDR-012,Parvez Mollah,8801798672324,delivery_rider,Bike,Dhaka-Metro-LA-18-1627,2023-01-21,4.38,active,Old Dhaka,70,47,563,2026-02-10T12:20:28+06:00,2026-08-08T06:41:21+06:00
427,USR040,+8801754701672,Tanvir Karim,FDI0000428,2026-06-06T03:54:46+06:00,Foodi Demo Kitchen 05,Pizza,Shyamoli,23.773802,90.35749,1771,mobile_wallet,refunded,2026-06-06T04:56:46+06:00,True,Foodi,FDI-RDR-015,Al Amin Ahmed,8801422934517,delivery_rider,Bike,Dhaka-Metro-LA-24-2387,2025-07-31,4.60,active,Shyamoli,43,20,343,2026-02-15T20:41:46+06:00,2026-08-10T01:54:52+06:00
428,USR040,+8801754701672,Tanvir Karim,FDI0000429,2026-08-10T01:54:52+06:00,Foodi Demo Kitchen 07,Thai,Shyamoli,23.770528,90.371516,1562,cash,cancelled,2026-08-10T04:26:52+06:00,True,Foodi,FDI-RDR-015,Al Amin Ahmed,8801422934517,delivery_rider,Bike,Dhaka-Metro-LA-24-2387,2025-07-31,4.60,active,Shyamoli,43,20,343,2026-02-15T20:41:46+06:00,2026-08-10T01:54:52+06:00
429,USR041,+8801410279211,Nafisa Ali,FDI0000430,2026-07-18T10:06:13+06:00,Foodi Demo Kitchen 05,Pizza,Dhanmondi,23.742402,90.378826,545,cash,delivered,2026-07-18T12:00:13+06:00,True,Foodi,FDI-RDR-022,Habib Chowdhury,8801384916196,delivery_rider,Bike,Dhaka-Metro-LA-46-4315,2024-05-20,4.33,active,Dhanmondi,27,18,197,2026-02-12T07:13:30+06:00,2026-08-05T01:26:05+06:00
430,USR041,+8801410279211,Nafisa Ali,FDI0000431,2026-05-11T09:39:17+06:00,Foodi Demo Kitchen 04,Cafe,Old Dhaka,23.713391,90.401612,1359,mobile_wallet,delivered,2026-05-11T12:28:17+06:00,True,Foodi,FDI-RDR-012,Parvez Mollah,8801798672324,delivery_rider,Bike,Dhaka-Metro-LA-18-1627,2023-01-21,4.38,active,Old Dhaka,70,47,563,2026-02-10T12:20:28+06:00,2026-08-08T06:41:21+06:00
431,USR041,+8801410279211,Nafisa Ali,FDI0000432,2026-06-27T20:26:53+06:00,Foodi Demo Kitchen 01,Bangla,Gulshan,23.794905,90.409292,497,mobile_wallet,delivered,2026-06-27T22:44:53+06:00,True,Foodi,FDI-RDR-006,Hasan Mahmud,8801309144811,delivery_rider,Bike,Dhaka-Metro-LA-24-6061,2023-05-09,4.71,active,Gulshan,53,31,1075,2026-02-11T04:00:15+06:00,2026-08-05T08:02:50+06:00
432,USR041,+8801410279211,Nafisa Ali,FDI0000433,2026-04-19T19:32:11+06:00,Foodi Demo Kitchen 02,Fast Food,Farmgate,23.76104,90.386636,524,mobile_wallet,delivered,2026-04-19T21:22:11+06:00,True,Foodi,FDI-RDR-005,Nayeem Sheikh,8801743750117,delivery_rider,Bike,Dhaka-Metro-LA-11-2234,2025-12-12,4.45,active,Farmgate,28,19,703,2026-02-14T20:09:21+06:00,2026-07-11T22:41:13+06:00
433,USR041,+8801410279211,Nafisa Ali,FDI0000434,2026-04-03T07:33:22+06:00,Foodi Demo Kitchen 01,Bangla,Farmgate,23.759166,90.388936,1787,cash,cancelled,2026-04-03T10:46:22+06:00,True,Foodi,FDI-RDR-005,Nayeem Sheikh,8801743750117,delivery_rider,Bike,Dhaka-Metro-LA-11-2234,2025-12-12,4.45,active,Farmgate,28,19,703,2026-02-14T20:09:21+06:00,2026-07-11T22:41:13+06:00
434,USR041,+8801410279211,Nafisa Ali,FDI0000435,2026-08-01T01:36:38+06:00,Foodi Demo Kitchen 06,Burgers,Gulshan,23.789169,90.405779,744,mobile_wallet,delivered,2026-08-01T03:12:38+06:00,True,Foodi,FDI-RDR-006,Hasan Mahmud,8801309144811,delivery_rider,Bike,Dhaka-Metro-LA-24-6061,2023-05-09,4.71,active,Gulshan,53,31,1075,2026-02-11T04:00:15+06:00,2026-08-05T08:02:50+06:00
435,USR041,+8801410279211,Nafisa Ali,FDI0000436,2026-06-03T05:36:35+06:00,Foodi Demo Kitchen 03,Biryani,Mirpur,23.819817,90.356731,1190,mobile_wallet,delivered,2026-06-03T07:27:35+06:00,True,Foodi,FDI-RDR-008,Al Amin Mahmud,8801773840158,delivery_rider,Bike,Dhaka-Metro-LA-16-1506,2024-12-21,4.88,active,Mirpur,55,38,553,2026-02-10T07:25:37+06:00,2026-08-10T06:22:54+06:00
436,USR041,+8801410279211,Nafisa Ali,FDI0000437,2026-05-12T01:56:01+06:00,Foodi Demo Kitchen 03,Biryani,Dhanmondi,23.752686,90.37561,567,mobile_wallet,delivered,2026-05-12T04:32:01+06:00,True,Foodi,FDI-RDR-022,Habib Chowdhury,8801384916196,delivery_rider,Bike,Dhaka-Metro-LA-46-4315,2024-05-20,4.33,active,Dhanmondi,27,18,197,2026-02-12T07:13:30+06:00,2026-08-05T01:26:05+06:00
437,USR041,+8801410279211,Nafisa Ali,FDI0000438,2026-07-12T19:45:45+06:00,Foodi Demo Kitchen 08,Kebab,Tejgaon,23.772326,90.399053,1118,cash,refunded,2026-07-12T20:24:45+06:00,True,Foodi,FDI-RDR-016,Noman Mollah,8801385740882,delivery_rider,Bike,Dhaka-Metro-LA-22-3253,2025-12-03,4.49,active,Tejgaon,49,28,819,2026-02-13T23:12:09+06:00,2026-08-05T05:30:47+06:00
438,USR041,+8801410279211,Nafisa Ali,FDI0000439,2026-03-26T21:19:42+06:00,Foodi Demo Kitchen 07,Thai,Mirpur,23.825181,90.374164,1766,mobile_wallet,cancelled,2026-03-27T00:22:42+06:00,True,Foodi,FDI-RDR-008,Al Amin Mahmud,8801773840158,delivery_rider,Bike,Dhaka-Metro-LA-16-1506,2024-12-21,4.88,active,Mirpur,55,38,553,2026-02-10T07:25:37+06:00,2026-08-10T06:22:54+06:00
439,USR041,+8801410279211,Nafisa Ali,FDI0000440,2026-03-22T07:45:08+06:00,Foodi Demo Kitchen 06,Burgers,Khilgaon,23.746551,90.434994,1065,card,delivered,2026-03-22T09:04:08+06:00,True,Foodi,FDI-RDR-007,Shakil Sarker,8801645088972,delivery_rider,Bike,Dhaka-Metro-LA-51-7903,2024-11-22,4.89,active,Khilgaon,63,46,238,2026-02-12T07:27:28+06:00,2026-08-08T00:12:25+06:00
440,USR042,+8801455140705,Sanjida Sultana,FDI0000441,2026-03-11T03:14:10+06:00,Foodi Demo Kitchen 08,Kebab,Banani,23.787314,90.403675,1190,card,refunded,2026-03-11T04:55:10+06:00,True,Foodi,FDI-RDR-020,Rakib Hasan,8801703040974,delivery_rider,Bike,Dhaka-Metro-LA-11-8668,2025-06-15,4.73,active,Banani,34,25,770,2026-02-15T15:29:27+06:00,2026-08-02T04:28:06+06:00
441,USR042,+8801455140705,Sanjida Sultana,FDI0000442,2026-03-03T00:26:33+06:00,Foodi Demo Kitchen 03,Biryani,Pallabi,23.835443,90.365665,781,cash,delivered,2026-03-03T02:14:33+06:00,True,Foodi,FDI-RDR-013,Sabbir Hossain,8801364196925,delivery_rider,Bike,Dhaka-Metro-LA-17-2602,2024-08-29,4.32,active,Pallabi,52,36,1655,2026-02-13T02:02:06+06:00,2026-08-06T19:24:26+06:00
442,USR042,+8801455140705,Sanjida Sultana,FDI0000443,2026-03-11T13:00:51+06:00,Foodi Demo Kitchen 06,Burgers,Mohakhali,23.783007,90.39181,1035,cash,delivered,2026-03-11T15:55:51+06:00,True,Foodi,FDI-RDR-009,Mahmud Ali,8801453596488,delivery_rider,Bike,Dhaka-Metro-LA-50-1637,2024-06-25,4.64,active,Mohakhali,67,33,309,2026-02-10T09:51:53+06:00,2026-08-10T22:36:11+06:00
443,USR042,+8801455140705,Sanjida Sultana,FDI0000444,2026-08-05T16:00:09+06:00,Foodi Demo Kitchen 03,Biryani,Dhanmondi,23.754126,90.374764,785,cash,refunded,2026-08-05T17:48:09+06:00,True,Foodi,FDI-RDR-004,Arif Mahmud,8801854692697,delivery_rider,Bike,Dhaka-Metro-LA-31-2968,2025-07-12,4.47,active,Dhanmondi,34,22,1435,2026-02-20T13:46:59+06:00,2026-08-05T20:00:40+06:00
444,USR042,+8801455140705,Sanjida Sultana,FDI0000445,2026-07-24T09:39:43+06:00,Foodi Demo Kitchen 02,Fast Food,Uttara,23.879659,90.387961,1618,card,cancelled,2026-07-24T10:20:43+06:00,True,Foodi,FDI-RDR-017,Tuhin Kabir,8801437966170,delivery_rider,Bike,Dhaka-Metro-LA-31-7414,2026-03-12,4.47,active,Uttara,56,36,899,2026-02-12T19:30:05+06:00,2026-08-02T10:56:53+06:00
445,USR042,+8801455140705,Sanjida Sultana,FDI0000446,2026-04-07T17:26:28+06:00,Foodi Demo Kitchen 07,Thai,Uttara,23.883344,90.387541,1344,card,refunded,2026-04-07T20:17:28+06:00,True,Foodi,FDI-RDR-017,Tuhin Kabir,8801437966170,delivery_rider,Bike,Dhaka-Metro-LA-31-7414,2026-03-12,4.47,active,Uttara,56,36,899,2026-02-12T19:30:05+06:00,2026-08-02T10:56:53+06:00
446,USR042,+8801455140705,Sanjida Sultana,FDI0000447,2026-07-20T14:54:58+06:00,Foodi Demo Kitchen 01,Bangla,Shyamoli,23.765274,90.369015,1455,cash,refunded,2026-07-20T16:07:58+06:00,True,Foodi,FDI-RDR-015,Al Amin Ahmed,8801422934517,delivery_rider,Bike,Dhaka-Metro-LA-24-2387,2025-07-31,4.60,active,Shyamoli,43,20,343,2026-02-15T20:41:46+06:00,2026-08-10T01:54:52+06:00
447,USR042,+8801455140705,Sanjida Sultana,FDI0000448,2026-03-06T00:13:24+06:00,Foodi Demo Kitchen 07,Thai,Rampura,23.752991,90.419814,920,card,cancelled,2026-03-06T02:46:24+06:00,True,Foodi,FDI-RDR-014,Sabbir Ahmed,8801739856270,delivery_rider,Bike,Dhaka-Metro-LA-13-2488,2024-03-05,4.91,active,Rampura,71,47,1187,2026-02-10T02:57:10+06:00,2026-08-07T14:03:06+06:00
448,USR042,+8801455140705,Sanjida Sultana,FDI0000449,2026-07-06T01:47:42+06:00,Foodi Demo Kitchen 03,Biryani,Rampura,23.761474,90.421723,1618,cash,delivered,2026-07-06T02:30:42+06:00,True,Foodi,FDI-RDR-014,Sabbir Ahmed,8801739856270,delivery_rider,Bike,Dhaka-Metro-LA-13-2488,2024-03-05,4.91,active,Rampura,71,47,1187,2026-02-10T02:57:10+06:00,2026-08-07T14:03:06+06:00
449,USR042,+8801455140705,Sanjida Sultana,FDI0000450,2026-04-23T19:17:18+06:00,Foodi Demo Kitchen 05,Pizza,Pallabi,23.826109,90.36233,1631,card,refunded,2026-04-23T22:38:18+06:00,True,Foodi,FDI-RDR-013,Sabbir Hossain,8801364196925,delivery_rider,Bike,Dhaka-Metro-LA-17-2602,2024-08-29,4.32,active,Pallabi,52,36,1655,2026-02-13T02:02:06+06:00,2026-08-06T19:24:26+06:00
450,USR042,+8801455140705,Sanjida Sultana,FDI0000451,2026-03-24T04:35:07+06:00,Foodi Demo Kitchen 04,Cafe,Rampura,23.756206,90.420837,874,card,cancelled,2026-03-24T07:02:07+06:00,True,Foodi,FDI-RDR-014,Sabbir Ahmed,8801739856270,delivery_rider,Bike,Dhaka-Metro-LA-13-2488,2024-03-05,4.91,active,Rampura,71,47,1187,2026-02-10T02:57:10+06:00,2026-08-07T14:03:06+06:00
451,USR042,+8801455140705,Sanjida Sultana,FDI0000452,2026-04-15T01:40:33+06:00,Foodi Demo Kitchen 05,Pizza,Motijheel,23.732265,90.409279,1039,cash,delivered,2026-04-15T03:05:33+06:00,True,Foodi,FDI-RDR-011,Mahmud Hasan,8801546275934,delivery_rider,Bike,Dhaka-Metro-LA-42-9695,2024-01-04,4.61,active,Motijheel,44,30,774,2026-02-12T09:24:57+06:00,2026-08-10T17:38:53+06:00
452,USR042,+8801455140705,Sanjida Sultana,FDI0000453,2026-05-30T03:29:03+06:00,Foodi Demo Kitchen 04,Cafe,Bashundhara,23.819973,90.418595,854,mobile_wallet,delivered,2026-05-30T05:50:03+06:00,True,Foodi,FDI-RDR-003,Rasel Rahman,8801991735857,delivery_rider,Bike,Dhaka-Metro-LA-25-1024,2025-03-30,4.27,active,Bashundhara,27,16,1021,2026-02-24T21:14:45+06:00,2026-08-07T13:05:52+06:00
453,USR043,+8801879605481,Tasnim Karim,FDI0000454,2026-06-25T06:10:31+06:00,Foodi Demo Kitchen 02,Fast Food,Mohakhali,23.769564,90.401357,1594,cash,delivered,2026-06-25T09:47:31+06:00,True,Foodi,FDI-RDR-009,Mahmud Ali,8801453596488,delivery_rider,Bike,Dhaka-Metro-LA-50-1637,2024-06-25,4.64,active,Mohakhali,67,33,309,2026-02-10T09:51:53+06:00,2026-08-10T22:36:11+06:00
454,USR043,+8801879605481,Tasnim Karim,FDI0000455,2026-05-07T23:16:11+06:00,Foodi Demo Kitchen 07,Thai,Banani,23.791251,90.406868,248,card,delivered,2026-05-08T00:16:11+06:00,True,Foodi,FDI-RDR-002,Rony Sarker,8801683501448,delivery_rider,Bike,Dhaka-Metro-LA-47-5838,2023-05-27,4.52,active,Banani,29,19,739,2026-02-13T16:48:02+06:00,2026-07-30T12:32:32+06:00
455,USR043,+8801879605481,Tasnim Karim,FDI0000456,2026-06-22T18:44:15+06:00,Foodi Demo Kitchen 07,Thai,Mohakhali,23.768935,90.394903,1541,cash,cancelled,2026-06-22T20:19:15+06:00,True,Foodi,FDI-RDR-009,Mahmud Ali,8801453596488,delivery_rider,Bike,Dhaka-Metro-LA-50-1637,2024-06-25,4.64,active,Mohakhali,67,33,309,2026-02-10T09:51:53+06:00,2026-08-10T22:36:11+06:00
456,USR043,+8801879605481,Tasnim Karim,FDI0000457,2026-05-23T04:56:45+06:00,Foodi Demo Kitchen 01,Bangla,Khilgaon,23.752162,90.429659,710,card,cancelled,2026-05-23T08:21:45+06:00,True,Foodi,FDI-RDR-007,Shakil Sarker,8801645088972,delivery_rider,Bike,Dhaka-Metro-LA-51-7903,2024-11-22,4.89,active,Khilgaon,63,46,238,2026-02-12T07:27:28+06:00,2026-08-08T00:12:25+06:00
457,USR043,+8801879605481,Tasnim Karim,FDI0000458,2026-06-04T22:52:13+06:00,Foodi Demo Kitchen 02,Fast Food,Pallabi,23.838216,90.366949,1151,mobile_wallet,delivered,2026-06-05T00:36:13+06:00,True,Foodi,FDI-RDR-013,Sabbir Hossain,8801364196925,delivery_rider,Bike,Dhaka-Metro-LA-17-2602,2024-08-29,4.32,active,Pallabi,52,36,1655,2026-02-13T02:02:06+06:00,2026-08-06T19:24:26+06:00
458,USR043,+8801879605481,Tasnim Karim,FDI0000459,2026-05-23T08:40:37+06:00,Foodi Demo Kitchen 04,Cafe,Bashundhara,23.807461,90.421697,1199,mobile_wallet,delivered,2026-05-23T11:07:37+06:00,True,Foodi,FDI-RDR-021,Habib Khan,8801640944989,delivery_rider,Bicycle,BIC-62834,2024-07-09,4.84,active,Bashundhara,33,19,586,2026-03-08T16:51:38+06:00,2026-08-08T20:11:49+06:00
459,USR043,+8801879605481,Tasnim Karim,FDI0000460,2026-04-13T07:13:11+06:00,Foodi Demo Kitchen 08,Kebab,Shyamoli,23.778653,90.356975,1394,mobile_wallet,refunded,2026-04-13T09:08:11+06:00,True,Foodi,FDI-RDR-015,Al Amin Ahmed,8801422934517,delivery_rider,Bike,Dhaka-Metro-LA-24-2387,2025-07-31,4.60,active,Shyamoli,43,20,343,2026-02-15T20:41:46+06:00,2026-08-10T01:54:52+06:00
460,USR043,+8801879605481,Tasnim Karim,FDI0000461,2026-04-17T08:47:35+06:00,Foodi Demo Kitchen 08,Kebab,Tejgaon,23.769018,90.395464,1549,mobile_wallet,cancelled,2026-04-17T11:16:35+06:00,True,Foodi,FDI-RDR-016,Noman Mollah,8801385740882,delivery_rider,Bike,Dhaka-Metro-LA-22-3253,2025-12-03,4.49,active,Tejgaon,49,28,819,2026-02-13T23:12:09+06:00,2026-08-05T05:30:47+06:00
461,USR043,+8801879605481,Tasnim Karim,FDI0000462,2026-02-24T10:23:27+06:00,Foodi Demo Kitchen 02,Fast Food,Shyamoli,23.771228,90.369172,908,mobile_wallet,cancelled,2026-02-24T12:46:27+06:00,True,Foodi,FDI-RDR-015,Al Amin Ahmed,8801422934517,delivery_rider,Bike,Dhaka-Metro-LA-24-2387,2025-07-31,4.60,active,Shyamoli,43,20,343,2026-02-15T20:41:46+06:00,2026-08-10T01:54:52+06:00
462,USR043,+8801879605481,Tasnim Karim,FDI0000463,2026-04-20T07:38:40+06:00,Foodi Demo Kitchen 01,Bangla,Tejgaon,23.759274,90.394203,1433,cash,refunded,2026-04-20T08:59:40+06:00,True,Foodi,FDI-RDR-016,Noman Mollah,8801385740882,delivery_rider,Bike,Dhaka-Metro-LA-22-3253,2025-12-03,4.49,active,Tejgaon,49,28,819,2026-02-13T23:12:09+06:00,2026-08-05T05:30:47+06:00
463,USR043,+8801879605481,Tasnim Karim,FDI0000464,2026-04-03T10:48:53+06:00,Foodi Demo Kitchen 02,Fast Food,Uttara,23.880394,90.376484,1660,cash,delivered,2026-04-03T13:23:53+06:00,True,Foodi,FDI-RDR-017,Tuhin Kabir,8801437966170,delivery_rider,Bike,Dhaka-Metro-LA-31-7414,2026-03-12,4.47,active,Uttara,56,36,899,2026-02-12T19:30:05+06:00,2026-08-02T10:56:53+06:00
464,USR043,+8801879605481,Tasnim Karim,FDI0000465,2026-07-06T20:18:22+06:00,Foodi Demo Kitchen 03,Biryani,Badda,23.789572,90.428181,617,mobile_wallet,delivered,2026-07-06T20:40:22+06:00,True,Foodi,FDI-RDR-019,Imran Khan,8801655026262,delivery_rider,Bike,Dhaka-Metro-LA-31-3687,2024-04-05,4.91,active,Badda,37,23,1569,2026-02-24T06:56:48+06:00,2026-08-06T06:15:06+06:00
465,USR043,+8801879605481,Tasnim Karim,FDI0000466,2026-04-15T02:40:15+06:00,Foodi Demo Kitchen 06,Burgers,Badda,23.77578,90.420979,1241,cash,delivered,2026-04-15T03:10:15+06:00,True,Foodi,FDI-RDR-001,Nahid Ali,8801862610128,delivery_rider,Bike,Dhaka-Metro-LA-30-5508,2024-10-09,4.84,active,Badda,24,15,971,2026-02-13T19:01:33+06:00,2026-07-28T10:35:20+06:00
466,USR044,+8801684789643,Tasnim Uddin,FDI0000467,2026-03-22T14:33:31+06:00,Foodi Demo Kitchen 01,Bangla,Wari,23.730186,90.419391,407,mobile_wallet,cancelled,2026-03-22T18:01:31+06:00,True,Foodi,FDI-RDR-018,Mehedi Karim,8801825989091,delivery_rider,Bicycle,BIC-77242,2025-01-08,4.35,active,Wari,63,40,1814,2026-02-12T18:32:46+06:00,2026-08-04T04:32:17+06:00
467,USR044,+8801684789643,Tasnim Uddin,FDI0000468,2026-07-16T14:59:01+06:00,Foodi Demo Kitchen 04,Cafe,Old Dhaka,23.703524,90.415292,375,cash,cancelled,2026-07-16T15:41:01+06:00,True,Foodi,FDI-RDR-012,Parvez Mollah,8801798672324,delivery_rider,Bike,Dhaka-Metro-LA-18-1627,2023-01-21,4.38,active,Old Dhaka,70,47,563,2026-02-10T12:20:28+06:00,2026-08-08T06:41:21+06:00
468,USR044,+8801684789643,Tasnim Uddin,FDI0000469,2026-05-16T18:06:25+06:00,Foodi Demo Kitchen 08,Kebab,Banani,23.793969,90.404076,1063,cash,delivered,2026-05-16T20:18:25+06:00,True,Foodi,FDI-RDR-002,Rony Sarker,8801683501448,delivery_rider,Bike,Dhaka-Metro-LA-47-5838,2023-05-27,4.52,active,Banani,29,19,739,2026-02-13T16:48:02+06:00,2026-07-30T12:32:32+06:00
469,USR044,+8801684789643,Tasnim Uddin,FDI0000470,2026-06-17T22:02:47+06:00,Foodi Demo Kitchen 02,Fast Food,Old Dhaka,23.717851,90.404024,673,card,refunded,2026-06-17T23:33:47+06:00,True,Foodi,FDI-RDR-012,Parvez Mollah,8801798672324,delivery_rider,Bike,Dhaka-Metro-LA-18-1627,2023-01-21,4.38,active,Old Dhaka,70,47,563,2026-02-10T12:20:28+06:00,2026-08-08T06:41:21+06:00
470,USR044,+8801684789643,Tasnim Uddin,FDI0000471,2026-06-12T00:20:52+06:00,Foodi Demo Kitchen 06,Burgers,Mohammadpur,23.776229,90.3612,608,mobile_wallet,delivered,2026-06-12T00:57:52+06:00,True,Foodi,FDI-RDR-010,Shuvo Kabir,8801941100059,delivery_rider,Bike,Dhaka-Metro-LA-31-8053,2024-10-07,4.30,active,Mohammadpur,59,37,808,2026-02-11T13:16:22+06:00,2026-08-10T20:09:48+06:00
471,USR044,+8801684789643,Tasnim Uddin,FDI0000472,2026-02-14T20:39:22+06:00,Foodi Demo Kitchen 07,Thai,Banani,23.8016,90.407681,1574,card,delivered,2026-02-14T22:41:22+06:00,True,Foodi,FDI-RDR-002,Rony Sarker,8801683501448,delivery_rider,Bike,Dhaka-Metro-LA-47-5838,2023-05-27,4.52,active,Banani,29,19,739,2026-02-13T16:48:02+06:00,2026-07-30T12:32:32+06:00
472,USR044,+8801684789643,Tasnim Uddin,FDI0000473,2026-06-15T07:14:07+06:00,Foodi Demo Kitchen 06,Burgers,Shyamoli,23.767585,90.363966,369,mobile_wallet,delivered,2026-06-15T08:02:07+06:00,True,Foodi,FDI-RDR-015,Al Amin Ahmed,8801422934517,delivery_rider,Bike,Dhaka-Metro-LA-24-2387,2025-07-31,4.60,active,Shyamoli,43,20,343,2026-02-15T20:41:46+06:00,2026-08-10T01:54:52+06:00
473,USR044,+8801684789643,Tasnim Uddin,FDI0000474,2026-03-27T09:34:27+06:00,Foodi Demo Kitchen 05,Pizza,Motijheel,23.72558,90.42278,1810,mobile_wallet,refunded,2026-03-27T11:18:27+06:00,True,Foodi,FDI-RDR-011,Mahmud Hasan,8801546275934,delivery_rider,Bike,Dhaka-Metro-LA-42-9695,2024-01-04,4.61,active,Motijheel,44,30,774,2026-02-12T09:24:57+06:00,2026-08-10T17:38:53+06:00
474,USR044,+8801684789643,Tasnim Uddin,FDI0000475,2026-04-07T18:51:35+06:00,Foodi Demo Kitchen 05,Pizza,Mohammadpur,23.770756,90.353491,1678,cash,refunded,2026-04-07T21:28:35+06:00,True,Foodi,FDI-RDR-010,Shuvo Kabir,8801941100059,delivery_rider,Bike,Dhaka-Metro-LA-31-8053,2024-10-07,4.30,active,Mohammadpur,59,37,808,2026-02-11T13:16:22+06:00,2026-08-10T20:09:48+06:00
475,USR044,+8801684789643,Tasnim Uddin,FDI0000476,2026-05-03T08:56:24+06:00,Foodi Demo Kitchen 04,Cafe,Mirpur,23.825296,90.361641,1673,card,refunded,2026-05-03T10:04:24+06:00,True,Foodi,FDI-RDR-008,Al Amin Mahmud,8801773840158,delivery_rider,Bike,Dhaka-Metro-LA-16-1506,2024-12-21,4.88,active,Mirpur,55,38,553,2026-02-10T07:25:37+06:00,2026-08-10T06:22:54+06:00
476,USR044,+8801684789643,Tasnim Uddin,FDI0000477,2026-03-10T16:02:15+06:00,Foodi Demo Kitchen 05,Pizza,Mohakhali,23.777873,90.403514,1489,mobile_wallet,delivered,2026-03-10T19:16:15+06:00,True,Foodi,FDI-RDR-009,Mahmud Ali,8801453596488,delivery_rider,Bike,Dhaka-Metro-LA-50-1637,2024-06-25,4.64,active,Mohakhali,67,33,309,2026-02-10T09:51:53+06:00,2026-08-10T22:36:11+06:00
477,USR044,+8801684789643,Tasnim Uddin,FDI0000478,2026-05-16T00:58:43+06:00,Foodi Demo Kitchen 01,Bangla,Bashundhara,23.808306,90.417117,1772,mobile_wallet,refunded,2026-05-16T03:36:43+06:00,True,Foodi,FDI-RDR-003,Rasel Rahman,8801991735857,delivery_rider,Bike,Dhaka-Metro-LA-25-1024,2025-03-30,4.27,active,Bashundhara,27,16,1021,2026-02-24T21:14:45+06:00,2026-08-07T13:05:52+06:00
478,USR045,+8801822577827,Labiba Ali,FDI0000479,2026-06-28T21:44:55+06:00,Foodi Demo Kitchen 03,Biryani,Uttara,23.877974,90.383042,1091,mobile_wallet,delivered,2026-06-28T23:40:55+06:00,True,Foodi,FDI-RDR-017,Tuhin Kabir,8801437966170,delivery_rider,Bike,Dhaka-Metro-LA-31-7414,2026-03-12,4.47,active,Uttara,56,36,899,2026-02-12T19:30:05+06:00,2026-08-02T10:56:53+06:00
479,USR045,+8801822577827,Labiba Ali,FDI0000480,2026-07-08T06:44:29+06:00,Foodi Demo Kitchen 02,Fast Food,Bashundhara,23.811427,90.429227,1496,mobile_wallet,delivered,2026-07-08T07:30:29+06:00,True,Foodi,FDI-RDR-003,Rasel Rahman,8801991735857,delivery_rider,Bike,Dhaka-Metro-LA-25-1024,2025-03-30,4.27,active,Bashundhara,27,16,1021,2026-02-24T21:14:45+06:00,2026-08-07T13:05:52+06:00
480,USR045,+8801822577827,Labiba Ali,FDI0000481,2026-03-11T03:39:49+06:00,Foodi Demo Kitchen 05,Pizza,Farmgate,23.749584,90.390583,1161,mobile_wallet,delivered,2026-03-11T04:10:49+06:00,True,Foodi,FDI-RDR-023,Shahadat Hasan,8801754954467,delivery_rider,Bike,Dhaka-Metro-LA-51-6371,2025-12-07,4.56,active,Farmgate,36,23,1181,2026-02-18T00:50:59+06:00,2026-08-06T11:04:59+06:00
481,USR045,+8801822577827,Labiba Ali,FDI0000482,2026-06-21T20:20:46+06:00,Foodi Demo Kitchen 06,Burgers,Uttara,23.87181,90.381719,1008,card,cancelled,2026-06-21T23:10:46+06:00,True,Foodi,FDI-RDR-017,Tuhin Kabir,8801437966170,delivery_rider,Bike,Dhaka-Metro-LA-31-7414,2026-03-12,4.47,active,Uttara,56,36,899,2026-02-12T19:30:05+06:00,2026-08-02T10:56:53+06:00
482,USR045,+8801822577827,Labiba Ali,FDI0000483,2026-04-28T19:05:16+06:00,Foodi Demo Kitchen 01,Bangla,Mohammadpur,23.76314,90.350075,1372,cash,cancelled,2026-04-28T20:52:16+06:00,True,Foodi,FDI-RDR-010,Shuvo Kabir,8801941100059,delivery_rider,Bike,Dhaka-Metro-LA-31-8053,2024-10-07,4.30,active,Mohammadpur,59,37,808,2026-02-11T13:16:22+06:00,2026-08-10T20:09:48+06:00
483,USR045,+8801822577827,Labiba Ali,FDI0000484,2026-05-10T20:12:17+06:00,Foodi Demo Kitchen 05,Pizza,Mohakhali,23.783868,90.396335,490,mobile_wallet,delivered,2026-05-10T22:18:17+06:00,True,Foodi,FDI-RDR-009,Mahmud Ali,8801453596488,delivery_rider,Bike,Dhaka-Metro-LA-50-1637,2024-06-25,4.64,active,Mohakhali,67,33,309,2026-02-10T09:51:53+06:00,2026-08-10T22:36:11+06:00
484,USR045,+8801822577827,Labiba Ali,FDI0000485,2026-04-15T11:21:07+06:00,Foodi Demo Kitchen 01,Bangla,Badda,23.78056,90.434953,945,cash,delivered,2026-04-15T13:00:07+06:00,True,Foodi,FDI-RDR-019,Imran Khan,8801655026262,delivery_rider,Bike,Dhaka-Metro-LA-31-3687,2024-04-05,4.91,active,Badda,37,23,1569,2026-02-24T06:56:48+06:00,2026-08-06T06:15:06+06:00
485,USR045,+8801822577827,Labiba Ali,FDI0000486,2026-02-19T13:09:22+06:00,Foodi Demo Kitchen 04,Cafe,Wari,23.717398,90.417977,1630,mobile_wallet,delivered,2026-02-19T15:03:22+06:00,True,Foodi,FDI-RDR-018,Mehedi Karim,8801825989091,delivery_rider,Bicycle,BIC-77242,2025-01-08,4.35,active,Wari,63,40,1814,2026-02-12T18:32:46+06:00,2026-08-04T04:32:17+06:00
486,USR045,+8801822577827,Labiba Ali,FDI0000487,2026-04-06T03:56:50+06:00,Foodi Demo Kitchen 06,Burgers,Pallabi,23.831607,90.371575,1676,mobile_wallet,delivered,2026-04-06T06:46:50+06:00,True,Foodi,FDI-RDR-013,Sabbir Hossain,8801364196925,delivery_rider,Bike,Dhaka-Metro-LA-17-2602,2024-08-29,4.32,active,Pallabi,52,36,1655,2026-02-13T02:02:06+06:00,2026-08-06T19:24:26+06:00
487,USR045,+8801822577827,Labiba Ali,FDI0000488,2026-05-26T22:01:30+06:00,Foodi Demo Kitchen 02,Fast Food,Banani,23.788117,90.400453,930,card,delivered,2026-05-26T22:43:30+06:00,True,Foodi,FDI-RDR-020,Rakib Hasan,8801703040974,delivery_rider,Bike,Dhaka-Metro-LA-11-8668,2025-06-15,4.73,active,Banani,34,25,770,2026-02-15T15:29:27+06:00,2026-08-02T04:28:06+06:00
488,USR046,+8801976762475,Saif Jahan,FDI0000489,2026-05-10T02:15:41+06:00,Foodi Demo Kitchen 05,Pizza,Mohammadpur,23.777256,90.36215,1241,cash,delivered,2026-05-10T03:20:41+06:00,True,Foodi,FDI-RDR-010,Shuvo Kabir,8801941100059,delivery_rider,Bike,Dhaka-Metro-LA-31-8053,2024-10-07,4.30,active,Mohammadpur,59,37,808,2026-02-11T13:16:22+06:00,2026-08-10T20:09:48+06:00
489,USR046,+8801976762475,Saif Jahan,FDI0000490,2026-03-01T22:25:36+06:00,Foodi Demo Kitchen 07,Thai,Farmgate,23.750771,90.385293,327,card,refunded,2026-03-02T01:09:36+06:00,True,Foodi,FDI-RDR-005,Nayeem Sheikh,8801743750117,delivery_rider,Bike,Dhaka-Metro-LA-11-2234,2025-12-12,4.45,active,Farmgate,28,19,703,2026-02-14T20:09:21+06:00,2026-07-11T22:41:13+06:00
490,USR046,+8801976762475,Saif Jahan,FDI0000491,2026-06-17T13:21:17+06:00,Foodi Demo Kitchen 06,Burgers,Farmgate,23.761131,90.382194,1033,card,refunded,2026-06-17T13:47:17+06:00,True,Foodi,FDI-RDR-023,Shahadat Hasan,8801754954467,delivery_rider,Bike,Dhaka-Metro-LA-51-6371,2025-12-07,4.56,active,Farmgate,36,23,1181,2026-02-18T00:50:59+06:00,2026-08-06T11:04:59+06:00
491,USR046,+8801976762475,Saif Jahan,FDI0000492,2026-03-30T15:37:32+06:00,Foodi Demo Kitchen 08,Kebab,Mohammadpur,23.763044,90.352131,1235,card,refunded,2026-03-30T18:48:32+06:00,True,Foodi,FDI-RDR-010,Shuvo Kabir,8801941100059,delivery_rider,Bike,Dhaka-Metro-LA-31-8053,2024-10-07,4.30,active,Mohammadpur,59,37,808,2026-02-11T13:16:22+06:00,2026-08-10T20:09:48+06:00
492,USR046,+8801976762475,Saif Jahan,FDI0000493,2026-03-10T20:26:31+06:00,Foodi Demo Kitchen 04,Cafe,Khilgaon,23.7491,90.436397,529,mobile_wallet,delivered,2026-03-10T22:29:31+06:00,True,Foodi,FDI-RDR-007,Shakil Sarker,8801645088972,delivery_rider,Bike,Dhaka-Metro-LA-51-7903,2024-11-22,4.89,active,Khilgaon,63,46,238,2026-02-12T07:27:28+06:00,2026-08-08T00:12:25+06:00
493,USR046,+8801976762475,Saif Jahan,FDI0000494,2026-02-13T20:36:27+06:00,Foodi Demo Kitchen 03,Biryani,Mohakhali,23.77428,90.402436,1412,mobile_wallet,delivered,2026-02-13T23:39:27+06:00,True,Foodi,FDI-RDR-009,Mahmud Ali,8801453596488,delivery_rider,Bike,Dhaka-Metro-LA-50-1637,2024-06-25,4.64,active,Mohakhali,67,33,309,2026-02-10T09:51:53+06:00,2026-08-10T22:36:11+06:00
494,USR046,+8801976762475,Saif Jahan,FDI0000495,2026-04-02T12:27:09+06:00,Foodi Demo Kitchen 02,Fast Food,Rampura,23.769955,90.427407,1672,cash,delivered,2026-04-02T13:49:09+06:00,True,Foodi,FDI-RDR-014,Sabbir Ahmed,8801739856270,delivery_rider,Bike,Dhaka-Metro-LA-13-2488,2024-03-05,4.91,active,Rampura,71,47,1187,2026-02-10T02:57:10+06:00,2026-08-07T14:03:06+06:00
495,USR047,+8801884969838,Tasnim Hossain,FDI0000496,2026-08-05T05:30:47+06:00,Foodi Demo Kitchen 02,Fast Food,Tejgaon,23.762822,90.397321,1298,mobile_wallet,delivered,2026-08-05T06:41:47+06:00,True,Foodi,FDI-RDR-016,Noman Mollah,8801385740882,delivery_rider,Bike,Dhaka-Metro-LA-22-3253,2025-12-03,4.49,active,Tejgaon,49,28,819,2026-02-13T23:12:09+06:00,2026-08-05T05:30:47+06:00
496,USR047,+8801884969838,Tasnim Hossain,FDI0000497,2026-04-17T01:36:50+06:00,Foodi Demo Kitchen 03,Biryani,Mirpur,23.819656,90.373016,1575,mobile_wallet,delivered,2026-04-17T04:51:50+06:00,True,Foodi,FDI-RDR-008,Al Amin Mahmud,8801773840158,delivery_rider,Bike,Dhaka-Metro-LA-16-1506,2024-12-21,4.88,active,Mirpur,55,38,553,2026-02-10T07:25:37+06:00,2026-08-10T06:22:54+06:00
497,USR047,+8801884969838,Tasnim Hossain,FDI0000498,2026-04-09T07:32:21+06:00,Foodi Demo Kitchen 07,Thai,Badda,23.787434,90.418953,1538,mobile_wallet,delivered,2026-04-09T09:54:21+06:00,True,Foodi,FDI-RDR-001,Nahid Ali,8801862610128,delivery_rider,Bike,Dhaka-Metro-LA-30-5508,2024-10-09,4.84,active,Badda,24,15,971,2026-02-13T19:01:33+06:00,2026-07-28T10:35:20+06:00
498,USR047,+8801884969838,Tasnim Hossain,FDI0000499,2026-07-10T22:13:25+06:00,Foodi Demo Kitchen 01,Bangla,Motijheel,23.728394,90.413681,390,mobile_wallet,cancelled,2026-07-11T00:26:25+06:00,True,Foodi,FDI-RDR-011,Mahmud Hasan,8801546275934,delivery_rider,Bike,Dhaka-Metro-LA-42-9695,2024-01-04,4.61,active,Motijheel,44,30,774,2026-02-12T09:24:57+06:00,2026-08-10T17:38:53+06:00
499,USR047,+8801884969838,Tasnim Hossain,FDI0000500,2026-05-09T09:01:19+06:00,Foodi Demo Kitchen 07,Thai,Bashundhara,23.821074,90.428842,1009,card,delivered,2026-05-09T10:59:19+06:00,True,Foodi,FDI-RDR-021,Habib Khan,8801640944989,delivery_rider,Bicycle,BIC-62834,2024-07-09,4.84,active,Bashundhara,33,19,586,2026-03-08T16:51:38+06:00,2026-08-08T20:11:49+06:00
500,USR047,+8801884969838,Tasnim Hossain,FDI0000501,2026-04-11T16:19:57+06:00,Foodi Demo Kitchen 02,Fast Food,Mirpur,23.828199,90.370985,205,cash,delivered,2026-04-11T17:23:57+06:00,True,Foodi,FDI-RDR-008,Al Amin Mahmud,8801773840158,delivery_rider,Bike,Dhaka-Metro-LA-16-1506,2024-12-21,4.88,active,Mirpur,55,38,553,2026-02-10T07:25:37+06:00,2026-08-10T06:22:54+06:00
501,USR047,+8801884969838,Tasnim Hossain,FDI0000502,2026-06-30T08:18:53+06:00,Foodi Demo Kitchen 03,Biryani,Khilgaon,23.754355,90.436493,415,card,delivered,2026-06-30T10:44:53+06:00,True,Foodi,FDI-RDR-007,Shakil Sarker,8801645088972,delivery_rider,Bike,Dhaka-Metro-LA-51-7903,2024-11-22,4.89,active,Khilgaon,63,46,238,2026-02-12T07:27:28+06:00,2026-08-08T00:12:25+06:00
502,USR047,+8801884969838,Tasnim Hossain,FDI0000503,2026-06-10T15:14:56+06:00,Foodi Demo Kitchen 07,Thai,Gulshan,23.792994,90.40882,1401,cash,delivered,2026-06-10T17:35:56+06:00,True,Foodi,FDI-RDR-006,Hasan Mahmud,8801309144811,delivery_rider,Bike,Dhaka-Metro-LA-24-6061,2023-05-09,4.71,active,Gulshan,53,31,1075,2026-02-11T04:00:15+06:00,2026-08-05T08:02:50+06:00
503,USR047,+8801884969838,Tasnim Hossain,FDI0000504,2026-04-25T21:18:34+06:00,Foodi Demo Kitchen 03,Biryani,Old Dhaka,23.701744,90.39962,674,card,cancelled,2026-04-25T23:10:34+06:00,True,Foodi,FDI-RDR-012,Parvez Mollah,8801798672324,delivery_rider,Bike,Dhaka-Metro-LA-18-1627,2023-01-21,4.38,active,Old Dhaka,70,47,563,2026-02-10T12:20:28+06:00,2026-08-08T06:41:21+06:00
504,USR047,+8801884969838,Tasnim Hossain,FDI0000505,2026-05-26T01:55:08+06:00,Foodi Demo Kitchen 01,Bangla,Bashundhara,23.806182,90.430975,468,card,cancelled,2026-05-26T04:35:08+06:00,True,Foodi,FDI-RDR-003,Rasel Rahman,8801991735857,delivery_rider,Bike,Dhaka-Metro-LA-25-1024,2025-03-30,4.27,active,Bashundhara,27,16,1021,2026-02-24T21:14:45+06:00,2026-08-07T13:05:52+06:00
505,USR047,+8801884969838,Tasnim Hossain,FDI0000506,2026-07-11T22:41:13+06:00,Foodi Demo Kitchen 01,Bangla,Farmgate,23.756557,90.387781,364,card,refunded,2026-07-11T23:33:13+06:00,True,Foodi,FDI-RDR-005,Nayeem Sheikh,8801743750117,delivery_rider,Bike,Dhaka-Metro-LA-11-2234,2025-12-12,4.45,active,Farmgate,28,19,703,2026-02-14T20:09:21+06:00,2026-07-11T22:41:13+06:00
506,USR047,+8801884969838,Tasnim Hossain,FDI0000507,2026-05-13T19:32:06+06:00,Foodi Demo Kitchen 01,Bangla,Rampura,23.764064,90.418793,586,card,refunded,2026-05-13T22:20:06+06:00,True,Foodi,FDI-RDR-014,Sabbir Ahmed,8801739856270,delivery_rider,Bike,Dhaka-Metro-LA-13-2488,2024-03-05,4.91,active,Rampura,71,47,1187,2026-02-10T02:57:10+06:00,2026-08-07T14:03:06+06:00
507,USR047,+8801884969838,Tasnim Hossain,FDI0000508,2026-07-16T15:32:22+06:00,Foodi Demo Kitchen 08,Kebab,Farmgate,23.764943,90.383638,1786,cash,delivered,2026-07-16T17:34:22+06:00,True,Foodi,FDI-RDR-023,Shahadat Hasan,8801754954467,delivery_rider,Bike,Dhaka-Metro-LA-51-6371,2025-12-07,4.56,active,Farmgate,36,23,1181,2026-02-18T00:50:59+06:00,2026-08-06T11:04:59+06:00
508,USR048,+8801592798051,Nadia Rahman,FDI0000509,2026-07-19T18:03:45+06:00,Foodi Demo Kitchen 07,Thai,Banani,23.788915,90.40131,1208,card,delivered,2026-07-19T21:33:45+06:00,True,Foodi,FDI-RDR-020,Rakib Hasan,8801703040974,delivery_rider,Bike,Dhaka-Metro-LA-11-8668,2025-06-15,4.73,active,Banani,34,25,770,2026-02-15T15:29:27+06:00,2026-08-02T04:28:06+06:00
509,USR048,+8801592798051,Nadia Rahman,FDI0000510,2026-02-20T22:36:33+06:00,Foodi Demo Kitchen 02,Fast Food,Mohakhali,23.773115,90.406659,1766,card,delivered,2026-02-21T01:20:33+06:00,True,Foodi,FDI-RDR-009,Mahmud Ali,8801453596488,delivery_rider,Bike,Dhaka-Metro-LA-50-1637,2024-06-25,4.64,active,Mohakhali,67,33,309,2026-02-10T09:51:53+06:00,2026-08-10T22:36:11+06:00
510,USR048,+8801592798051,Nadia Rahman,FDI0000511,2026-07-10T16:49:45+06:00,Foodi Demo Kitchen 03,Biryani,Bashundhara,23.822159,90.426389,1254,cash,delivered,2026-07-10T20:00:45+06:00,True,Foodi,FDI-RDR-003,Rasel Rahman,8801991735857,delivery_rider,Bike,Dhaka-Metro-LA-25-1024,2025-03-30,4.27,active,Bashundhara,27,16,1021,2026-02-24T21:14:45+06:00,2026-08-07T13:05:52+06:00
511,USR048,+8801592798051,Nadia Rahman,FDI0000512,2026-05-31T21:33:58+06:00,Foodi Demo Kitchen 06,Burgers,Badda,23.785059,90.426809,1401,cash,delivered,2026-05-31T23:24:58+06:00,True,Foodi,FDI-RDR-019,Imran Khan,8801655026262,delivery_rider,Bike,Dhaka-Metro-LA-31-3687,2024-04-05,4.91,active,Badda,37,23,1569,2026-02-24T06:56:48+06:00,2026-08-06T06:15:06+06:00
512,USR048,+8801592798051,Nadia Rahman,FDI0000513,2026-05-10T12:31:20+06:00,Foodi Demo Kitchen 08,Kebab,Rampura,23.765261,90.416472,820,card,refunded,2026-05-10T14:43:20+06:00,True,Foodi,FDI-RDR-014,Sabbir Ahmed,8801739856270,delivery_rider,Bike,Dhaka-Metro-LA-13-2488,2024-03-05,4.91,active,Rampura,71,47,1187,2026-02-10T02:57:10+06:00,2026-08-07T14:03:06+06:00
513,USR048,+8801592798051,Nadia Rahman,FDI0000514,2026-05-13T09:23:39+06:00,Foodi Demo Kitchen 07,Thai,Old Dhaka,23.718903,90.406125,1331,mobile_wallet,delivered,2026-05-13T11:31:39+06:00,True,Foodi,FDI-RDR-012,Parvez Mollah,8801798672324,delivery_rider,Bike,Dhaka-Metro-LA-18-1627,2023-01-21,4.38,active,Old Dhaka,70,47,563,2026-02-10T12:20:28+06:00,2026-08-08T06:41:21+06:00
514,USR048,+8801592798051,Nadia Rahman,FDI0000515,2026-07-30T13:21:39+06:00,Foodi Demo Kitchen 07,Thai,Uttara,23.872004,90.386103,1447,cash,delivered,2026-07-30T14:12:39+06:00,True,Foodi,FDI-RDR-017,Tuhin Kabir,8801437966170,delivery_rider,Bike,Dhaka-Metro-LA-31-7414,2026-03-12,4.47,active,Uttara,56,36,899,2026-02-12T19:30:05+06:00,2026-08-02T10:56:53+06:00
515,USR048,+8801592798051,Nadia Rahman,FDI0000516,2026-04-16T02:21:04+06:00,Foodi Demo Kitchen 04,Cafe,Farmgate,23.752421,90.388857,679,mobile_wallet,delivered,2026-04-16T02:52:04+06:00,True,Foodi,FDI-RDR-023,Shahadat Hasan,8801754954467,delivery_rider,Bike,Dhaka-Metro-LA-51-6371,2025-12-07,4.56,active,Farmgate,36,23,1181,2026-02-18T00:50:59+06:00,2026-08-06T11:04:59+06:00
516,USR048,+8801592798051,Nadia Rahman,FDI0000517,2026-06-03T11:52:45+06:00,Foodi Demo Kitchen 02,Fast Food,Shyamoli,23.775969,90.362021,1813,cash,delivered,2026-06-03T14:28:45+06:00,True,Foodi,FDI-RDR-015,Al Amin Ahmed,8801422934517,delivery_rider,Bike,Dhaka-Metro-LA-24-2387,2025-07-31,4.60,active,Shyamoli,43,20,343,2026-02-15T20:41:46+06:00,2026-08-10T01:54:52+06:00
517,USR048,+8801592798051,Nadia Rahman,FDI0000518,2026-05-14T17:14:30+06:00,Foodi Demo Kitchen 02,Fast Food,Wari,23.721492,90.420977,1470,cash,delivered,2026-05-14T20:40:30+06:00,True,Foodi,FDI-RDR-018,Mehedi Karim,8801825989091,delivery_rider,Bicycle,BIC-77242,2025-01-08,4.35,active,Wari,63,40,1814,2026-02-12T18:32:46+06:00,2026-08-04T04:32:17+06:00
518,USR048,+8801592798051,Nadia Rahman,FDI0000519,2026-06-03T10:52:59+06:00,Foodi Demo Kitchen 06,Burgers,Gulshan,23.785837,90.401301,236,card,delivered,2026-06-03T12:15:59+06:00,True,Foodi,FDI-RDR-006,Hasan Mahmud,8801309144811,delivery_rider,Bike,Dhaka-Metro-LA-24-6061,2023-05-09,4.71,active,Gulshan,53,31,1075,2026-02-11T04:00:15+06:00,2026-08-05T08:02:50+06:00
519,USR049,+8801460032068,Shanto Sultana,FDI0000520,2026-07-06T15:01:53+06:00,Foodi Demo Kitchen 05,Pizza,Mohammadpur,23.777027,90.364358,1293,card,delivered,2026-07-06T16:48:53+06:00,True,Foodi,FDI-RDR-010,Shuvo Kabir,8801941100059,delivery_rider,Bike,Dhaka-Metro-LA-31-8053,2024-10-07,4.30,active,Mohammadpur,59,37,808,2026-02-11T13:16:22+06:00,2026-08-10T20:09:48+06:00
520,USR049,+8801460032068,Shanto Sultana,FDI0000521,2026-08-02T21:29:03+06:00,Foodi Demo Kitchen 05,Pizza,Pallabi,23.826573,90.365348,235,mobile_wallet,delivered,2026-08-03T00:12:03+06:00,True,Foodi,FDI-RDR-013,Sabbir Hossain,8801364196925,delivery_rider,Bike,Dhaka-Metro-LA-17-2602,2024-08-29,4.32,active,Pallabi,52,36,1655,2026-02-13T02:02:06+06:00,2026-08-06T19:24:26+06:00
521,USR049,+8801460032068,Shanto Sultana,FDI0000522,2026-07-03T23:32:09+06:00,Foodi Demo Kitchen 03,Biryani,Motijheel,23.726717,90.419037,1747,cash,delivered,2026-07-04T01:07:09+06:00,True,Foodi,FDI-RDR-011,Mahmud Hasan,8801546275934,delivery_rider,Bike,Dhaka-Metro-LA-42-9695,2024-01-04,4.61,active,Motijheel,44,30,774,2026-02-12T09:24:57+06:00,2026-08-10T17:38:53+06:00
522,USR049,+8801460032068,Shanto Sultana,FDI0000523,2026-03-14T10:02:22+06:00,Foodi Demo Kitchen 04,Cafe,Pallabi,23.822792,90.35893,918,card,cancelled,2026-03-14T12:43:22+06:00,True,Foodi,FDI-RDR-013,Sabbir Hossain,8801364196925,delivery_rider,Bike,Dhaka-Metro-LA-17-2602,2024-08-29,4.32,active,Pallabi,52,36,1655,2026-02-13T02:02:06+06:00,2026-08-06T19:24:26+06:00
523,USR049,+8801460032068,Shanto Sultana,FDI0000524,2026-07-25T01:10:39+06:00,Foodi Demo Kitchen 02,Fast Food,Rampura,23.754353,90.426074,1037,card,delivered,2026-07-25T03:46:39+06:00,True,Foodi,FDI-RDR-014,Sabbir Ahmed,8801739856270,delivery_rider,Bike,Dhaka-Metro-LA-13-2488,2024-03-05,4.91,active,Rampura,71,47,1187,2026-02-10T02:57:10+06:00,2026-08-07T14:03:06+06:00
524,USR049,+8801460032068,Shanto Sultana,FDI0000525,2026-05-20T06:46:35+06:00,Foodi Demo Kitchen 08,Kebab,Dhanmondi,23.73926,90.376059,1809,card,refunded,2026-05-20T07:06:35+06:00,True,Foodi,FDI-RDR-004,Arif Mahmud,8801854692697,delivery_rider,Bike,Dhaka-Metro-LA-31-2968,2025-07-12,4.47,active,Dhanmondi,34,22,1435,2026-02-20T13:46:59+06:00,2026-08-05T20:00:40+06:00
525,USR049,+8801460032068,Shanto Sultana,FDI0000526,2026-06-25T19:30:07+06:00,Foodi Demo Kitchen 05,Pizza,Mohakhali,23.772561,90.393367,1678,cash,cancelled,2026-06-25T22:12:07+06:00,True,Foodi,FDI-RDR-009,Mahmud Ali,8801453596488,delivery_rider,Bike,Dhaka-Metro-LA-50-1637,2024-06-25,4.64,active,Mohakhali,67,33,309,2026-02-10T09:51:53+06:00,2026-08-10T22:36:11+06:00
526,USR049,+8801460032068,Shanto Sultana,FDI0000527,2026-05-01T06:15:06+06:00,Foodi Demo Kitchen 05,Pizza,Rampura,23.75317,90.415898,861,mobile_wallet,delivered,2026-05-01T07:06:06+06:00,True,Foodi,FDI-RDR-014,Sabbir Ahmed,8801739856270,delivery_rider,Bike,Dhaka-Metro-LA-13-2488,2024-03-05,4.91,active,Rampura,71,47,1187,2026-02-10T02:57:10+06:00,2026-08-07T14:03:06+06:00
527,USR049,+8801460032068,Shanto Sultana,FDI0000528,2026-03-05T08:45:41+06:00,Foodi Demo Kitchen 06,Burgers,Dhanmondi,23.739184,90.372418,934,cash,cancelled,2026-03-05T09:22:41+06:00,True,Foodi,FDI-RDR-004,Arif Mahmud,8801854692697,delivery_rider,Bike,Dhaka-Metro-LA-31-2968,2025-07-12,4.47,active,Dhanmondi,34,22,1435,2026-02-20T13:46:59+06:00,2026-08-05T20:00:40+06:00
528,USR049,+8801460032068,Shanto Sultana,FDI0000529,2026-03-02T11:01:37+06:00,Foodi Demo Kitchen 04,Cafe,Motijheel,23.724355,90.409887,656,cash,delivered,2026-03-02T13:00:37+06:00,True,Foodi,FDI-RDR-011,Mahmud Hasan,8801546275934,delivery_rider,Bike,Dhaka-Metro-LA-42-9695,2024-01-04,4.61,active,Motijheel,44,30,774,2026-02-12T09:24:57+06:00,2026-08-10T17:38:53+06:00
529,USR049,+8801460032068,Shanto Sultana,FDI0000530,2026-02-28T15:04:36+06:00,Foodi Demo Kitchen 06,Burgers,Mohammadpur,23.774472,90.366845,1770,card,refunded,2026-02-28T17:16:36+06:00,True,Foodi,FDI-RDR-010,Shuvo Kabir,8801941100059,delivery_rider,Bike,Dhaka-Metro-LA-31-8053,2024-10-07,4.30,active,Mohammadpur,59,37,808,2026-02-11T13:16:22+06:00,2026-08-10T20:09:48+06:00
530,USR049,+8801460032068,Shanto Sultana,FDI0000531,2026-06-16T19:20:44+06:00,Foodi Demo Kitchen 04,Cafe,Old Dhaka,23.701939,90.410297,515,mobile_wallet,delivered,2026-06-16T20:03:44+06:00,True,Foodi,FDI-RDR-012,Parvez Mollah,8801798672324,delivery_rider,Bike,Dhaka-Metro-LA-18-1627,2023-01-21,4.38,active,Old Dhaka,70,47,563,2026-02-10T12:20:28+06:00,2026-08-08T06:41:21+06:00
531,USR050,+8801303661331,Ritu Ahmed,FDI0000532,2026-02-27T07:29:23+06:00,Foodi Demo Kitchen 03,Biryani,Pallabi,23.825437,90.356941,227,mobile_wallet,refunded,2026-02-27T09:51:23+06:00,True,Foodi,FDI-RDR-013,Sabbir Hossain,8801364196925,delivery_rider,Bike,Dhaka-Metro-LA-17-2602,2024-08-29,4.32,active,Pallabi,52,36,1655,2026-02-13T02:02:06+06:00,2026-08-06T19:24:26+06:00
532,USR050,+8801303661331,Ritu Ahmed,FDI0000533,2026-02-21T05:33:34+06:00,Foodi Demo Kitchen 08,Kebab,Khilgaon,23.750398,90.418684,1819,mobile_wallet,delivered,2026-02-21T08:46:34+06:00,True,Foodi,FDI-RDR-007,Shakil Sarker,8801645088972,delivery_rider,Bike,Dhaka-Metro-LA-51-7903,2024-11-22,4.89,active,Khilgaon,63,46,238,2026-02-12T07:27:28+06:00,2026-08-08T00:12:25+06:00
533,USR050,+8801303661331,Ritu Ahmed,FDI0000534,2026-04-03T09:08:11+06:00,Foodi Demo Kitchen 07,Thai,Dhanmondi,23.741222,90.373733,530,cash,cancelled,2026-04-03T09:53:11+06:00,True,Foodi,FDI-RDR-004,Arif Mahmud,8801854692697,delivery_rider,Bike,Dhaka-Metro-LA-31-2968,2025-07-12,4.47,active,Dhanmondi,34,22,1435,2026-02-20T13:46:59+06:00,2026-08-05T20:00:40+06:00
534,USR050,+8801303661331,Ritu Ahmed,FDI0000535,2026-06-28T06:06:09+06:00,Foodi Demo Kitchen 01,Bangla,Bashundhara,23.812291,90.422802,1790,cash,delivered,2026-06-28T06:29:09+06:00,True,Foodi,FDI-RDR-003,Rasel Rahman,8801991735857,delivery_rider,Bike,Dhaka-Metro-LA-25-1024,2025-03-30,4.27,active,Bashundhara,27,16,1021,2026-02-24T21:14:45+06:00,2026-08-07T13:05:52+06:00
535,USR050,+8801303661331,Ritu Ahmed,FDI0000536,2026-08-03T19:50:17+06:00,Foodi Demo Kitchen 05,Pizza,Mohammadpur,23.775697,90.357625,1830,card,refunded,2026-08-03T20:56:17+06:00,True,Foodi,FDI-RDR-010,Shuvo Kabir,8801941100059,delivery_rider,Bike,Dhaka-Metro-LA-31-8053,2024-10-07,4.30,active,Mohammadpur,59,37,808,2026-02-11T13:16:22+06:00,2026-08-10T20:09:48+06:00
536,USR050,+8801303661331,Ritu Ahmed,FDI0000537,2026-04-17T01:29:17+06:00,Foodi Demo Kitchen 06,Burgers,Farmgate,23.755449,90.388551,682,card,refunded,2026-04-17T03:17:17+06:00,True,Foodi,FDI-RDR-023,Shahadat Hasan,8801754954467,delivery_rider,Bike,Dhaka-Metro-LA-51-6371,2025-12-07,4.56,active,Farmgate,36,23,1181,2026-02-18T00:50:59+06:00,2026-08-06T11:04:59+06:00
537,USR050,+8801303661331,Ritu Ahmed,FDI0000538,2026-07-29T16:44:22+06:00,Foodi Demo Kitchen 08,Kebab,Bashundhara,23.809251,90.419236,1249,card,delivered,2026-07-29T18:29:22+06:00,True,Foodi,FDI-RDR-021,Habib Khan,8801640944989,delivery_rider,Bicycle,BIC-62834,2024-07-09,4.84,active,Bashundhara,33,19,586,2026-03-08T16:51:38+06:00,2026-08-08T20:11:49+06:00
538,USR050,+8801303661331,Ritu Ahmed,FDI0000539,2026-06-16T15:22:31+06:00,Foodi Demo Kitchen 04,Cafe,Old Dhaka,23.706802,90.409506,994,card,refunded,2026-06-16T18:45:31+06:00,True,Foodi,FDI-RDR-012,Parvez Mollah,8801798672324,delivery_rider,Bike,Dhaka-Metro-LA-18-1627,2023-01-21,4.38,active,Old Dhaka,70,47,563,2026-02-10T12:20:28+06:00,2026-08-08T06:41:21+06:00
539,USR050,+8801303661331,Ritu Ahmed,FDI0000540,2026-07-07T02:06:32+06:00,Foodi Demo Kitchen 06,Burgers,Gulshan,23.788447,90.40442,1430,card,cancelled,2026-07-07T04:38:32+06:00,True,Foodi,FDI-RDR-006,Hasan Mahmud,8801309144811,delivery_rider,Bike,Dhaka-Metro-LA-24-6061,2023-05-09,4.71,active,Gulshan,53,31,1075,2026-02-11T04:00:15+06:00,2026-08-05T08:02:50+06:00
540,USR051,+8801344765452,Touhid Ali,FDI0000541,2026-02-12T07:27:28+06:00,Foodi Demo Kitchen 07,Thai,Khilgaon,23.757015,90.422725,1057,card,cancelled,2026-02-12T08:53:28+06:00,True,Foodi,FDI-RDR-007,Shakil Sarker,8801645088972,delivery_rider,Bike,Dhaka-Metro-LA-51-7903,2024-11-22,4.89,active,Khilgaon,63,46,238,2026-02-12T07:27:28+06:00,2026-08-08T00:12:25+06:00
541,USR051,+8801344765452,Touhid Ali,FDI0000542,2026-03-18T18:12:16+06:00,Foodi Demo Kitchen 03,Biryani,Old Dhaka,23.711211,90.409357,1565,card,refunded,2026-03-18T18:51:16+06:00,True,Foodi,FDI-RDR-012,Parvez Mollah,8801798672324,delivery_rider,Bike,Dhaka-Metro-LA-18-1627,2023-01-21,4.38,active,Old Dhaka,70,47,563,2026-02-10T12:20:28+06:00,2026-08-08T06:41:21+06:00
542,USR051,+8801344765452,Touhid Ali,FDI0000543,2026-07-31T22:51:44+06:00,Foodi Demo Kitchen 06,Burgers,Gulshan,23.786484,90.416163,309,cash,cancelled,2026-08-01T00:12:44+06:00,True,Foodi,FDI-RDR-006,Hasan Mahmud,8801309144811,delivery_rider,Bike,Dhaka-Metro-LA-24-6061,2023-05-09,4.71,active,Gulshan,53,31,1075,2026-02-11T04:00:15+06:00,2026-08-05T08:02:50+06:00
543,USR051,+8801344765452,Touhid Ali,FDI0000544,2026-04-26T01:22:35+06:00,Foodi Demo Kitchen 08,Kebab,Farmgate,23.749223,90.396732,833,cash,delivered,2026-04-26T03:51:35+06:00,True,Foodi,FDI-RDR-023,Shahadat Hasan,8801754954467,delivery_rider,Bike,Dhaka-Metro-LA-51-6371,2025-12-07,4.56,active,Farmgate,36,23,1181,2026-02-18T00:50:59+06:00,2026-08-06T11:04:59+06:00
544,USR051,+8801344765452,Touhid Ali,FDI0000545,2026-07-24T23:30:13+06:00,Foodi Demo Kitchen 06,Burgers,Banani,23.801349,90.400779,1040,card,delivered,2026-07-25T01:04:13+06:00,True,Foodi,FDI-RDR-020,Rakib Hasan,8801703040974,delivery_rider,Bike,Dhaka-Metro-LA-11-8668,2025-06-15,4.73,active,Banani,34,25,770,2026-02-15T15:29:27+06:00,2026-08-02T04:28:06+06:00
545,USR051,+8801344765452,Touhid Ali,FDI0000546,2026-03-06T04:22:46+06:00,Foodi Demo Kitchen 04,Cafe,Wari,23.713626,90.417279,588,cash,delivered,2026-03-06T06:37:46+06:00,True,Foodi,FDI-RDR-018,Mehedi Karim,8801825989091,delivery_rider,Bicycle,BIC-77242,2025-01-08,4.35,active,Wari,63,40,1814,2026-02-12T18:32:46+06:00,2026-08-04T04:32:17+06:00
546,USR051,+8801344765452,Touhid Ali,FDI0000547,2026-05-16T09:47:49+06:00,Foodi Demo Kitchen 08,Kebab,Rampura,23.764058,90.418301,391,cash,delivered,2026-05-16T12:57:49+06:00,True,Foodi,FDI-RDR-014,Sabbir Ahmed,8801739856270,delivery_rider,Bike,Dhaka-Metro-LA-13-2488,2024-03-05,4.91,active,Rampura,71,47,1187,2026-02-10T02:57:10+06:00,2026-08-07T14:03:06+06:00
547,USR051,+8801344765452,Touhid Ali,FDI0000548,2026-06-15T06:49:53+06:00,Foodi Demo Kitchen 06,Burgers,Motijheel,23.738552,90.415652,1616,mobile_wallet,cancelled,2026-06-15T09:19:53+06:00,True,Foodi,FDI-RDR-011,Mahmud Hasan,8801546275934,delivery_rider,Bike,Dhaka-Metro-LA-42-9695,2024-01-04,4.61,active,Motijheel,44,30,774,2026-02-12T09:24:57+06:00,2026-08-10T17:38:53+06:00
548,USR052,+8801539050502,Nusrat Hossain,FDI0000549,2026-05-26T21:39:24+06:00,Foodi Demo Kitchen 06,Burgers,Gulshan,23.784039,90.410252,980,card,delivered,2026-05-26T22:04:24+06:00,True,Foodi,FDI-RDR-006,Hasan Mahmud,8801309144811,delivery_rider,Bike,Dhaka-Metro-LA-24-6061,2023-05-09,4.71,active,Gulshan,53,31,1075,2026-02-11T04:00:15+06:00,2026-08-05T08:02:50+06:00
549,USR052,+8801539050502,Nusrat Hossain,FDI0000550,2026-02-25T06:53:43+06:00,Foodi Demo Kitchen 08,Kebab,Uttara,23.87079,90.386541,1731,card,delivered,2026-02-25T08:07:43+06:00,True,Foodi,FDI-RDR-017,Tuhin Kabir,8801437966170,delivery_rider,Bike,Dhaka-Metro-LA-31-7414,2026-03-12,4.47,active,Uttara,56,36,899,2026-02-12T19:30:05+06:00,2026-08-02T10:56:53+06:00
550,USR052,+8801539050502,Nusrat Hossain,FDI0000551,2026-03-01T14:27:07+06:00,Foodi Demo Kitchen 06,Burgers,Farmgate,23.753138,90.398322,219,cash,delivered,2026-03-01T14:57:07+06:00,True,Foodi,FDI-RDR-005,Nayeem Sheikh,8801743750117,delivery_rider,Bike,Dhaka-Metro-LA-11-2234,2025-12-12,4.45,active,Farmgate,28,19,703,2026-02-14T20:09:21+06:00,2026-07-11T22:41:13+06:00
551,USR052,+8801539050502,Nusrat Hossain,FDI0000552,2026-07-21T14:53:28+06:00,Foodi Demo Kitchen 05,Pizza,Motijheel,23.731997,90.418268,1156,card,delivered,2026-07-21T18:25:28+06:00,True,Foodi,FDI-RDR-011,Mahmud Hasan,8801546275934,delivery_rider,Bike,Dhaka-Metro-LA-42-9695,2024-01-04,4.61,active,Motijheel,44,30,774,2026-02-12T09:24:57+06:00,2026-08-10T17:38:53+06:00
552,USR052,+8801539050502,Nusrat Hossain,FDI0000553,2026-07-12T01:46:27+06:00,Foodi Demo Kitchen 02,Fast Food,Farmgate,23.761711,90.393397,1741,mobile_wallet,delivered,2026-07-12T03:08:27+06:00,True,Foodi,FDI-RDR-023,Shahadat Hasan,8801754954467,delivery_rider,Bike,Dhaka-Metro-LA-51-6371,2025-12-07,4.56,active,Farmgate,36,23,1181,2026-02-18T00:50:59+06:00,2026-08-06T11:04:59+06:00
553,USR052,+8801539050502,Nusrat Hossain,FDI0000554,2026-05-03T07:07:25+06:00,Foodi Demo Kitchen 06,Burgers,Gulshan,23.787832,90.400626,1778,mobile_wallet,refunded,2026-05-03T10:40:25+06:00,True,Foodi,FDI-RDR-006,Hasan Mahmud,8801309144811,delivery_rider,Bike,Dhaka-Metro-LA-24-6061,2023-05-09,4.71,active,Gulshan,53,31,1075,2026-02-11T04:00:15+06:00,2026-08-05T08:02:50+06:00
554,USR052,+8801539050502,Nusrat Hossain,FDI0000555,2026-03-06T11:11:13+06:00,Foodi Demo Kitchen 06,Burgers,Old Dhaka,23.713937,90.400503,796,card,refunded,2026-03-06T13:44:13+06:00,True,Foodi,FDI-RDR-012,Parvez Mollah,8801798672324,delivery_rider,Bike,Dhaka-Metro-LA-18-1627,2023-01-21,4.38,active,Old Dhaka,70,47,563,2026-02-10T12:20:28+06:00,2026-08-08T06:41:21+06:00
555,USR052,+8801539050502,Nusrat Hossain,FDI0000556,2026-06-21T16:34:14+06:00,Foodi Demo Kitchen 05,Pizza,Khilgaon,23.756116,90.42588,379,card,delivered,2026-06-21T17:05:14+06:00,True,Foodi,FDI-RDR-007,Shakil Sarker,8801645088972,delivery_rider,Bike,Dhaka-Metro-LA-51-7903,2024-11-22,4.89,active,Khilgaon,63,46,238,2026-02-12T07:27:28+06:00,2026-08-08T00:12:25+06:00
556,USR052,+8801539050502,Nusrat Hossain,FDI0000557,2026-02-18T11:23:00+06:00,Foodi Demo Kitchen 03,Biryani,Wari,23.726732,90.413668,625,mobile_wallet,delivered,2026-02-18T14:42:00+06:00,True,Foodi,FDI-RDR-018,Mehedi Karim,8801825989091,delivery_rider,Bicycle,BIC-77242,2025-01-08,4.35,active,Wari,63,40,1814,2026-02-12T18:32:46+06:00,2026-08-04T04:32:17+06:00
557,USR052,+8801539050502,Nusrat Hossain,FDI0000558,2026-04-14T23:54:08+06:00,Foodi Demo Kitchen 08,Kebab,Farmgate,23.766236,90.397303,942,cash,delivered,2026-04-15T02:54:08+06:00,True,Foodi,FDI-RDR-005,Nayeem Sheikh,8801743750117,delivery_rider,Bike,Dhaka-Metro-LA-11-2234,2025-12-12,4.45,active,Farmgate,28,19,703,2026-02-14T20:09:21+06:00,2026-07-11T22:41:13+06:00
558,USR052,+8801539050502,Nusrat Hossain,FDI0000559,2026-03-19T16:46:25+06:00,Foodi Demo Kitchen 03,Biryani,Tejgaon,23.769056,90.393995,1626,card,delivered,2026-03-19T19:52:25+06:00,True,Foodi,FDI-RDR-016,Noman Mollah,8801385740882,delivery_rider,Bike,Dhaka-Metro-LA-22-3253,2025-12-03,4.49,active,Tejgaon,49,28,819,2026-02-13T23:12:09+06:00,2026-08-05T05:30:47+06:00
559,USR052,+8801539050502,Nusrat Hossain,FDI0000560,2026-02-25T16:48:58+06:00,Foodi Demo Kitchen 04,Cafe,Motijheel,23.741544,90.422171,1771,cash,delivered,2026-02-25T18:07:58+06:00,True,Foodi,FDI-RDR-011,Mahmud Hasan,8801546275934,delivery_rider,Bike,Dhaka-Metro-LA-42-9695,2024-01-04,4.61,active,Motijheel,44,30,774,2026-02-12T09:24:57+06:00,2026-08-10T17:38:53+06:00
560,USR052,+8801539050502,Nusrat Hossain,FDI0000561,2026-06-11T21:14:31+06:00,Foodi Demo Kitchen 06,Burgers,Old Dhaka,23.712299,90.403989,746,mobile_wallet,delivered,2026-06-11T23:31:31+06:00,True,Foodi,FDI-RDR-012,Parvez Mollah,8801798672324,delivery_rider,Bike,Dhaka-Metro-LA-18-1627,2023-01-21,4.38,active,Old Dhaka,70,47,563,2026-02-10T12:20:28+06:00,2026-08-08T06:41:21+06:00
561,USR052,+8801539050502,Nusrat Hossain,FDI0000562,2026-07-28T14:06:29+06:00,Foodi Demo Kitchen 07,Thai,Gulshan,23.79368,90.40532,1132,cash,refunded,2026-07-28T14:40:29+06:00,True,Foodi,FDI-RDR-006,Hasan Mahmud,8801309144811,delivery_rider,Bike,Dhaka-Metro-LA-24-6061,2023-05-09,4.71,active,Gulshan,53,31,1075,2026-02-11T04:00:15+06:00,2026-08-05T08:02:50+06:00
562,USR053,+8801852381087,Labiba Sultana,FDI0000563,2026-06-14T06:28:25+06:00,Foodi Demo Kitchen 02,Fast Food,Tejgaon,23.771795,90.38774,262,mobile_wallet,refunded,2026-06-14T09:15:25+06:00,True,Foodi,FDI-RDR-016,Noman Mollah,8801385740882,delivery_rider,Bike,Dhaka-Metro-LA-22-3253,2025-12-03,4.49,active,Tejgaon,49,28,819,2026-02-13T23:12:09+06:00,2026-08-05T05:30:47+06:00
563,USR053,+8801852381087,Labiba Sultana,FDI0000564,2026-03-16T22:37:26+06:00,Foodi Demo Kitchen 05,Pizza,Uttara,23.874683,90.37717,297,mobile_wallet,delivered,2026-03-17T01:18:26+06:00,True,Foodi,FDI-RDR-017,Tuhin Kabir,8801437966170,delivery_rider,Bike,Dhaka-Metro-LA-31-7414,2026-03-12,4.47,active,Uttara,56,36,899,2026-02-12T19:30:05+06:00,2026-08-02T10:56:53+06:00
564,USR053,+8801852381087,Labiba Sultana,FDI0000565,2026-07-09T06:00:09+06:00,Foodi Demo Kitchen 01,Bangla,Mohammadpur,23.764258,90.350781,1526,cash,refunded,2026-07-09T07:25:09+06:00,True,Foodi,FDI-RDR-010,Shuvo Kabir,8801941100059,delivery_rider,Bike,Dhaka-Metro-LA-31-8053,2024-10-07,4.30,active,Mohammadpur,59,37,808,2026-02-11T13:16:22+06:00,2026-08-10T20:09:48+06:00
565,USR053,+8801852381087,Labiba Sultana,FDI0000566,2026-08-01T09:19:45+06:00,Foodi Demo Kitchen 06,Burgers,Banani,23.78641,90.414594,1569,card,delivered,2026-08-01T11:00:45+06:00,True,Foodi,FDI-RDR-020,Rakib Hasan,8801703040974,delivery_rider,Bike,Dhaka-Metro-LA-11-8668,2025-06-15,4.73,active,Banani,34,25,770,2026-02-15T15:29:27+06:00,2026-08-02T04:28:06+06:00
566,USR053,+8801852381087,Labiba Sultana,FDI0000567,2026-05-15T10:12:33+06:00,Foodi Demo Kitchen 05,Pizza,Badda,23.788613,90.431292,1330,cash,cancelled,2026-05-15T11:03:33+06:00,True,Foodi,FDI-RDR-019,Imran Khan,8801655026262,delivery_rider,Bike,Dhaka-Metro-LA-31-3687,2024-04-05,4.91,active,Badda,37,23,1569,2026-02-24T06:56:48+06:00,2026-08-06T06:15:06+06:00
567,USR053,+8801852381087,Labiba Sultana,FDI0000568,2026-05-15T16:57:08+06:00,Foodi Demo Kitchen 02,Fast Food,Dhanmondi,23.746602,90.37499,1354,cash,delivered,2026-05-15T17:48:08+06:00,True,Foodi,FDI-RDR-022,Habib Chowdhury,8801384916196,delivery_rider,Bike,Dhaka-Metro-LA-46-4315,2024-05-20,4.33,active,Dhanmondi,27,18,197,2026-02-12T07:13:30+06:00,2026-08-05T01:26:05+06:00
568,USR053,+8801852381087,Labiba Sultana,FDI0000569,2026-04-18T01:15:43+06:00,Foodi Demo Kitchen 05,Pizza,Wari,23.725504,90.422829,411,cash,delivered,2026-04-18T03:39:43+06:00,True,Foodi,FDI-RDR-018,Mehedi Karim,8801825989091,delivery_rider,Bicycle,BIC-77242,2025-01-08,4.35,active,Wari,63,40,1814,2026-02-12T18:32:46+06:00,2026-08-04T04:32:17+06:00
569,USR053,+8801852381087,Labiba Sultana,FDI0000570,2026-05-13T16:35:29+06:00,Foodi Demo Kitchen 07,Thai,Mohakhali,23.780213,90.400054,255,card,cancelled,2026-05-13T17:32:29+06:00,True,Foodi,FDI-RDR-009,Mahmud Ali,8801453596488,delivery_rider,Bike,Dhaka-Metro-LA-50-1637,2024-06-25,4.64,active,Mohakhali,67,33,309,2026-02-10T09:51:53+06:00,2026-08-10T22:36:11+06:00
570,USR053,+8801852381087,Labiba Sultana,FDI0000571,2026-03-13T08:14:22+06:00,Foodi Demo Kitchen 08,Kebab,Badda,23.773255,90.425271,633,cash,cancelled,2026-03-13T10:17:22+06:00,True,Foodi,FDI-RDR-019,Imran Khan,8801655026262,delivery_rider,Bike,Dhaka-Metro-LA-31-3687,2024-04-05,4.91,active,Badda,37,23,1569,2026-02-24T06:56:48+06:00,2026-08-06T06:15:06+06:00
571,USR053,+8801852381087,Labiba Sultana,FDI0000572,2026-07-20T17:20:37+06:00,Foodi Demo Kitchen 04,Cafe,Wari,23.721139,90.425592,449,cash,delivered,2026-07-20T18:08:37+06:00,True,Foodi,FDI-RDR-018,Mehedi Karim,8801825989091,delivery_rider,Bicycle,BIC-77242,2025-01-08,4.35,active,Wari,63,40,1814,2026-02-12T18:32:46+06:00,2026-08-04T04:32:17+06:00
572,USR053,+8801852381087,Labiba Sultana,FDI0000573,2026-02-21T13:23:40+06:00,Foodi Demo Kitchen 08,Kebab,Old Dhaka,23.713285,90.40574,1794,card,delivered,2026-02-21T16:24:40+06:00,True,Foodi,FDI-RDR-012,Parvez Mollah,8801798672324,delivery_rider,Bike,Dhaka-Metro-LA-18-1627,2023-01-21,4.38,active,Old Dhaka,70,47,563,2026-02-10T12:20:28+06:00,2026-08-08T06:41:21+06:00
573,USR053,+8801852381087,Labiba Sultana,FDI0000574,2026-03-02T03:46:58+06:00,Foodi Demo Kitchen 06,Burgers,Gulshan,23.79128,90.415937,704,card,delivered,2026-03-02T07:22:58+06:00,True,Foodi,FDI-RDR-006,Hasan Mahmud,8801309144811,delivery_rider,Bike,Dhaka-Metro-LA-24-6061,2023-05-09,4.71,active,Gulshan,53,31,1075,2026-02-11T04:00:15+06:00,2026-08-05T08:02:50+06:00
574,USR054,+8801423871224,Rakib Uddin,FDI0000575,2026-04-03T22:43:01+06:00,Foodi Demo Kitchen 06,Burgers,Mirpur,23.820358,90.371692,1737,mobile_wallet,delivered,2026-04-04T00:27:01+06:00,True,Foodi,FDI-RDR-008,Al Amin Mahmud,8801773840158,delivery_rider,Bike,Dhaka-Metro-LA-16-1506,2024-12-21,4.88,active,Mirpur,55,38,553,2026-02-10T07:25:37+06:00,2026-08-10T06:22:54+06:00
575,USR054,+8801423871224,Rakib Uddin,FDI0000576,2026-03-20T02:03:15+06:00,Foodi Demo Kitchen 06,Burgers,Shyamoli,23.774268,90.361568,1177,cash,refunded,2026-03-20T03:37:15+06:00,True,Foodi,FDI-RDR-015,Al Amin Ahmed,8801422934517,delivery_rider,Bike,Dhaka-Metro-LA-24-2387,2025-07-31,4.60,active,Shyamoli,43,20,343,2026-02-15T20:41:46+06:00,2026-08-10T01:54:52+06:00
576,USR054,+8801423871224,Rakib Uddin,FDI0000577,2026-03-06T21:20:07+06:00,Foodi Demo Kitchen 03,Biryani,Wari,23.72273,90.409894,771,cash,cancelled,2026-03-06T22:03:07+06:00,True,Foodi,FDI-RDR-018,Mehedi Karim,8801825989091,delivery_rider,Bicycle,BIC-77242,2025-01-08,4.35,active,Wari,63,40,1814,2026-02-12T18:32:46+06:00,2026-08-04T04:32:17+06:00
577,USR054,+8801423871224,Rakib Uddin,FDI0000578,2026-02-25T17:10:24+06:00,Foodi Demo Kitchen 06,Burgers,Banani,23.801977,90.408456,1257,mobile_wallet,delivered,2026-02-25T19:12:24+06:00,True,Foodi,FDI-RDR-020,Rakib Hasan,8801703040974,delivery_rider,Bike,Dhaka-Metro-LA-11-8668,2025-06-15,4.73,active,Banani,34,25,770,2026-02-15T15:29:27+06:00,2026-08-02T04:28:06+06:00
578,USR054,+8801423871224,Rakib Uddin,FDI0000579,2026-05-27T06:06:00+06:00,Foodi Demo Kitchen 01,Bangla,Rampura,23.754704,90.427252,1516,cash,delivered,2026-05-27T07:31:00+06:00,True,Foodi,FDI-RDR-014,Sabbir Ahmed,8801739856270,delivery_rider,Bike,Dhaka-Metro-LA-13-2488,2024-03-05,4.91,active,Rampura,71,47,1187,2026-02-10T02:57:10+06:00,2026-08-07T14:03:06+06:00
579,USR054,+8801423871224,Rakib Uddin,FDI0000580,2026-05-31T08:25:04+06:00,Foodi Demo Kitchen 02,Fast Food,Mohammadpur,23.760867,90.355553,651,mobile_wallet,cancelled,2026-05-31T11:51:04+06:00,True,Foodi,FDI-RDR-010,Shuvo Kabir,8801941100059,delivery_rider,Bike,Dhaka-Metro-LA-31-8053,2024-10-07,4.30,active,Mohammadpur,59,37,808,2026-02-11T13:16:22+06:00,2026-08-10T20:09:48+06:00
580,USR054,+8801423871224,Rakib Uddin,FDI0000581,2026-04-09T01:32:15+06:00,Foodi Demo Kitchen 01,Bangla,Mohakhali,23.780857,90.401326,256,cash,cancelled,2026-04-09T03:22:15+06:00,True,Foodi,FDI-RDR-009,Mahmud Ali,8801453596488,delivery_rider,Bike,Dhaka-Metro-LA-50-1637,2024-06-25,4.64,active,Mohakhali,67,33,309,2026-02-10T09:51:53+06:00,2026-08-10T22:36:11+06:00
581,USR054,+8801423871224,Rakib Uddin,FDI0000582,2026-07-18T00:07:40+06:00,Foodi Demo Kitchen 01,Bangla,Badda,23.781363,90.42544,1612,mobile_wallet,cancelled,2026-07-18T03:33:40+06:00,True,Foodi,FDI-RDR-019,Imran Khan,8801655026262,delivery_rider,Bike,Dhaka-Metro-LA-31-3687,2024-04-05,4.91,active,Badda,37,23,1569,2026-02-24T06:56:48+06:00,2026-08-06T06:15:06+06:00
582,USR055,+8801755067568,Nafisa Jahan,FDI0000583,2026-07-07T21:34:05+06:00,Foodi Demo Kitchen 08,Kebab,Dhanmondi,23.743598,90.373656,981,mobile_wallet,delivered,2026-07-07T22:53:05+06:00,True,Foodi,FDI-RDR-004,Arif Mahmud,8801854692697,delivery_rider,Bike,Dhaka-Metro-LA-31-2968,2025-07-12,4.47,active,Dhanmondi,34,22,1435,2026-02-20T13:46:59+06:00,2026-08-05T20:00:40+06:00
583,USR055,+8801755067568,Nafisa Jahan,FDI0000584,2026-04-14T16:19:10+06:00,Foodi Demo Kitchen 06,Burgers,Dhanmondi,23.748837,90.383715,1373,card,cancelled,2026-04-14T17:49:10+06:00,True,Foodi,FDI-RDR-004,Arif Mahmud,8801854692697,delivery_rider,Bike,Dhaka-Metro-LA-31-2968,2025-07-12,4.47,active,Dhanmondi,34,22,1435,2026-02-20T13:46:59+06:00,2026-08-05T20:00:40+06:00
584,USR055,+8801755067568,Nafisa Jahan,FDI0000585,2026-04-02T14:02:07+06:00,Foodi Demo Kitchen 04,Cafe,Bashundhara,23.819946,90.42864,1113,card,refunded,2026-04-02T15:57:07+06:00,True,Foodi,FDI-RDR-021,Habib Khan,8801640944989,delivery_rider,Bicycle,BIC-62834,2024-07-09,4.84,active,Bashundhara,33,19,586,2026-03-08T16:51:38+06:00,2026-08-08T20:11:49+06:00
585,USR055,+8801755067568,Nafisa Jahan,FDI0000586,2026-08-10T06:22:54+06:00,Foodi Demo Kitchen 04,Cafe,Mirpur,23.830118,90.372472,1569,cash,delivered,2026-08-10T08:07:54+06:00,True,Foodi,FDI-RDR-008,Al Amin Mahmud,8801773840158,delivery_rider,Bike,Dhaka-Metro-LA-16-1506,2024-12-21,4.88,active,Mirpur,55,38,553,2026-02-10T07:25:37+06:00,2026-08-10T06:22:54+06:00
586,USR055,+8801755067568,Nafisa Jahan,FDI0000587,2026-07-26T17:47:22+06:00,Foodi Demo Kitchen 02,Fast Food,Mohakhali,23.774099,90.404826,749,mobile_wallet,delivered,2026-07-26T18:24:22+06:00,True,Foodi,FDI-RDR-009,Mahmud Ali,8801453596488,delivery_rider,Bike,Dhaka-Metro-LA-50-1637,2024-06-25,4.64,active,Mohakhali,67,33,309,2026-02-10T09:51:53+06:00,2026-08-10T22:36:11+06:00
587,USR055,+8801755067568,Nafisa Jahan,FDI0000588,2026-07-14T19:40:40+06:00,Foodi Demo Kitchen 06,Burgers,Uttara,23.883631,90.374951,1030,card,delivered,2026-07-14T22:47:40+06:00,True,Foodi,FDI-RDR-017,Tuhin Kabir,8801437966170,delivery_rider,Bike,Dhaka-Metro-LA-31-7414,2026-03-12,4.47,active,Uttara,56,36,899,2026-02-12T19:30:05+06:00,2026-08-02T10:56:53+06:00
588,USR055,+8801755067568,Nafisa Jahan,FDI0000589,2026-04-24T12:37:12+06:00,Foodi Demo Kitchen 08,Kebab,Dhanmondi,23.75518,90.372321,526,mobile_wallet,delivered,2026-04-24T13:18:12+06:00,True,Foodi,FDI-RDR-004,Arif Mahmud,8801854692697,delivery_rider,Bike,Dhaka-Metro-LA-31-2968,2025-07-12,4.47,active,Dhanmondi,34,22,1435,2026-02-20T13:46:59+06:00,2026-08-05T20:00:40+06:00
589,USR055,+8801755067568,Nafisa Jahan,FDI0000590,2026-05-16T00:32:50+06:00,Foodi Demo Kitchen 01,Bangla,Bashundhara,23.809944,90.422844,353,card,delivered,2026-05-16T00:59:50+06:00,True,Foodi,FDI-RDR-021,Habib Khan,8801640944989,delivery_rider,Bicycle,BIC-62834,2024-07-09,4.84,active,Bashundhara,33,19,586,2026-03-08T16:51:38+06:00,2026-08-08T20:11:49+06:00
590,USR056,+8801687653764,Sakib Islam,FDI0000591,2026-04-09T21:02:41+06:00,Foodi Demo Kitchen 06,Burgers,Mohammadpur,23.773763,90.357812,1197,cash,delivered,2026-04-09T23:46:41+06:00,True,Foodi,FDI-RDR-010,Shuvo Kabir,8801941100059,delivery_rider,Bike,Dhaka-Metro-LA-31-8053,2024-10-07,4.30,active,Mohammadpur,59,37,808,2026-02-11T13:16:22+06:00,2026-08-10T20:09:48+06:00
591,USR056,+8801687653764,Sakib Islam,FDI0000592,2026-07-04T08:28:37+06:00,Foodi Demo Kitchen 05,Pizza,Banani,23.796749,90.404562,1060,mobile_wallet,delivered,2026-07-04T11:32:37+06:00,True,Foodi,FDI-RDR-002,Rony Sarker,8801683501448,delivery_rider,Bike,Dhaka-Metro-LA-47-5838,2023-05-27,4.52,active,Banani,29,19,739,2026-02-13T16:48:02+06:00,2026-07-30T12:32:32+06:00
592,USR056,+8801687653764,Sakib Islam,FDI0000593,2026-06-04T12:29:54+06:00,Foodi Demo Kitchen 06,Burgers,Bashundhara,23.812421,90.424549,649,mobile_wallet,delivered,2026-06-04T13:31:54+06:00,True,Foodi,FDI-RDR-003,Rasel Rahman,8801991735857,delivery_rider,Bike,Dhaka-Metro-LA-25-1024,2025-03-30,4.27,active,Bashundhara,27,16,1021,2026-02-24T21:14:45+06:00,2026-08-07T13:05:52+06:00
593,USR056,+8801687653764,Sakib Islam,FDI0000594,2026-02-21T05:28:30+06:00,Foodi Demo Kitchen 03,Biryani,Mohakhali,23.781437,90.407858,738,cash,delivered,2026-02-21T07:30:30+06:00,True,Foodi,FDI-RDR-009,Mahmud Ali,8801453596488,delivery_rider,Bike,Dhaka-Metro-LA-50-1637,2024-06-25,4.64,active,Mohakhali,67,33,309,2026-02-10T09:51:53+06:00,2026-08-10T22:36:11+06:00
594,USR056,+8801687653764,Sakib Islam,FDI0000595,2026-03-30T14:36:44+06:00,Foodi Demo Kitchen 02,Fast Food,Dhanmondi,23.744568,90.376148,954,mobile_wallet,delivered,2026-03-30T18:07:44+06:00,True,Foodi,FDI-RDR-004,Arif Mahmud,8801854692697,delivery_rider,Bike,Dhaka-Metro-LA-31-2968,2025-07-12,4.47,active,Dhanmondi,34,22,1435,2026-02-20T13:46:59+06:00,2026-08-05T20:00:40+06:00
595,USR056,+8801687653764,Sakib Islam,FDI0000596,2026-02-23T01:00:36+06:00,Foodi Demo Kitchen 05,Pizza,Pallabi,23.826513,90.371188,1546,card,delivered,2026-02-23T01:46:36+06:00,True,Foodi,FDI-RDR-013,Sabbir Hossain,8801364196925,delivery_rider,Bike,Dhaka-Metro-LA-17-2602,2024-08-29,4.32,active,Pallabi,52,36,1655,2026-02-13T02:02:06+06:00,2026-08-06T19:24:26+06:00
596,USR056,+8801687653764,Sakib Islam,FDI0000597,2026-05-16T07:10:31+06:00,Foodi Demo Kitchen 02,Fast Food,Badda,23.782594,90.426878,1841,mobile_wallet,delivered,2026-05-16T10:00:31+06:00,True,Foodi,FDI-RDR-019,Imran Khan,8801655026262,delivery_rider,Bike,Dhaka-Metro-LA-31-3687,2024-04-05,4.91,active,Badda,37,23,1569,2026-02-24T06:56:48+06:00,2026-08-06T06:15:06+06:00
597,USR056,+8801687653764,Sakib Islam,FDI0000598,2026-03-15T15:53:47+06:00,Foodi Demo Kitchen 01,Bangla,Gulshan,23.799626,90.411545,1644,card,delivered,2026-03-15T17:28:47+06:00,True,Foodi,FDI-RDR-006,Hasan Mahmud,8801309144811,delivery_rider,Bike,Dhaka-Metro-LA-24-6061,2023-05-09,4.71,active,Gulshan,53,31,1075,2026-02-11T04:00:15+06:00,2026-08-05T08:02:50+06:00
598,USR057,+8801600888036,Siam Akter,FDI0000599,2026-07-18T12:53:13+06:00,Foodi Demo Kitchen 07,Thai,Banani,23.800365,90.402567,991,mobile_wallet,delivered,2026-07-18T13:52:13+06:00,True,Foodi,FDI-RDR-020,Rakib Hasan,8801703040974,delivery_rider,Bike,Dhaka-Metro-LA-11-8668,2025-06-15,4.73,active,Banani,34,25,770,2026-02-15T15:29:27+06:00,2026-08-02T04:28:06+06:00
599,USR057,+8801600888036,Siam Akter,FDI0000600,2026-05-23T12:35:26+06:00,Foodi Demo Kitchen 05,Pizza,Bashundhara,23.806911,90.432376,1636,mobile_wallet,delivered,2026-05-23T14:30:26+06:00,True,Foodi,FDI-RDR-021,Habib Khan,8801640944989,delivery_rider,Bicycle,BIC-62834,2024-07-09,4.84,active,Bashundhara,33,19,586,2026-03-08T16:51:38+06:00,2026-08-08T20:11:49+06:00
600,USR057,+8801600888036,Siam Akter,FDI0000601,2026-08-06T11:04:59+06:00,Foodi Demo Kitchen 07,Thai,Farmgate,23.76202,90.395082,489,card,cancelled,2026-08-06T13:30:59+06:00,True,Foodi,FDI-RDR-023,Shahadat Hasan,8801754954467,delivery_rider,Bike,Dhaka-Metro-LA-51-6371,2025-12-07,4.56,active,Farmgate,36,23,1181,2026-02-18T00:50:59+06:00,2026-08-06T11:04:59+06:00
601,USR057,+8801600888036,Siam Akter,FDI0000602,2026-07-04T09:52:50+06:00,Foodi Demo Kitchen 03,Biryani,Rampura,23.767479,90.422934,1436,cash,delivered,2026-07-04T12:41:50+06:00,True,Foodi,FDI-RDR-014,Sabbir Ahmed,8801739856270,delivery_rider,Bike,Dhaka-Metro-LA-13-2488,2024-03-05,4.91,active,Rampura,71,47,1187,2026-02-10T02:57:10+06:00,2026-08-07T14:03:06+06:00
602,USR057,+8801600888036,Siam Akter,FDI0000603,2026-02-24T06:56:48+06:00,Foodi Demo Kitchen 07,Thai,Badda,23.77406,90.425659,425,cash,delivered,2026-02-24T08:59:48+06:00,True,Foodi,FDI-RDR-019,Imran Khan,8801655026262,delivery_rider,Bike,Dhaka-Metro-LA-31-3687,2024-04-05,4.91,active,Badda,37,23,1569,2026-02-24T06:56:48+06:00,2026-08-06T06:15:06+06:00
603,USR057,+8801600888036,Siam Akter,FDI0000604,2026-03-24T20:48:58+06:00,Foodi Demo Kitchen 03,Biryani,Banani,23.78591,90.399805,1786,cash,cancelled,2026-03-24T22:31:58+06:00,True,Foodi,FDI-RDR-002,Rony Sarker,8801683501448,delivery_rider,Bike,Dhaka-Metro-LA-47-5838,2023-05-27,4.52,active,Banani,29,19,739,2026-02-13T16:48:02+06:00,2026-07-30T12:32:32+06:00
604,USR057,+8801600888036,Siam Akter,FDI0000605,2026-03-03T03:12:34+06:00,Foodi Demo Kitchen 05,Pizza,Badda,23.776109,90.418067,1292,card,refunded,2026-03-03T05:09:34+06:00,True,Foodi,FDI-RDR-019,Imran Khan,8801655026262,delivery_rider,Bike,Dhaka-Metro-LA-31-3687,2024-04-05,4.91,active,Badda,37,23,1569,2026-02-24T06:56:48+06:00,2026-08-06T06:15:06+06:00
605,USR057,+8801600888036,Siam Akter,FDI0000606,2026-05-21T17:23:07+06:00,Foodi Demo Kitchen 01,Bangla,Rampura,23.76654,90.419611,957,card,delivered,2026-05-21T19:34:07+06:00,True,Foodi,FDI-RDR-014,Sabbir Ahmed,8801739856270,delivery_rider,Bike,Dhaka-Metro-LA-13-2488,2024-03-05,4.91,active,Rampura,71,47,1187,2026-02-10T02:57:10+06:00,2026-08-07T14:03:06+06:00
606,USR057,+8801600888036,Siam Akter,FDI0000607,2026-04-11T19:38:42+06:00,Foodi Demo Kitchen 05,Pizza,Khilgaon,23.754503,90.425647,1408,cash,delivered,2026-04-11T21:03:42+06:00,True,Foodi,FDI-RDR-007,Shakil Sarker,8801645088972,delivery_rider,Bike,Dhaka-Metro-LA-51-7903,2024-11-22,4.89,active,Khilgaon,63,46,238,2026-02-12T07:27:28+06:00,2026-08-08T00:12:25+06:00
607,USR057,+8801600888036,Siam Akter,FDI0000608,2026-06-22T17:18:32+06:00,Foodi Demo Kitchen 05,Pizza,Badda,23.774608,90.425728,1686,mobile_wallet,refunded,2026-06-22T19:37:32+06:00,True,Foodi,FDI-RDR-001,Nahid Ali,8801862610128,delivery_rider,Bike,Dhaka-Metro-LA-30-5508,2024-10-09,4.84,active,Badda,24,15,971,2026-02-13T19:01:33+06:00,2026-07-28T10:35:20+06:00
608,USR057,+8801600888036,Siam Akter,FDI0000609,2026-03-30T07:16:14+06:00,Foodi Demo Kitchen 04,Cafe,Gulshan,23.784412,90.401355,455,card,refunded,2026-03-30T07:57:14+06:00,True,Foodi,FDI-RDR-006,Hasan Mahmud,8801309144811,delivery_rider,Bike,Dhaka-Metro-LA-24-6061,2023-05-09,4.71,active,Gulshan,53,31,1075,2026-02-11T04:00:15+06:00,2026-08-05T08:02:50+06:00
609,USR058,+8801581827758,Shanto Jahan,FDI0000610,2026-07-10T10:06:14+06:00,Foodi Demo Kitchen 04,Cafe,Dhanmondi,23.750683,90.379493,673,card,refunded,2026-07-10T10:50:14+06:00,True,Foodi,FDI-RDR-022,Habib Chowdhury,8801384916196,delivery_rider,Bike,Dhaka-Metro-LA-46-4315,2024-05-20,4.33,active,Dhanmondi,27,18,197,2026-02-12T07:13:30+06:00,2026-08-05T01:26:05+06:00
610,USR058,+8801581827758,Shanto Jahan,FDI0000611,2026-05-28T03:01:03+06:00,Foodi Demo Kitchen 02,Fast Food,Pallabi,23.836767,90.364809,1307,mobile_wallet,delivered,2026-05-28T05:08:03+06:00,True,Foodi,FDI-RDR-013,Sabbir Hossain,8801364196925,delivery_rider,Bike,Dhaka-Metro-LA-17-2602,2024-08-29,4.32,active,Pallabi,52,36,1655,2026-02-13T02:02:06+06:00,2026-08-06T19:24:26+06:00
611,USR058,+8801581827758,Shanto Jahan,FDI0000612,2026-07-20T09:36:17+06:00,Foodi Demo Kitchen 04,Cafe,Rampura,23.757341,90.417915,1098,cash,delivered,2026-07-20T12:31:17+06:00,True,Foodi,FDI-RDR-014,Sabbir Ahmed,8801739856270,delivery_rider,Bike,Dhaka-Metro-LA-13-2488,2024-03-05,4.91,active,Rampura,71,47,1187,2026-02-10T02:57:10+06:00,2026-08-07T14:03:06+06:00
612,USR058,+8801581827758,Shanto Jahan,FDI0000613,2026-07-11T01:39:53+06:00,Foodi Demo Kitchen 02,Fast Food,Farmgate,23.760191,90.398001,708,card,refunded,2026-07-11T02:09:53+06:00,True,Foodi,FDI-RDR-005,Nayeem Sheikh,8801743750117,delivery_rider,Bike,Dhaka-Metro-LA-11-2234,2025-12-12,4.45,active,Farmgate,28,19,703,2026-02-14T20:09:21+06:00,2026-07-11T22:41:13+06:00
613,USR058,+8801581827758,Shanto Jahan,FDI0000614,2026-04-28T10:39:21+06:00,Foodi Demo Kitchen 06,Burgers,Badda,23.775537,90.419583,1240,cash,delivered,2026-04-28T13:54:21+06:00,True,Foodi,FDI-RDR-001,Nahid Ali,8801862610128,delivery_rider,Bike,Dhaka-Metro-LA-30-5508,2024-10-09,4.84,active,Badda,24,15,971,2026-02-13T19:01:33+06:00,2026-07-28T10:35:20+06:00
614,USR058,+8801581827758,Shanto Jahan,FDI0000615,2026-02-19T00:12:14+06:00,Foodi Demo Kitchen 03,Biryani,Rampura,23.767513,90.425355,633,mobile_wallet,delivered,2026-02-19T01:31:14+06:00,True,Foodi,FDI-RDR-014,Sabbir Ahmed,8801739856270,delivery_rider,Bike,Dhaka-Metro-LA-13-2488,2024-03-05,4.91,active,Rampura,71,47,1187,2026-02-10T02:57:10+06:00,2026-08-07T14:03:06+06:00
615,USR058,+8801581827758,Shanto Jahan,FDI0000616,2026-06-18T18:22:21+06:00,Foodi Demo Kitchen 01,Bangla,Shyamoli,23.77089,90.365013,842,cash,cancelled,2026-06-18T20:43:21+06:00,True,Foodi,FDI-RDR-015,Al Amin Ahmed,8801422934517,delivery_rider,Bike,Dhaka-Metro-LA-24-2387,2025-07-31,4.60,active,Shyamoli,43,20,343,2026-02-15T20:41:46+06:00,2026-08-10T01:54:52+06:00
616,USR058,+8801581827758,Shanto Jahan,FDI0000617,2026-02-27T05:34:20+06:00,Foodi Demo Kitchen 06,Burgers,Tejgaon,23.762774,90.384545,1522,cash,delivered,2026-02-27T07:23:20+06:00,True,Foodi,FDI-RDR-016,Noman Mollah,8801385740882,delivery_rider,Bike,Dhaka-Metro-LA-22-3253,2025-12-03,4.49,active,Tejgaon,49,28,819,2026-02-13T23:12:09+06:00,2026-08-05T05:30:47+06:00
617,USR058,+8801581827758,Shanto Jahan,FDI0000618,2026-02-12T07:13:30+06:00,Foodi Demo Kitchen 02,Fast Food,Dhanmondi,23.743464,90.384832,1019,cash,refunded,2026-02-12T08:09:30+06:00,True,Foodi,FDI-RDR-022,Habib Chowdhury,8801384916196,delivery_rider,Bike,Dhaka-Metro-LA-46-4315,2024-05-20,4.33,active,Dhanmondi,27,18,197,2026-02-12T07:13:30+06:00,2026-08-05T01:26:05+06:00
618,USR059,+8801457721753,Hasan Ahmed,FDI0000619,2026-03-06T03:57:58+06:00,Foodi Demo Kitchen 01,Bangla,Mohakhali,23.783869,90.39987,363,cash,delivered,2026-03-06T07:06:58+06:00,True,Foodi,FDI-RDR-009,Mahmud Ali,8801453596488,delivery_rider,Bike,Dhaka-Metro-LA-50-1637,2024-06-25,4.64,active,Mohakhali,67,33,309,2026-02-10T09:51:53+06:00,2026-08-10T22:36:11+06:00
619,USR059,+8801457721753,Hasan Ahmed,FDI0000620,2026-07-23T10:17:13+06:00,Foodi Demo Kitchen 07,Thai,Mohakhali,23.772869,90.393081,214,card,refunded,2026-07-23T12:11:13+06:00,True,Foodi,FDI-RDR-009,Mahmud Ali,8801453596488,delivery_rider,Bike,Dhaka-Metro-LA-50-1637,2024-06-25,4.64,active,Mohakhali,67,33,309,2026-02-10T09:51:53+06:00,2026-08-10T22:36:11+06:00
620,USR059,+8801457721753,Hasan Ahmed,FDI0000621,2026-05-30T22:43:52+06:00,Foodi Demo Kitchen 08,Kebab,Old Dhaka,23.71867,90.415876,255,card,delivered,2026-05-31T01:11:52+06:00,True,Foodi,FDI-RDR-012,Parvez Mollah,8801798672324,delivery_rider,Bike,Dhaka-Metro-LA-18-1627,2023-01-21,4.38,active,Old Dhaka,70,47,563,2026-02-10T12:20:28+06:00,2026-08-08T06:41:21+06:00
621,USR059,+8801457721753,Hasan Ahmed,FDI0000622,2026-04-22T10:57:48+06:00,Foodi Demo Kitchen 01,Bangla,Farmgate,23.759401,90.398257,553,cash,delivered,2026-04-22T12:50:48+06:00,True,Foodi,FDI-RDR-023,Shahadat Hasan,8801754954467,delivery_rider,Bike,Dhaka-Metro-LA-51-6371,2025-12-07,4.56,active,Farmgate,36,23,1181,2026-02-18T00:50:59+06:00,2026-08-06T11:04:59+06:00
622,USR059,+8801457721753,Hasan Ahmed,FDI0000623,2026-08-02T20:37:06+06:00,Foodi Demo Kitchen 02,Fast Food,Dhanmondi,23.747488,90.376098,572,mobile_wallet,delivered,2026-08-02T23:28:06+06:00,True,Foodi,FDI-RDR-004,Arif Mahmud,8801854692697,delivery_rider,Bike,Dhaka-Metro-LA-31-2968,2025-07-12,4.47,active,Dhanmondi,34,22,1435,2026-02-20T13:46:59+06:00,2026-08-05T20:00:40+06:00
623,USR059,+8801457721753,Hasan Ahmed,FDI0000624,2026-07-22T19:41:18+06:00,Foodi Demo Kitchen 01,Bangla,Shyamoli,23.771605,90.36416,1572,cash,delivered,2026-07-22T20:50:18+06:00,True,Foodi,FDI-RDR-015,Al Amin Ahmed,8801422934517,delivery_rider,Bike,Dhaka-Metro-LA-24-2387,2025-07-31,4.60,active,Shyamoli,43,20,343,2026-02-15T20:41:46+06:00,2026-08-10T01:54:52+06:00
624,USR059,+8801457721753,Hasan Ahmed,FDI0000625,2026-07-20T19:00:40+06:00,Foodi Demo Kitchen 06,Burgers,Old Dhaka,23.70806,90.416109,744,cash,delivered,2026-07-20T21:42:40+06:00,True,Foodi,FDI-RDR-012,Parvez Mollah,8801798672324,delivery_rider,Bike,Dhaka-Metro-LA-18-1627,2023-01-21,4.38,active,Old Dhaka,70,47,563,2026-02-10T12:20:28+06:00,2026-08-08T06:41:21+06:00
625,USR059,+8801457721753,Hasan Ahmed,FDI0000626,2026-05-06T16:18:35+06:00,Foodi Demo Kitchen 04,Cafe,Banani,23.801586,90.411081,1846,card,refunded,2026-05-06T19:57:35+06:00,True,Foodi,FDI-RDR-002,Rony Sarker,8801683501448,delivery_rider,Bike,Dhaka-Metro-LA-47-5838,2023-05-27,4.52,active,Banani,29,19,739,2026-02-13T16:48:02+06:00,2026-07-30T12:32:32+06:00
626,USR059,+8801457721753,Hasan Ahmed,FDI0000627,2026-05-23T19:59:39+06:00,Foodi Demo Kitchen 07,Thai,Rampura,23.761147,90.429364,1711,card,cancelled,2026-05-23T23:01:39+06:00,True,Foodi,FDI-RDR-014,Sabbir Ahmed,8801739856270,delivery_rider,Bike,Dhaka-Metro-LA-13-2488,2024-03-05,4.91,active,Rampura,71,47,1187,2026-02-10T02:57:10+06:00,2026-08-07T14:03:06+06:00
627,USR059,+8801457721753,Hasan Ahmed,FDI0000628,2026-06-06T05:16:58+06:00,Foodi Demo Kitchen 06,Burgers,Farmgate,23.750526,90.382369,336,cash,delivered,2026-06-06T07:59:58+06:00,True,Foodi,FDI-RDR-023,Shahadat Hasan,8801754954467,delivery_rider,Bike,Dhaka-Metro-LA-51-6371,2025-12-07,4.56,active,Farmgate,36,23,1181,2026-02-18T00:50:59+06:00,2026-08-06T11:04:59+06:00
628,USR059,+8801457721753,Hasan Ahmed,FDI0000629,2026-07-21T14:48:29+06:00,Foodi Demo Kitchen 03,Biryani,Rampura,23.753703,90.420934,630,mobile_wallet,delivered,2026-07-21T17:51:29+06:00,True,Foodi,FDI-RDR-014,Sabbir Ahmed,8801739856270,delivery_rider,Bike,Dhaka-Metro-LA-13-2488,2024-03-05,4.91,active,Rampura,71,47,1187,2026-02-10T02:57:10+06:00,2026-08-07T14:03:06+06:00
629,USR059,+8801457721753,Hasan Ahmed,FDI0000630,2026-05-25T12:07:45+06:00,Foodi Demo Kitchen 07,Thai,Bashundhara,23.81851,90.428719,739,card,delivered,2026-05-25T13:34:45+06:00,True,Foodi,FDI-RDR-021,Habib Khan,8801640944989,delivery_rider,Bicycle,BIC-62834,2024-07-09,4.84,active,Bashundhara,33,19,586,2026-03-08T16:51:38+06:00,2026-08-08T20:11:49+06:00
630,USR059,+8801457721753,Hasan Ahmed,FDI0000631,2026-07-28T22:55:17+06:00,Foodi Demo Kitchen 06,Burgers,Khilgaon,23.756405,90.429854,1341,card,refunded,2026-07-29T01:17:17+06:00,True,Foodi,FDI-RDR-007,Shakil Sarker,8801645088972,delivery_rider,Bike,Dhaka-Metro-LA-51-7903,2024-11-22,4.89,active,Khilgaon,63,46,238,2026-02-12T07:27:28+06:00,2026-08-08T00:12:25+06:00
631,USR060,+8801900841950,Mim Hasan,FDI0000632,2026-06-16T14:26:22+06:00,Foodi Demo Kitchen 02,Fast Food,Tejgaon,23.755235,90.394679,311,mobile_wallet,delivered,2026-06-16T16:07:22+06:00,True,Foodi,FDI-RDR-016,Noman Mollah,8801385740882,delivery_rider,Bike,Dhaka-Metro-LA-22-3253,2025-12-03,4.49,active,Tejgaon,49,28,819,2026-02-13T23:12:09+06:00,2026-08-05T05:30:47+06:00
632,USR060,+8801900841950,Mim Hasan,FDI0000633,2026-04-08T14:16:04+06:00,Foodi Demo Kitchen 06,Burgers,Bashundhara,23.807901,90.419897,891,cash,refunded,2026-04-08T17:14:04+06:00,True,Foodi,FDI-RDR-003,Rasel Rahman,8801991735857,delivery_rider,Bike,Dhaka-Metro-LA-25-1024,2025-03-30,4.27,active,Bashundhara,27,16,1021,2026-02-24T21:14:45+06:00,2026-08-07T13:05:52+06:00
633,USR060,+8801900841950,Mim Hasan,FDI0000634,2026-02-16T04:46:43+06:00,Foodi Demo Kitchen 04,Cafe,Dhanmondi,23.748454,90.371979,675,mobile_wallet,delivered,2026-02-16T06:09:43+06:00,True,Foodi,FDI-RDR-022,Habib Chowdhury,8801384916196,delivery_rider,Bike,Dhaka-Metro-LA-46-4315,2024-05-20,4.33,active,Dhanmondi,27,18,197,2026-02-12T07:13:30+06:00,2026-08-05T01:26:05+06:00
634,USR060,+8801900841950,Mim Hasan,FDI0000635,2026-04-20T23:00:48+06:00,Foodi Demo Kitchen 03,Biryani,Gulshan,23.797416,90.404004,500,mobile_wallet,cancelled,2026-04-20T23:49:48+06:00,True,Foodi,FDI-RDR-006,Hasan Mahmud,8801309144811,delivery_rider,Bike,Dhaka-Metro-LA-24-6061,2023-05-09,4.71,active,Gulshan,53,31,1075,2026-02-11T04:00:15+06:00,2026-08-05T08:02:50+06:00
635,USR060,+8801900841950,Mim Hasan,FDI0000636,2026-05-21T09:32:43+06:00,Foodi Demo Kitchen 06,Burgers,Mohakhali,23.773339,90.403621,896,cash,delivered,2026-05-21T12:19:43+06:00,True,Foodi,FDI-RDR-009,Mahmud Ali,8801453596488,delivery_rider,Bike,Dhaka-Metro-LA-50-1637,2024-06-25,4.64,active,Mohakhali,67,33,309,2026-02-10T09:51:53+06:00,2026-08-10T22:36:11+06:00
636,USR060,+8801900841950,Mim Hasan,FDI0000637,2026-06-12T04:24:43+06:00,Foodi Demo Kitchen 02,Fast Food,Gulshan,23.799383,90.399251,1296,cash,delivered,2026-06-12T07:25:43+06:00,True,Foodi,FDI-RDR-006,Hasan Mahmud,8801309144811,delivery_rider,Bike,Dhaka-Metro-LA-24-6061,2023-05-09,4.71,active,Gulshan,53,31,1075,2026-02-11T04:00:15+06:00,2026-08-05T08:02:50+06:00
637,USR060,+8801900841950,Mim Hasan,FDI0000638,2026-04-26T23:51:54+06:00,Foodi Demo Kitchen 02,Fast Food,Dhanmondi,23.754896,90.370174,1632,mobile_wallet,delivered,2026-04-27T03:19:54+06:00,True,Foodi,FDI-RDR-022,Habib Chowdhury,8801384916196,delivery_rider,Bike,Dhaka-Metro-LA-46-4315,2024-05-20,4.33,active,Dhanmondi,27,18,197,2026-02-12T07:13:30+06:00,2026-08-05T01:26:05+06:00
638,USR060,+8801900841950,Mim Hasan,FDI0000639,2026-06-22T03:09:46+06:00,Foodi Demo Kitchen 01,Bangla,Motijheel,23.733517,90.420214,492,card,cancelled,2026-06-22T05:28:46+06:00,True,Foodi,FDI-RDR-011,Mahmud Hasan,8801546275934,delivery_rider,Bike,Dhaka-Metro-LA-42-9695,2024-01-04,4.61,active,Motijheel,44,30,774,2026-02-12T09:24:57+06:00,2026-08-10T17:38:53+06:00
639,USR060,+8801900841950,Mim Hasan,FDI0000640,2026-06-29T16:19:47+06:00,Foodi Demo Kitchen 07,Thai,Rampura,23.75289,90.417557,1376,mobile_wallet,refunded,2026-06-29T18:02:47+06:00,True,Foodi,FDI-RDR-014,Sabbir Ahmed,8801739856270,delivery_rider,Bike,Dhaka-Metro-LA-13-2488,2024-03-05,4.91,active,Rampura,71,47,1187,2026-02-10T02:57:10+06:00,2026-08-07T14:03:06+06:00
640,USR060,+8801900841950,Mim Hasan,FDI0000641,2026-03-24T05:58:40+06:00,Foodi Demo Kitchen 03,Biryani,Badda,23.77653,90.435048,679,card,cancelled,2026-03-24T09:25:40+06:00,True,Foodi,FDI-RDR-019,Imran Khan,8801655026262,delivery_rider,Bike,Dhaka-Metro-LA-31-3687,2024-04-05,4.91,active,Badda,37,23,1569,2026-02-24T06:56:48+06:00,2026-08-06T06:15:06+06:00
641,USR060,+8801900841950,Mim Hasan,FDI0000642,2026-05-15T04:58:15+06:00,Foodi Demo Kitchen 07,Thai,Gulshan,23.788628,90.413244,530,cash,delivered,2026-05-15T05:48:15+06:00,True,Foodi,FDI-RDR-006,Hasan Mahmud,8801309144811,delivery_rider,Bike,Dhaka-Metro-LA-24-6061,2023-05-09,4.71,active,Gulshan,53,31,1075,2026-02-11T04:00:15+06:00,2026-08-05T08:02:50+06:00
642,USR060,+8801900841950,Mim Hasan,FDI0000643,2026-03-25T03:08:14+06:00,Foodi Demo Kitchen 07,Thai,Uttara,23.875115,90.382993,1330,mobile_wallet,delivered,2026-03-25T04:57:14+06:00,True,Foodi,FDI-RDR-017,Tuhin Kabir,8801437966170,delivery_rider,Bike,Dhaka-Metro-LA-31-7414,2026-03-12,4.47,active,Uttara,56,36,899,2026-02-12T19:30:05+06:00,2026-08-02T10:56:53+06:00
643,USR060,+8801900841950,Mim Hasan,FDI0000644,2026-07-09T03:36:01+06:00,Foodi Demo Kitchen 03,Biryani,Shyamoli,23.770911,90.356857,1685,cash,delivered,2026-07-09T04:38:01+06:00,True,Foodi,FDI-RDR-015,Al Amin Ahmed,8801422934517,delivery_rider,Bike,Dhaka-Metro-LA-24-2387,2025-07-31,4.60,active,Shyamoli,43,20,343,2026-02-15T20:41:46+06:00,2026-08-10T01:54:52+06:00
644,USR061,+8801302733320,Nadia Jahan,FDI0000645,2026-03-13T02:20:27+06:00,Foodi Demo Kitchen 07,Thai,Farmgate,23.752986,90.388174,1474,cash,delivered,2026-03-13T05:21:27+06:00,True,Foodi,FDI-RDR-023,Shahadat Hasan,8801754954467,delivery_rider,Bike,Dhaka-Metro-LA-51-6371,2025-12-07,4.56,active,Farmgate,36,23,1181,2026-02-18T00:50:59+06:00,2026-08-06T11:04:59+06:00
645,USR061,+8801302733320,Nadia Jahan,FDI0000646,2026-08-01T20:18:31+06:00,Foodi Demo Kitchen 08,Kebab,Khilgaon,23.759421,90.423972,578,cash,delivered,2026-08-01T21:43:31+06:00,True,Foodi,FDI-RDR-007,Shakil Sarker,8801645088972,delivery_rider,Bike,Dhaka-Metro-LA-51-7903,2024-11-22,4.89,active,Khilgaon,63,46,238,2026-02-12T07:27:28+06:00,2026-08-08T00:12:25+06:00
646,USR061,+8801302733320,Nadia Jahan,FDI0000647,2026-06-03T20:08:34+06:00,Foodi Demo Kitchen 07,Thai,Gulshan,23.792565,90.409049,204,card,cancelled,2026-06-03T21:27:34+06:00,True,Foodi,FDI-RDR-006,Hasan Mahmud,8801309144811,delivery_rider,Bike,Dhaka-Metro-LA-24-6061,2023-05-09,4.71,active,Gulshan,53,31,1075,2026-02-11T04:00:15+06:00,2026-08-05T08:02:50+06:00
647,USR061,+8801302733320,Nadia Jahan,FDI0000648,2026-06-07T02:15:07+06:00,Foodi Demo Kitchen 01,Bangla,Khilgaon,23.752598,90.4259,647,mobile_wallet,delivered,2026-06-07T05:55:07+06:00,True,Foodi,FDI-RDR-007,Shakil Sarker,8801645088972,delivery_rider,Bike,Dhaka-Metro-LA-51-7903,2024-11-22,4.89,active,Khilgaon,63,46,238,2026-02-12T07:27:28+06:00,2026-08-08T00:12:25+06:00
648,USR061,+8801302733320,Nadia Jahan,FDI0000649,2026-06-24T04:22:35+06:00,Foodi Demo Kitchen 02,Fast Food,Pallabi,23.826834,90.357883,1107,cash,delivered,2026-06-24T07:47:35+06:00,True,Foodi,FDI-RDR-013,Sabbir Hossain,8801364196925,delivery_rider,Bike,Dhaka-Metro-LA-17-2602,2024-08-29,4.32,active,Pallabi,52,36,1655,2026-02-13T02:02:06+06:00,2026-08-06T19:24:26+06:00
649,USR061,+8801302733320,Nadia Jahan,FDI0000650,2026-04-28T11:19:24+06:00,Foodi Demo Kitchen 01,Bangla,Khilgaon,23.75317,90.429305,1671,cash,delivered,2026-04-28T13:44:24+06:00,True,Foodi,FDI-RDR-007,Shakil Sarker,8801645088972,delivery_rider,Bike,Dhaka-Metro-LA-51-7903,2024-11-22,4.89,active,Khilgaon,63,46,238,2026-02-12T07:27:28+06:00,2026-08-08T00:12:25+06:00
650,USR061,+8801302733320,Nadia Jahan,FDI0000651,2026-07-04T03:12:32+06:00,Foodi Demo Kitchen 07,Thai,Uttara,23.873297,90.387578,1433,card,refunded,2026-07-04T05:19:32+06:00,True,Foodi,FDI-RDR-017,Tuhin Kabir,8801437966170,delivery_rider,Bike,Dhaka-Metro-LA-31-7414,2026-03-12,4.47,active,Uttara,56,36,899,2026-02-12T19:30:05+06:00,2026-08-02T10:56:53+06:00
651,USR061,+8801302733320,Nadia Jahan,FDI0000652,2026-03-05T21:03:17+06:00,Foodi Demo Kitchen 07,Thai,Tejgaon,23.75946,90.389823,1590,cash,delivered,2026-03-05T23:27:17+06:00,True,Foodi,FDI-RDR-016,Noman Mollah,8801385740882,delivery_rider,Bike,Dhaka-Metro-LA-22-3253,2025-12-03,4.49,active,Tejgaon,49,28,819,2026-02-13T23:12:09+06:00,2026-08-05T05:30:47+06:00
652,USR061,+8801302733320,Nadia Jahan,FDI0000653,2026-03-28T23:50:06+06:00,Foodi Demo Kitchen 07,Thai,Badda,23.782683,90.422519,947,card,delivered,2026-03-29T02:21:06+06:00,True,Foodi,FDI-RDR-019,Imran Khan,8801655026262,delivery_rider,Bike,Dhaka-Metro-LA-31-3687,2024-04-05,4.91,active,Badda,37,23,1569,2026-02-24T06:56:48+06:00,2026-08-06T06:15:06+06:00
653,USR062,+8801842740637,Sadia Ahmed,FDI0000654,2026-07-07T23:10:18+06:00,Foodi Demo Kitchen 07,Thai,Shyamoli,23.774987,90.370866,1455,card,delivered,2026-07-08T00:58:18+06:00,True,Foodi,FDI-RDR-015,Al Amin Ahmed,8801422934517,delivery_rider,Bike,Dhaka-Metro-LA-24-2387,2025-07-31,4.60,active,Shyamoli,43,20,343,2026-02-15T20:41:46+06:00,2026-08-10T01:54:52+06:00
654,USR062,+8801842740637,Sadia Ahmed,FDI0000655,2026-03-18T03:13:14+06:00,Foodi Demo Kitchen 01,Bangla,Pallabi,23.837816,90.370317,830,cash,cancelled,2026-03-18T06:05:14+06:00,True,Foodi,FDI-RDR-013,Sabbir Hossain,8801364196925,delivery_rider,Bike,Dhaka-Metro-LA-17-2602,2024-08-29,4.32,active,Pallabi,52,36,1655,2026-02-13T02:02:06+06:00,2026-08-06T19:24:26+06:00
655,USR062,+8801842740637,Sadia Ahmed,FDI0000656,2026-05-07T02:36:29+06:00,Foodi Demo Kitchen 05,Pizza,Tejgaon,23.756346,90.393753,274,cash,delivered,2026-05-07T04:58:29+06:00,True,Foodi,FDI-RDR-016,Noman Mollah,8801385740882,delivery_rider,Bike,Dhaka-Metro-LA-22-3253,2025-12-03,4.49,active,Tejgaon,49,28,819,2026-02-13T23:12:09+06:00,2026-08-05T05:30:47+06:00
656,USR062,+8801842740637,Sadia Ahmed,FDI0000657,2026-03-25T00:00:19+06:00,Foodi Demo Kitchen 03,Biryani,Badda,23.778445,90.427649,366,mobile_wallet,delivered,2026-03-25T03:00:19+06:00,True,Foodi,FDI-RDR-019,Imran Khan,8801655026262,delivery_rider,Bike,Dhaka-Metro-LA-31-3687,2024-04-05,4.91,active,Badda,37,23,1569,2026-02-24T06:56:48+06:00,2026-08-06T06:15:06+06:00
657,USR062,+8801842740637,Sadia Ahmed,FDI0000658,2026-02-15T04:15:01+06:00,Foodi Demo Kitchen 06,Burgers,Uttara,23.870154,90.382223,985,cash,cancelled,2026-02-15T07:32:01+06:00,True,Foodi,FDI-RDR-017,Tuhin Kabir,8801437966170,delivery_rider,Bike,Dhaka-Metro-LA-31-7414,2026-03-12,4.47,active,Uttara,56,36,899,2026-02-12T19:30:05+06:00,2026-08-02T10:56:53+06:00
658,USR062,+8801842740637,Sadia Ahmed,FDI0000659,2026-07-04T20:53:09+06:00,Foodi Demo Kitchen 03,Biryani,Mirpur,23.814972,90.371323,208,mobile_wallet,delivered,2026-07-05T00:04:09+06:00,True,Foodi,FDI-RDR-008,Al Amin Mahmud,8801773840158,delivery_rider,Bike,Dhaka-Metro-LA-16-1506,2024-12-21,4.88,active,Mirpur,55,38,553,2026-02-10T07:25:37+06:00,2026-08-10T06:22:54+06:00
659,USR062,+8801842740637,Sadia Ahmed,FDI0000660,2026-07-08T21:42:54+06:00,Foodi Demo Kitchen 01,Bangla,Rampura,23.755552,90.429375,1280,card,cancelled,2026-07-08T23:14:54+06:00,True,Foodi,FDI-RDR-014,Sabbir Ahmed,8801739856270,delivery_rider,Bike,Dhaka-Metro-LA-13-2488,2024-03-05,4.91,active,Rampura,71,47,1187,2026-02-10T02:57:10+06:00,2026-08-07T14:03:06+06:00
660,USR062,+8801842740637,Sadia Ahmed,FDI0000661,2026-05-08T20:53:08+06:00,Foodi Demo Kitchen 07,Thai,Pallabi,23.829835,90.372063,802,card,refunded,2026-05-08T22:42:08+06:00,True,Foodi,FDI-RDR-013,Sabbir Hossain,8801364196925,delivery_rider,Bike,Dhaka-Metro-LA-17-2602,2024-08-29,4.32,active,Pallabi,52,36,1655,2026-02-13T02:02:06+06:00,2026-08-06T19:24:26+06:00
661,USR062,+8801842740637,Sadia Ahmed,FDI0000662,2026-06-30T12:13:11+06:00,Foodi Demo Kitchen 05,Pizza,Dhanmondi,23.740544,90.377917,1021,card,delivered,2026-06-30T13:41:11+06:00,True,Foodi,FDI-RDR-004,Arif Mahmud,8801854692697,delivery_rider,Bike,Dhaka-Metro-LA-31-2968,2025-07-12,4.47,active,Dhanmondi,34,22,1435,2026-02-20T13:46:59+06:00,2026-08-05T20:00:40+06:00
662,USR062,+8801842740637,Sadia Ahmed,FDI0000663,2026-06-13T20:43:39+06:00,Foodi Demo Kitchen 06,Burgers,Gulshan,23.801233,90.413629,1162,cash,refunded,2026-06-13T21:38:39+06:00,True,Foodi,FDI-RDR-006,Hasan Mahmud,8801309144811,delivery_rider,Bike,Dhaka-Metro-LA-24-6061,2023-05-09,4.71,active,Gulshan,53,31,1075,2026-02-11T04:00:15+06:00,2026-08-05T08:02:50+06:00
663,USR063,+8801939489765,Tania Hossain,FDI0000664,2026-05-06T07:10:58+06:00,Foodi Demo Kitchen 02,Fast Food,Rampura,23.759084,90.424971,217,mobile_wallet,cancelled,2026-05-06T07:54:58+06:00,True,Foodi,FDI-RDR-014,Sabbir Ahmed,8801739856270,delivery_rider,Bike,Dhaka-Metro-LA-13-2488,2024-03-05,4.91,active,Rampura,71,47,1187,2026-02-10T02:57:10+06:00,2026-08-07T14:03:06+06:00
664,USR063,+8801939489765,Tania Hossain,FDI0000665,2026-04-20T20:35:14+06:00,Foodi Demo Kitchen 07,Thai,Mohakhali,23.769639,90.40494,276,mobile_wallet,delivered,2026-04-20T23:23:14+06:00,True,Foodi,FDI-RDR-009,Mahmud Ali,8801453596488,delivery_rider,Bike,Dhaka-Metro-LA-50-1637,2024-06-25,4.64,active,Mohakhali,67,33,309,2026-02-10T09:51:53+06:00,2026-08-10T22:36:11+06:00
665,USR063,+8801939489765,Tania Hossain,FDI0000666,2026-02-17T20:44:32+06:00,Foodi Demo Kitchen 04,Cafe,Shyamoli,23.776443,90.369583,1118,mobile_wallet,refunded,2026-02-17T23:00:32+06:00,True,Foodi,FDI-RDR-015,Al Amin Ahmed,8801422934517,delivery_rider,Bike,Dhaka-Metro-LA-24-2387,2025-07-31,4.60,active,Shyamoli,43,20,343,2026-02-15T20:41:46+06:00,2026-08-10T01:54:52+06:00
666,USR063,+8801939489765,Tania Hossain,FDI0000667,2026-03-19T12:48:04+06:00,Foodi Demo Kitchen 07,Thai,Pallabi,23.824032,90.373583,989,cash,refunded,2026-03-19T15:27:04+06:00,True,Foodi,FDI-RDR-013,Sabbir Hossain,8801364196925,delivery_rider,Bike,Dhaka-Metro-LA-17-2602,2024-08-29,4.32,active,Pallabi,52,36,1655,2026-02-13T02:02:06+06:00,2026-08-06T19:24:26+06:00
667,USR063,+8801939489765,Tania Hossain,FDI0000668,2026-03-17T23:57:18+06:00,Foodi Demo Kitchen 03,Biryani,Banani,23.801349,90.410592,652,card,delivered,2026-03-18T00:21:18+06:00,True,Foodi,FDI-RDR-002,Rony Sarker,8801683501448,delivery_rider,Bike,Dhaka-Metro-LA-47-5838,2023-05-27,4.52,active,Banani,29,19,739,2026-02-13T16:48:02+06:00,2026-07-30T12:32:32+06:00
668,USR063,+8801939489765,Tania Hossain,FDI0000669,2026-05-20T17:08:32+06:00,Foodi Demo Kitchen 05,Pizza,Mohammadpur,23.770081,90.357601,1229,mobile_wallet,delivered,2026-05-20T19:11:32+06:00,True,Foodi,FDI-RDR-010,Shuvo Kabir,8801941100059,delivery_rider,Bike,Dhaka-Metro-LA-31-8053,2024-10-07,4.30,active,Mohammadpur,59,37,808,2026-02-11T13:16:22+06:00,2026-08-10T20:09:48+06:00
669,USR063,+8801939489765,Tania Hossain,FDI0000670,2026-07-31T08:38:15+06:00,Foodi Demo Kitchen 02,Fast Food,Rampura,23.755555,90.417458,432,mobile_wallet,delivered,2026-07-31T11:46:15+06:00,True,Foodi,FDI-RDR-014,Sabbir Ahmed,8801739856270,delivery_rider,Bike,Dhaka-Metro-LA-13-2488,2024-03-05,4.91,active,Rampura,71,47,1187,2026-02-10T02:57:10+06:00,2026-08-07T14:03:06+06:00
670,USR063,+8801939489765,Tania Hossain,FDI0000671,2026-06-08T11:09:11+06:00,Foodi Demo Kitchen 08,Kebab,Bashundhara,23.812501,90.4286,1409,mobile_wallet,refunded,2026-06-08T14:06:11+06:00,True,Foodi,FDI-RDR-021,Habib Khan,8801640944989,delivery_rider,Bicycle,BIC-62834,2024-07-09,4.84,active,Bashundhara,33,19,586,2026-03-08T16:51:38+06:00,2026-08-08T20:11:49+06:00
671,USR063,+8801939489765,Tania Hossain,FDI0000672,2026-04-10T04:09:58+06:00,Foodi Demo Kitchen 01,Bangla,Banani,23.80028,90.406968,659,card,refunded,2026-04-10T07:38:58+06:00,True,Foodi,FDI-RDR-020,Rakib Hasan,8801703040974,delivery_rider,Bike,Dhaka-Metro-LA-11-8668,2025-06-15,4.73,active,Banani,34,25,770,2026-02-15T15:29:27+06:00,2026-08-02T04:28:06+06:00
672,USR063,+8801939489765,Tania Hossain,FDI0000673,2026-05-10T23:16:18+06:00,Foodi Demo Kitchen 07,Thai,Shyamoli,23.775905,90.356212,395,card,delivered,2026-05-11T01:38:18+06:00,True,Foodi,FDI-RDR-015,Al Amin Ahmed,8801422934517,delivery_rider,Bike,Dhaka-Metro-LA-24-2387,2025-07-31,4.60,active,Shyamoli,43,20,343,2026-02-15T20:41:46+06:00,2026-08-10T01:54:52+06:00
673,USR063,+8801939489765,Tania Hossain,FDI0000674,2026-04-26T12:34:59+06:00,Foodi Demo Kitchen 08,Kebab,Mohammadpur,23.773041,90.365416,339,mobile_wallet,delivered,2026-04-26T13:04:59+06:00,True,Foodi,FDI-RDR-010,Shuvo Kabir,8801941100059,delivery_rider,Bike,Dhaka-Metro-LA-31-8053,2024-10-07,4.30,active,Mohammadpur,59,37,808,2026-02-11T13:16:22+06:00,2026-08-10T20:09:48+06:00
674,USR064,+8801328391061,Rakib Rahman,FDI0000675,2026-07-12T08:11:02+06:00,Foodi Demo Kitchen 05,Pizza,Khilgaon,23.755913,90.434648,1392,cash,delivered,2026-07-12T08:45:02+06:00,True,Foodi,FDI-RDR-007,Shakil Sarker,8801645088972,delivery_rider,Bike,Dhaka-Metro-LA-51-7903,2024-11-22,4.89,active,Khilgaon,63,46,238,2026-02-12T07:27:28+06:00,2026-08-08T00:12:25+06:00
675,USR064,+8801328391061,Rakib Rahman,FDI0000676,2026-07-22T01:20:57+06:00,Foodi Demo Kitchen 06,Burgers,Gulshan,23.78427,90.413028,897,card,cancelled,2026-07-22T04:48:57+06:00,True,Foodi,FDI-RDR-006,Hasan Mahmud,8801309144811,delivery_rider,Bike,Dhaka-Metro-LA-24-6061,2023-05-09,4.71,active,Gulshan,53,31,1075,2026-02-11T04:00:15+06:00,2026-08-05T08:02:50+06:00
676,USR064,+8801328391061,Rakib Rahman,FDI0000677,2026-05-11T20:57:03+06:00,Foodi Demo Kitchen 08,Kebab,Shyamoli,23.774894,90.369279,1772,card,cancelled,2026-05-12T00:15:03+06:00,True,Foodi,FDI-RDR-015,Al Amin Ahmed,8801422934517,delivery_rider,Bike,Dhaka-Metro-LA-24-2387,2025-07-31,4.60,active,Shyamoli,43,20,343,2026-02-15T20:41:46+06:00,2026-08-10T01:54:52+06:00
677,USR064,+8801328391061,Rakib Rahman,FDI0000678,2026-06-04T07:28:59+06:00,Foodi Demo Kitchen 05,Pizza,Wari,23.720263,90.425662,1662,cash,cancelled,2026-06-04T10:52:59+06:00,True,Foodi,FDI-RDR-018,Mehedi Karim,8801825989091,delivery_rider,Bicycle,BIC-77242,2025-01-08,4.35,active,Wari,63,40,1814,2026-02-12T18:32:46+06:00,2026-08-04T04:32:17+06:00
678,USR064,+8801328391061,Rakib Rahman,FDI0000679,2026-07-24T15:07:51+06:00,Foodi Demo Kitchen 03,Biryani,Mirpur,23.829228,90.359229,309,card,refunded,2026-07-24T17:42:51+06:00,True,Foodi,FDI-RDR-008,Al Amin Mahmud,8801773840158,delivery_rider,Bike,Dhaka-Metro-LA-16-1506,2024-12-21,4.88,active,Mirpur,55,38,553,2026-02-10T07:25:37+06:00,2026-08-10T06:22:54+06:00
679,USR064,+8801328391061,Rakib Rahman,FDI0000680,2026-07-18T11:39:36+06:00,Foodi Demo Kitchen 01,Bangla,Wari,23.719348,90.425304,1649,mobile_wallet,cancelled,2026-07-18T13:04:36+06:00,True,Foodi,FDI-RDR-018,Mehedi Karim,8801825989091,delivery_rider,Bicycle,BIC-77242,2025-01-08,4.35,active,Wari,63,40,1814,2026-02-12T18:32:46+06:00,2026-08-04T04:32:17+06:00
680,USR064,+8801328391061,Rakib Rahman,FDI0000681,2026-08-10T22:36:11+06:00,Foodi Demo Kitchen 02,Fast Food,Mohakhali,23.783402,90.403655,1285,mobile_wallet,refunded,2026-08-10T23:47:11+06:00,True,Foodi,FDI-RDR-009,Mahmud Ali,8801453596488,delivery_rider,Bike,Dhaka-Metro-LA-50-1637,2024-06-25,4.64,active,Mohakhali,67,33,309,2026-02-10T09:51:53+06:00,2026-08-10T22:36:11+06:00
681,USR064,+8801328391061,Rakib Rahman,FDI0000682,2026-06-14T08:52:38+06:00,Foodi Demo Kitchen 02,Fast Food,Uttara,23.871653,90.37547,560,cash,cancelled,2026-06-14T10:19:38+06:00,True,Foodi,FDI-RDR-017,Tuhin Kabir,8801437966170,delivery_rider,Bike,Dhaka-Metro-LA-31-7414,2026-03-12,4.47,active,Uttara,56,36,899,2026-02-12T19:30:05+06:00,2026-08-02T10:56:53+06:00
682,USR064,+8801328391061,Rakib Rahman,FDI0000683,2026-03-02T10:22:13+06:00,Foodi Demo Kitchen 07,Thai,Banani,23.797361,90.403338,1498,cash,delivered,2026-03-02T11:08:13+06:00,True,Foodi,FDI-RDR-020,Rakib Hasan,8801703040974,delivery_rider,Bike,Dhaka-Metro-LA-11-8668,2025-06-15,4.73,active,Banani,34,25,770,2026-02-15T15:29:27+06:00,2026-08-02T04:28:06+06:00
683,USR065,+8801824241670,Naim Sultana,FDI0000684,2026-03-18T01:16:45+06:00,Foodi Demo Kitchen 04,Cafe,Wari,23.721116,90.422867,1730,mobile_wallet,delivered,2026-03-18T04:55:45+06:00,True,Foodi,FDI-RDR-018,Mehedi Karim,8801825989091,delivery_rider,Bicycle,BIC-77242,2025-01-08,4.35,active,Wari,63,40,1814,2026-02-12T18:32:46+06:00,2026-08-04T04:32:17+06:00
684,USR065,+8801824241670,Naim Sultana,FDI0000685,2026-06-04T19:31:31+06:00,Foodi Demo Kitchen 02,Fast Food,Farmgate,23.756323,90.383317,612,mobile_wallet,refunded,2026-06-04T20:44:31+06:00,True,Foodi,FDI-RDR-023,Shahadat Hasan,8801754954467,delivery_rider,Bike,Dhaka-Metro-LA-51-6371,2025-12-07,4.56,active,Farmgate,36,23,1181,2026-02-18T00:50:59+06:00,2026-08-06T11:04:59+06:00
685,USR065,+8801824241670,Naim Sultana,FDI0000686,2026-03-15T16:22:30+06:00,Foodi Demo Kitchen 07,Thai,Mohakhali,23.784657,90.40003,1583,mobile_wallet,delivered,2026-03-15T18:34:30+06:00,True,Foodi,FDI-RDR-009,Mahmud Ali,8801453596488,delivery_rider,Bike,Dhaka-Metro-LA-50-1637,2024-06-25,4.64,active,Mohakhali,67,33,309,2026-02-10T09:51:53+06:00,2026-08-10T22:36:11+06:00
686,USR065,+8801824241670,Naim Sultana,FDI0000687,2026-08-02T04:28:06+06:00,Foodi Demo Kitchen 07,Thai,Banani,23.802335,90.410295,1446,card,delivered,2026-08-02T06:57:06+06:00,True,Foodi,FDI-RDR-020,Rakib Hasan,8801703040974,delivery_rider,Bike,Dhaka-Metro-LA-11-8668,2025-06-15,4.73,active,Banani,34,25,770,2026-02-15T15:29:27+06:00,2026-08-02T04:28:06+06:00
687,USR065,+8801824241670,Naim Sultana,FDI0000688,2026-04-02T15:13:36+06:00,Foodi Demo Kitchen 04,Cafe,Pallabi,23.822155,90.359372,320,card,delivered,2026-04-02T17:11:36+06:00,True,Foodi,FDI-RDR-013,Sabbir Hossain,8801364196925,delivery_rider,Bike,Dhaka-Metro-LA-17-2602,2024-08-29,4.32,active,Pallabi,52,36,1655,2026-02-13T02:02:06+06:00,2026-08-06T19:24:26+06:00
688,USR065,+8801824241670,Naim Sultana,FDI0000689,2026-05-24T10:20:22+06:00,Foodi Demo Kitchen 05,Pizza,Banani,23.785146,90.406555,1110,mobile_wallet,delivered,2026-05-24T11:39:22+06:00,True,Foodi,FDI-RDR-020,Rakib Hasan,8801703040974,delivery_rider,Bike,Dhaka-Metro-LA-11-8668,2025-06-15,4.73,active,Banani,34,25,770,2026-02-15T15:29:27+06:00,2026-08-02T04:28:06+06:00
689,USR065,+8801824241670,Naim Sultana,FDI0000690,2026-02-24T17:33:27+06:00,Foodi Demo Kitchen 04,Cafe,Pallabi,23.829725,90.359964,1031,cash,cancelled,2026-02-24T19:25:27+06:00,True,Foodi,FDI-RDR-013,Sabbir Hossain,8801364196925,delivery_rider,Bike,Dhaka-Metro-LA-17-2602,2024-08-29,4.32,active,Pallabi,52,36,1655,2026-02-13T02:02:06+06:00,2026-08-06T19:24:26+06:00
690,USR065,+8801824241670,Naim Sultana,FDI0000691,2026-07-28T09:03:46+06:00,Foodi Demo Kitchen 08,Kebab,Dhanmondi,23.75505,90.372356,1442,cash,delivered,2026-07-28T09:37:46+06:00,True,Foodi,FDI-RDR-022,Habib Chowdhury,8801384916196,delivery_rider,Bike,Dhaka-Metro-LA-46-4315,2024-05-20,4.33,active,Dhanmondi,27,18,197,2026-02-12T07:13:30+06:00,2026-08-05T01:26:05+06:00
691,USR065,+8801824241670,Naim Sultana,FDI0000692,2026-02-26T02:49:53+06:00,Foodi Demo Kitchen 06,Burgers,Pallabi,23.826647,90.369792,1614,cash,delivered,2026-02-26T03:25:53+06:00,True,Foodi,FDI-RDR-013,Sabbir Hossain,8801364196925,delivery_rider,Bike,Dhaka-Metro-LA-17-2602,2024-08-29,4.32,active,Pallabi,52,36,1655,2026-02-13T02:02:06+06:00,2026-08-06T19:24:26+06:00
692,USR065,+8801824241670,Naim Sultana,FDI0000693,2026-07-27T15:40:18+06:00,Foodi Demo Kitchen 08,Kebab,Bashundhara,23.815498,90.433618,878,card,refunded,2026-07-27T17:00:18+06:00,True,Foodi,FDI-RDR-003,Rasel Rahman,8801991735857,delivery_rider,Bike,Dhaka-Metro-LA-25-1024,2025-03-30,4.27,active,Bashundhara,27,16,1021,2026-02-24T21:14:45+06:00,2026-08-07T13:05:52+06:00
693,USR065,+8801824241670,Naim Sultana,FDI0000694,2026-07-02T12:49:38+06:00,Foodi Demo Kitchen 03,Biryani,Bashundhara,23.813121,90.429191,1009,cash,refunded,2026-07-02T13:36:38+06:00,True,Foodi,FDI-RDR-003,Rasel Rahman,8801991735857,delivery_rider,Bike,Dhaka-Metro-LA-25-1024,2025-03-30,4.27,active,Bashundhara,27,16,1021,2026-02-24T21:14:45+06:00,2026-08-07T13:05:52+06:00
694,USR066,+8801808150648,Farzana Mahmud,FDI0000695,2026-04-04T12:16:27+06:00,Foodi Demo Kitchen 08,Kebab,Pallabi,23.82982,90.369124,1814,card,delivered,2026-04-04T15:15:27+06:00,True,Foodi,FDI-RDR-013,Sabbir Hossain,8801364196925,delivery_rider,Bike,Dhaka-Metro-LA-17-2602,2024-08-29,4.32,active,Pallabi,52,36,1655,2026-02-13T02:02:06+06:00,2026-08-06T19:24:26+06:00
695,USR066,+8801808150648,Farzana Mahmud,FDI0000696,2026-05-09T20:25:25+06:00,Foodi Demo Kitchen 01,Bangla,Dhanmondi,23.743737,90.379364,434,mobile_wallet,delivered,2026-05-09T23:54:25+06:00,True,Foodi,FDI-RDR-004,Arif Mahmud,8801854692697,delivery_rider,Bike,Dhaka-Metro-LA-31-2968,2025-07-12,4.47,active,Dhanmondi,34,22,1435,2026-02-20T13:46:59+06:00,2026-08-05T20:00:40+06:00
696,USR066,+8801808150648,Farzana Mahmud,FDI0000697,2026-05-07T09:33:35+06:00,Foodi Demo Kitchen 03,Biryani,Rampura,23.760813,90.421231,934,cash,refunded,2026-05-07T11:21:35+06:00,True,Foodi,FDI-RDR-014,Sabbir Ahmed,8801739856270,delivery_rider,Bike,Dhaka-Metro-LA-13-2488,2024-03-05,4.91,active,Rampura,71,47,1187,2026-02-10T02:57:10+06:00,2026-08-07T14:03:06+06:00
697,USR066,+8801808150648,Farzana Mahmud,FDI0000698,2026-03-05T05:01:09+06:00,Foodi Demo Kitchen 07,Thai,Wari,23.720233,90.425249,598,cash,delivered,2026-03-05T05:40:09+06:00,True,Foodi,FDI-RDR-018,Mehedi Karim,8801825989091,delivery_rider,Bicycle,BIC-77242,2025-01-08,4.35,active,Wari,63,40,1814,2026-02-12T18:32:46+06:00,2026-08-04T04:32:17+06:00
698,USR066,+8801808150648,Farzana Mahmud,FDI0000699,2026-08-05T07:04:17+06:00,Foodi Demo Kitchen 03,Biryani,Khilgaon,23.743722,90.419859,432,mobile_wallet,delivered,2026-08-05T10:08:17+06:00,True,Foodi,FDI-RDR-007,Shakil Sarker,8801645088972,delivery_rider,Bike,Dhaka-Metro-LA-51-7903,2024-11-22,4.89,active,Khilgaon,63,46,238,2026-02-12T07:27:28+06:00,2026-08-08T00:12:25+06:00
699,USR066,+8801808150648,Farzana Mahmud,FDI0000700,2026-02-20T01:26:11+06:00,Foodi Demo Kitchen 06,Burgers,Pallabi,23.830812,90.366369,777,card,delivered,2026-02-20T04:41:11+06:00,True,Foodi,FDI-RDR-013,Sabbir Hossain,8801364196925,delivery_rider,Bike,Dhaka-Metro-LA-17-2602,2024-08-29,4.32,active,Pallabi,52,36,1655,2026-02-13T02:02:06+06:00,2026-08-06T19:24:26+06:00
700,USR066,+8801808150648,Farzana Mahmud,FDI0000701,2026-07-24T03:21:52+06:00,Foodi Demo Kitchen 02,Fast Food,Wari,23.729151,90.422053,1017,mobile_wallet,refunded,2026-07-24T05:01:52+06:00,True,Foodi,FDI-RDR-018,Mehedi Karim,8801825989091,delivery_rider,Bicycle,BIC-77242,2025-01-08,4.35,active,Wari,63,40,1814,2026-02-12T18:32:46+06:00,2026-08-04T04:32:17+06:00
701,USR066,+8801808150648,Farzana Mahmud,FDI0000702,2026-05-24T23:07:40+06:00,Foodi Demo Kitchen 08,Kebab,Tejgaon,23.758213,90.39316,202,mobile_wallet,refunded,2026-05-25T01:07:40+06:00,True,Foodi,FDI-RDR-016,Noman Mollah,8801385740882,delivery_rider,Bike,Dhaka-Metro-LA-22-3253,2025-12-03,4.49,active,Tejgaon,49,28,819,2026-02-13T23:12:09+06:00,2026-08-05T05:30:47+06:00
702,USR066,+8801808150648,Farzana Mahmud,FDI0000703,2026-03-20T05:04:44+06:00,Foodi Demo Kitchen 02,Fast Food,Banani,23.794322,90.413339,901,card,delivered,2026-03-20T07:36:44+06:00,True,Foodi,FDI-RDR-020,Rakib Hasan,8801703040974,delivery_rider,Bike,Dhaka-Metro-LA-11-8668,2025-06-15,4.73,active,Banani,34,25,770,2026-02-15T15:29:27+06:00,2026-08-02T04:28:06+06:00
703,USR066,+8801808150648,Farzana Mahmud,FDI0000704,2026-06-24T19:20:20+06:00,Foodi Demo Kitchen 03,Biryani,Khilgaon,23.749205,90.43478,714,cash,delivered,2026-06-24T22:17:20+06:00,True,Foodi,FDI-RDR-007,Shakil Sarker,8801645088972,delivery_rider,Bike,Dhaka-Metro-LA-51-7903,2024-11-22,4.89,active,Khilgaon,63,46,238,2026-02-12T07:27:28+06:00,2026-08-08T00:12:25+06:00
704,USR066,+8801808150648,Farzana Mahmud,FDI0000705,2026-06-09T01:28:49+06:00,Foodi Demo Kitchen 01,Bangla,Pallabi,23.834343,90.360295,485,card,delivered,2026-06-09T04:00:49+06:00,True,Foodi,FDI-RDR-013,Sabbir Hossain,8801364196925,delivery_rider,Bike,Dhaka-Metro-LA-17-2602,2024-08-29,4.32,active,Pallabi,52,36,1655,2026-02-13T02:02:06+06:00,2026-08-06T19:24:26+06:00
705,USR067,+8801552073645,Adnan Hasan,FDI0000706,2026-03-01T20:29:28+06:00,Foodi Demo Kitchen 08,Kebab,Mohakhali,23.785823,90.404933,1008,cash,cancelled,2026-03-02T00:05:28+06:00,True,Foodi,FDI-RDR-009,Mahmud Ali,8801453596488,delivery_rider,Bike,Dhaka-Metro-LA-50-1637,2024-06-25,4.64,active,Mohakhali,67,33,309,2026-02-10T09:51:53+06:00,2026-08-10T22:36:11+06:00
706,USR067,+8801552073645,Adnan Hasan,FDI0000707,2026-02-15T08:04:31+06:00,Foodi Demo Kitchen 04,Cafe,Rampura,23.761443,90.426362,189,card,delivered,2026-02-15T10:05:31+06:00,True,Foodi,FDI-RDR-014,Sabbir Ahmed,8801739856270,delivery_rider,Bike,Dhaka-Metro-LA-13-2488,2024-03-05,4.91,active,Rampura,71,47,1187,2026-02-10T02:57:10+06:00,2026-08-07T14:03:06+06:00
707,USR067,+8801552073645,Adnan Hasan,FDI0000708,2026-07-22T23:08:07+06:00,Foodi Demo Kitchen 03,Biryani,Badda,23.7812,90.426295,1638,cash,refunded,2026-07-23T02:01:07+06:00,True,Foodi,FDI-RDR-019,Imran Khan,8801655026262,delivery_rider,Bike,Dhaka-Metro-LA-31-3687,2024-04-05,4.91,active,Badda,37,23,1569,2026-02-24T06:56:48+06:00,2026-08-06T06:15:06+06:00
708,USR067,+8801552073645,Adnan Hasan,FDI0000709,2026-04-14T01:14:33+06:00,Foodi Demo Kitchen 01,Bangla,Uttara,23.88074,90.386826,886,mobile_wallet,cancelled,2026-04-14T03:53:33+06:00,True,Foodi,FDI-RDR-017,Tuhin Kabir,8801437966170,delivery_rider,Bike,Dhaka-Metro-LA-31-7414,2026-03-12,4.47,active,Uttara,56,36,899,2026-02-12T19:30:05+06:00,2026-08-02T10:56:53+06:00
709,USR067,+8801552073645,Adnan Hasan,FDI0000710,2026-04-19T03:27:39+06:00,Foodi Demo Kitchen 02,Fast Food,Banani,23.788842,90.4096,1721,cash,refunded,2026-04-19T06:53:39+06:00,True,Foodi,FDI-RDR-002,Rony Sarker,8801683501448,delivery_rider,Bike,Dhaka-Metro-LA-47-5838,2023-05-27,4.52,active,Banani,29,19,739,2026-02-13T16:48:02+06:00,2026-07-30T12:32:32+06:00
710,USR067,+8801552073645,Adnan Hasan,FDI0000711,2026-05-13T15:02:51+06:00,Foodi Demo Kitchen 05,Pizza,Mohammadpur,23.77193,90.350577,401,mobile_wallet,delivered,2026-05-13T15:23:51+06:00,True,Foodi,FDI-RDR-010,Shuvo Kabir,8801941100059,delivery_rider,Bike,Dhaka-Metro-LA-31-8053,2024-10-07,4.30,active,Mohammadpur,59,37,808,2026-02-11T13:16:22+06:00,2026-08-10T20:09:48+06:00
711,USR067,+8801552073645,Adnan Hasan,FDI0000712,2026-06-10T08:48:39+06:00,Foodi Demo Kitchen 08,Kebab,Mirpur,23.815019,90.359055,1114,cash,delivered,2026-06-10T12:24:39+06:00,True,Foodi,FDI-RDR-008,Al Amin Mahmud,8801773840158,delivery_rider,Bike,Dhaka-Metro-LA-16-1506,2024-12-21,4.88,active,Mirpur,55,38,553,2026-02-10T07:25:37+06:00,2026-08-10T06:22:54+06:00
712,USR067,+8801552073645,Adnan Hasan,FDI0000713,2026-05-16T01:23:42+06:00,Foodi Demo Kitchen 08,Kebab,Wari,23.728237,90.423953,856,card,delivered,2026-05-16T02:04:42+06:00,True,Foodi,FDI-RDR-018,Mehedi Karim,8801825989091,delivery_rider,Bicycle,BIC-77242,2025-01-08,4.35,active,Wari,63,40,1814,2026-02-12T18:32:46+06:00,2026-08-04T04:32:17+06:00
713,USR067,+8801552073645,Adnan Hasan,FDI0000714,2026-03-22T18:21:17+06:00,Foodi Demo Kitchen 03,Biryani,Banani,23.796234,90.398005,1662,card,delivered,2026-03-22T21:12:17+06:00,True,Foodi,FDI-RDR-020,Rakib Hasan,8801703040974,delivery_rider,Bike,Dhaka-Metro-LA-11-8668,2025-06-15,4.73,active,Banani,34,25,770,2026-02-15T15:29:27+06:00,2026-08-02T04:28:06+06:00
714,USR067,+8801552073645,Adnan Hasan,FDI0000715,2026-05-24T17:21:41+06:00,Foodi Demo Kitchen 03,Biryani,Khilgaon,23.751064,90.436132,454,mobile_wallet,delivered,2026-05-24T19:55:41+06:00,True,Foodi,FDI-RDR-007,Shakil Sarker,8801645088972,delivery_rider,Bike,Dhaka-Metro-LA-51-7903,2024-11-22,4.89,active,Khilgaon,63,46,238,2026-02-12T07:27:28+06:00,2026-08-08T00:12:25+06:00
715,USR067,+8801552073645,Adnan Hasan,FDI0000716,2026-06-14T16:11:47+06:00,Foodi Demo Kitchen 07,Thai,Motijheel,23.728072,90.4107,1235,cash,delivered,2026-06-14T17:26:47+06:00,True,Foodi,FDI-RDR-011,Mahmud Hasan,8801546275934,delivery_rider,Bike,Dhaka-Metro-LA-42-9695,2024-01-04,4.61,active,Motijheel,44,30,774,2026-02-12T09:24:57+06:00,2026-08-10T17:38:53+06:00
716,USR067,+8801552073645,Adnan Hasan,FDI0000717,2026-03-21T20:12:59+06:00,Foodi Demo Kitchen 05,Pizza,Old Dhaka,23.710675,90.40599,1629,cash,delivered,2026-03-21T23:35:59+06:00,True,Foodi,FDI-RDR-012,Parvez Mollah,8801798672324,delivery_rider,Bike,Dhaka-Metro-LA-18-1627,2023-01-21,4.38,active,Old Dhaka,70,47,563,2026-02-10T12:20:28+06:00,2026-08-08T06:41:21+06:00
717,USR067,+8801552073645,Adnan Hasan,FDI0000718,2026-04-17T11:54:10+06:00,Foodi Demo Kitchen 05,Pizza,Farmgate,23.750452,90.38954,1630,cash,cancelled,2026-04-17T12:14:10+06:00,True,Foodi,FDI-RDR-023,Shahadat Hasan,8801754954467,delivery_rider,Bike,Dhaka-Metro-LA-51-6371,2025-12-07,4.56,active,Farmgate,36,23,1181,2026-02-18T00:50:59+06:00,2026-08-06T11:04:59+06:00
718,USR067,+8801552073645,Adnan Hasan,FDI0000719,2026-03-16T06:19:32+06:00,Foodi Demo Kitchen 02,Fast Food,Old Dhaka,23.708492,90.4117,1256,mobile_wallet,delivered,2026-03-16T09:47:32+06:00,True,Foodi,FDI-RDR-012,Parvez Mollah,8801798672324,delivery_rider,Bike,Dhaka-Metro-LA-18-1627,2023-01-21,4.38,active,Old Dhaka,70,47,563,2026-02-10T12:20:28+06:00,2026-08-08T06:41:21+06:00
719,USR068,+8801501915636,Saif Rahman,FDI0000720,2026-05-04T05:59:46+06:00,Foodi Demo Kitchen 03,Biryani,Dhanmondi,23.745081,90.375097,1693,mobile_wallet,refunded,2026-05-04T08:10:46+06:00,True,Foodi,FDI-RDR-022,Habib Chowdhury,8801384916196,delivery_rider,Bike,Dhaka-Metro-LA-46-4315,2024-05-20,4.33,active,Dhanmondi,27,18,197,2026-02-12T07:13:30+06:00,2026-08-05T01:26:05+06:00
720,USR068,+8801501915636,Saif Rahman,FDI0000721,2026-04-08T05:44:39+06:00,Foodi Demo Kitchen 06,Burgers,Wari,23.73018,90.422695,226,card,delivered,2026-04-08T08:28:39+06:00,True,Foodi,FDI-RDR-018,Mehedi Karim,8801825989091,delivery_rider,Bicycle,BIC-77242,2025-01-08,4.35,active,Wari,63,40,1814,2026-02-12T18:32:46+06:00,2026-08-04T04:32:17+06:00
721,USR068,+8801501915636,Saif Rahman,FDI0000722,2026-06-06T20:19:56+06:00,Foodi Demo Kitchen 02,Fast Food,Rampura,23.7663,90.416592,1811,card,delivered,2026-06-06T22:57:56+06:00,True,Foodi,FDI-RDR-014,Sabbir Ahmed,8801739856270,delivery_rider,Bike,Dhaka-Metro-LA-13-2488,2024-03-05,4.91,active,Rampura,71,47,1187,2026-02-10T02:57:10+06:00,2026-08-07T14:03:06+06:00
722,USR068,+8801501915636,Saif Rahman,FDI0000723,2026-07-30T14:14:37+06:00,Foodi Demo Kitchen 01,Bangla,Rampura,23.763833,90.415953,564,cash,delivered,2026-07-30T16:44:37+06:00,True,Foodi,FDI-RDR-014,Sabbir Ahmed,8801739856270,delivery_rider,Bike,Dhaka-Metro-LA-13-2488,2024-03-05,4.91,active,Rampura,71,47,1187,2026-02-10T02:57:10+06:00,2026-08-07T14:03:06+06:00
723,USR068,+8801501915636,Saif Rahman,FDI0000724,2026-07-10T12:22:33+06:00,Foodi Demo Kitchen 06,Burgers,Banani,23.791394,90.410522,1784,mobile_wallet,cancelled,2026-07-10T12:59:33+06:00,True,Foodi,FDI-RDR-020,Rakib Hasan,8801703040974,delivery_rider,Bike,Dhaka-Metro-LA-11-8668,2025-06-15,4.73,active,Banani,34,25,770,2026-02-15T15:29:27+06:00,2026-08-02T04:28:06+06:00
724,USR068,+8801501915636,Saif Rahman,FDI0000725,2026-03-11T05:27:14+06:00,Foodi Demo Kitchen 08,Kebab,Bashundhara,23.820379,90.434471,1739,card,delivered,2026-03-11T07:23:14+06:00,True,Foodi,FDI-RDR-003,Rasel Rahman,8801991735857,delivery_rider,Bike,Dhaka-Metro-LA-25-1024,2025-03-30,4.27,active,Bashundhara,27,16,1021,2026-02-24T21:14:45+06:00,2026-08-07T13:05:52+06:00
725,USR068,+8801501915636,Saif Rahman,FDI0000726,2026-05-29T18:00:14+06:00,Foodi Demo Kitchen 04,Cafe,Mohakhali,23.773093,90.395907,364,cash,delivered,2026-05-29T18:41:14+06:00,True,Foodi,FDI-RDR-009,Mahmud Ali,8801453596488,delivery_rider,Bike,Dhaka-Metro-LA-50-1637,2024-06-25,4.64,active,Mohakhali,67,33,309,2026-02-10T09:51:53+06:00,2026-08-10T22:36:11+06:00
726,USR068,+8801501915636,Saif Rahman,FDI0000727,2026-02-28T15:59:46+06:00,Foodi Demo Kitchen 02,Fast Food,Pallabi,23.822278,90.362264,1791,card,cancelled,2026-02-28T17:08:46+06:00,True,Foodi,FDI-RDR-013,Sabbir Hossain,8801364196925,delivery_rider,Bike,Dhaka-Metro-LA-17-2602,2024-08-29,4.32,active,Pallabi,52,36,1655,2026-02-13T02:02:06+06:00,2026-08-06T19:24:26+06:00
727,USR068,+8801501915636,Saif Rahman,FDI0000728,2026-04-19T08:33:15+06:00,Foodi Demo Kitchen 04,Cafe,Gulshan,23.794577,90.405413,335,cash,delivered,2026-04-19T12:07:15+06:00,True,Foodi,FDI-RDR-006,Hasan Mahmud,8801309144811,delivery_rider,Bike,Dhaka-Metro-LA-24-6061,2023-05-09,4.71,active,Gulshan,53,31,1075,2026-02-11T04:00:15+06:00,2026-08-05T08:02:50+06:00
728,USR069,+8801461477764,Sumaiya Rahman,FDI0000729,2026-08-03T15:32:39+06:00,Foodi Demo Kitchen 06,Burgers,Gulshan,23.793587,90.400116,498,mobile_wallet,delivered,2026-08-03T18:42:39+06:00,True,Foodi,FDI-RDR-006,Hasan Mahmud,8801309144811,delivery_rider,Bike,Dhaka-Metro-LA-24-6061,2023-05-09,4.71,active,Gulshan,53,31,1075,2026-02-11T04:00:15+06:00,2026-08-05T08:02:50+06:00
729,USR069,+8801461477764,Sumaiya Rahman,FDI0000730,2026-04-08T06:00:51+06:00,Foodi Demo Kitchen 03,Biryani,Mohakhali,23.779999,90.39108,869,card,refunded,2026-04-08T06:28:51+06:00,True,Foodi,FDI-RDR-009,Mahmud Ali,8801453596488,delivery_rider,Bike,Dhaka-Metro-LA-50-1637,2024-06-25,4.64,active,Mohakhali,67,33,309,2026-02-10T09:51:53+06:00,2026-08-10T22:36:11+06:00
730,USR069,+8801461477764,Sumaiya Rahman,FDI0000731,2026-05-21T00:45:36+06:00,Foodi Demo Kitchen 07,Thai,Dhanmondi,23.755197,90.384484,497,card,cancelled,2026-05-21T02:12:36+06:00,True,Foodi,FDI-RDR-004,Arif Mahmud,8801854692697,delivery_rider,Bike,Dhaka-Metro-LA-31-2968,2025-07-12,4.47,active,Dhanmondi,34,22,1435,2026-02-20T13:46:59+06:00,2026-08-05T20:00:40+06:00
731,USR069,+8801461477764,Sumaiya Rahman,FDI0000732,2026-04-14T23:09:19+06:00,Foodi Demo Kitchen 02,Fast Food,Mirpur,23.827551,90.366879,1591,cash,delivered,2026-04-15T00:07:19+06:00,True,Foodi,FDI-RDR-008,Al Amin Mahmud,8801773840158,delivery_rider,Bike,Dhaka-Metro-LA-16-1506,2024-12-21,4.88,active,Mirpur,55,38,553,2026-02-10T07:25:37+06:00,2026-08-10T06:22:54+06:00
732,USR069,+8801461477764,Sumaiya Rahman,FDI0000733,2026-05-07T11:27:13+06:00,Foodi Demo Kitchen 06,Burgers,Mirpur,23.816708,90.362513,502,card,delivered,2026-05-07T12:19:13+06:00,True,Foodi,FDI-RDR-008,Al Amin Mahmud,8801773840158,delivery_rider,Bike,Dhaka-Metro-LA-16-1506,2024-12-21,4.88,active,Mirpur,55,38,553,2026-02-10T07:25:37+06:00,2026-08-10T06:22:54+06:00
733,USR069,+8801461477764,Sumaiya Rahman,FDI0000734,2026-04-07T10:45:52+06:00,Foodi Demo Kitchen 04,Cafe,Mohakhali,23.783013,90.401236,524,card,delivered,2026-04-07T13:07:52+06:00,True,Foodi,FDI-RDR-009,Mahmud Ali,8801453596488,delivery_rider,Bike,Dhaka-Metro-LA-50-1637,2024-06-25,4.64,active,Mohakhali,67,33,309,2026-02-10T09:51:53+06:00,2026-08-10T22:36:11+06:00
734,USR069,+8801461477764,Sumaiya Rahman,FDI0000735,2026-03-10T19:38:55+06:00,Foodi Demo Kitchen 02,Fast Food,Dhanmondi,23.754429,90.382481,609,card,delivered,2026-03-10T20:20:55+06:00,True,Foodi,FDI-RDR-004,Arif Mahmud,8801854692697,delivery_rider,Bike,Dhaka-Metro-LA-31-2968,2025-07-12,4.47,active,Dhanmondi,34,22,1435,2026-02-20T13:46:59+06:00,2026-08-05T20:00:40+06:00
735,USR069,+8801461477764,Sumaiya Rahman,FDI0000736,2026-04-06T17:02:55+06:00,Foodi Demo Kitchen 08,Kebab,Badda,23.773085,90.434449,832,mobile_wallet,delivered,2026-04-06T17:43:55+06:00,True,Foodi,FDI-RDR-019,Imran Khan,8801655026262,delivery_rider,Bike,Dhaka-Metro-LA-31-3687,2024-04-05,4.91,active,Badda,37,23,1569,2026-02-24T06:56:48+06:00,2026-08-06T06:15:06+06:00
736,USR069,+8801461477764,Sumaiya Rahman,FDI0000737,2026-06-04T05:54:16+06:00,Foodi Demo Kitchen 07,Thai,Gulshan,23.800164,90.4106,1832,card,delivered,2026-06-04T08:52:16+06:00,True,Foodi,FDI-RDR-006,Hasan Mahmud,8801309144811,delivery_rider,Bike,Dhaka-Metro-LA-24-6061,2023-05-09,4.71,active,Gulshan,53,31,1075,2026-02-11T04:00:15+06:00,2026-08-05T08:02:50+06:00
737,USR069,+8801461477764,Sumaiya Rahman,FDI0000738,2026-06-15T19:56:58+06:00,Foodi Demo Kitchen 04,Cafe,Dhanmondi,23.741896,90.376571,1650,cash,delivered,2026-06-15T22:45:58+06:00,True,Foodi,FDI-RDR-022,Habib Chowdhury,8801384916196,delivery_rider,Bike,Dhaka-Metro-LA-46-4315,2024-05-20,4.33,active,Dhanmondi,27,18,197,2026-02-12T07:13:30+06:00,2026-08-05T01:26:05+06:00
738,USR069,+8801461477764,Sumaiya Rahman,FDI0000739,2026-08-05T22:21:33+06:00,Foodi Demo Kitchen 02,Fast Food,Pallabi,23.831307,90.366354,331,card,refunded,2026-08-05T23:15:33+06:00,True,Foodi,FDI-RDR-013,Sabbir Hossain,8801364196925,delivery_rider,Bike,Dhaka-Metro-LA-17-2602,2024-08-29,4.32,active,Pallabi,52,36,1655,2026-02-13T02:02:06+06:00,2026-08-06T19:24:26+06:00
739,USR069,+8801461477764,Sumaiya Rahman,FDI0000740,2026-07-07T22:21:37+06:00,Foodi Demo Kitchen 03,Biryani,Banani,23.787071,90.406336,993,cash,cancelled,2026-07-08T01:03:37+06:00,True,Foodi,FDI-RDR-002,Rony Sarker,8801683501448,delivery_rider,Bike,Dhaka-Metro-LA-47-5838,2023-05-27,4.52,active,Banani,29,19,739,2026-02-13T16:48:02+06:00,2026-07-30T12:32:32+06:00
740,USR070,+8801919700856,Ayesha Ahmed,FDI0000741,2026-07-11T23:30:18+06:00,Foodi Demo Kitchen 03,Biryani,Bashundhara,23.808262,90.431382,724,cash,cancelled,2026-07-12T00:47:18+06:00,True,Foodi,FDI-RDR-003,Rasel Rahman,8801991735857,delivery_rider,Bike,Dhaka-Metro-LA-25-1024,2025-03-30,4.27,active,Bashundhara,27,16,1021,2026-02-24T21:14:45+06:00,2026-08-07T13:05:52+06:00
741,USR070,+8801919700856,Ayesha Ahmed,FDI0000742,2026-05-22T07:44:12+06:00,Foodi Demo Kitchen 02,Fast Food,Mohammadpur,23.767165,90.356307,1212,cash,delivered,2026-05-22T10:36:12+06:00,True,Foodi,FDI-RDR-010,Shuvo Kabir,8801941100059,delivery_rider,Bike,Dhaka-Metro-LA-31-8053,2024-10-07,4.30,active,Mohammadpur,59,37,808,2026-02-11T13:16:22+06:00,2026-08-10T20:09:48+06:00
742,USR070,+8801919700856,Ayesha Ahmed,FDI0000743,2026-04-16T01:24:50+06:00,Foodi Demo Kitchen 01,Bangla,Pallabi,23.836694,90.358073,1677,mobile_wallet,delivered,2026-04-16T03:46:50+06:00,True,Foodi,FDI-RDR-013,Sabbir Hossain,8801364196925,delivery_rider,Bike,Dhaka-Metro-LA-17-2602,2024-08-29,4.32,active,Pallabi,52,36,1655,2026-02-13T02:02:06+06:00,2026-08-06T19:24:26+06:00
743,USR070,+8801919700856,Ayesha Ahmed,FDI0000744,2026-07-09T00:34:09+06:00,Foodi Demo Kitchen 04,Cafe,Wari,23.71568,90.417169,1419,card,delivered,2026-07-09T02:46:09+06:00,True,Foodi,FDI-RDR-018,Mehedi Karim,8801825989091,delivery_rider,Bicycle,BIC-77242,2025-01-08,4.35,active,Wari,63,40,1814,2026-02-12T18:32:46+06:00,2026-08-04T04:32:17+06:00
744,USR070,+8801919700856,Ayesha Ahmed,FDI0000745,2026-03-22T05:59:38+06:00,Foodi Demo Kitchen 04,Cafe,Motijheel,23.725119,90.41009,1139,mobile_wallet,cancelled,2026-03-22T06:53:38+06:00,True,Foodi,FDI-RDR-011,Mahmud Hasan,8801546275934,delivery_rider,Bike,Dhaka-Metro-LA-42-9695,2024-01-04,4.61,active,Motijheel,44,30,774,2026-02-12T09:24:57+06:00,2026-08-10T17:38:53+06:00
745,USR070,+8801919700856,Ayesha Ahmed,FDI0000746,2026-06-02T06:44:21+06:00,Foodi Demo Kitchen 08,Kebab,Rampura,23.756546,90.421817,1188,mobile_wallet,delivered,2026-06-02T10:16:21+06:00,True,Foodi,FDI-RDR-014,Sabbir Ahmed,8801739856270,delivery_rider,Bike,Dhaka-Metro-LA-13-2488,2024-03-05,4.91,active,Rampura,71,47,1187,2026-02-10T02:57:10+06:00,2026-08-07T14:03:06+06:00
746,USR070,+8801919700856,Ayesha Ahmed,FDI0000747,2026-02-14T03:29:04+06:00,Foodi Demo Kitchen 07,Thai,Old Dhaka,23.717121,90.415139,607,card,delivered,2026-02-14T04:42:04+06:00,True,Foodi,FDI-RDR-012,Parvez Mollah,8801798672324,delivery_rider,Bike,Dhaka-Metro-LA-18-1627,2023-01-21,4.38,active,Old Dhaka,70,47,563,2026-02-10T12:20:28+06:00,2026-08-08T06:41:21+06:00
747,USR070,+8801919700856,Ayesha Ahmed,FDI0000748,2026-05-15T00:39:22+06:00,Foodi Demo Kitchen 01,Bangla,Mirpur,23.829361,90.371648,1731,cash,delivered,2026-05-15T02:53:22+06:00,True,Foodi,FDI-RDR-008,Al Amin Mahmud,8801773840158,delivery_rider,Bike,Dhaka-Metro-LA-16-1506,2024-12-21,4.88,active,Mirpur,55,38,553,2026-02-10T07:25:37+06:00,2026-08-10T06:22:54+06:00
748,USR070,+8801919700856,Ayesha Ahmed,FDI0000749,2026-07-29T13:29:42+06:00,Foodi Demo Kitchen 01,Bangla,Dhanmondi,23.740157,90.372445,252,mobile_wallet,refunded,2026-07-29T14:56:42+06:00,True,Foodi,FDI-RDR-022,Habib Chowdhury,8801384916196,delivery_rider,Bike,Dhaka-Metro-LA-46-4315,2024-05-20,4.33,active,Dhanmondi,27,18,197,2026-02-12T07:13:30+06:00,2026-08-05T01:26:05+06:00
749,USR070,+8801919700856,Ayesha Ahmed,FDI0000750,2026-04-04T12:03:51+06:00,Foodi Demo Kitchen 03,Biryani,Banani,23.791573,90.401753,1241,card,cancelled,2026-04-04T12:41:51+06:00,True,Foodi,FDI-RDR-002,Rony Sarker,8801683501448,delivery_rider,Bike,Dhaka-Metro-LA-47-5838,2023-05-27,4.52,active,Banani,29,19,739,2026-02-13T16:48:02+06:00,2026-07-30T12:32:32+06:00
750,USR070,+8801919700856,Ayesha Ahmed,FDI0000751,2026-05-16T08:37:10+06:00,Foodi Demo Kitchen 08,Kebab,Farmgate,23.754922,90.38929,692,card,cancelled,2026-05-16T09:41:10+06:00,True,Foodi,FDI-RDR-005,Nayeem Sheikh,8801743750117,delivery_rider,Bike,Dhaka-Metro-LA-11-2234,2025-12-12,4.45,active,Farmgate,28,19,703,2026-02-14T20:09:21+06:00,2026-07-11T22:41:13+06:00
751,USR071,+8801371764059,Hasan Ali,FDI0000752,2026-05-16T09:36:50+06:00,Foodi Demo Kitchen 01,Bangla,Old Dhaka,23.705269,90.402008,1440,mobile_wallet,delivered,2026-05-16T12:12:50+06:00,True,Foodi,FDI-RDR-012,Parvez Mollah,8801798672324,delivery_rider,Bike,Dhaka-Metro-LA-18-1627,2023-01-21,4.38,active,Old Dhaka,70,47,563,2026-02-10T12:20:28+06:00,2026-08-08T06:41:21+06:00
752,USR071,+8801371764059,Hasan Ali,FDI0000753,2026-07-16T21:04:48+06:00,Foodi Demo Kitchen 06,Burgers,Shyamoli,23.770751,90.371048,452,mobile_wallet,delivered,2026-07-16T21:30:48+06:00,True,Foodi,FDI-RDR-015,Al Amin Ahmed,8801422934517,delivery_rider,Bike,Dhaka-Metro-LA-24-2387,2025-07-31,4.60,active,Shyamoli,43,20,343,2026-02-15T20:41:46+06:00,2026-08-10T01:54:52+06:00
753,USR071,+8801371764059,Hasan Ali,FDI0000754,2026-08-08T20:11:49+06:00,Foodi Demo Kitchen 02,Fast Food,Bashundhara,23.807367,90.431948,707,mobile_wallet,refunded,2026-08-08T22:19:49+06:00,True,Foodi,FDI-RDR-021,Habib Khan,8801640944989,delivery_rider,Bicycle,BIC-62834,2024-07-09,4.84,active,Bashundhara,33,19,586,2026-03-08T16:51:38+06:00,2026-08-08T20:11:49+06:00
754,USR071,+8801371764059,Hasan Ali,FDI0000755,2026-03-26T23:29:09+06:00,Foodi Demo Kitchen 07,Thai,Old Dhaka,23.711071,90.412108,759,card,delivered,2026-03-27T02:54:09+06:00,True,Foodi,FDI-RDR-012,Parvez Mollah,8801798672324,delivery_rider,Bike,Dhaka-Metro-LA-18-1627,2023-01-21,4.38,active,Old Dhaka,70,47,563,2026-02-10T12:20:28+06:00,2026-08-08T06:41:21+06:00
755,USR071,+8801371764059,Hasan Ali,FDI0000756,2026-06-30T22:34:48+06:00,Foodi Demo Kitchen 07,Thai,Wari,23.719728,90.408654,1528,mobile_wallet,delivered,2026-07-01T00:46:48+06:00,True,Foodi,FDI-RDR-018,Mehedi Karim,8801825989091,delivery_rider,Bicycle,BIC-77242,2025-01-08,4.35,active,Wari,63,40,1814,2026-02-12T18:32:46+06:00,2026-08-04T04:32:17+06:00
756,USR071,+8801371764059,Hasan Ali,FDI0000757,2026-05-31T06:44:04+06:00,Foodi Demo Kitchen 05,Pizza,Rampura,23.763401,90.417899,1618,cash,refunded,2026-05-31T09:28:04+06:00,True,Foodi,FDI-RDR-014,Sabbir Ahmed,8801739856270,delivery_rider,Bike,Dhaka-Metro-LA-13-2488,2024-03-05,4.91,active,Rampura,71,47,1187,2026-02-10T02:57:10+06:00,2026-08-07T14:03:06+06:00
757,USR071,+8801371764059,Hasan Ali,FDI0000758,2026-04-25T19:31:05+06:00,Foodi Demo Kitchen 07,Thai,Banani,23.793888,90.413734,1564,card,delivered,2026-04-25T20:27:05+06:00,True,Foodi,FDI-RDR-020,Rakib Hasan,8801703040974,delivery_rider,Bike,Dhaka-Metro-LA-11-8668,2025-06-15,4.73,active,Banani,34,25,770,2026-02-15T15:29:27+06:00,2026-08-02T04:28:06+06:00
758,USR072,+8801809070598,Hasan Akter,FDI0000759,2026-04-23T14:20:35+06:00,Foodi Demo Kitchen 06,Burgers,Bashundhara,23.822342,90.417175,1372,mobile_wallet,delivered,2026-04-23T17:27:35+06:00,True,Foodi,FDI-RDR-021,Habib Khan,8801640944989,delivery_rider,Bicycle,BIC-62834,2024-07-09,4.84,active,Bashundhara,33,19,586,2026-03-08T16:51:38+06:00,2026-08-08T20:11:49+06:00
759,USR072,+8801809070598,Hasan Akter,FDI0000760,2026-06-23T13:24:49+06:00,Foodi Demo Kitchen 08,Kebab,Farmgate,23.760526,90.390164,1633,mobile_wallet,delivered,2026-06-23T16:28:49+06:00,True,Foodi,FDI-RDR-005,Nayeem Sheikh,8801743750117,delivery_rider,Bike,Dhaka-Metro-LA-11-2234,2025-12-12,4.45,active,Farmgate,28,19,703,2026-02-14T20:09:21+06:00,2026-07-11T22:41:13+06:00
760,USR072,+8801809070598,Hasan Akter,FDI0000761,2026-06-23T09:46:23+06:00,Foodi Demo Kitchen 06,Burgers,Rampura,23.765469,90.428443,299,card,cancelled,2026-06-23T10:49:23+06:00,True,Foodi,FDI-RDR-014,Sabbir Ahmed,8801739856270,delivery_rider,Bike,Dhaka-Metro-LA-13-2488,2024-03-05,4.91,active,Rampura,71,47,1187,2026-02-10T02:57:10+06:00,2026-08-07T14:03:06+06:00
761,USR072,+8801809070598,Hasan Akter,FDI0000762,2026-05-29T00:51:26+06:00,Foodi Demo Kitchen 01,Bangla,Shyamoli,23.774604,90.358917,1250,mobile_wallet,cancelled,2026-05-29T01:38:26+06:00,True,Foodi,FDI-RDR-015,Al Amin Ahmed,8801422934517,delivery_rider,Bike,Dhaka-Metro-LA-24-2387,2025-07-31,4.60,active,Shyamoli,43,20,343,2026-02-15T20:41:46+06:00,2026-08-10T01:54:52+06:00
762,USR072,+8801809070598,Hasan Akter,FDI0000763,2026-03-24T14:17:03+06:00,Foodi Demo Kitchen 08,Kebab,Badda,23.776836,90.418192,1424,card,delivered,2026-03-24T17:10:03+06:00,True,Foodi,FDI-RDR-001,Nahid Ali,8801862610128,delivery_rider,Bike,Dhaka-Metro-LA-30-5508,2024-10-09,4.84,active,Badda,24,15,971,2026-02-13T19:01:33+06:00,2026-07-28T10:35:20+06:00
763,USR072,+8801809070598,Hasan Akter,FDI0000764,2026-02-15T15:29:27+06:00,Foodi Demo Kitchen 08,Kebab,Banani,23.799694,90.405758,338,card,cancelled,2026-02-15T16:08:27+06:00,True,Foodi,FDI-RDR-020,Rakib Hasan,8801703040974,delivery_rider,Bike,Dhaka-Metro-LA-11-8668,2025-06-15,4.73,active,Banani,34,25,770,2026-02-15T15:29:27+06:00,2026-08-02T04:28:06+06:00
764,USR072,+8801809070598,Hasan Akter,FDI0000765,2026-04-18T04:41:32+06:00,Foodi Demo Kitchen 01,Bangla,Rampura,23.755363,90.427523,377,cash,delivered,2026-04-18T07:43:32+06:00,True,Foodi,FDI-RDR-014,Sabbir Ahmed,8801739856270,delivery_rider,Bike,Dhaka-Metro-LA-13-2488,2024-03-05,4.91,active,Rampura,71,47,1187,2026-02-10T02:57:10+06:00,2026-08-07T14:03:06+06:00
765,USR072,+8801809070598,Hasan Akter,FDI0000766,2026-06-14T06:52:58+06:00,Foodi Demo Kitchen 05,Pizza,Farmgate,23.766316,90.397164,1245,cash,delivered,2026-06-14T07:58:58+06:00,True,Foodi,FDI-RDR-023,Shahadat Hasan,8801754954467,delivery_rider,Bike,Dhaka-Metro-LA-51-6371,2025-12-07,4.56,active,Farmgate,36,23,1181,2026-02-18T00:50:59+06:00,2026-08-06T11:04:59+06:00
766,USR072,+8801809070598,Hasan Akter,FDI0000767,2026-07-24T08:06:12+06:00,Foodi Demo Kitchen 05,Pizza,Shyamoli,23.781591,90.360495,1810,card,refunded,2026-07-24T11:21:12+06:00,True,Foodi,FDI-RDR-015,Al Amin Ahmed,8801422934517,delivery_rider,Bike,Dhaka-Metro-LA-24-2387,2025-07-31,4.60,active,Shyamoli,43,20,343,2026-02-15T20:41:46+06:00,2026-08-10T01:54:52+06:00
767,USR072,+8801809070598,Hasan Akter,FDI0000768,2026-03-08T16:51:38+06:00,Foodi Demo Kitchen 08,Kebab,Bashundhara,23.822279,90.430488,186,card,delivered,2026-03-08T17:32:38+06:00,True,Foodi,FDI-RDR-021,Habib Khan,8801640944989,delivery_rider,Bicycle,BIC-62834,2024-07-09,4.84,active,Bashundhara,33,19,586,2026-03-08T16:51:38+06:00,2026-08-08T20:11:49+06:00
768,USR072,+8801809070598,Hasan Akter,FDI0000769,2026-04-06T13:03:39+06:00,Foodi Demo Kitchen 03,Biryani,Mohakhali,23.77874,90.39085,857,mobile_wallet,refunded,2026-04-06T14:51:39+06:00,True,Foodi,FDI-RDR-009,Mahmud Ali,8801453596488,delivery_rider,Bike,Dhaka-Metro-LA-50-1637,2024-06-25,4.64,active,Mohakhali,67,33,309,2026-02-10T09:51:53+06:00,2026-08-10T22:36:11+06:00
769,USR072,+8801809070598,Hasan Akter,FDI0000770,2026-03-19T22:52:12+06:00,Foodi Demo Kitchen 03,Biryani,Tejgaon,23.771658,90.382209,1051,cash,cancelled,2026-03-20T00:07:12+06:00,True,Foodi,FDI-RDR-016,Noman Mollah,8801385740882,delivery_rider,Bike,Dhaka-Metro-LA-22-3253,2025-12-03,4.49,active,Tejgaon,49,28,819,2026-02-13T23:12:09+06:00,2026-08-05T05:30:47+06:00
770,USR072,+8801809070598,Hasan Akter,FDI0000771,2026-03-16T06:27:50+06:00,Foodi Demo Kitchen 06,Burgers,Bashundhara,23.813041,90.4269,932,mobile_wallet,delivered,2026-03-16T09:30:50+06:00,True,Foodi,FDI-RDR-021,Habib Khan,8801640944989,delivery_rider,Bicycle,BIC-62834,2024-07-09,4.84,active,Bashundhara,33,19,586,2026-03-08T16:51:38+06:00,2026-08-08T20:11:49+06:00
771,USR072,+8801809070598,Hasan Akter,FDI0000772,2026-03-29T16:42:00+06:00,Foodi Demo Kitchen 08,Kebab,Rampura,23.756506,90.415937,1395,cash,delivered,2026-03-29T19:48:00+06:00,True,Foodi,FDI-RDR-014,Sabbir Ahmed,8801739856270,delivery_rider,Bike,Dhaka-Metro-LA-13-2488,2024-03-05,4.91,active,Rampura,71,47,1187,2026-02-10T02:57:10+06:00,2026-08-07T14:03:06+06:00
772,USR073,+8801396303029,Sumaiya Mahmud,FDI0000773,2026-06-24T03:50:41+06:00,Foodi Demo Kitchen 07,Thai,Gulshan,23.786884,90.405385,202,cash,cancelled,2026-06-24T04:15:41+06:00,True,Foodi,FDI-RDR-006,Hasan Mahmud,8801309144811,delivery_rider,Bike,Dhaka-Metro-LA-24-6061,2023-05-09,4.71,active,Gulshan,53,31,1075,2026-02-11T04:00:15+06:00,2026-08-05T08:02:50+06:00
773,USR073,+8801396303029,Sumaiya Mahmud,FDI0000774,2026-02-21T04:14:43+06:00,Foodi Demo Kitchen 03,Biryani,Old Dhaka,23.713231,90.407247,650,card,refunded,2026-02-21T07:18:43+06:00,True,Foodi,FDI-RDR-012,Parvez Mollah,8801798672324,delivery_rider,Bike,Dhaka-Metro-LA-18-1627,2023-01-21,4.38,active,Old Dhaka,70,47,563,2026-02-10T12:20:28+06:00,2026-08-08T06:41:21+06:00
774,USR073,+8801396303029,Sumaiya Mahmud,FDI0000775,2026-05-05T19:06:02+06:00,Foodi Demo Kitchen 02,Fast Food,Pallabi,23.827655,90.366859,518,mobile_wallet,delivered,2026-05-05T20:28:02+06:00,True,Foodi,FDI-RDR-013,Sabbir Hossain,8801364196925,delivery_rider,Bike,Dhaka-Metro-LA-17-2602,2024-08-29,4.32,active,Pallabi,52,36,1655,2026-02-13T02:02:06+06:00,2026-08-06T19:24:26+06:00
775,USR073,+8801396303029,Sumaiya Mahmud,FDI0000776,2026-05-06T11:55:41+06:00,Foodi Demo Kitchen 02,Fast Food,Badda,23.780848,90.424296,1263,mobile_wallet,refunded,2026-05-06T13:25:41+06:00,True,Foodi,FDI-RDR-001,Nahid Ali,8801862610128,delivery_rider,Bike,Dhaka-Metro-LA-30-5508,2024-10-09,4.84,active,Badda,24,15,971,2026-02-13T19:01:33+06:00,2026-07-28T10:35:20+06:00
776,USR073,+8801396303029,Sumaiya Mahmud,FDI0000777,2026-05-31T22:27:09+06:00,Foodi Demo Kitchen 05,Pizza,Gulshan,23.793946,90.41232,1309,cash,delivered,2026-06-01T01:05:09+06:00,True,Foodi,FDI-RDR-006,Hasan Mahmud,8801309144811,delivery_rider,Bike,Dhaka-Metro-LA-24-6061,2023-05-09,4.71,active,Gulshan,53,31,1075,2026-02-11T04:00:15+06:00,2026-08-05T08:02:50+06:00
777,USR073,+8801396303029,Sumaiya Mahmud,FDI0000778,2026-06-03T05:38:44+06:00,Foodi Demo Kitchen 07,Thai,Uttara,23.88246,90.372659,286,mobile_wallet,delivered,2026-06-03T06:34:44+06:00,True,Foodi,FDI-RDR-017,Tuhin Kabir,8801437966170,delivery_rider,Bike,Dhaka-Metro-LA-31-7414,2026-03-12,4.47,active,Uttara,56,36,899,2026-02-12T19:30:05+06:00,2026-08-02T10:56:53+06:00
778,USR073,+8801396303029,Sumaiya Mahmud,FDI0000779,2026-04-17T13:22:15+06:00,Foodi Demo Kitchen 04,Cafe,Mohakhali,23.780356,90.407796,453,card,delivered,2026-04-17T16:45:15+06:00,True,Foodi,FDI-RDR-009,Mahmud Ali,8801453596488,delivery_rider,Bike,Dhaka-Metro-LA-50-1637,2024-06-25,4.64,active,Mohakhali,67,33,309,2026-02-10T09:51:53+06:00,2026-08-10T22:36:11+06:00
779,USR073,+8801396303029,Sumaiya Mahmud,FDI0000780,2026-07-16T23:47:09+06:00,Foodi Demo Kitchen 04,Cafe,Pallabi,23.837093,90.35828,1554,mobile_wallet,delivered,2026-07-17T01:42:09+06:00,True,Foodi,FDI-RDR-013,Sabbir Hossain,8801364196925,delivery_rider,Bike,Dhaka-Metro-LA-17-2602,2024-08-29,4.32,active,Pallabi,52,36,1655,2026-02-13T02:02:06+06:00,2026-08-06T19:24:26+06:00
780,USR073,+8801396303029,Sumaiya Mahmud,FDI0000781,2026-04-19T00:46:48+06:00,Foodi Demo Kitchen 07,Thai,Mohammadpur,23.768842,90.353146,1149,card,refunded,2026-04-19T02:04:48+06:00,True,Foodi,FDI-RDR-010,Shuvo Kabir,8801941100059,delivery_rider,Bike,Dhaka-Metro-LA-31-8053,2024-10-07,4.30,active,Mohammadpur,59,37,808,2026-02-11T13:16:22+06:00,2026-08-10T20:09:48+06:00
781,USR073,+8801396303029,Sumaiya Mahmud,FDI0000782,2026-05-02T19:48:52+06:00,Foodi Demo Kitchen 08,Kebab,Rampura,23.764962,90.418529,1255,mobile_wallet,delivered,2026-05-02T21:32:52+06:00,True,Foodi,FDI-RDR-014,Sabbir Ahmed,8801739856270,delivery_rider,Bike,Dhaka-Metro-LA-13-2488,2024-03-05,4.91,active,Rampura,71,47,1187,2026-02-10T02:57:10+06:00,2026-08-07T14:03:06+06:00
782,USR073,+8801396303029,Sumaiya Mahmud,FDI0000783,2026-02-13T15:20:35+06:00,Foodi Demo Kitchen 07,Thai,Mirpur,23.820283,90.359327,1754,card,delivered,2026-02-13T17:26:35+06:00,True,Foodi,FDI-RDR-008,Al Amin Mahmud,8801773840158,delivery_rider,Bike,Dhaka-Metro-LA-16-1506,2024-12-21,4.88,active,Mirpur,55,38,553,2026-02-10T07:25:37+06:00,2026-08-10T06:22:54+06:00
783,USR073,+8801396303029,Sumaiya Mahmud,FDI0000784,2026-03-26T17:27:17+06:00,Foodi Demo Kitchen 02,Fast Food,Gulshan,23.784766,90.412664,265,mobile_wallet,cancelled,2026-03-26T18:38:17+06:00,True,Foodi,FDI-RDR-006,Hasan Mahmud,8801309144811,delivery_rider,Bike,Dhaka-Metro-LA-24-6061,2023-05-09,4.71,active,Gulshan,53,31,1075,2026-02-11T04:00:15+06:00,2026-08-05T08:02:50+06:00
784,USR074,+8801533710145,Farzana Uddin,FDI0000785,2026-04-03T12:58:01+06:00,Foodi Demo Kitchen 07,Thai,Old Dhaka,23.707714,90.405236,1686,cash,delivered,2026-04-03T16:13:01+06:00,True,Foodi,FDI-RDR-012,Parvez Mollah,8801798672324,delivery_rider,Bike,Dhaka-Metro-LA-18-1627,2023-01-21,4.38,active,Old Dhaka,70,47,563,2026-02-10T12:20:28+06:00,2026-08-08T06:41:21+06:00
785,USR074,+8801533710145,Farzana Uddin,FDI0000786,2026-03-29T08:20:30+06:00,Foodi Demo Kitchen 03,Biryani,Old Dhaka,23.701868,90.411897,980,cash,delivered,2026-03-29T10:24:30+06:00,True,Foodi,FDI-RDR-012,Parvez Mollah,8801798672324,delivery_rider,Bike,Dhaka-Metro-LA-18-1627,2023-01-21,4.38,active,Old Dhaka,70,47,563,2026-02-10T12:20:28+06:00,2026-08-08T06:41:21+06:00
786,USR074,+8801533710145,Farzana Uddin,FDI0000787,2026-07-28T10:35:20+06:00,Foodi Demo Kitchen 04,Cafe,Badda,23.783135,90.423524,1006,mobile_wallet,cancelled,2026-07-28T12:47:20+06:00,True,Foodi,FDI-RDR-001,Nahid Ali,8801862610128,delivery_rider,Bike,Dhaka-Metro-LA-30-5508,2024-10-09,4.84,active,Badda,24,15,971,2026-02-13T19:01:33+06:00,2026-07-28T10:35:20+06:00
787,USR074,+8801533710145,Farzana Uddin,FDI0000788,2026-05-24T14:33:31+06:00,Foodi Demo Kitchen 07,Thai,Mohakhali,23.785644,90.400367,578,cash,delivered,2026-05-24T15:07:31+06:00,True,Foodi,FDI-RDR-009,Mahmud Ali,8801453596488,delivery_rider,Bike,Dhaka-Metro-LA-50-1637,2024-06-25,4.64,active,Mohakhali,67,33,309,2026-02-10T09:51:53+06:00,2026-08-10T22:36:11+06:00
788,USR074,+8801533710145,Farzana Uddin,FDI0000789,2026-05-31T05:30:37+06:00,Foodi Demo Kitchen 03,Biryani,Mohakhali,23.77849,90.394993,1101,mobile_wallet,refunded,2026-05-31T06:50:37+06:00,True,Foodi,FDI-RDR-009,Mahmud Ali,8801453596488,delivery_rider,Bike,Dhaka-Metro-LA-50-1637,2024-06-25,4.64,active,Mohakhali,67,33,309,2026-02-10T09:51:53+06:00,2026-08-10T22:36:11+06:00
789,USR074,+8801533710145,Farzana Uddin,FDI0000790,2026-04-17T06:35:36+06:00,Foodi Demo Kitchen 01,Bangla,Dhanmondi,23.751551,90.3834,1311,mobile_wallet,delivered,2026-04-17T09:49:36+06:00,True,Foodi,FDI-RDR-004,Arif Mahmud,8801854692697,delivery_rider,Bike,Dhaka-Metro-LA-31-2968,2025-07-12,4.47,active,Dhanmondi,34,22,1435,2026-02-20T13:46:59+06:00,2026-08-05T20:00:40+06:00
790,USR074,+8801533710145,Farzana Uddin,FDI0000791,2026-05-29T15:45:28+06:00,Foodi Demo Kitchen 03,Biryani,Bashundhara,23.814,90.424582,408,cash,delivered,2026-05-29T17:47:28+06:00,True,Foodi,FDI-RDR-021,Habib Khan,8801640944989,delivery_rider,Bicycle,BIC-62834,2024-07-09,4.84,active,Bashundhara,33,19,586,2026-03-08T16:51:38+06:00,2026-08-08T20:11:49+06:00
791,USR074,+8801533710145,Farzana Uddin,FDI0000792,2026-08-03T20:21:50+06:00,Foodi Demo Kitchen 04,Cafe,Farmgate,23.763824,90.389816,378,card,cancelled,2026-08-03T21:27:50+06:00,True,Foodi,FDI-RDR-023,Shahadat Hasan,8801754954467,delivery_rider,Bike,Dhaka-Metro-LA-51-6371,2025-12-07,4.56,active,Farmgate,36,23,1181,2026-02-18T00:50:59+06:00,2026-08-06T11:04:59+06:00
792,USR074,+8801533710145,Farzana Uddin,FDI0000793,2026-08-04T11:26:54+06:00,Foodi Demo Kitchen 06,Burgers,Mohakhali,23.768667,90.408367,1722,card,refunded,2026-08-04T15:01:54+06:00,True,Foodi,FDI-RDR-009,Mahmud Ali,8801453596488,delivery_rider,Bike,Dhaka-Metro-LA-50-1637,2024-06-25,4.64,active,Mohakhali,67,33,309,2026-02-10T09:51:53+06:00,2026-08-10T22:36:11+06:00
793,USR074,+8801533710145,Farzana Uddin,FDI0000794,2026-05-15T06:16:05+06:00,Foodi Demo Kitchen 01,Bangla,Khilgaon,23.754871,90.419829,1187,card,delivered,2026-05-15T08:15:05+06:00,True,Foodi,FDI-RDR-007,Shakil Sarker,8801645088972,delivery_rider,Bike,Dhaka-Metro-LA-51-7903,2024-11-22,4.89,active,Khilgaon,63,46,238,2026-02-12T07:27:28+06:00,2026-08-08T00:12:25+06:00
794,USR075,+8801895714902,Shihab Khan,FDI0000795,2026-03-05T15:17:03+06:00,Foodi Demo Kitchen 08,Kebab,Bashundhara,23.816632,90.425696,1604,cash,refunded,2026-03-05T17:38:03+06:00,True,Foodi,FDI-RDR-003,Rasel Rahman,8801991735857,delivery_rider,Bike,Dhaka-Metro-LA-25-1024,2025-03-30,4.27,active,Bashundhara,27,16,1021,2026-02-24T21:14:45+06:00,2026-08-07T13:05:52+06:00
795,USR075,+8801895714902,Shihab Khan,FDI0000796,2026-05-11T13:27:16+06:00,Foodi Demo Kitchen 08,Kebab,Wari,23.716751,90.422532,1044,mobile_wallet,delivered,2026-05-11T15:03:16+06:00,True,Foodi,FDI-RDR-018,Mehedi Karim,8801825989091,delivery_rider,Bicycle,BIC-77242,2025-01-08,4.35,active,Wari,63,40,1814,2026-02-12T18:32:46+06:00,2026-08-04T04:32:17+06:00
796,USR075,+8801895714902,Shihab Khan,FDI0000797,2026-05-02T11:03:18+06:00,Foodi Demo Kitchen 07,Thai,Dhanmondi,23.738263,90.373666,254,mobile_wallet,delivered,2026-05-02T13:38:18+06:00,True,Foodi,FDI-RDR-004,Arif Mahmud,8801854692697,delivery_rider,Bike,Dhaka-Metro-LA-31-2968,2025-07-12,4.47,active,Dhanmondi,34,22,1435,2026-02-20T13:46:59+06:00,2026-08-05T20:00:40+06:00
797,USR075,+8801895714902,Shihab Khan,FDI0000798,2026-05-18T22:28:53+06:00,Foodi Demo Kitchen 02,Fast Food,Bashundhara,23.80668,90.431342,318,cash,delivered,2026-05-19T00:21:53+06:00,True,Foodi,FDI-RDR-003,Rasel Rahman,8801991735857,delivery_rider,Bike,Dhaka-Metro-LA-25-1024,2025-03-30,4.27,active,Bashundhara,27,16,1021,2026-02-24T21:14:45+06:00,2026-08-07T13:05:52+06:00
798,USR075,+8801895714902,Shihab Khan,FDI0000799,2026-03-08T23:42:26+06:00,Foodi Demo Kitchen 03,Biryani,Tejgaon,23.755507,90.383861,1539,card,refunded,2026-03-09T00:40:26+06:00,True,Foodi,FDI-RDR-016,Noman Mollah,8801385740882,delivery_rider,Bike,Dhaka-Metro-LA-22-3253,2025-12-03,4.49,active,Tejgaon,49,28,819,2026-02-13T23:12:09+06:00,2026-08-05T05:30:47+06:00
799,USR075,+8801895714902,Shihab Khan,FDI0000800,2026-03-10T13:32:28+06:00,Foodi Demo Kitchen 05,Pizza,Badda,23.781241,90.418709,1091,cash,delivered,2026-03-10T14:45:28+06:00,True,Foodi,FDI-RDR-019,Imran Khan,8801655026262,delivery_rider,Bike,Dhaka-Metro-LA-31-3687,2024-04-05,4.91,active,Badda,37,23,1569,2026-02-24T06:56:48+06:00,2026-08-06T06:15:06+06:00
800,USR075,+8801895714902,Shihab Khan,FDI0000801,2026-06-26T17:20:24+06:00,Foodi Demo Kitchen 06,Burgers,Farmgate,23.751317,90.38841,1782,mobile_wallet,delivered,2026-06-26T19:51:24+06:00,True,Foodi,FDI-RDR-023,Shahadat Hasan,8801754954467,delivery_rider,Bike,Dhaka-Metro-LA-51-6371,2025-12-07,4.56,active,Farmgate,36,23,1181,2026-02-18T00:50:59+06:00,2026-08-06T11:04:59+06:00
801,USR075,+8801895714902,Shihab Khan,FDI0000802,2026-07-30T08:05:26+06:00,Foodi Demo Kitchen 04,Cafe,Tejgaon,23.77003,90.386699,673,card,delivered,2026-07-30T11:04:26+06:00,True,Foodi,FDI-RDR-016,Noman Mollah,8801385740882,delivery_rider,Bike,Dhaka-Metro-LA-22-3253,2025-12-03,4.49,active,Tejgaon,49,28,819,2026-02-13T23:12:09+06:00,2026-08-05T05:30:47+06:00
802,USR075,+8801895714902,Shihab Khan,FDI0000803,2026-05-25T03:07:16+06:00,Foodi Demo Kitchen 03,Biryani,Mohakhali,23.781493,90.396989,490,mobile_wallet,delivered,2026-05-25T05:54:16+06:00,True,Foodi,FDI-RDR-009,Mahmud Ali,8801453596488,delivery_rider,Bike,Dhaka-Metro-LA-50-1637,2024-06-25,4.64,active,Mohakhali,67,33,309,2026-02-10T09:51:53+06:00,2026-08-10T22:36:11+06:00
803,USR075,+8801895714902,Shihab Khan,FDI0000804,2026-07-11T11:19:31+06:00,Foodi Demo Kitchen 03,Biryani,Mirpur,23.830985,90.361967,437,card,cancelled,2026-07-11T11:39:31+06:00,True,Foodi,FDI-RDR-008,Al Amin Mahmud,8801773840158,delivery_rider,Bike,Dhaka-Metro-LA-16-1506,2024-12-21,4.88,active,Mirpur,55,38,553,2026-02-10T07:25:37+06:00,2026-08-10T06:22:54+06:00
804,USR075,+8801895714902,Shihab Khan,FDI0000805,2026-03-24T10:18:32+06:00,Foodi Demo Kitchen 02,Fast Food,Rampura,23.756833,90.426828,1730,mobile_wallet,delivered,2026-03-24T12:56:32+06:00,True,Foodi,FDI-RDR-014,Sabbir Ahmed,8801739856270,delivery_rider,Bike,Dhaka-Metro-LA-13-2488,2024-03-05,4.91,active,Rampura,71,47,1187,2026-02-10T02:57:10+06:00,2026-08-07T14:03:06+06:00
805,USR075,+8801895714902,Shihab Khan,FDI0000806,2026-02-22T22:12:45+06:00,Foodi Demo Kitchen 04,Cafe,Mirpur,23.824845,90.371228,1511,card,refunded,2026-02-23T01:28:45+06:00,True,Foodi,FDI-RDR-008,Al Amin Mahmud,8801773840158,delivery_rider,Bike,Dhaka-Metro-LA-16-1506,2024-12-21,4.88,active,Mirpur,55,38,553,2026-02-10T07:25:37+06:00,2026-08-10T06:22:54+06:00
806,USR075,+8801895714902,Shihab Khan,FDI0000807,2026-08-06T06:15:06+06:00,Foodi Demo Kitchen 06,Burgers,Badda,23.780607,90.427361,1137,cash,cancelled,2026-08-06T07:34:06+06:00,True,Foodi,FDI-RDR-019,Imran Khan,8801655026262,delivery_rider,Bike,Dhaka-Metro-LA-31-3687,2024-04-05,4.91,active,Badda,37,23,1569,2026-02-24T06:56:48+06:00,2026-08-06T06:15:06+06:00
807,USR075,+8801895714902,Shihab Khan,FDI0000808,2026-05-14T22:13:59+06:00,Foodi Demo Kitchen 01,Bangla,Gulshan,23.794409,90.413813,1494,card,delivered,2026-05-15T01:03:59+06:00,True,Foodi,FDI-RDR-006,Hasan Mahmud,8801309144811,delivery_rider,Bike,Dhaka-Metro-LA-24-6061,2023-05-09,4.71,active,Gulshan,53,31,1075,2026-02-11T04:00:15+06:00,2026-08-05T08:02:50+06:00
808,USR076,+8801476348350,Sadia Karim,FDI0000809,2026-03-05T13:28:12+06:00,Foodi Demo Kitchen 03,Biryani,Khilgaon,23.758168,90.426848,545,mobile_wallet,delivered,2026-03-05T15:34:12+06:00,True,Foodi,FDI-RDR-007,Shakil Sarker,8801645088972,delivery_rider,Bike,Dhaka-Metro-LA-51-7903,2024-11-22,4.89,active,Khilgaon,63,46,238,2026-02-12T07:27:28+06:00,2026-08-08T00:12:25+06:00
809,USR076,+8801476348350,Sadia Karim,FDI0000810,2026-02-27T15:37:00+06:00,Foodi Demo Kitchen 07,Thai,Old Dhaka,23.705692,90.40367,713,card,refunded,2026-02-27T18:17:00+06:00,True,Foodi,FDI-RDR-012,Parvez Mollah,8801798672324,delivery_rider,Bike,Dhaka-Metro-LA-18-1627,2023-01-21,4.38,active,Old Dhaka,70,47,563,2026-02-10T12:20:28+06:00,2026-08-08T06:41:21+06:00
810,USR076,+8801476348350,Sadia Karim,FDI0000811,2026-04-27T18:25:32+06:00,Foodi Demo Kitchen 02,Fast Food,Banani,23.797862,90.414398,848,card,refunded,2026-04-27T20:28:32+06:00,True,Foodi,FDI-RDR-020,Rakib Hasan,8801703040974,delivery_rider,Bike,Dhaka-Metro-LA-11-8668,2025-06-15,4.73,active,Banani,34,25,770,2026-02-15T15:29:27+06:00,2026-08-02T04:28:06+06:00
811,USR076,+8801476348350,Sadia Karim,FDI0000812,2026-04-06T16:55:41+06:00,Foodi Demo Kitchen 04,Cafe,Wari,23.718601,90.409227,263,mobile_wallet,delivered,2026-04-06T18:25:41+06:00,True,Foodi,FDI-RDR-018,Mehedi Karim,8801825989091,delivery_rider,Bicycle,BIC-77242,2025-01-08,4.35,active,Wari,63,40,1814,2026-02-12T18:32:46+06:00,2026-08-04T04:32:17+06:00
812,USR076,+8801476348350,Sadia Karim,FDI0000813,2026-05-27T19:35:57+06:00,Foodi Demo Kitchen 01,Bangla,Dhanmondi,23.748632,90.37686,368,card,delivered,2026-05-27T20:09:57+06:00,True,Foodi,FDI-RDR-004,Arif Mahmud,8801854692697,delivery_rider,Bike,Dhaka-Metro-LA-31-2968,2025-07-12,4.47,active,Dhanmondi,34,22,1435,2026-02-20T13:46:59+06:00,2026-08-05T20:00:40+06:00
813,USR076,+8801476348350,Sadia Karim,FDI0000814,2026-02-18T00:50:59+06:00,Foodi Demo Kitchen 04,Cafe,Farmgate,23.753293,90.389416,1326,cash,delivered,2026-02-18T01:22:59+06:00,True,Foodi,FDI-RDR-023,Shahadat Hasan,8801754954467,delivery_rider,Bike,Dhaka-Metro-LA-51-6371,2025-12-07,4.56,active,Farmgate,36,23,1181,2026-02-18T00:50:59+06:00,2026-08-06T11:04:59+06:00
814,USR076,+8801476348350,Sadia Karim,FDI0000815,2026-05-19T13:55:44+06:00,Foodi Demo Kitchen 01,Bangla,Bashundhara,23.823362,90.423686,424,mobile_wallet,delivered,2026-05-19T15:07:44+06:00,True,Foodi,FDI-RDR-021,Habib Khan,8801640944989,delivery_rider,Bicycle,BIC-62834,2024-07-09,4.84,active,Bashundhara,33,19,586,2026-03-08T16:51:38+06:00,2026-08-08T20:11:49+06:00
815,USR076,+8801476348350,Sadia Karim,FDI0000816,2026-03-07T15:23:49+06:00,Foodi Demo Kitchen 01,Bangla,Khilgaon,23.753464,90.43105,1794,cash,delivered,2026-03-07T17:13:49+06:00,True,Foodi,FDI-RDR-007,Shakil Sarker,8801645088972,delivery_rider,Bike,Dhaka-Metro-LA-51-7903,2024-11-22,4.89,active,Khilgaon,63,46,238,2026-02-12T07:27:28+06:00,2026-08-08T00:12:25+06:00
816,USR076,+8801476348350,Sadia Karim,FDI0000817,2026-03-08T08:11:52+06:00,Foodi Demo Kitchen 08,Kebab,Wari,23.723784,90.4181,522,card,refunded,2026-03-08T10:15:52+06:00,True,Foodi,FDI-RDR-018,Mehedi Karim,8801825989091,delivery_rider,Bicycle,BIC-77242,2025-01-08,4.35,active,Wari,63,40,1814,2026-02-12T18:32:46+06:00,2026-08-04T04:32:17+06:00
817,USR076,+8801476348350,Sadia Karim,FDI0000818,2026-07-01T23:44:48+06:00,Foodi Demo Kitchen 08,Kebab,Bashundhara,23.817801,90.422387,533,cash,cancelled,2026-07-02T02:46:48+06:00,True,Foodi,FDI-RDR-021,Habib Khan,8801640944989,delivery_rider,Bicycle,BIC-62834,2024-07-09,4.84,active,Bashundhara,33,19,586,2026-03-08T16:51:38+06:00,2026-08-08T20:11:49+06:00
818,USR076,+8801476348350,Sadia Karim,FDI0000819,2026-07-07T13:38:41+06:00,Foodi Demo Kitchen 03,Biryani,Mohammadpur,23.763859,90.352737,583,mobile_wallet,delivered,2026-07-07T14:21:41+06:00,True,Foodi,FDI-RDR-010,Shuvo Kabir,8801941100059,delivery_rider,Bike,Dhaka-Metro-LA-31-8053,2024-10-07,4.30,active,Mohammadpur,59,37,808,2026-02-11T13:16:22+06:00,2026-08-10T20:09:48+06:00
819,USR076,+8801476348350,Sadia Karim,FDI0000820,2026-07-12T17:46:06+06:00,Foodi Demo Kitchen 06,Burgers,Tejgaon,23.762456,90.392418,843,cash,refunded,2026-07-12T21:11:06+06:00,True,Foodi,FDI-RDR-016,Noman Mollah,8801385740882,delivery_rider,Bike,Dhaka-Metro-LA-22-3253,2025-12-03,4.49,active,Tejgaon,49,28,819,2026-02-13T23:12:09+06:00,2026-08-05T05:30:47+06:00
820,USR077,+8801430135102,Mehedi Mahmud,FDI0000821,2026-02-23T17:45:35+06:00,Foodi Demo Kitchen 05,Pizza,Motijheel,23.73921,90.424903,1768,cash,delivered,2026-02-23T21:05:35+06:00,True,Foodi,FDI-RDR-011,Mahmud Hasan,8801546275934,delivery_rider,Bike,Dhaka-Metro-LA-42-9695,2024-01-04,4.61,active,Motijheel,44,30,774,2026-02-12T09:24:57+06:00,2026-08-10T17:38:53+06:00
821,USR077,+8801430135102,Mehedi Mahmud,FDI0000822,2026-05-28T21:29:23+06:00,Foodi Demo Kitchen 03,Biryani,Mohakhali,23.780338,90.401193,1604,mobile_wallet,cancelled,2026-05-28T22:10:23+06:00,True,Foodi,FDI-RDR-009,Mahmud Ali,8801453596488,delivery_rider,Bike,Dhaka-Metro-LA-50-1637,2024-06-25,4.64,active,Mohakhali,67,33,309,2026-02-10T09:51:53+06:00,2026-08-10T22:36:11+06:00
822,USR077,+8801430135102,Mehedi Mahmud,FDI0000823,2026-03-06T05:51:46+06:00,Foodi Demo Kitchen 06,Burgers,Wari,23.716119,90.417611,1089,mobile_wallet,refunded,2026-03-06T08:14:46+06:00,True,Foodi,FDI-RDR-018,Mehedi Karim,8801825989091,delivery_rider,Bicycle,BIC-77242,2025-01-08,4.35,active,Wari,63,40,1814,2026-02-12T18:32:46+06:00,2026-08-04T04:32:17+06:00
823,USR077,+8801430135102,Mehedi Mahmud,FDI0000824,2026-04-30T23:46:50+06:00,Foodi Demo Kitchen 07,Thai,Old Dhaka,23.716454,90.41581,977,mobile_wallet,delivered,2026-05-01T02:32:50+06:00,True,Foodi,FDI-RDR-012,Parvez Mollah,8801798672324,delivery_rider,Bike,Dhaka-Metro-LA-18-1627,2023-01-21,4.38,active,Old Dhaka,70,47,563,2026-02-10T12:20:28+06:00,2026-08-08T06:41:21+06:00
824,USR077,+8801430135102,Mehedi Mahmud,FDI0000825,2026-03-31T10:56:40+06:00,Foodi Demo Kitchen 04,Cafe,Mohammadpur,23.763833,90.355006,1665,card,delivered,2026-03-31T12:30:40+06:00,True,Foodi,FDI-RDR-010,Shuvo Kabir,8801941100059,delivery_rider,Bike,Dhaka-Metro-LA-31-8053,2024-10-07,4.30,active,Mohammadpur,59,37,808,2026-02-11T13:16:22+06:00,2026-08-10T20:09:48+06:00
825,USR077,+8801430135102,Mehedi Mahmud,FDI0000826,2026-06-28T19:00:24+06:00,Foodi Demo Kitchen 03,Biryani,Farmgate,23.75262,90.394349,1614,cash,cancelled,2026-06-28T21:35:24+06:00,True,Foodi,FDI-RDR-005,Nayeem Sheikh,8801743750117,delivery_rider,Bike,Dhaka-Metro-LA-11-2234,2025-12-12,4.45,active,Farmgate,28,19,703,2026-02-14T20:09:21+06:00,2026-07-11T22:41:13+06:00
826,USR077,+8801430135102,Mehedi Mahmud,FDI0000827,2026-05-21T17:50:47+06:00,Foodi Demo Kitchen 03,Biryani,Shyamoli,23.771876,90.362591,1538,mobile_wallet,delivered,2026-05-21T20:49:47+06:00,True,Foodi,FDI-RDR-015,Al Amin Ahmed,8801422934517,delivery_rider,Bike,Dhaka-Metro-LA-24-2387,2025-07-31,4.60,active,Shyamoli,43,20,343,2026-02-15T20:41:46+06:00,2026-08-10T01:54:52+06:00
827,USR077,+8801430135102,Mehedi Mahmud,FDI0000828,2026-04-24T19:58:53+06:00,Foodi Demo Kitchen 05,Pizza,Shyamoli,23.7715,90.363169,1508,cash,refunded,2026-04-24T21:59:53+06:00,True,Foodi,FDI-RDR-015,Al Amin Ahmed,8801422934517,delivery_rider,Bike,Dhaka-Metro-LA-24-2387,2025-07-31,4.60,active,Shyamoli,43,20,343,2026-02-15T20:41:46+06:00,2026-08-10T01:54:52+06:00
828,USR077,+8801430135102,Mehedi Mahmud,FDI0000829,2026-04-12T20:50:52+06:00,Foodi Demo Kitchen 03,Biryani,Rampura,23.763446,90.420865,1588,card,delivered,2026-04-12T23:47:52+06:00,True,Foodi,FDI-RDR-014,Sabbir Ahmed,8801739856270,delivery_rider,Bike,Dhaka-Metro-LA-13-2488,2024-03-05,4.91,active,Rampura,71,47,1187,2026-02-10T02:57:10+06:00,2026-08-07T14:03:06+06:00
829,USR077,+8801430135102,Mehedi Mahmud,FDI0000830,2026-07-05T18:21:26+06:00,Foodi Demo Kitchen 04,Cafe,Mohakhali,23.776325,90.395104,550,cash,cancelled,2026-07-05T19:29:26+06:00,True,Foodi,FDI-RDR-009,Mahmud Ali,8801453596488,delivery_rider,Bike,Dhaka-Metro-LA-50-1637,2024-06-25,4.64,active,Mohakhali,67,33,309,2026-02-10T09:51:53+06:00,2026-08-10T22:36:11+06:00
830,USR077,+8801430135102,Mehedi Mahmud,FDI0000831,2026-06-26T12:52:15+06:00,Foodi Demo Kitchen 07,Thai,Mohammadpur,23.771626,90.355558,426,cash,cancelled,2026-06-26T16:20:15+06:00,True,Foodi,FDI-RDR-010,Shuvo Kabir,8801941100059,delivery_rider,Bike,Dhaka-Metro-LA-31-8053,2024-10-07,4.30,active,Mohammadpur,59,37,808,2026-02-11T13:16:22+06:00,2026-08-10T20:09:48+06:00
831,USR077,+8801430135102,Mehedi Mahmud,FDI0000832,2026-07-12T12:07:33+06:00,Foodi Demo Kitchen 07,Thai,Bashundhara,23.822406,90.432928,1645,card,refunded,2026-07-12T13:29:33+06:00,True,Foodi,FDI-RDR-021,Habib Khan,8801640944989,delivery_rider,Bicycle,BIC-62834,2024-07-09,4.84,active,Bashundhara,33,19,586,2026-03-08T16:51:38+06:00,2026-08-08T20:11:49+06:00
832,USR078,+8801368603970,Nadia Mahmud,FDI0000833,2026-03-31T20:03:41+06:00,Foodi Demo Kitchen 07,Thai,Dhanmondi,23.75282,90.373129,641,cash,delivered,2026-03-31T23:18:41+06:00,True,Foodi,FDI-RDR-022,Habib Chowdhury,8801384916196,delivery_rider,Bike,Dhaka-Metro-LA-46-4315,2024-05-20,4.33,active,Dhanmondi,27,18,197,2026-02-12T07:13:30+06:00,2026-08-05T01:26:05+06:00
833,USR078,+8801368603970,Nadia Mahmud,FDI0000834,2026-04-25T23:33:53+06:00,Foodi Demo Kitchen 08,Kebab,Old Dhaka,23.7021,90.41636,856,mobile_wallet,delivered,2026-04-26T02:50:53+06:00,True,Foodi,FDI-RDR-012,Parvez Mollah,8801798672324,delivery_rider,Bike,Dhaka-Metro-LA-18-1627,2023-01-21,4.38,active,Old Dhaka,70,47,563,2026-02-10T12:20:28+06:00,2026-08-08T06:41:21+06:00
834,USR078,+8801368603970,Nadia Mahmud,FDI0000835,2026-06-01T05:34:13+06:00,Foodi Demo Kitchen 06,Burgers,Banani,23.793493,90.402608,1299,card,delivered,2026-06-01T07:57:13+06:00,True,Foodi,FDI-RDR-020,Rakib Hasan,8801703040974,delivery_rider,Bike,Dhaka-Metro-LA-11-8668,2025-06-15,4.73,active,Banani,34,25,770,2026-02-15T15:29:27+06:00,2026-08-02T04:28:06+06:00
835,USR078,+8801368603970,Nadia Mahmud,FDI0000836,2026-07-09T14:44:25+06:00,Foodi Demo Kitchen 04,Cafe,Old Dhaka,23.713076,90.404328,1767,mobile_wallet,delivered,2026-07-09T18:22:25+06:00,True,Foodi,FDI-RDR-012,Parvez Mollah,8801798672324,delivery_rider,Bike,Dhaka-Metro-LA-18-1627,2023-01-21,4.38,active,Old Dhaka,70,47,563,2026-02-10T12:20:28+06:00,2026-08-08T06:41:21+06:00
836,USR078,+8801368603970,Nadia Mahmud,FDI0000837,2026-02-14T20:09:21+06:00,Foodi Demo Kitchen 02,Fast Food,Farmgate,23.758658,90.397759,812,mobile_wallet,delivered,2026-02-14T21:57:21+06:00,True,Foodi,FDI-RDR-005,Nayeem Sheikh,8801743750117,delivery_rider,Bike,Dhaka-Metro-LA-11-2234,2025-12-12,4.45,active,Farmgate,28,19,703,2026-02-14T20:09:21+06:00,2026-07-11T22:41:13+06:00
837,USR078,+8801368603970,Nadia Mahmud,FDI0000838,2026-08-01T00:51:25+06:00,Foodi Demo Kitchen 07,Thai,Wari,23.730356,90.422991,807,mobile_wallet,refunded,2026-08-01T02:57:25+06:00,True,Foodi,FDI-RDR-018,Mehedi Karim,8801825989091,delivery_rider,Bicycle,BIC-77242,2025-01-08,4.35,active,Wari,63,40,1814,2026-02-12T18:32:46+06:00,2026-08-04T04:32:17+06:00
838,USR078,+8801368603970,Nadia Mahmud,FDI0000839,2026-04-29T19:39:00+06:00,Foodi Demo Kitchen 05,Pizza,Mohakhali,23.781304,90.402238,1044,mobile_wallet,refunded,2026-04-29T21:02:00+06:00,True,Foodi,FDI-RDR-009,Mahmud Ali,8801453596488,delivery_rider,Bike,Dhaka-Metro-LA-50-1637,2024-06-25,4.64,active,Mohakhali,67,33,309,2026-02-10T09:51:53+06:00,2026-08-10T22:36:11+06:00
839,USR078,+8801368603970,Nadia Mahmud,FDI0000840,2026-02-28T16:20:17+06:00,Foodi Demo Kitchen 07,Thai,Old Dhaka,23.708798,90.399511,885,card,refunded,2026-02-28T17:20:17+06:00,True,Foodi,FDI-RDR-012,Parvez Mollah,8801798672324,delivery_rider,Bike,Dhaka-Metro-LA-18-1627,2023-01-21,4.38,active,Old Dhaka,70,47,563,2026-02-10T12:20:28+06:00,2026-08-08T06:41:21+06:00
840,USR078,+8801368603970,Nadia Mahmud,FDI0000841,2026-04-15T12:34:32+06:00,Foodi Demo Kitchen 03,Biryani,Wari,23.72871,90.416409,849,card,cancelled,2026-04-15T15:18:32+06:00,True,Foodi,FDI-RDR-018,Mehedi Karim,8801825989091,delivery_rider,Bicycle,BIC-77242,2025-01-08,4.35,active,Wari,63,40,1814,2026-02-12T18:32:46+06:00,2026-08-04T04:32:17+06:00
841,USR078,+8801368603970,Nadia Mahmud,FDI0000842,2026-04-05T11:48:44+06:00,Foodi Demo Kitchen 02,Fast Food,Wari,23.722463,90.426223,1432,cash,delivered,2026-04-05T13:16:44+06:00,True,Foodi,FDI-RDR-018,Mehedi Karim,8801825989091,delivery_rider,Bicycle,BIC-77242,2025-01-08,4.35,active,Wari,63,40,1814,2026-02-12T18:32:46+06:00,2026-08-04T04:32:17+06:00
842,USR079,+8801765164695,Jannat Akter,FDI0000843,2026-03-04T02:13:25+06:00,Foodi Demo Kitchen 03,Biryani,Shyamoli,23.771321,90.356535,1693,cash,refunded,2026-03-04T05:49:25+06:00,True,Foodi,FDI-RDR-015,Al Amin Ahmed,8801422934517,delivery_rider,Bike,Dhaka-Metro-LA-24-2387,2025-07-31,4.60,active,Shyamoli,43,20,343,2026-02-15T20:41:46+06:00,2026-08-10T01:54:52+06:00
843,USR079,+8801765164695,Jannat Akter,FDI0000844,2026-07-28T08:38:44+06:00,Foodi Demo Kitchen 08,Kebab,Motijheel,23.725536,90.408854,1242,cash,refunded,2026-07-28T11:49:44+06:00,True,Foodi,FDI-RDR-011,Mahmud Hasan,8801546275934,delivery_rider,Bike,Dhaka-Metro-LA-42-9695,2024-01-04,4.61,active,Motijheel,44,30,774,2026-02-12T09:24:57+06:00,2026-08-10T17:38:53+06:00
844,USR079,+8801765164695,Jannat Akter,FDI0000845,2026-05-04T16:28:47+06:00,Foodi Demo Kitchen 05,Pizza,Gulshan,23.800092,90.411554,1105,cash,cancelled,2026-05-04T18:02:47+06:00,True,Foodi,FDI-RDR-006,Hasan Mahmud,8801309144811,delivery_rider,Bike,Dhaka-Metro-LA-24-6061,2023-05-09,4.71,active,Gulshan,53,31,1075,2026-02-11T04:00:15+06:00,2026-08-05T08:02:50+06:00
845,USR079,+8801765164695,Jannat Akter,FDI0000846,2026-05-14T12:02:09+06:00,Foodi Demo Kitchen 08,Kebab,Mohammadpur,23.760404,90.36656,1581,cash,delivered,2026-05-14T12:47:09+06:00,True,Foodi,FDI-RDR-010,Shuvo Kabir,8801941100059,delivery_rider,Bike,Dhaka-Metro-LA-31-8053,2024-10-07,4.30,active,Mohammadpur,59,37,808,2026-02-11T13:16:22+06:00,2026-08-10T20:09:48+06:00
846,USR079,+8801765164695,Jannat Akter,FDI0000847,2026-05-01T05:19:38+06:00,Foodi Demo Kitchen 04,Cafe,Mirpur,23.813626,90.359439,232,mobile_wallet,refunded,2026-05-01T05:59:38+06:00,True,Foodi,FDI-RDR-008,Al Amin Mahmud,8801773840158,delivery_rider,Bike,Dhaka-Metro-LA-16-1506,2024-12-21,4.88,active,Mirpur,55,38,553,2026-02-10T07:25:37+06:00,2026-08-10T06:22:54+06:00
847,USR079,+8801765164695,Jannat Akter,FDI0000848,2026-02-27T06:55:11+06:00,Foodi Demo Kitchen 04,Cafe,Bashundhara,23.807214,90.430345,1737,mobile_wallet,delivered,2026-02-27T09:35:11+06:00,True,Foodi,FDI-RDR-003,Rasel Rahman,8801991735857,delivery_rider,Bike,Dhaka-Metro-LA-25-1024,2025-03-30,4.27,active,Bashundhara,27,16,1021,2026-02-24T21:14:45+06:00,2026-08-07T13:05:52+06:00
848,USR079,+8801765164695,Jannat Akter,FDI0000849,2026-07-14T17:48:56+06:00,Foodi Demo Kitchen 06,Burgers,Badda,23.777777,90.420087,488,mobile_wallet,delivered,2026-07-14T18:50:56+06:00,True,Foodi,FDI-RDR-001,Nahid Ali,8801862610128,delivery_rider,Bike,Dhaka-Metro-LA-30-5508,2024-10-09,4.84,active,Badda,24,15,971,2026-02-13T19:01:33+06:00,2026-07-28T10:35:20+06:00
849,USR079,+8801765164695,Jannat Akter,FDI0000850,2026-07-21T04:25:50+06:00,Foodi Demo Kitchen 05,Pizza,Bashundhara,23.821121,90.433636,1295,mobile_wallet,cancelled,2026-07-21T08:00:50+06:00,True,Foodi,FDI-RDR-021,Habib Khan,8801640944989,delivery_rider,Bicycle,BIC-62834,2024-07-09,4.84,active,Bashundhara,33,19,586,2026-03-08T16:51:38+06:00,2026-08-08T20:11:49+06:00
850,USR079,+8801765164695,Jannat Akter,FDI0000851,2026-06-01T23:12:28+06:00,Foodi Demo Kitchen 03,Biryani,Badda,23.775443,90.429496,1779,mobile_wallet,delivered,2026-06-02T02:25:28+06:00,True,Foodi,FDI-RDR-001,Nahid Ali,8801862610128,delivery_rider,Bike,Dhaka-Metro-LA-30-5508,2024-10-09,4.84,active,Badda,24,15,971,2026-02-13T19:01:33+06:00,2026-07-28T10:35:20+06:00
851,USR079,+8801765164695,Jannat Akter,FDI0000852,2026-05-27T04:06:21+06:00,Foodi Demo Kitchen 07,Thai,Old Dhaka,23.706497,90.400473,1116,cash,delivered,2026-05-27T06:14:21+06:00,True,Foodi,FDI-RDR-012,Parvez Mollah,8801798672324,delivery_rider,Bike,Dhaka-Metro-LA-18-1627,2023-01-21,4.38,active,Old Dhaka,70,47,563,2026-02-10T12:20:28+06:00,2026-08-08T06:41:21+06:00
852,USR080,+8801798484581,Nadia Ahmed,FDI0000853,2026-05-12T18:25:21+06:00,Foodi Demo Kitchen 01,Bangla,Badda,23.774387,90.421894,1546,card,cancelled,2026-05-12T19:20:21+06:00,True,Foodi,FDI-RDR-001,Nahid Ali,8801862610128,delivery_rider,Bike,Dhaka-Metro-LA-30-5508,2024-10-09,4.84,active,Badda,24,15,971,2026-02-13T19:01:33+06:00,2026-07-28T10:35:20+06:00
853,USR080,+8801798484581,Nadia Ahmed,FDI0000854,2026-05-05T07:43:20+06:00,Foodi Demo Kitchen 02,Fast Food,Mohakhali,23.783051,90.393633,852,card,delivered,2026-05-05T10:10:20+06:00,True,Foodi,FDI-RDR-009,Mahmud Ali,8801453596488,delivery_rider,Bike,Dhaka-Metro-LA-50-1637,2024-06-25,4.64,active,Mohakhali,67,33,309,2026-02-10T09:51:53+06:00,2026-08-10T22:36:11+06:00
854,USR080,+8801798484581,Nadia Ahmed,FDI0000855,2026-05-06T05:22:47+06:00,Foodi Demo Kitchen 05,Pizza,Dhanmondi,23.738573,90.370191,1189,cash,delivered,2026-05-06T07:05:47+06:00,True,Foodi,FDI-RDR-022,Habib Chowdhury,8801384916196,delivery_rider,Bike,Dhaka-Metro-LA-46-4315,2024-05-20,4.33,active,Dhanmondi,27,18,197,2026-02-12T07:13:30+06:00,2026-08-05T01:26:05+06:00
855,USR080,+8801798484581,Nadia Ahmed,FDI0000856,2026-06-17T05:37:51+06:00,Foodi Demo Kitchen 08,Kebab,Mohakhali,23.775247,90.408506,1062,mobile_wallet,cancelled,2026-06-17T08:41:51+06:00,True,Foodi,FDI-RDR-009,Mahmud Ali,8801453596488,delivery_rider,Bike,Dhaka-Metro-LA-50-1637,2024-06-25,4.64,active,Mohakhali,67,33,309,2026-02-10T09:51:53+06:00,2026-08-10T22:36:11+06:00
856,USR080,+8801798484581,Nadia Ahmed,FDI0000857,2026-05-14T04:14:44+06:00,Foodi Demo Kitchen 06,Burgers,Shyamoli,23.766614,90.371623,760,cash,delivered,2026-05-14T07:31:44+06:00,True,Foodi,FDI-RDR-015,Al Amin Ahmed,8801422934517,delivery_rider,Bike,Dhaka-Metro-LA-24-2387,2025-07-31,4.60,active,Shyamoli,43,20,343,2026-02-15T20:41:46+06:00,2026-08-10T01:54:52+06:00
857,USR080,+8801798484581,Nadia Ahmed,FDI0000858,2026-03-30T11:50:16+06:00,Foodi Demo Kitchen 08,Kebab,Uttara,23.869636,90.380551,1264,mobile_wallet,delivered,2026-03-30T14:28:16+06:00,True,Foodi,FDI-RDR-017,Tuhin Kabir,8801437966170,delivery_rider,Bike,Dhaka-Metro-LA-31-7414,2026-03-12,4.47,active,Uttara,56,36,899,2026-02-12T19:30:05+06:00,2026-08-02T10:56:53+06:00
858,USR080,+8801798484581,Nadia Ahmed,FDI0000859,2026-02-17T17:34:39+06:00,Foodi Demo Kitchen 03,Biryani,Mirpur,23.814899,90.370085,248,mobile_wallet,delivered,2026-02-17T18:20:39+06:00,True,Foodi,FDI-RDR-008,Al Amin Mahmud,8801773840158,delivery_rider,Bike,Dhaka-Metro-LA-16-1506,2024-12-21,4.88,active,Mirpur,55,38,553,2026-02-10T07:25:37+06:00,2026-08-10T06:22:54+06:00
859,USR080,+8801798484581,Nadia Ahmed,FDI0000860,2026-05-18T05:04:24+06:00,Foodi Demo Kitchen 06,Burgers,Bashundhara,23.818638,90.420122,231,card,cancelled,2026-05-18T07:15:24+06:00,True,Foodi,FDI-RDR-021,Habib Khan,8801640944989,delivery_rider,Bicycle,BIC-62834,2024-07-09,4.84,active,Bashundhara,33,19,586,2026-03-08T16:51:38+06:00,2026-08-08T20:11:49+06:00
860,USR081,+8801824517956,Shihab Kabir,FDI0000861,2026-02-24T07:19:35+06:00,Foodi Demo Kitchen 01,Bangla,Mohammadpur,23.776186,90.35538,866,cash,delivered,2026-02-24T08:52:35+06:00,True,Foodi,FDI-RDR-010,Shuvo Kabir,8801941100059,delivery_rider,Bike,Dhaka-Metro-LA-31-8053,2024-10-07,4.30,active,Mohammadpur,59,37,808,2026-02-11T13:16:22+06:00,2026-08-10T20:09:48+06:00
861,USR081,+8801824517956,Shihab Kabir,FDI0000862,2026-02-13T11:54:47+06:00,Foodi Demo Kitchen 08,Kebab,Gulshan,23.790378,90.398983,501,mobile_wallet,cancelled,2026-02-13T15:21:47+06:00,True,Foodi,FDI-RDR-006,Hasan Mahmud,8801309144811,delivery_rider,Bike,Dhaka-Metro-LA-24-6061,2023-05-09,4.71,active,Gulshan,53,31,1075,2026-02-11T04:00:15+06:00,2026-08-05T08:02:50+06:00
862,USR081,+8801824517956,Shihab Kabir,FDI0000863,2026-02-25T15:41:38+06:00,Foodi Demo Kitchen 04,Cafe,Khilgaon,23.741656,90.420551,1080,card,refunded,2026-02-25T16:41:38+06:00,True,Foodi,FDI-RDR-007,Shakil Sarker,8801645088972,delivery_rider,Bike,Dhaka-Metro-LA-51-7903,2024-11-22,4.89,active,Khilgaon,63,46,238,2026-02-12T07:27:28+06:00,2026-08-08T00:12:25+06:00
863,USR081,+8801824517956,Shihab Kabir,FDI0000864,2026-06-08T11:19:09+06:00,Foodi Demo Kitchen 08,Kebab,Mohakhali,23.774898,90.407492,1177,mobile_wallet,cancelled,2026-06-08T12:57:09+06:00,True,Foodi,FDI-RDR-009,Mahmud Ali,8801453596488,delivery_rider,Bike,Dhaka-Metro-LA-50-1637,2024-06-25,4.64,active,Mohakhali,67,33,309,2026-02-10T09:51:53+06:00,2026-08-10T22:36:11+06:00
864,USR081,+8801824517956,Shihab Kabir,FDI0000865,2026-05-02T01:27:43+06:00,Foodi Demo Kitchen 03,Biryani,Dhanmondi,23.752281,90.371412,930,mobile_wallet,refunded,2026-05-02T03:15:43+06:00,True,Foodi,FDI-RDR-004,Arif Mahmud,8801854692697,delivery_rider,Bike,Dhaka-Metro-LA-31-2968,2025-07-12,4.47,active,Dhanmondi,34,22,1435,2026-02-20T13:46:59+06:00,2026-08-05T20:00:40+06:00
865,USR081,+8801824517956,Shihab Kabir,FDI0000866,2026-05-07T12:15:14+06:00,Foodi Demo Kitchen 07,Thai,Shyamoli,23.782357,90.371757,1609,card,delivered,2026-05-07T15:16:14+06:00,True,Foodi,FDI-RDR-015,Al Amin Ahmed,8801422934517,delivery_rider,Bike,Dhaka-Metro-LA-24-2387,2025-07-31,4.60,active,Shyamoli,43,20,343,2026-02-15T20:41:46+06:00,2026-08-10T01:54:52+06:00
866,USR081,+8801824517956,Shihab Kabir,FDI0000867,2026-07-08T22:37:57+06:00,Foodi Demo Kitchen 07,Thai,Badda,23.77419,90.435581,698,card,cancelled,2026-07-08T23:45:57+06:00,True,Foodi,FDI-RDR-019,Imran Khan,8801655026262,delivery_rider,Bike,Dhaka-Metro-LA-31-3687,2024-04-05,4.91,active,Badda,37,23,1569,2026-02-24T06:56:48+06:00,2026-08-06T06:15:06+06:00
867,USR081,+8801824517956,Shihab Kabir,FDI0000868,2026-05-21T00:36:13+06:00,Foodi Demo Kitchen 04,Cafe,Mirpur,23.825954,90.360796,441,cash,delivered,2026-05-21T03:39:13+06:00,True,Foodi,FDI-RDR-008,Al Amin Mahmud,8801773840158,delivery_rider,Bike,Dhaka-Metro-LA-16-1506,2024-12-21,4.88,active,Mirpur,55,38,553,2026-02-10T07:25:37+06:00,2026-08-10T06:22:54+06:00
868,USR081,+8801824517956,Shihab Kabir,FDI0000869,2026-03-12T18:07:46+06:00,Foodi Demo Kitchen 03,Biryani,Wari,23.720655,90.423106,299,mobile_wallet,cancelled,2026-03-12T19:07:46+06:00,True,Foodi,FDI-RDR-018,Mehedi Karim,8801825989091,delivery_rider,Bicycle,BIC-77242,2025-01-08,4.35,active,Wari,63,40,1814,2026-02-12T18:32:46+06:00,2026-08-04T04:32:17+06:00
869,USR081,+8801824517956,Shihab Kabir,FDI0000870,2026-07-06T23:22:22+06:00,Foodi Demo Kitchen 05,Pizza,Old Dhaka,23.707617,90.399517,1109,card,cancelled,2026-07-07T02:37:22+06:00,True,Foodi,FDI-RDR-012,Parvez Mollah,8801798672324,delivery_rider,Bike,Dhaka-Metro-LA-18-1627,2023-01-21,4.38,active,Old Dhaka,70,47,563,2026-02-10T12:20:28+06:00,2026-08-08T06:41:21+06:00
870,USR081,+8801824517956,Shihab Kabir,FDI0000871,2026-04-30T21:31:20+06:00,Foodi Demo Kitchen 05,Pizza,Motijheel,23.734842,90.413599,595,mobile_wallet,delivered,2026-04-30T22:14:20+06:00,True,Foodi,FDI-RDR-011,Mahmud Hasan,8801546275934,delivery_rider,Bike,Dhaka-Metro-LA-42-9695,2024-01-04,4.61,active,Motijheel,44,30,774,2026-02-12T09:24:57+06:00,2026-08-10T17:38:53+06:00
871,USR082,+8801794496492,Ridwan Rahman,FDI0000872,2026-05-15T20:17:49+06:00,Foodi Demo Kitchen 04,Cafe,Shyamoli,23.772808,90.367133,480,cash,delivered,2026-05-15T23:25:49+06:00,True,Foodi,FDI-RDR-015,Al Amin Ahmed,8801422934517,delivery_rider,Bike,Dhaka-Metro-LA-24-2387,2025-07-31,4.60,active,Shyamoli,43,20,343,2026-02-15T20:41:46+06:00,2026-08-10T01:54:52+06:00
872,USR082,+8801794496492,Ridwan Rahman,FDI0000873,2026-03-01T21:30:29+06:00,Foodi Demo Kitchen 03,Biryani,Farmgate,23.758047,90.39001,1385,cash,refunded,2026-03-01T22:27:29+06:00,True,Foodi,FDI-RDR-023,Shahadat Hasan,8801754954467,delivery_rider,Bike,Dhaka-Metro-LA-51-6371,2025-12-07,4.56,active,Farmgate,36,23,1181,2026-02-18T00:50:59+06:00,2026-08-06T11:04:59+06:00
873,USR082,+8801794496492,Ridwan Rahman,FDI0000874,2026-02-28T09:01:42+06:00,Foodi Demo Kitchen 05,Pizza,Rampura,23.765455,90.414898,319,card,delivered,2026-02-28T10:44:42+06:00,True,Foodi,FDI-RDR-014,Sabbir Ahmed,8801739856270,delivery_rider,Bike,Dhaka-Metro-LA-13-2488,2024-03-05,4.91,active,Rampura,71,47,1187,2026-02-10T02:57:10+06:00,2026-08-07T14:03:06+06:00
874,USR082,+8801794496492,Ridwan Rahman,FDI0000875,2026-04-30T06:41:02+06:00,Foodi Demo Kitchen 08,Kebab,Bashundhara,23.813122,90.43245,317,mobile_wallet,delivered,2026-04-30T09:20:02+06:00,True,Foodi,FDI-RDR-003,Rasel Rahman,8801991735857,delivery_rider,Bike,Dhaka-Metro-LA-25-1024,2025-03-30,4.27,active,Bashundhara,27,16,1021,2026-02-24T21:14:45+06:00,2026-08-07T13:05:52+06:00
875,USR082,+8801794496492,Ridwan Rahman,FDI0000876,2026-07-24T12:04:39+06:00,Foodi Demo Kitchen 04,Cafe,Farmgate,23.756606,90.396461,337,card,delivered,2026-07-24T13:32:39+06:00,True,Foodi,FDI-RDR-023,Shahadat Hasan,8801754954467,delivery_rider,Bike,Dhaka-Metro-LA-51-6371,2025-12-07,4.56,active,Farmgate,36,23,1181,2026-02-18T00:50:59+06:00,2026-08-06T11:04:59+06:00
876,USR082,+8801794496492,Ridwan Rahman,FDI0000877,2026-06-30T00:17:46+06:00,Foodi Demo Kitchen 06,Burgers,Motijheel,23.738423,90.412167,1090,mobile_wallet,refunded,2026-06-30T02:46:46+06:00,True,Foodi,FDI-RDR-011,Mahmud Hasan,8801546275934,delivery_rider,Bike,Dhaka-Metro-LA-42-9695,2024-01-04,4.61,active,Motijheel,44,30,774,2026-02-12T09:24:57+06:00,2026-08-10T17:38:53+06:00
877,USR082,+8801794496492,Ridwan Rahman,FDI0000878,2026-08-03T10:20:56+06:00,Foodi Demo Kitchen 01,Bangla,Rampura,23.757965,90.42427,1351,mobile_wallet,delivered,2026-08-03T13:49:56+06:00,True,Foodi,FDI-RDR-014,Sabbir Ahmed,8801739856270,delivery_rider,Bike,Dhaka-Metro-LA-13-2488,2024-03-05,4.91,active,Rampura,71,47,1187,2026-02-10T02:57:10+06:00,2026-08-07T14:03:06+06:00
878,USR083,+8801699611372,Tanjim Hasan,FDI0000879,2026-04-25T15:28:21+06:00,Foodi Demo Kitchen 08,Kebab,Uttara,23.869029,90.379091,832,mobile_wallet,delivered,2026-04-25T18:57:21+06:00,True,Foodi,FDI-RDR-017,Tuhin Kabir,8801437966170,delivery_rider,Bike,Dhaka-Metro-LA-31-7414,2026-03-12,4.47,active,Uttara,56,36,899,2026-02-12T19:30:05+06:00,2026-08-02T10:56:53+06:00
879,USR083,+8801699611372,Tanjim Hasan,FDI0000880,2026-06-06T09:36:44+06:00,Foodi Demo Kitchen 08,Kebab,Farmgate,23.758273,90.389006,1196,mobile_wallet,delivered,2026-06-06T13:14:44+06:00,True,Foodi,FDI-RDR-005,Nayeem Sheikh,8801743750117,delivery_rider,Bike,Dhaka-Metro-LA-11-2234,2025-12-12,4.45,active,Farmgate,28,19,703,2026-02-14T20:09:21+06:00,2026-07-11T22:41:13+06:00
880,USR083,+8801699611372,Tanjim Hasan,FDI0000881,2026-03-12T10:06:01+06:00,Foodi Demo Kitchen 05,Pizza,Mohakhali,23.779847,90.392642,1274,cash,cancelled,2026-03-12T10:33:01+06:00,True,Foodi,FDI-RDR-009,Mahmud Ali,8801453596488,delivery_rider,Bike,Dhaka-Metro-LA-50-1637,2024-06-25,4.64,active,Mohakhali,67,33,309,2026-02-10T09:51:53+06:00,2026-08-10T22:36:11+06:00
881,USR083,+8801699611372,Tanjim Hasan,FDI0000882,2026-07-26T06:39:02+06:00,Foodi Demo Kitchen 03,Biryani,Motijheel,23.738022,90.417121,703,card,delivered,2026-07-26T07:58:02+06:00,True,Foodi,FDI-RDR-011,Mahmud Hasan,8801546275934,delivery_rider,Bike,Dhaka-Metro-LA-42-9695,2024-01-04,4.61,active,Motijheel,44,30,774,2026-02-12T09:24:57+06:00,2026-08-10T17:38:53+06:00
882,USR083,+8801699611372,Tanjim Hasan,FDI0000883,2026-06-01T01:59:33+06:00,Foodi Demo Kitchen 04,Cafe,Dhanmondi,23.737572,90.368942,443,mobile_wallet,delivered,2026-06-01T04:17:33+06:00,True,Foodi,FDI-RDR-022,Habib Chowdhury,8801384916196,delivery_rider,Bike,Dhaka-Metro-LA-46-4315,2024-05-20,4.33,active,Dhanmondi,27,18,197,2026-02-12T07:13:30+06:00,2026-08-05T01:26:05+06:00
883,USR083,+8801699611372,Tanjim Hasan,FDI0000884,2026-06-16T07:04:08+06:00,Foodi Demo Kitchen 01,Bangla,Khilgaon,23.748488,90.433039,592,mobile_wallet,delivered,2026-06-16T08:21:08+06:00,True,Foodi,FDI-RDR-007,Shakil Sarker,8801645088972,delivery_rider,Bike,Dhaka-Metro-LA-51-7903,2024-11-22,4.89,active,Khilgaon,63,46,238,2026-02-12T07:27:28+06:00,2026-08-08T00:12:25+06:00
884,USR083,+8801699611372,Tanjim Hasan,FDI0000885,2026-07-13T10:38:12+06:00,Foodi Demo Kitchen 02,Fast Food,Mohakhali,23.781898,90.403818,1792,card,cancelled,2026-07-13T14:00:12+06:00,True,Foodi,FDI-RDR-009,Mahmud Ali,8801453596488,delivery_rider,Bike,Dhaka-Metro-LA-50-1637,2024-06-25,4.64,active,Mohakhali,67,33,309,2026-02-10T09:51:53+06:00,2026-08-10T22:36:11+06:00
885,USR083,+8801699611372,Tanjim Hasan,FDI0000886,2026-05-24T00:10:45+06:00,Foodi Demo Kitchen 01,Bangla,Tejgaon,23.762681,90.389113,1048,mobile_wallet,delivered,2026-05-24T00:41:45+06:00,True,Foodi,FDI-RDR-016,Noman Mollah,8801385740882,delivery_rider,Bike,Dhaka-Metro-LA-22-3253,2025-12-03,4.49,active,Tejgaon,49,28,819,2026-02-13T23:12:09+06:00,2026-08-05T05:30:47+06:00
886,USR084,+8801991533353,Naim Ahmed,FDI0000887,2026-04-16T20:33:55+06:00,Foodi Demo Kitchen 05,Pizza,Wari,23.721802,90.425917,1686,card,cancelled,2026-04-16T21:23:55+06:00,True,Foodi,FDI-RDR-018,Mehedi Karim,8801825989091,delivery_rider,Bicycle,BIC-77242,2025-01-08,4.35,active,Wari,63,40,1814,2026-02-12T18:32:46+06:00,2026-08-04T04:32:17+06:00
887,USR084,+8801991533353,Naim Ahmed,FDI0000888,2026-05-08T08:38:11+06:00,Foodi Demo Kitchen 01,Bangla,Gulshan,23.801379,90.402327,1504,cash,cancelled,2026-05-08T12:03:11+06:00,True,Foodi,FDI-RDR-006,Hasan Mahmud,8801309144811,delivery_rider,Bike,Dhaka-Metro-LA-24-6061,2023-05-09,4.71,active,Gulshan,53,31,1075,2026-02-11T04:00:15+06:00,2026-08-05T08:02:50+06:00
888,USR084,+8801991533353,Naim Ahmed,FDI0000889,2026-05-19T03:43:31+06:00,Foodi Demo Kitchen 01,Bangla,Gulshan,23.797807,90.401965,1184,card,refunded,2026-05-19T04:20:31+06:00,True,Foodi,FDI-RDR-006,Hasan Mahmud,8801309144811,delivery_rider,Bike,Dhaka-Metro-LA-24-6061,2023-05-09,4.71,active,Gulshan,53,31,1075,2026-02-11T04:00:15+06:00,2026-08-05T08:02:50+06:00
889,USR084,+8801991533353,Naim Ahmed,FDI0000890,2026-08-05T06:55:28+06:00,Foodi Demo Kitchen 08,Kebab,Mohakhali,23.785066,90.402508,757,card,cancelled,2026-08-05T07:41:28+06:00,True,Foodi,FDI-RDR-009,Mahmud Ali,8801453596488,delivery_rider,Bike,Dhaka-Metro-LA-50-1637,2024-06-25,4.64,active,Mohakhali,67,33,309,2026-02-10T09:51:53+06:00,2026-08-10T22:36:11+06:00
890,USR084,+8801991533353,Naim Ahmed,FDI0000891,2026-02-21T04:11:29+06:00,Foodi Demo Kitchen 08,Kebab,Banani,23.787659,90.402814,1105,cash,delivered,2026-02-21T05:31:29+06:00,True,Foodi,FDI-RDR-020,Rakib Hasan,8801703040974,delivery_rider,Bike,Dhaka-Metro-LA-11-8668,2025-06-15,4.73,active,Banani,34,25,770,2026-02-15T15:29:27+06:00,2026-08-02T04:28:06+06:00
891,USR084,+8801991533353,Naim Ahmed,FDI0000892,2026-04-08T13:53:32+06:00,Foodi Demo Kitchen 03,Biryani,Wari,23.725515,90.414328,807,cash,delivered,2026-04-08T14:37:32+06:00,True,Foodi,FDI-RDR-018,Mehedi Karim,8801825989091,delivery_rider,Bicycle,BIC-77242,2025-01-08,4.35,active,Wari,63,40,1814,2026-02-12T18:32:46+06:00,2026-08-04T04:32:17+06:00
892,USR084,+8801991533353,Naim Ahmed,FDI0000893,2026-03-01T19:19:20+06:00,Foodi Demo Kitchen 02,Fast Food,Gulshan,23.800831,90.416631,1587,card,delivered,2026-03-01T20:09:20+06:00,True,Foodi,FDI-RDR-006,Hasan Mahmud,8801309144811,delivery_rider,Bike,Dhaka-Metro-LA-24-6061,2023-05-09,4.71,active,Gulshan,53,31,1075,2026-02-11T04:00:15+06:00,2026-08-05T08:02:50+06:00
893,USR084,+8801991533353,Naim Ahmed,FDI0000894,2026-04-25T13:59:30+06:00,Foodi Demo Kitchen 04,Cafe,Old Dhaka,23.712,90.398551,892,mobile_wallet,cancelled,2026-04-25T14:28:30+06:00,True,Foodi,FDI-RDR-012,Parvez Mollah,8801798672324,delivery_rider,Bike,Dhaka-Metro-LA-18-1627,2023-01-21,4.38,active,Old Dhaka,70,47,563,2026-02-10T12:20:28+06:00,2026-08-08T06:41:21+06:00
894,USR085,+8801306840379,Sumaiya Hasan,FDI0000895,2026-07-27T04:36:41+06:00,Foodi Demo Kitchen 08,Kebab,Pallabi,23.833265,90.370537,205,card,delivered,2026-07-27T06:03:41+06:00,True,Foodi,FDI-RDR-013,Sabbir Hossain,8801364196925,delivery_rider,Bike,Dhaka-Metro-LA-17-2602,2024-08-29,4.32,active,Pallabi,52,36,1655,2026-02-13T02:02:06+06:00,2026-08-06T19:24:26+06:00
895,USR085,+8801306840379,Sumaiya Hasan,FDI0000896,2026-05-05T04:02:11+06:00,Foodi Demo Kitchen 07,Thai,Banani,23.792746,90.412832,1576,mobile_wallet,cancelled,2026-05-05T04:26:11+06:00,True,Foodi,FDI-RDR-002,Rony Sarker,8801683501448,delivery_rider,Bike,Dhaka-Metro-LA-47-5838,2023-05-27,4.52,active,Banani,29,19,739,2026-02-13T16:48:02+06:00,2026-07-30T12:32:32+06:00
896,USR085,+8801306840379,Sumaiya Hasan,FDI0000897,2026-08-03T20:07:42+06:00,Foodi Demo Kitchen 05,Pizza,Khilgaon,23.752485,90.433149,1763,cash,delivered,2026-08-03T21:42:42+06:00,True,Foodi,FDI-RDR-007,Shakil Sarker,8801645088972,delivery_rider,Bike,Dhaka-Metro-LA-51-7903,2024-11-22,4.89,active,Khilgaon,63,46,238,2026-02-12T07:27:28+06:00,2026-08-08T00:12:25+06:00
897,USR085,+8801306840379,Sumaiya Hasan,FDI0000898,2026-05-14T08:44:55+06:00,Foodi Demo Kitchen 07,Thai,Bashundhara,23.811784,90.416871,617,card,cancelled,2026-05-14T11:41:55+06:00,True,Foodi,FDI-RDR-021,Habib Khan,8801640944989,delivery_rider,Bicycle,BIC-62834,2024-07-09,4.84,active,Bashundhara,33,19,586,2026-03-08T16:51:38+06:00,2026-08-08T20:11:49+06:00
898,USR085,+8801306840379,Sumaiya Hasan,FDI0000899,2026-06-24T13:57:33+06:00,Foodi Demo Kitchen 03,Biryani,Motijheel,23.727637,90.417956,230,card,delivered,2026-06-24T15:07:33+06:00,True,Foodi,FDI-RDR-011,Mahmud Hasan,8801546275934,delivery_rider,Bike,Dhaka-Metro-LA-42-9695,2024-01-04,4.61,active,Motijheel,44,30,774,2026-02-12T09:24:57+06:00,2026-08-10T17:38:53+06:00
899,USR085,+8801306840379,Sumaiya Hasan,FDI0000900,2026-03-29T16:10:41+06:00,Foodi Demo Kitchen 08,Kebab,Bashundhara,23.809462,90.42007,327,mobile_wallet,delivered,2026-03-29T16:55:41+06:00,True,Foodi,FDI-RDR-003,Rasel Rahman,8801991735857,delivery_rider,Bike,Dhaka-Metro-LA-25-1024,2025-03-30,4.27,active,Bashundhara,27,16,1021,2026-02-24T21:14:45+06:00,2026-08-07T13:05:52+06:00
900,USR085,+8801306840379,Sumaiya Hasan,FDI0000901,2026-08-08T08:49:33+06:00,Foodi Demo Kitchen 04,Cafe,Mohammadpur,23.76574,90.360582,1547,cash,refunded,2026-08-08T09:47:33+06:00,True,Foodi,FDI-RDR-010,Shuvo Kabir,8801941100059,delivery_rider,Bike,Dhaka-Metro-LA-31-8053,2024-10-07,4.30,active,Mohammadpur,59,37,808,2026-02-11T13:16:22+06:00,2026-08-10T20:09:48+06:00
901,USR085,+8801306840379,Sumaiya Hasan,FDI0000902,2026-03-26T19:23:37+06:00,Foodi Demo Kitchen 08,Kebab,Shyamoli,23.772166,90.366918,787,cash,cancelled,2026-03-26T20:37:37+06:00,True,Foodi,FDI-RDR-015,Al Amin Ahmed,8801422934517,delivery_rider,Bike,Dhaka-Metro-LA-24-2387,2025-07-31,4.60,active,Shyamoli,43,20,343,2026-02-15T20:41:46+06:00,2026-08-10T01:54:52+06:00
902,USR085,+8801306840379,Sumaiya Hasan,FDI0000903,2026-06-08T22:33:47+06:00,Foodi Demo Kitchen 02,Fast Food,Farmgate,23.762111,90.38927,494,cash,delivered,2026-06-09T00:45:47+06:00,True,Foodi,FDI-RDR-005,Nayeem Sheikh,8801743750117,delivery_rider,Bike,Dhaka-Metro-LA-11-2234,2025-12-12,4.45,active,Farmgate,28,19,703,2026-02-14T20:09:21+06:00,2026-07-11T22:41:13+06:00
903,USR085,+8801306840379,Sumaiya Hasan,FDI0000904,2026-03-11T12:26:43+06:00,Foodi Demo Kitchen 08,Kebab,Wari,23.717267,90.419343,658,card,delivered,2026-03-11T16:06:43+06:00,True,Foodi,FDI-RDR-018,Mehedi Karim,8801825989091,delivery_rider,Bicycle,BIC-77242,2025-01-08,4.35,active,Wari,63,40,1814,2026-02-12T18:32:46+06:00,2026-08-04T04:32:17+06:00
904,USR085,+8801306840379,Sumaiya Hasan,FDI0000905,2026-03-14T05:59:45+06:00,Foodi Demo Kitchen 05,Pizza,Banani,23.786005,90.408227,941,card,delivered,2026-03-14T07:21:45+06:00,True,Foodi,FDI-RDR-002,Rony Sarker,8801683501448,delivery_rider,Bike,Dhaka-Metro-LA-47-5838,2023-05-27,4.52,active,Banani,29,19,739,2026-02-13T16:48:02+06:00,2026-07-30T12:32:32+06:00
905,USR085,+8801306840379,Sumaiya Hasan,FDI0000906,2026-03-23T00:57:09+06:00,Foodi Demo Kitchen 08,Kebab,Badda,23.776851,90.435284,1227,mobile_wallet,delivered,2026-03-23T01:52:09+06:00,True,Foodi,FDI-RDR-019,Imran Khan,8801655026262,delivery_rider,Bike,Dhaka-Metro-LA-31-3687,2024-04-05,4.91,active,Badda,37,23,1569,2026-02-24T06:56:48+06:00,2026-08-06T06:15:06+06:00
906,USR085,+8801306840379,Sumaiya Hasan,FDI0000907,2026-06-20T14:27:24+06:00,Foodi Demo Kitchen 07,Thai,Khilgaon,23.745816,90.427455,277,card,delivered,2026-06-20T15:48:24+06:00,True,Foodi,FDI-RDR-007,Shakil Sarker,8801645088972,delivery_rider,Bike,Dhaka-Metro-LA-51-7903,2024-11-22,4.89,active,Khilgaon,63,46,238,2026-02-12T07:27:28+06:00,2026-08-08T00:12:25+06:00
907,USR085,+8801306840379,Sumaiya Hasan,FDI0000908,2026-04-01T02:49:33+06:00,Foodi Demo Kitchen 03,Biryani,Old Dhaka,23.710354,90.400438,274,mobile_wallet,delivered,2026-04-01T04:28:33+06:00,True,Foodi,FDI-RDR-012,Parvez Mollah,8801798672324,delivery_rider,Bike,Dhaka-Metro-LA-18-1627,2023-01-21,4.38,active,Old Dhaka,70,47,563,2026-02-10T12:20:28+06:00,2026-08-08T06:41:21+06:00
908,USR086,+8801639713895,Anika Akter,FDI0000909,2026-07-16T14:49:10+06:00,Foodi Demo Kitchen 05,Pizza,Khilgaon,23.755859,90.424821,1607,card,delivered,2026-07-16T17:18:10+06:00,True,Foodi,FDI-RDR-007,Shakil Sarker,8801645088972,delivery_rider,Bike,Dhaka-Metro-LA-51-7903,2024-11-22,4.89,active,Khilgaon,63,46,238,2026-02-12T07:27:28+06:00,2026-08-08T00:12:25+06:00
909,USR086,+8801639713895,Anika Akter,FDI0000910,2026-06-28T12:35:30+06:00,Foodi Demo Kitchen 08,Kebab,Dhanmondi,23.739413,90.37021,1697,mobile_wallet,delivered,2026-06-28T15:55:30+06:00,True,Foodi,FDI-RDR-004,Arif Mahmud,8801854692697,delivery_rider,Bike,Dhaka-Metro-LA-31-2968,2025-07-12,4.47,active,Dhanmondi,34,22,1435,2026-02-20T13:46:59+06:00,2026-08-05T20:00:40+06:00
910,USR086,+8801639713895,Anika Akter,FDI0000911,2026-08-04T16:39:53+06:00,Foodi Demo Kitchen 04,Cafe,Mohammadpur,23.774708,90.350965,506,cash,delivered,2026-08-04T19:37:53+06:00,True,Foodi,FDI-RDR-010,Shuvo Kabir,8801941100059,delivery_rider,Bike,Dhaka-Metro-LA-31-8053,2024-10-07,4.30,active,Mohammadpur,59,37,808,2026-02-11T13:16:22+06:00,2026-08-10T20:09:48+06:00
911,USR086,+8801639713895,Anika Akter,FDI0000912,2026-06-06T03:27:00+06:00,Foodi Demo Kitchen 08,Kebab,Uttara,23.883362,90.380748,378,mobile_wallet,delivered,2026-06-06T04:27:00+06:00,True,Foodi,FDI-RDR-017,Tuhin Kabir,8801437966170,delivery_rider,Bike,Dhaka-Metro-LA-31-7414,2026-03-12,4.47,active,Uttara,56,36,899,2026-02-12T19:30:05+06:00,2026-08-02T10:56:53+06:00
912,USR086,+8801639713895,Anika Akter,FDI0000913,2026-03-18T22:11:14+06:00,Foodi Demo Kitchen 07,Thai,Motijheel,23.74181,90.420168,1097,cash,delivered,2026-03-18T22:43:14+06:00,True,Foodi,FDI-RDR-011,Mahmud Hasan,8801546275934,delivery_rider,Bike,Dhaka-Metro-LA-42-9695,2024-01-04,4.61,active,Motijheel,44,30,774,2026-02-12T09:24:57+06:00,2026-08-10T17:38:53+06:00
913,USR086,+8801639713895,Anika Akter,FDI0000914,2026-02-13T02:19:00+06:00,Foodi Demo Kitchen 08,Kebab,Khilgaon,23.749226,90.428521,563,cash,cancelled,2026-02-13T02:55:00+06:00,True,Foodi,FDI-RDR-007,Shakil Sarker,8801645088972,delivery_rider,Bike,Dhaka-Metro-LA-51-7903,2024-11-22,4.89,active,Khilgaon,63,46,238,2026-02-12T07:27:28+06:00,2026-08-08T00:12:25+06:00
914,USR086,+8801639713895,Anika Akter,FDI0000915,2026-03-09T21:08:47+06:00,Foodi Demo Kitchen 05,Pizza,Farmgate,23.750177,90.38574,1560,card,delivered,2026-03-09T22:02:47+06:00,True,Foodi,FDI-RDR-023,Shahadat Hasan,8801754954467,delivery_rider,Bike,Dhaka-Metro-LA-51-6371,2025-12-07,4.56,active,Farmgate,36,23,1181,2026-02-18T00:50:59+06:00,2026-08-06T11:04:59+06:00
915,USR086,+8801639713895,Anika Akter,FDI0000916,2026-04-14T23:28:02+06:00,Foodi Demo Kitchen 04,Cafe,Mohammadpur,23.765603,90.364988,1474,mobile_wallet,delivered,2026-04-15T01:06:02+06:00,True,Foodi,FDI-RDR-010,Shuvo Kabir,8801941100059,delivery_rider,Bike,Dhaka-Metro-LA-31-8053,2024-10-07,4.30,active,Mohammadpur,59,37,808,2026-02-11T13:16:22+06:00,2026-08-10T20:09:48+06:00
916,USR086,+8801639713895,Anika Akter,FDI0000917,2026-03-31T00:52:13+06:00,Foodi Demo Kitchen 01,Bangla,Khilgaon,23.758125,90.431554,375,mobile_wallet,delivered,2026-03-31T04:30:13+06:00,True,Foodi,FDI-RDR-007,Shakil Sarker,8801645088972,delivery_rider,Bike,Dhaka-Metro-LA-51-7903,2024-11-22,4.89,active,Khilgaon,63,46,238,2026-02-12T07:27:28+06:00,2026-08-08T00:12:25+06:00
917,USR086,+8801639713895,Anika Akter,FDI0000918,2026-06-04T07:20:48+06:00,Foodi Demo Kitchen 05,Pizza,Wari,23.717879,90.4154,1110,mobile_wallet,delivered,2026-06-04T10:05:48+06:00,True,Foodi,FDI-RDR-018,Mehedi Karim,8801825989091,delivery_rider,Bicycle,BIC-77242,2025-01-08,4.35,active,Wari,63,40,1814,2026-02-12T18:32:46+06:00,2026-08-04T04:32:17+06:00
918,USR086,+8801639713895,Anika Akter,FDI0000919,2026-05-31T10:22:32+06:00,Foodi Demo Kitchen 08,Kebab,Mohammadpur,23.771512,90.354688,981,mobile_wallet,delivered,2026-05-31T12:25:32+06:00,True,Foodi,FDI-RDR-010,Shuvo Kabir,8801941100059,delivery_rider,Bike,Dhaka-Metro-LA-31-8053,2024-10-07,4.30,active,Mohammadpur,59,37,808,2026-02-11T13:16:22+06:00,2026-08-10T20:09:48+06:00
919,USR087,+8801921599133,Ritu Rahman,FDI0000920,2026-04-06T22:11:16+06:00,Foodi Demo Kitchen 07,Thai,Bashundhara,23.821568,90.421987,1017,mobile_wallet,cancelled,2026-04-06T23:06:16+06:00,True,Foodi,FDI-RDR-003,Rasel Rahman,8801991735857,delivery_rider,Bike,Dhaka-Metro-LA-25-1024,2025-03-30,4.27,active,Bashundhara,27,16,1021,2026-02-24T21:14:45+06:00,2026-08-07T13:05:52+06:00
920,USR087,+8801921599133,Ritu Rahman,FDI0000921,2026-06-18T17:06:55+06:00,Foodi Demo Kitchen 01,Bangla,Dhanmondi,23.737918,90.370589,1577,card,delivered,2026-06-18T18:51:55+06:00,True,Foodi,FDI-RDR-004,Arif Mahmud,8801854692697,delivery_rider,Bike,Dhaka-Metro-LA-31-2968,2025-07-12,4.47,active,Dhanmondi,34,22,1435,2026-02-20T13:46:59+06:00,2026-08-05T20:00:40+06:00
921,USR087,+8801921599133,Ritu Rahman,FDI0000922,2026-03-18T17:43:07+06:00,Foodi Demo Kitchen 06,Burgers,Mirpur,23.815017,90.366846,1515,card,refunded,2026-03-18T18:34:07+06:00,True,Foodi,FDI-RDR-008,Al Amin Mahmud,8801773840158,delivery_rider,Bike,Dhaka-Metro-LA-16-1506,2024-12-21,4.88,active,Mirpur,55,38,553,2026-02-10T07:25:37+06:00,2026-08-10T06:22:54+06:00
922,USR087,+8801921599133,Ritu Rahman,FDI0000923,2026-05-28T17:35:48+06:00,Foodi Demo Kitchen 05,Pizza,Mirpur,23.827117,90.366763,1632,mobile_wallet,cancelled,2026-05-28T20:22:48+06:00,True,Foodi,FDI-RDR-008,Al Amin Mahmud,8801773840158,delivery_rider,Bike,Dhaka-Metro-LA-16-1506,2024-12-21,4.88,active,Mirpur,55,38,553,2026-02-10T07:25:37+06:00,2026-08-10T06:22:54+06:00
923,USR087,+8801921599133,Ritu Rahman,FDI0000924,2026-05-20T06:32:30+06:00,Foodi Demo Kitchen 04,Cafe,Wari,23.730488,90.412103,474,card,delivered,2026-05-20T07:28:30+06:00,True,Foodi,FDI-RDR-018,Mehedi Karim,8801825989091,delivery_rider,Bicycle,BIC-77242,2025-01-08,4.35,active,Wari,63,40,1814,2026-02-12T18:32:46+06:00,2026-08-04T04:32:17+06:00
924,USR087,+8801921599133,Ritu Rahman,FDI0000925,2026-04-14T04:43:39+06:00,Foodi Demo Kitchen 07,Thai,Badda,23.784802,90.433224,483,card,delivered,2026-04-14T05:15:39+06:00,True,Foodi,FDI-RDR-001,Nahid Ali,8801862610128,delivery_rider,Bike,Dhaka-Metro-LA-30-5508,2024-10-09,4.84,active,Badda,24,15,971,2026-02-13T19:01:33+06:00,2026-07-28T10:35:20+06:00
925,USR087,+8801921599133,Ritu Rahman,FDI0000926,2026-07-23T17:48:50+06:00,Foodi Demo Kitchen 02,Fast Food,Shyamoli,23.780163,90.368431,1849,cash,cancelled,2026-07-23T20:06:50+06:00,True,Foodi,FDI-RDR-015,Al Amin Ahmed,8801422934517,delivery_rider,Bike,Dhaka-Metro-LA-24-2387,2025-07-31,4.60,active,Shyamoli,43,20,343,2026-02-15T20:41:46+06:00,2026-08-10T01:54:52+06:00
926,USR087,+8801921599133,Ritu Rahman,FDI0000927,2026-05-24T16:33:12+06:00,Foodi Demo Kitchen 02,Fast Food,Mohakhali,23.784954,90.395573,1643,mobile_wallet,cancelled,2026-05-24T18:39:12+06:00,True,Foodi,FDI-RDR-009,Mahmud Ali,8801453596488,delivery_rider,Bike,Dhaka-Metro-LA-50-1637,2024-06-25,4.64,active,Mohakhali,67,33,309,2026-02-10T09:51:53+06:00,2026-08-10T22:36:11+06:00
927,USR087,+8801921599133,Ritu Rahman,FDI0000928,2026-08-02T00:07:07+06:00,Foodi Demo Kitchen 01,Bangla,Wari,23.726545,90.423151,1720,card,delivered,2026-08-02T02:03:07+06:00,True,Foodi,FDI-RDR-018,Mehedi Karim,8801825989091,delivery_rider,Bicycle,BIC-77242,2025-01-08,4.35,active,Wari,63,40,1814,2026-02-12T18:32:46+06:00,2026-08-04T04:32:17+06:00
928,USR087,+8801921599133,Ritu Rahman,FDI0000929,2026-04-30T09:11:21+06:00,Foodi Demo Kitchen 05,Pizza,Wari,23.722194,90.412858,771,mobile_wallet,refunded,2026-04-30T11:54:21+06:00,True,Foodi,FDI-RDR-018,Mehedi Karim,8801825989091,delivery_rider,Bicycle,BIC-77242,2025-01-08,4.35,active,Wari,63,40,1814,2026-02-12T18:32:46+06:00,2026-08-04T04:32:17+06:00
929,USR088,+8801946307762,Fahim Jahan,FDI0000930,2026-03-21T20:57:48+06:00,Foodi Demo Kitchen 07,Thai,Uttara,23.875894,90.376051,1592,card,delivered,2026-03-21T23:23:48+06:00,True,Foodi,FDI-RDR-017,Tuhin Kabir,8801437966170,delivery_rider,Bike,Dhaka-Metro-LA-31-7414,2026-03-12,4.47,active,Uttara,56,36,899,2026-02-12T19:30:05+06:00,2026-08-02T10:56:53+06:00
930,USR088,+8801946307762,Fahim Jahan,FDI0000931,2026-04-11T15:45:43+06:00,Foodi Demo Kitchen 08,Kebab,Uttara,23.875493,90.38027,1428,card,refunded,2026-04-11T17:40:43+06:00,True,Foodi,FDI-RDR-017,Tuhin Kabir,8801437966170,delivery_rider,Bike,Dhaka-Metro-LA-31-7414,2026-03-12,4.47,active,Uttara,56,36,899,2026-02-12T19:30:05+06:00,2026-08-02T10:56:53+06:00
931,USR088,+8801946307762,Fahim Jahan,FDI0000932,2026-03-08T19:18:12+06:00,Foodi Demo Kitchen 03,Biryani,Uttara,23.871432,90.372709,882,cash,refunded,2026-03-08T22:23:12+06:00,True,Foodi,FDI-RDR-017,Tuhin Kabir,8801437966170,delivery_rider,Bike,Dhaka-Metro-LA-31-7414,2026-03-12,4.47,active,Uttara,56,36,899,2026-02-12T19:30:05+06:00,2026-08-02T10:56:53+06:00
932,USR088,+8801946307762,Fahim Jahan,FDI0000933,2026-06-12T08:06:03+06:00,Foodi Demo Kitchen 05,Pizza,Rampura,23.765836,90.42079,1831,card,delivered,2026-06-12T11:06:03+06:00,True,Foodi,FDI-RDR-014,Sabbir Ahmed,8801739856270,delivery_rider,Bike,Dhaka-Metro-LA-13-2488,2024-03-05,4.91,active,Rampura,71,47,1187,2026-02-10T02:57:10+06:00,2026-08-07T14:03:06+06:00
933,USR088,+8801946307762,Fahim Jahan,FDI0000934,2026-04-18T08:29:39+06:00,Foodi Demo Kitchen 08,Kebab,Pallabi,23.828815,90.369159,667,card,delivered,2026-04-18T10:51:39+06:00,True,Foodi,FDI-RDR-013,Sabbir Hossain,8801364196925,delivery_rider,Bike,Dhaka-Metro-LA-17-2602,2024-08-29,4.32,active,Pallabi,52,36,1655,2026-02-13T02:02:06+06:00,2026-08-06T19:24:26+06:00
934,USR088,+8801946307762,Fahim Jahan,FDI0000935,2026-03-31T16:05:35+06:00,Foodi Demo Kitchen 08,Kebab,Banani,23.7863,90.399283,261,mobile_wallet,delivered,2026-03-31T17:39:35+06:00,True,Foodi,FDI-RDR-002,Rony Sarker,8801683501448,delivery_rider,Bike,Dhaka-Metro-LA-47-5838,2023-05-27,4.52,active,Banani,29,19,739,2026-02-13T16:48:02+06:00,2026-07-30T12:32:32+06:00
935,USR088,+8801946307762,Fahim Jahan,FDI0000936,2026-05-11T20:48:22+06:00,Foodi Demo Kitchen 04,Cafe,Bashundhara,23.806519,90.423774,1020,mobile_wallet,delivered,2026-05-11T23:31:22+06:00,True,Foodi,FDI-RDR-021,Habib Khan,8801640944989,delivery_rider,Bicycle,BIC-62834,2024-07-09,4.84,active,Bashundhara,33,19,586,2026-03-08T16:51:38+06:00,2026-08-08T20:11:49+06:00
936,USR088,+8801946307762,Fahim Jahan,FDI0000937,2026-07-09T03:03:39+06:00,Foodi Demo Kitchen 05,Pizza,Old Dhaka,23.714285,90.399414,716,mobile_wallet,delivered,2026-07-09T03:29:39+06:00,True,Foodi,FDI-RDR-012,Parvez Mollah,8801798672324,delivery_rider,Bike,Dhaka-Metro-LA-18-1627,2023-01-21,4.38,active,Old Dhaka,70,47,563,2026-02-10T12:20:28+06:00,2026-08-08T06:41:21+06:00
937,USR088,+8801946307762,Fahim Jahan,FDI0000938,2026-03-28T07:02:07+06:00,Foodi Demo Kitchen 03,Biryani,Mirpur,23.825529,90.371793,1257,cash,refunded,2026-03-28T08:55:07+06:00,True,Foodi,FDI-RDR-008,Al Amin Mahmud,8801773840158,delivery_rider,Bike,Dhaka-Metro-LA-16-1506,2024-12-21,4.88,active,Mirpur,55,38,553,2026-02-10T07:25:37+06:00,2026-08-10T06:22:54+06:00
938,USR089,+8801866536151,Fahim Islam,FDI0000939,2026-06-16T20:49:42+06:00,Foodi Demo Kitchen 02,Fast Food,Old Dhaka,23.704806,90.408199,1268,cash,delivered,2026-06-16T23:39:42+06:00,True,Foodi,FDI-RDR-012,Parvez Mollah,8801798672324,delivery_rider,Bike,Dhaka-Metro-LA-18-1627,2023-01-21,4.38,active,Old Dhaka,70,47,563,2026-02-10T12:20:28+06:00,2026-08-08T06:41:21+06:00
939,USR089,+8801866536151,Fahim Islam,FDI0000940,2026-05-28T21:45:29+06:00,Foodi Demo Kitchen 05,Pizza,Mirpur,23.826733,90.366942,1829,cash,delivered,2026-05-29T01:10:29+06:00,True,Foodi,FDI-RDR-008,Al Amin Mahmud,8801773840158,delivery_rider,Bike,Dhaka-Metro-LA-16-1506,2024-12-21,4.88,active,Mirpur,55,38,553,2026-02-10T07:25:37+06:00,2026-08-10T06:22:54+06:00
940,USR089,+8801866536151,Fahim Islam,FDI0000941,2026-07-13T14:53:15+06:00,Foodi Demo Kitchen 01,Bangla,Tejgaon,23.766209,90.398308,1829,mobile_wallet,delivered,2026-07-13T15:35:15+06:00,True,Foodi,FDI-RDR-016,Noman Mollah,8801385740882,delivery_rider,Bike,Dhaka-Metro-LA-22-3253,2025-12-03,4.49,active,Tejgaon,49,28,819,2026-02-13T23:12:09+06:00,2026-08-05T05:30:47+06:00
941,USR089,+8801866536151,Fahim Islam,FDI0000942,2026-07-13T13:39:32+06:00,Foodi Demo Kitchen 01,Bangla,Wari,23.715121,90.418167,1092,card,refunded,2026-07-13T15:35:32+06:00,True,Foodi,FDI-RDR-018,Mehedi Karim,8801825989091,delivery_rider,Bicycle,BIC-77242,2025-01-08,4.35,active,Wari,63,40,1814,2026-02-12T18:32:46+06:00,2026-08-04T04:32:17+06:00
942,USR089,+8801866536151,Fahim Islam,FDI0000943,2026-05-30T01:16:34+06:00,Foodi Demo Kitchen 07,Thai,Khilgaon,23.754362,90.433312,1315,cash,refunded,2026-05-30T03:11:34+06:00,True,Foodi,FDI-RDR-007,Shakil Sarker,8801645088972,delivery_rider,Bike,Dhaka-Metro-LA-51-7903,2024-11-22,4.89,active,Khilgaon,63,46,238,2026-02-12T07:27:28+06:00,2026-08-08T00:12:25+06:00
943,USR089,+8801866536151,Fahim Islam,FDI0000944,2026-03-07T09:55:48+06:00,Foodi Demo Kitchen 06,Burgers,Badda,23.774385,90.422822,311,card,refunded,2026-03-07T11:43:48+06:00,True,Foodi,FDI-RDR-019,Imran Khan,8801655026262,delivery_rider,Bike,Dhaka-Metro-LA-31-3687,2024-04-05,4.91,active,Badda,37,23,1569,2026-02-24T06:56:48+06:00,2026-08-06T06:15:06+06:00
944,USR089,+8801866536151,Fahim Islam,FDI0000945,2026-05-31T16:27:10+06:00,Foodi Demo Kitchen 05,Pizza,Uttara,23.868556,90.384572,685,cash,delivered,2026-05-31T20:06:10+06:00,True,Foodi,FDI-RDR-017,Tuhin Kabir,8801437966170,delivery_rider,Bike,Dhaka-Metro-LA-31-7414,2026-03-12,4.47,active,Uttara,56,36,899,2026-02-12T19:30:05+06:00,2026-08-02T10:56:53+06:00
945,USR089,+8801866536151,Fahim Islam,FDI0000946,2026-07-03T23:58:21+06:00,Foodi Demo Kitchen 07,Thai,Old Dhaka,23.712294,90.408115,986,mobile_wallet,cancelled,2026-07-04T02:02:21+06:00,True,Foodi,FDI-RDR-012,Parvez Mollah,8801798672324,delivery_rider,Bike,Dhaka-Metro-LA-18-1627,2023-01-21,4.38,active,Old Dhaka,70,47,563,2026-02-10T12:20:28+06:00,2026-08-08T06:41:21+06:00
946,USR089,+8801866536151,Fahim Islam,FDI0000947,2026-02-13T23:12:09+06:00,Foodi Demo Kitchen 04,Cafe,Tejgaon,23.761683,90.390659,912,cash,delivered,2026-02-14T02:49:09+06:00,True,Foodi,FDI-RDR-016,Noman Mollah,8801385740882,delivery_rider,Bike,Dhaka-Metro-LA-22-3253,2025-12-03,4.49,active,Tejgaon,49,28,819,2026-02-13T23:12:09+06:00,2026-08-05T05:30:47+06:00
947,USR089,+8801866536151,Fahim Islam,FDI0000948,2026-05-13T16:11:47+06:00,Foodi Demo Kitchen 05,Pizza,Banani,23.788442,90.402562,462,cash,delivered,2026-05-13T17:46:47+06:00,True,Foodi,FDI-RDR-020,Rakib Hasan,8801703040974,delivery_rider,Bike,Dhaka-Metro-LA-11-8668,2025-06-15,4.73,active,Banani,34,25,770,2026-02-15T15:29:27+06:00,2026-08-02T04:28:06+06:00
948,USR089,+8801866536151,Fahim Islam,FDI0000949,2026-04-25T18:22:37+06:00,Foodi Demo Kitchen 07,Thai,Dhanmondi,23.752023,90.368799,217,mobile_wallet,delivered,2026-04-25T19:41:37+06:00,True,Foodi,FDI-RDR-022,Habib Chowdhury,8801384916196,delivery_rider,Bike,Dhaka-Metro-LA-46-4315,2024-05-20,4.33,active,Dhanmondi,27,18,197,2026-02-12T07:13:30+06:00,2026-08-05T01:26:05+06:00
949,USR089,+8801866536151,Fahim Islam,FDI0000950,2026-04-10T22:00:07+06:00,Foodi Demo Kitchen 05,Pizza,Mohakhali,23.777191,90.403431,281,card,cancelled,2026-04-11T00:14:07+06:00,True,Foodi,FDI-RDR-009,Mahmud Ali,8801453596488,delivery_rider,Bike,Dhaka-Metro-LA-50-1637,2024-06-25,4.64,active,Mohakhali,67,33,309,2026-02-10T09:51:53+06:00,2026-08-10T22:36:11+06:00
950,USR089,+8801866536151,Fahim Islam,FDI0000951,2026-03-05T22:47:23+06:00,Foodi Demo Kitchen 02,Fast Food,Motijheel,23.726688,90.417489,359,card,delivered,2026-03-05T23:39:23+06:00,True,Foodi,FDI-RDR-011,Mahmud Hasan,8801546275934,delivery_rider,Bike,Dhaka-Metro-LA-42-9695,2024-01-04,4.61,active,Motijheel,44,30,774,2026-02-12T09:24:57+06:00,2026-08-10T17:38:53+06:00
951,USR090,+8801468450162,Rakib Akter,FDI0000952,2026-05-03T03:27:11+06:00,Foodi Demo Kitchen 07,Thai,Motijheel,23.727356,90.420928,767,mobile_wallet,delivered,2026-05-03T06:54:11+06:00,True,Foodi,FDI-RDR-011,Mahmud Hasan,8801546275934,delivery_rider,Bike,Dhaka-Metro-LA-42-9695,2024-01-04,4.61,active,Motijheel,44,30,774,2026-02-12T09:24:57+06:00,2026-08-10T17:38:53+06:00
952,USR090,+8801468450162,Rakib Akter,FDI0000953,2026-05-27T23:25:01+06:00,Foodi Demo Kitchen 07,Thai,Mirpur,23.829181,90.37165,1414,card,delivered,2026-05-28T02:41:01+06:00,True,Foodi,FDI-RDR-008,Al Amin Mahmud,8801773840158,delivery_rider,Bike,Dhaka-Metro-LA-16-1506,2024-12-21,4.88,active,Mirpur,55,38,553,2026-02-10T07:25:37+06:00,2026-08-10T06:22:54+06:00
953,USR090,+8801468450162,Rakib Akter,FDI0000954,2026-02-18T06:19:29+06:00,Foodi Demo Kitchen 08,Kebab,Old Dhaka,23.712522,90.414906,1081,card,refunded,2026-02-18T07:30:29+06:00,True,Foodi,FDI-RDR-012,Parvez Mollah,8801798672324,delivery_rider,Bike,Dhaka-Metro-LA-18-1627,2023-01-21,4.38,active,Old Dhaka,70,47,563,2026-02-10T12:20:28+06:00,2026-08-08T06:41:21+06:00
954,USR090,+8801468450162,Rakib Akter,FDI0000955,2026-02-15T22:43:57+06:00,Foodi Demo Kitchen 07,Thai,Old Dhaka,23.706009,90.401211,1285,mobile_wallet,delivered,2026-02-15T23:10:57+06:00,True,Foodi,FDI-RDR-012,Parvez Mollah,8801798672324,delivery_rider,Bike,Dhaka-Metro-LA-18-1627,2023-01-21,4.38,active,Old Dhaka,70,47,563,2026-02-10T12:20:28+06:00,2026-08-08T06:41:21+06:00
955,USR090,+8801468450162,Rakib Akter,FDI0000956,2026-02-28T22:52:02+06:00,Foodi Demo Kitchen 06,Burgers,Pallabi,23.833906,90.365863,250,mobile_wallet,delivered,2026-03-01T01:09:02+06:00,True,Foodi,FDI-RDR-013,Sabbir Hossain,8801364196925,delivery_rider,Bike,Dhaka-Metro-LA-17-2602,2024-08-29,4.32,active,Pallabi,52,36,1655,2026-02-13T02:02:06+06:00,2026-08-06T19:24:26+06:00
956,USR090,+8801468450162,Rakib Akter,FDI0000957,2026-03-05T12:45:01+06:00,Foodi Demo Kitchen 05,Pizza,Mirpur,23.817267,90.368822,741,mobile_wallet,refunded,2026-03-05T14:36:01+06:00,True,Foodi,FDI-RDR-008,Al Amin Mahmud,8801773840158,delivery_rider,Bike,Dhaka-Metro-LA-16-1506,2024-12-21,4.88,active,Mirpur,55,38,553,2026-02-10T07:25:37+06:00,2026-08-10T06:22:54+06:00
957,USR090,+8801468450162,Rakib Akter,FDI0000958,2026-04-04T07:49:26+06:00,Foodi Demo Kitchen 01,Bangla,Gulshan,23.788212,90.412542,1689,cash,delivered,2026-04-04T09:10:26+06:00,True,Foodi,FDI-RDR-006,Hasan Mahmud,8801309144811,delivery_rider,Bike,Dhaka-Metro-LA-24-6061,2023-05-09,4.71,active,Gulshan,53,31,1075,2026-02-11T04:00:15+06:00,2026-08-05T08:02:50+06:00
958,USR090,+8801468450162,Rakib Akter,FDI0000959,2026-07-20T23:49:23+06:00,Foodi Demo Kitchen 07,Thai,Old Dhaka,23.717667,90.406029,915,card,cancelled,2026-07-21T01:58:23+06:00,True,Foodi,FDI-RDR-012,Parvez Mollah,8801798672324,delivery_rider,Bike,Dhaka-Metro-LA-18-1627,2023-01-21,4.38,active,Old Dhaka,70,47,563,2026-02-10T12:20:28+06:00,2026-08-08T06:41:21+06:00
959,USR090,+8801468450162,Rakib Akter,FDI0000960,2026-03-23T15:18:50+06:00,Foodi Demo Kitchen 05,Pizza,Farmgate,23.766237,90.389145,1399,cash,delivered,2026-03-23T16:05:50+06:00,True,Foodi,FDI-RDR-023,Shahadat Hasan,8801754954467,delivery_rider,Bike,Dhaka-Metro-LA-51-6371,2025-12-07,4.56,active,Farmgate,36,23,1181,2026-02-18T00:50:59+06:00,2026-08-06T11:04:59+06:00
960,USR090,+8801468450162,Rakib Akter,FDI0000961,2026-02-22T18:40:41+06:00,Foodi Demo Kitchen 05,Pizza,Khilgaon,23.745217,90.418926,1338,mobile_wallet,delivered,2026-02-22T20:36:41+06:00,True,Foodi,FDI-RDR-007,Shakil Sarker,8801645088972,delivery_rider,Bike,Dhaka-Metro-LA-51-7903,2024-11-22,4.89,active,Khilgaon,63,46,238,2026-02-12T07:27:28+06:00,2026-08-08T00:12:25+06:00
961,USR090,+8801468450162,Rakib Akter,FDI0000962,2026-04-14T05:51:49+06:00,Foodi Demo Kitchen 07,Thai,Farmgate,23.763093,90.388141,576,mobile_wallet,delivered,2026-04-14T07:26:49+06:00,True,Foodi,FDI-RDR-005,Nayeem Sheikh,8801743750117,delivery_rider,Bike,Dhaka-Metro-LA-11-2234,2025-12-12,4.45,active,Farmgate,28,19,703,2026-02-14T20:09:21+06:00,2026-07-11T22:41:13+06:00
962,USR091,+8801635904892,Shihab Rahman,FDI0000963,2026-04-10T00:36:12+06:00,Foodi Demo Kitchen 08,Kebab,Badda,23.77362,90.432923,1178,cash,delivered,2026-04-10T03:39:12+06:00,True,Foodi,FDI-RDR-019,Imran Khan,8801655026262,delivery_rider,Bike,Dhaka-Metro-LA-31-3687,2024-04-05,4.91,active,Badda,37,23,1569,2026-02-24T06:56:48+06:00,2026-08-06T06:15:06+06:00
963,USR091,+8801635904892,Shihab Rahman,FDI0000964,2026-05-01T20:55:29+06:00,Foodi Demo Kitchen 06,Burgers,Khilgaon,23.759129,90.424976,461,cash,delivered,2026-05-01T21:36:29+06:00,True,Foodi,FDI-RDR-007,Shakil Sarker,8801645088972,delivery_rider,Bike,Dhaka-Metro-LA-51-7903,2024-11-22,4.89,active,Khilgaon,63,46,238,2026-02-12T07:27:28+06:00,2026-08-08T00:12:25+06:00
964,USR091,+8801635904892,Shihab Rahman,FDI0000965,2026-07-07T22:14:08+06:00,Foodi Demo Kitchen 04,Cafe,Tejgaon,23.762665,90.396705,1381,mobile_wallet,delivered,2026-07-07T23:02:08+06:00,True,Foodi,FDI-RDR-016,Noman Mollah,8801385740882,delivery_rider,Bike,Dhaka-Metro-LA-22-3253,2025-12-03,4.49,active,Tejgaon,49,28,819,2026-02-13T23:12:09+06:00,2026-08-05T05:30:47+06:00
965,USR091,+8801635904892,Shihab Rahman,FDI0000966,2026-05-25T10:45:52+06:00,Foodi Demo Kitchen 08,Kebab,Uttara,23.882078,90.386193,1007,card,delivered,2026-05-25T14:21:52+06:00,True,Foodi,FDI-RDR-017,Tuhin Kabir,8801437966170,delivery_rider,Bike,Dhaka-Metro-LA-31-7414,2026-03-12,4.47,active,Uttara,56,36,899,2026-02-12T19:30:05+06:00,2026-08-02T10:56:53+06:00
966,USR091,+8801635904892,Shihab Rahman,FDI0000967,2026-08-10T20:09:48+06:00,Foodi Demo Kitchen 02,Fast Food,Mohammadpur,23.765889,90.364059,382,cash,delivered,2026-08-10T23:48:48+06:00,True,Foodi,FDI-RDR-010,Shuvo Kabir,8801941100059,delivery_rider,Bike,Dhaka-Metro-LA-31-8053,2024-10-07,4.30,active,Mohammadpur,59,37,808,2026-02-11T13:16:22+06:00,2026-08-10T20:09:48+06:00
967,USR091,+8801635904892,Shihab Rahman,FDI0000968,2026-05-12T17:12:58+06:00,Foodi Demo Kitchen 03,Biryani,Shyamoli,23.781657,90.359798,1269,cash,delivered,2026-05-12T20:02:58+06:00,True,Foodi,FDI-RDR-015,Al Amin Ahmed,8801422934517,delivery_rider,Bike,Dhaka-Metro-LA-24-2387,2025-07-31,4.60,active,Shyamoli,43,20,343,2026-02-15T20:41:46+06:00,2026-08-10T01:54:52+06:00
968,USR091,+8801635904892,Shihab Rahman,FDI0000969,2026-05-13T23:30:44+06:00,Foodi Demo Kitchen 01,Bangla,Pallabi,23.826539,90.366482,916,mobile_wallet,delivered,2026-05-14T02:49:44+06:00,True,Foodi,FDI-RDR-013,Sabbir Hossain,8801364196925,delivery_rider,Bike,Dhaka-Metro-LA-17-2602,2024-08-29,4.32,active,Pallabi,52,36,1655,2026-02-13T02:02:06+06:00,2026-08-06T19:24:26+06:00
969,USR092,+8801465058820,Hasan Chowdhury,FDI0000970,2026-02-21T15:10:55+06:00,Foodi Demo Kitchen 03,Biryani,Mohammadpur,23.76867,90.366544,1801,cash,delivered,2026-02-21T16:15:55+06:00,True,Foodi,FDI-RDR-010,Shuvo Kabir,8801941100059,delivery_rider,Bike,Dhaka-Metro-LA-31-8053,2024-10-07,4.30,active,Mohammadpur,59,37,808,2026-02-11T13:16:22+06:00,2026-08-10T20:09:48+06:00
970,USR092,+8801465058820,Hasan Chowdhury,FDI0000971,2026-04-30T09:39:14+06:00,Foodi Demo Kitchen 08,Kebab,Tejgaon,23.763703,90.391608,1805,cash,cancelled,2026-04-30T11:06:14+06:00,True,Foodi,FDI-RDR-016,Noman Mollah,8801385740882,delivery_rider,Bike,Dhaka-Metro-LA-22-3253,2025-12-03,4.49,active,Tejgaon,49,28,819,2026-02-13T23:12:09+06:00,2026-08-05T05:30:47+06:00
971,USR092,+8801465058820,Hasan Chowdhury,FDI0000972,2026-07-21T15:22:44+06:00,Foodi Demo Kitchen 07,Thai,Shyamoli,23.781474,90.366343,1048,cash,cancelled,2026-07-21T18:14:44+06:00,True,Foodi,FDI-RDR-015,Al Amin Ahmed,8801422934517,delivery_rider,Bike,Dhaka-Metro-LA-24-2387,2025-07-31,4.60,active,Shyamoli,43,20,343,2026-02-15T20:41:46+06:00,2026-08-10T01:54:52+06:00
972,USR092,+8801465058820,Hasan Chowdhury,FDI0000973,2026-02-11T13:16:22+06:00,Foodi Demo Kitchen 03,Biryani,Mohammadpur,23.767166,90.355182,588,card,delivered,2026-02-11T16:43:22+06:00,True,Foodi,FDI-RDR-010,Shuvo Kabir,8801941100059,delivery_rider,Bike,Dhaka-Metro-LA-31-8053,2024-10-07,4.30,active,Mohammadpur,59,37,808,2026-02-11T13:16:22+06:00,2026-08-10T20:09:48+06:00
973,USR092,+8801465058820,Hasan Chowdhury,FDI0000974,2026-06-07T08:04:52+06:00,Foodi Demo Kitchen 06,Burgers,Khilgaon,23.747497,90.426193,1119,mobile_wallet,delivered,2026-06-07T11:17:52+06:00,True,Foodi,FDI-RDR-007,Shakil Sarker,8801645088972,delivery_rider,Bike,Dhaka-Metro-LA-51-7903,2024-11-22,4.89,active,Khilgaon,63,46,238,2026-02-12T07:27:28+06:00,2026-08-08T00:12:25+06:00
974,USR092,+8801465058820,Hasan Chowdhury,FDI0000975,2026-07-30T20:30:29+06:00,Foodi Demo Kitchen 08,Kebab,Uttara,23.867654,90.381077,245,cash,delivered,2026-07-30T22:40:29+06:00,True,Foodi,FDI-RDR-017,Tuhin Kabir,8801437966170,delivery_rider,Bike,Dhaka-Metro-LA-31-7414,2026-03-12,4.47,active,Uttara,56,36,899,2026-02-12T19:30:05+06:00,2026-08-02T10:56:53+06:00
975,USR092,+8801465058820,Hasan Chowdhury,FDI0000976,2026-05-01T04:31:14+06:00,Foodi Demo Kitchen 08,Kebab,Farmgate,23.759812,90.385311,1524,card,delivered,2026-05-01T06:28:14+06:00,True,Foodi,FDI-RDR-005,Nayeem Sheikh,8801743750117,delivery_rider,Bike,Dhaka-Metro-LA-11-2234,2025-12-12,4.45,active,Farmgate,28,19,703,2026-02-14T20:09:21+06:00,2026-07-11T22:41:13+06:00
976,USR092,+8801465058820,Hasan Chowdhury,FDI0000977,2026-05-21T02:33:14+06:00,Foodi Demo Kitchen 03,Biryani,Farmgate,23.756493,90.398558,378,card,refunded,2026-05-21T03:29:14+06:00,True,Foodi,FDI-RDR-023,Shahadat Hasan,8801754954467,delivery_rider,Bike,Dhaka-Metro-LA-51-6371,2025-12-07,4.56,active,Farmgate,36,23,1181,2026-02-18T00:50:59+06:00,2026-08-06T11:04:59+06:00
977,USR093,+8801380734164,Samira Sultana,FDI0000978,2026-03-16T18:58:17+06:00,Foodi Demo Kitchen 03,Biryani,Bashundhara,23.821408,90.417823,1011,cash,cancelled,2026-03-16T20:46:17+06:00,True,Foodi,FDI-RDR-021,Habib Khan,8801640944989,delivery_rider,Bicycle,BIC-62834,2024-07-09,4.84,active,Bashundhara,33,19,586,2026-03-08T16:51:38+06:00,2026-08-08T20:11:49+06:00
978,USR093,+8801380734164,Samira Sultana,FDI0000979,2026-06-10T06:19:59+06:00,Foodi Demo Kitchen 03,Biryani,Old Dhaka,23.710576,90.407868,1303,card,delivered,2026-06-10T06:43:59+06:00,True,Foodi,FDI-RDR-012,Parvez Mollah,8801798672324,delivery_rider,Bike,Dhaka-Metro-LA-18-1627,2023-01-21,4.38,active,Old Dhaka,70,47,563,2026-02-10T12:20:28+06:00,2026-08-08T06:41:21+06:00
979,USR093,+8801380734164,Samira Sultana,FDI0000980,2026-08-02T19:24:07+06:00,Foodi Demo Kitchen 06,Burgers,Wari,23.729363,90.420789,1241,mobile_wallet,delivered,2026-08-02T20:55:07+06:00,True,Foodi,FDI-RDR-018,Mehedi Karim,8801825989091,delivery_rider,Bicycle,BIC-77242,2025-01-08,4.35,active,Wari,63,40,1814,2026-02-12T18:32:46+06:00,2026-08-04T04:32:17+06:00
980,USR093,+8801380734164,Samira Sultana,FDI0000981,2026-04-12T23:44:06+06:00,Foodi Demo Kitchen 04,Cafe,Rampura,23.755052,90.416249,356,card,delivered,2026-04-13T02:46:06+06:00,True,Foodi,FDI-RDR-014,Sabbir Ahmed,8801739856270,delivery_rider,Bike,Dhaka-Metro-LA-13-2488,2024-03-05,4.91,active,Rampura,71,47,1187,2026-02-10T02:57:10+06:00,2026-08-07T14:03:06+06:00
981,USR093,+8801380734164,Samira Sultana,FDI0000982,2026-07-25T21:30:19+06:00,Foodi Demo Kitchen 06,Burgers,Old Dhaka,23.708524,90.399109,822,card,delivered,2026-07-26T00:49:19+06:00,True,Foodi,FDI-RDR-012,Parvez Mollah,8801798672324,delivery_rider,Bike,Dhaka-Metro-LA-18-1627,2023-01-21,4.38,active,Old Dhaka,70,47,563,2026-02-10T12:20:28+06:00,2026-08-08T06:41:21+06:00
982,USR093,+8801380734164,Samira Sultana,FDI0000983,2026-08-03T02:28:37+06:00,Foodi Demo Kitchen 01,Bangla,Pallabi,23.820896,90.368214,1830,cash,delivered,2026-08-03T04:37:37+06:00,True,Foodi,FDI-RDR-013,Sabbir Hossain,8801364196925,delivery_rider,Bike,Dhaka-Metro-LA-17-2602,2024-08-29,4.32,active,Pallabi,52,36,1655,2026-02-13T02:02:06+06:00,2026-08-06T19:24:26+06:00
983,USR093,+8801380734164,Samira Sultana,FDI0000984,2026-05-12T14:39:03+06:00,Foodi Demo Kitchen 08,Kebab,Badda,23.776415,90.430784,1386,cash,cancelled,2026-05-12T18:09:03+06:00,True,Foodi,FDI-RDR-001,Nahid Ali,8801862610128,delivery_rider,Bike,Dhaka-Metro-LA-30-5508,2024-10-09,4.84,active,Badda,24,15,971,2026-02-13T19:01:33+06:00,2026-07-28T10:35:20+06:00
984,USR094,+8801969637775,Samira Hasan,FDI0000985,2026-03-28T18:18:25+06:00,Foodi Demo Kitchen 04,Cafe,Motijheel,23.731384,90.423386,1701,cash,delivered,2026-03-28T19:24:25+06:00,True,Foodi,FDI-RDR-011,Mahmud Hasan,8801546275934,delivery_rider,Bike,Dhaka-Metro-LA-42-9695,2024-01-04,4.61,active,Motijheel,44,30,774,2026-02-12T09:24:57+06:00,2026-08-10T17:38:53+06:00
985,USR094,+8801969637775,Samira Hasan,FDI0000986,2026-06-25T22:59:57+06:00,Foodi Demo Kitchen 01,Bangla,Badda,23.778438,90.423904,1350,card,delivered,2026-06-26T02:38:57+06:00,True,Foodi,FDI-RDR-001,Nahid Ali,8801862610128,delivery_rider,Bike,Dhaka-Metro-LA-30-5508,2024-10-09,4.84,active,Badda,24,15,971,2026-02-13T19:01:33+06:00,2026-07-28T10:35:20+06:00
986,USR094,+8801969637775,Samira Hasan,FDI0000987,2026-02-17T23:53:47+06:00,Foodi Demo Kitchen 06,Burgers,Mohakhali,23.778517,90.400914,1539,cash,delivered,2026-02-18T01:22:47+06:00,True,Foodi,FDI-RDR-009,Mahmud Ali,8801453596488,delivery_rider,Bike,Dhaka-Metro-LA-50-1637,2024-06-25,4.64,active,Mohakhali,67,33,309,2026-02-10T09:51:53+06:00,2026-08-10T22:36:11+06:00
987,USR094,+8801969637775,Samira Hasan,FDI0000988,2026-07-25T07:39:48+06:00,Foodi Demo Kitchen 05,Pizza,Old Dhaka,23.718899,90.412443,1710,mobile_wallet,delivered,2026-07-25T10:20:48+06:00,True,Foodi,FDI-RDR-012,Parvez Mollah,8801798672324,delivery_rider,Bike,Dhaka-Metro-LA-18-1627,2023-01-21,4.38,active,Old Dhaka,70,47,563,2026-02-10T12:20:28+06:00,2026-08-08T06:41:21+06:00
988,USR094,+8801969637775,Samira Hasan,FDI0000989,2026-03-05T12:03:03+06:00,Foodi Demo Kitchen 06,Burgers,Mohakhali,23.785775,90.399313,408,mobile_wallet,refunded,2026-03-05T12:47:03+06:00,True,Foodi,FDI-RDR-009,Mahmud Ali,8801453596488,delivery_rider,Bike,Dhaka-Metro-LA-50-1637,2024-06-25,4.64,active,Mohakhali,67,33,309,2026-02-10T09:51:53+06:00,2026-08-10T22:36:11+06:00
989,USR094,+8801969637775,Samira Hasan,FDI0000990,2026-02-17T17:08:46+06:00,Foodi Demo Kitchen 01,Bangla,Tejgaon,23.756635,90.383324,1560,cash,cancelled,2026-02-17T18:24:46+06:00,True,Foodi,FDI-RDR-016,Noman Mollah,8801385740882,delivery_rider,Bike,Dhaka-Metro-LA-22-3253,2025-12-03,4.49,active,Tejgaon,49,28,819,2026-02-13T23:12:09+06:00,2026-08-05T05:30:47+06:00
990,USR094,+8801969637775,Samira Hasan,FDI0000991,2026-06-02T13:18:54+06:00,Foodi Demo Kitchen 01,Bangla,Motijheel,23.741919,90.419402,1829,mobile_wallet,delivered,2026-06-02T15:25:54+06:00,True,Foodi,FDI-RDR-011,Mahmud Hasan,8801546275934,delivery_rider,Bike,Dhaka-Metro-LA-42-9695,2024-01-04,4.61,active,Motijheel,44,30,774,2026-02-12T09:24:57+06:00,2026-08-10T17:38:53+06:00
991,USR094,+8801969637775,Samira Hasan,FDI0000992,2026-03-10T20:17:33+06:00,Foodi Demo Kitchen 08,Kebab,Mohammadpur,23.772103,90.357451,1131,cash,delivered,2026-03-10T21:31:33+06:00,True,Foodi,FDI-RDR-010,Shuvo Kabir,8801941100059,delivery_rider,Bike,Dhaka-Metro-LA-31-8053,2024-10-07,4.30,active,Mohammadpur,59,37,808,2026-02-11T13:16:22+06:00,2026-08-10T20:09:48+06:00
992,USR094,+8801969637775,Samira Hasan,FDI0000993,2026-05-29T03:48:19+06:00,Foodi Demo Kitchen 04,Cafe,Old Dhaka,23.705451,90.416289,1225,cash,delivered,2026-05-29T07:05:19+06:00,True,Foodi,FDI-RDR-012,Parvez Mollah,8801798672324,delivery_rider,Bike,Dhaka-Metro-LA-18-1627,2023-01-21,4.38,active,Old Dhaka,70,47,563,2026-02-10T12:20:28+06:00,2026-08-08T06:41:21+06:00
993,USR095,+8801728917865,Adnan Rahman,FDI0000994,2026-05-16T15:33:56+06:00,Foodi Demo Kitchen 08,Kebab,Rampura,23.761018,90.428799,1171,mobile_wallet,refunded,2026-05-16T16:34:56+06:00,True,Foodi,FDI-RDR-014,Sabbir Ahmed,8801739856270,delivery_rider,Bike,Dhaka-Metro-LA-13-2488,2024-03-05,4.91,active,Rampura,71,47,1187,2026-02-10T02:57:10+06:00,2026-08-07T14:03:06+06:00
994,USR095,+8801728917865,Adnan Rahman,FDI0000995,2026-03-18T02:43:08+06:00,Foodi Demo Kitchen 08,Kebab,Tejgaon,23.769502,90.385668,1811,cash,refunded,2026-03-18T05:00:08+06:00,True,Foodi,FDI-RDR-016,Noman Mollah,8801385740882,delivery_rider,Bike,Dhaka-Metro-LA-22-3253,2025-12-03,4.49,active,Tejgaon,49,28,819,2026-02-13T23:12:09+06:00,2026-08-05T05:30:47+06:00
995,USR095,+8801728917865,Adnan Rahman,FDI0000996,2026-04-21T20:26:51+06:00,Foodi Demo Kitchen 01,Bangla,Uttara,23.883583,90.386431,811,mobile_wallet,delivered,2026-04-21T21:46:51+06:00,True,Foodi,FDI-RDR-017,Tuhin Kabir,8801437966170,delivery_rider,Bike,Dhaka-Metro-LA-31-7414,2026-03-12,4.47,active,Uttara,56,36,899,2026-02-12T19:30:05+06:00,2026-08-02T10:56:53+06:00
996,USR095,+8801728917865,Adnan Rahman,FDI0000997,2026-07-17T02:34:21+06:00,Foodi Demo Kitchen 01,Bangla,Wari,23.722562,90.419054,188,mobile_wallet,delivered,2026-07-17T05:16:21+06:00,True,Foodi,FDI-RDR-018,Mehedi Karim,8801825989091,delivery_rider,Bicycle,BIC-77242,2025-01-08,4.35,active,Wari,63,40,1814,2026-02-12T18:32:46+06:00,2026-08-04T04:32:17+06:00
997,USR095,+8801728917865,Adnan Rahman,FDI0000998,2026-03-09T20:31:32+06:00,Foodi Demo Kitchen 01,Bangla,Wari,23.715681,90.426184,457,mobile_wallet,cancelled,2026-03-09T21:10:32+06:00,True,Foodi,FDI-RDR-018,Mehedi Karim,8801825989091,delivery_rider,Bicycle,BIC-77242,2025-01-08,4.35,active,Wari,63,40,1814,2026-02-12T18:32:46+06:00,2026-08-04T04:32:17+06:00
998,USR095,+8801728917865,Adnan Rahman,FDI0000999,2026-02-16T23:44:08+06:00,Foodi Demo Kitchen 04,Cafe,Mohakhali,23.783805,90.408445,1011,mobile_wallet,cancelled,2026-02-17T02:41:08+06:00,True,Foodi,FDI-RDR-009,Mahmud Ali,8801453596488,delivery_rider,Bike,Dhaka-Metro-LA-50-1637,2024-06-25,4.64,active,Mohakhali,67,33,309,2026-02-10T09:51:53+06:00,2026-08-10T22:36:11+06:00
999,USR095,+8801728917865,Adnan Rahman,FDI0001000,2026-04-16T05:55:14+06:00,Foodi Demo Kitchen 01,Bangla,Badda,23.78369,90.430953,1236,card,refunded,2026-04-16T07:38:14+06:00,True,Foodi,FDI-RDR-019,Imran Khan,8801655026262,delivery_rider,Bike,Dhaka-Metro-LA-31-3687,2024-04-05,4.91,active,Badda,37,23,1569,2026-02-24T06:56:48+06:00,2026-08-06T06:15:06+06:00
1000,USR095,+8801728917865,Adnan Rahman,FDI0001001,2026-06-28T21:14:58+06:00,Foodi Demo Kitchen 02,Fast Food,Badda,23.773379,90.421622,1257,card,cancelled,2026-06-29T00:36:58+06:00,True,Foodi,FDI-RDR-001,Nahid Ali,8801862610128,delivery_rider,Bike,Dhaka-Metro-LA-30-5508,2024-10-09,4.84,active,Badda,24,15,971,2026-02-13T19:01:33+06:00,2026-07-28T10:35:20+06:00
1001,USR095,+8801728917865,Adnan Rahman,FDI0001002,2026-05-02T04:42:48+06:00,Foodi Demo Kitchen 08,Kebab,Motijheel,23.728538,90.414907,433,card,delivered,2026-05-02T08:20:48+06:00,True,Foodi,FDI-RDR-011,Mahmud Hasan,8801546275934,delivery_rider,Bike,Dhaka-Metro-LA-42-9695,2024-01-04,4.61,active,Motijheel,44,30,774,2026-02-12T09:24:57+06:00,2026-08-10T17:38:53+06:00
1002,USR095,+8801728917865,Adnan Rahman,FDI0001003,2026-03-10T08:44:10+06:00,Foodi Demo Kitchen 03,Biryani,Uttara,23.878937,90.379789,735,mobile_wallet,delivered,2026-03-10T09:53:10+06:00,True,Foodi,FDI-RDR-017,Tuhin Kabir,8801437966170,delivery_rider,Bike,Dhaka-Metro-LA-31-7414,2026-03-12,4.47,active,Uttara,56,36,899,2026-02-12T19:30:05+06:00,2026-08-02T10:56:53+06:00
1003,USR095,+8801728917865,Adnan Rahman,FDI0001004,2026-02-12T12:51:10+06:00,Foodi Demo Kitchen 05,Pizza,Mohakhali,23.782729,90.404376,502,cash,delivered,2026-02-12T14:02:10+06:00,True,Foodi,FDI-RDR-009,Mahmud Ali,8801453596488,delivery_rider,Bike,Dhaka-Metro-LA-50-1637,2024-06-25,4.64,active,Mohakhali,67,33,309,2026-02-10T09:51:53+06:00,2026-08-10T22:36:11+06:00
1004,USR095,+8801728917865,Adnan Rahman,FDI0001005,2026-02-28T20:14:29+06:00,Foodi Demo Kitchen 06,Burgers,Wari,23.721399,90.42101,918,card,delivered,2026-02-28T23:14:29+06:00,True,Foodi,FDI-RDR-018,Mehedi Karim,8801825989091,delivery_rider,Bicycle,BIC-77242,2025-01-08,4.35,active,Wari,63,40,1814,2026-02-12T18:32:46+06:00,2026-08-04T04:32:17+06:00
1005,USR096,+8801725439282,Labiba Jahan,FDI0001006,2026-07-09T02:46:01+06:00,Foodi Demo Kitchen 08,Kebab,Banani,23.788946,90.413949,770,cash,refunded,2026-07-09T03:19:01+06:00,True,Foodi,FDI-RDR-020,Rakib Hasan,8801703040974,delivery_rider,Bike,Dhaka-Metro-LA-11-8668,2025-06-15,4.73,active,Banani,34,25,770,2026-02-15T15:29:27+06:00,2026-08-02T04:28:06+06:00
1006,USR096,+8801725439282,Labiba Jahan,FDI0001007,2026-03-20T04:06:28+06:00,Foodi Demo Kitchen 08,Kebab,Old Dhaka,23.712784,90.406915,1658,mobile_wallet,delivered,2026-03-20T05:46:28+06:00,True,Foodi,FDI-RDR-012,Parvez Mollah,8801798672324,delivery_rider,Bike,Dhaka-Metro-LA-18-1627,2023-01-21,4.38,active,Old Dhaka,70,47,563,2026-02-10T12:20:28+06:00,2026-08-08T06:41:21+06:00
1007,USR096,+8801725439282,Labiba Jahan,FDI0001008,2026-06-09T10:21:37+06:00,Foodi Demo Kitchen 08,Kebab,Badda,23.774935,90.435244,300,card,delivered,2026-06-09T13:56:37+06:00,True,Foodi,FDI-RDR-019,Imran Khan,8801655026262,delivery_rider,Bike,Dhaka-Metro-LA-31-3687,2024-04-05,4.91,active,Badda,37,23,1569,2026-02-24T06:56:48+06:00,2026-08-06T06:15:06+06:00
1008,USR096,+8801725439282,Labiba Jahan,FDI0001009,2026-06-07T19:17:31+06:00,Foodi Demo Kitchen 08,Kebab,Mirpur,23.814918,90.360395,868,card,delivered,2026-06-07T22:43:31+06:00,True,Foodi,FDI-RDR-008,Al Amin Mahmud,8801773840158,delivery_rider,Bike,Dhaka-Metro-LA-16-1506,2024-12-21,4.88,active,Mirpur,55,38,553,2026-02-10T07:25:37+06:00,2026-08-10T06:22:54+06:00
1009,USR096,+8801725439282,Labiba Jahan,FDI0001010,2026-07-30T00:30:31+06:00,Foodi Demo Kitchen 05,Pizza,Dhanmondi,23.749783,90.382739,565,cash,refunded,2026-07-30T03:10:31+06:00,True,Foodi,FDI-RDR-022,Habib Chowdhury,8801384916196,delivery_rider,Bike,Dhaka-Metro-LA-46-4315,2024-05-20,4.33,active,Dhanmondi,27,18,197,2026-02-12T07:13:30+06:00,2026-08-05T01:26:05+06:00
1010,USR096,+8801725439282,Labiba Jahan,FDI0001011,2026-05-18T06:36:02+06:00,Foodi Demo Kitchen 08,Kebab,Wari,23.718806,90.414565,1579,card,delivered,2026-05-18T08:34:02+06:00,True,Foodi,FDI-RDR-018,Mehedi Karim,8801825989091,delivery_rider,Bicycle,BIC-77242,2025-01-08,4.35,active,Wari,63,40,1814,2026-02-12T18:32:46+06:00,2026-08-04T04:32:17+06:00
1011,USR096,+8801725439282,Labiba Jahan,FDI0001012,2026-02-13T02:02:06+06:00,Foodi Demo Kitchen 08,Kebab,Pallabi,23.828741,90.35713,1380,cash,delivered,2026-02-13T05:28:06+06:00,True,Foodi,FDI-RDR-013,Sabbir Hossain,8801364196925,delivery_rider,Bike,Dhaka-Metro-LA-17-2602,2024-08-29,4.32,active,Pallabi,52,36,1655,2026-02-13T02:02:06+06:00,2026-08-06T19:24:26+06:00
1012,USR096,+8801725439282,Labiba Jahan,FDI0001013,2026-04-28T13:23:45+06:00,Foodi Demo Kitchen 06,Burgers,Farmgate,23.756759,90.39071,1315,mobile_wallet,delivered,2026-04-28T14:01:45+06:00,True,Foodi,FDI-RDR-023,Shahadat Hasan,8801754954467,delivery_rider,Bike,Dhaka-Metro-LA-51-6371,2025-12-07,4.56,active,Farmgate,36,23,1181,2026-02-18T00:50:59+06:00,2026-08-06T11:04:59+06:00
1013,USR096,+8801725439282,Labiba Jahan,FDI0001014,2026-08-07T14:03:06+06:00,Foodi Demo Kitchen 07,Thai,Rampura,23.762634,90.419342,461,card,delivered,2026-08-07T17:40:06+06:00,True,Foodi,FDI-RDR-014,Sabbir Ahmed,8801739856270,delivery_rider,Bike,Dhaka-Metro-LA-13-2488,2024-03-05,4.91,active,Rampura,71,47,1187,2026-02-10T02:57:10+06:00,2026-08-07T14:03:06+06:00
1014,USR096,+8801725439282,Labiba Jahan,FDI0001015,2026-02-24T21:23:52+06:00,Foodi Demo Kitchen 06,Burgers,Old Dhaka,23.710733,90.414698,1259,cash,delivered,2026-02-25T00:29:52+06:00,True,Foodi,FDI-RDR-012,Parvez Mollah,8801798672324,delivery_rider,Bike,Dhaka-Metro-LA-18-1627,2023-01-21,4.38,active,Old Dhaka,70,47,563,2026-02-10T12:20:28+06:00,2026-08-08T06:41:21+06:00
1015,USR096,+8801725439282,Labiba Jahan,FDI0001016,2026-04-09T18:13:15+06:00,Foodi Demo Kitchen 07,Thai,Shyamoli,23.767281,90.359182,405,card,refunded,2026-04-09T18:45:15+06:00,True,Foodi,FDI-RDR-015,Al Amin Ahmed,8801422934517,delivery_rider,Bike,Dhaka-Metro-LA-24-2387,2025-07-31,4.60,active,Shyamoli,43,20,343,2026-02-15T20:41:46+06:00,2026-08-10T01:54:52+06:00
1016,USR096,+8801725439282,Labiba Jahan,FDI0001017,2026-04-10T09:57:29+06:00,Foodi Demo Kitchen 06,Burgers,Badda,23.78553,90.419433,1557,card,delivered,2026-04-10T11:52:29+06:00,True,Foodi,FDI-RDR-019,Imran Khan,8801655026262,delivery_rider,Bike,Dhaka-Metro-LA-31-3687,2024-04-05,4.91,active,Badda,37,23,1569,2026-02-24T06:56:48+06:00,2026-08-06T06:15:06+06:00
1017,USR097,+8801629685055,Tasnim Islam,FDI0001018,2026-02-19T09:57:44+06:00,Foodi Demo Kitchen 01,Bangla,Farmgate,23.760926,90.395622,1600,cash,cancelled,2026-02-19T13:02:44+06:00,True,Foodi,FDI-RDR-023,Shahadat Hasan,8801754954467,delivery_rider,Bike,Dhaka-Metro-LA-51-6371,2025-12-07,4.56,active,Farmgate,36,23,1181,2026-02-18T00:50:59+06:00,2026-08-06T11:04:59+06:00
1018,USR097,+8801629685055,Tasnim Islam,FDI0001019,2026-07-25T16:51:32+06:00,Foodi Demo Kitchen 02,Fast Food,Banani,23.785144,90.401345,231,card,cancelled,2026-07-25T20:03:32+06:00,True,Foodi,FDI-RDR-020,Rakib Hasan,8801703040974,delivery_rider,Bike,Dhaka-Metro-LA-11-8668,2025-06-15,4.73,active,Banani,34,25,770,2026-02-15T15:29:27+06:00,2026-08-02T04:28:06+06:00
1019,USR097,+8801629685055,Tasnim Islam,FDI0001020,2026-04-28T07:07:59+06:00,Foodi Demo Kitchen 03,Biryani,Gulshan,23.790312,90.415123,1282,mobile_wallet,delivered,2026-04-28T08:31:59+06:00,True,Foodi,FDI-RDR-006,Hasan Mahmud,8801309144811,delivery_rider,Bike,Dhaka-Metro-LA-24-6061,2023-05-09,4.71,active,Gulshan,53,31,1075,2026-02-11T04:00:15+06:00,2026-08-05T08:02:50+06:00
1020,USR097,+8801629685055,Tasnim Islam,FDI0001021,2026-04-22T00:36:34+06:00,Foodi Demo Kitchen 02,Fast Food,Badda,23.789131,90.429619,1262,card,delivered,2026-04-22T01:38:34+06:00,True,Foodi,FDI-RDR-001,Nahid Ali,8801862610128,delivery_rider,Bike,Dhaka-Metro-LA-30-5508,2024-10-09,4.84,active,Badda,24,15,971,2026-02-13T19:01:33+06:00,2026-07-28T10:35:20+06:00
1021,USR097,+8801629685055,Tasnim Islam,FDI0001022,2026-07-28T10:14:20+06:00,Foodi Demo Kitchen 06,Burgers,Rampura,23.764195,90.422472,1639,card,delivered,2026-07-28T11:59:20+06:00,True,Foodi,FDI-RDR-014,Sabbir Ahmed,8801739856270,delivery_rider,Bike,Dhaka-Metro-LA-13-2488,2024-03-05,4.91,active,Rampura,71,47,1187,2026-02-10T02:57:10+06:00,2026-08-07T14:03:06+06:00
1022,USR097,+8801629685055,Tasnim Islam,FDI0001023,2026-03-28T06:17:24+06:00,Foodi Demo Kitchen 06,Burgers,Gulshan,23.793008,90.405418,803,cash,delivered,2026-03-28T07:09:24+06:00,True,Foodi,FDI-RDR-006,Hasan Mahmud,8801309144811,delivery_rider,Bike,Dhaka-Metro-LA-24-6061,2023-05-09,4.71,active,Gulshan,53,31,1075,2026-02-11T04:00:15+06:00,2026-08-05T08:02:50+06:00
1023,USR097,+8801629685055,Tasnim Islam,FDI0001024,2026-04-28T08:33:51+06:00,Foodi Demo Kitchen 04,Cafe,Mirpur,23.814535,90.371199,1585,cash,delivered,2026-04-28T10:37:51+06:00,True,Foodi,FDI-RDR-008,Al Amin Mahmud,8801773840158,delivery_rider,Bike,Dhaka-Metro-LA-16-1506,2024-12-21,4.88,active,Mirpur,55,38,553,2026-02-10T07:25:37+06:00,2026-08-10T06:22:54+06:00
1024,USR097,+8801629685055,Tasnim Islam,FDI0001025,2026-07-31T06:33:39+06:00,Foodi Demo Kitchen 07,Thai,Badda,23.781219,90.4268,682,mobile_wallet,cancelled,2026-07-31T08:33:39+06:00,True,Foodi,FDI-RDR-019,Imran Khan,8801655026262,delivery_rider,Bike,Dhaka-Metro-LA-31-3687,2024-04-05,4.91,active,Badda,37,23,1569,2026-02-24T06:56:48+06:00,2026-08-06T06:15:06+06:00
1025,USR097,+8801629685055,Tasnim Islam,FDI0001026,2026-04-30T19:28:21+06:00,Foodi Demo Kitchen 06,Burgers,Rampura,23.768049,90.417002,1238,cash,refunded,2026-04-30T20:43:21+06:00,True,Foodi,FDI-RDR-014,Sabbir Ahmed,8801739856270,delivery_rider,Bike,Dhaka-Metro-LA-13-2488,2024-03-05,4.91,active,Rampura,71,47,1187,2026-02-10T02:57:10+06:00,2026-08-07T14:03:06+06:00
1026,USR098,+8801782355451,Labiba Chowdhury,FDI0001027,2026-07-23T18:44:34+06:00,Foodi Demo Kitchen 05,Pizza,Wari,23.715506,90.424199,1805,cash,delivered,2026-07-23T20:11:34+06:00,True,Foodi,FDI-RDR-018,Mehedi Karim,8801825989091,delivery_rider,Bicycle,BIC-77242,2025-01-08,4.35,active,Wari,63,40,1814,2026-02-12T18:32:46+06:00,2026-08-04T04:32:17+06:00
1027,USR098,+8801782355451,Labiba Chowdhury,FDI0001028,2026-05-14T18:27:32+06:00,Foodi Demo Kitchen 08,Kebab,Mirpur,23.820405,90.363877,389,cash,delivered,2026-05-14T21:31:32+06:00,True,Foodi,FDI-RDR-008,Al Amin Mahmud,8801773840158,delivery_rider,Bike,Dhaka-Metro-LA-16-1506,2024-12-21,4.88,active,Mirpur,55,38,553,2026-02-10T07:25:37+06:00,2026-08-10T06:22:54+06:00
1028,USR098,+8801782355451,Labiba Chowdhury,FDI0001029,2026-04-15T19:10:49+06:00,Foodi Demo Kitchen 03,Biryani,Old Dhaka,23.717142,90.40704,1426,mobile_wallet,delivered,2026-04-15T22:26:49+06:00,True,Foodi,FDI-RDR-012,Parvez Mollah,8801798672324,delivery_rider,Bike,Dhaka-Metro-LA-18-1627,2023-01-21,4.38,active,Old Dhaka,70,47,563,2026-02-10T12:20:28+06:00,2026-08-08T06:41:21+06:00
1029,USR098,+8801782355451,Labiba Chowdhury,FDI0001030,2026-03-17T19:28:08+06:00,Foodi Demo Kitchen 06,Burgers,Wari,23.716883,90.416825,411,cash,cancelled,2026-03-17T21:19:08+06:00,True,Foodi,FDI-RDR-018,Mehedi Karim,8801825989091,delivery_rider,Bicycle,BIC-77242,2025-01-08,4.35,active,Wari,63,40,1814,2026-02-12T18:32:46+06:00,2026-08-04T04:32:17+06:00
1030,USR098,+8801782355451,Labiba Chowdhury,FDI0001031,2026-02-15T22:46:25+06:00,Foodi Demo Kitchen 01,Bangla,Farmgate,23.758002,90.39178,1206,cash,delivered,2026-02-16T01:22:25+06:00,True,Foodi,FDI-RDR-005,Nayeem Sheikh,8801743750117,delivery_rider,Bike,Dhaka-Metro-LA-11-2234,2025-12-12,4.45,active,Farmgate,28,19,703,2026-02-14T20:09:21+06:00,2026-07-11T22:41:13+06:00
1031,USR098,+8801782355451,Labiba Chowdhury,FDI0001032,2026-05-28T15:39:27+06:00,Foodi Demo Kitchen 02,Fast Food,Tejgaon,23.768881,90.386644,389,mobile_wallet,delivered,2026-05-28T17:43:27+06:00,True,Foodi,FDI-RDR-016,Noman Mollah,8801385740882,delivery_rider,Bike,Dhaka-Metro-LA-22-3253,2025-12-03,4.49,active,Tejgaon,49,28,819,2026-02-13T23:12:09+06:00,2026-08-05T05:30:47+06:00
1032,USR098,+8801782355451,Labiba Chowdhury,FDI0001033,2026-06-02T23:07:03+06:00,Foodi Demo Kitchen 04,Cafe,Khilgaon,23.746033,90.43166,1389,cash,cancelled,2026-06-03T00:13:03+06:00,True,Foodi,FDI-RDR-007,Shakil Sarker,8801645088972,delivery_rider,Bike,Dhaka-Metro-LA-51-7903,2024-11-22,4.89,active,Khilgaon,63,46,238,2026-02-12T07:27:28+06:00,2026-08-08T00:12:25+06:00
1033,USR099,+8801304117185,Siam Sultana,FDI0001034,2026-07-31T23:12:19+06:00,Foodi Demo Kitchen 03,Biryani,Mohakhali,23.769893,90.406306,1066,mobile_wallet,delivered,2026-08-01T00:57:19+06:00,True,Foodi,FDI-RDR-009,Mahmud Ali,8801453596488,delivery_rider,Bike,Dhaka-Metro-LA-50-1637,2024-06-25,4.64,active,Mohakhali,67,33,309,2026-02-10T09:51:53+06:00,2026-08-10T22:36:11+06:00
1034,USR099,+8801304117185,Siam Sultana,FDI0001035,2026-04-04T10:48:57+06:00,Foodi Demo Kitchen 07,Thai,Shyamoli,23.776688,90.370825,246,card,delivered,2026-04-04T14:10:57+06:00,True,Foodi,FDI-RDR-015,Al Amin Ahmed,8801422934517,delivery_rider,Bike,Dhaka-Metro-LA-24-2387,2025-07-31,4.60,active,Shyamoli,43,20,343,2026-02-15T20:41:46+06:00,2026-08-10T01:54:52+06:00
1035,USR099,+8801304117185,Siam Sultana,FDI0001036,2026-07-08T06:52:08+06:00,Foodi Demo Kitchen 05,Pizza,Khilgaon,23.758181,90.418693,1227,card,delivered,2026-07-08T07:23:08+06:00,True,Foodi,FDI-RDR-007,Shakil Sarker,8801645088972,delivery_rider,Bike,Dhaka-Metro-LA-51-7903,2024-11-22,4.89,active,Khilgaon,63,46,238,2026-02-12T07:27:28+06:00,2026-08-08T00:12:25+06:00
1036,USR099,+8801304117185,Siam Sultana,FDI0001037,2026-04-29T10:02:40+06:00,Foodi Demo Kitchen 05,Pizza,Khilgaon,23.758665,90.424434,1290,cash,delivered,2026-04-29T10:45:40+06:00,True,Foodi,FDI-RDR-007,Shakil Sarker,8801645088972,delivery_rider,Bike,Dhaka-Metro-LA-51-7903,2024-11-22,4.89,active,Khilgaon,63,46,238,2026-02-12T07:27:28+06:00,2026-08-08T00:12:25+06:00
1037,USR099,+8801304117185,Siam Sultana,FDI0001038,2026-07-07T20:41:45+06:00,Foodi Demo Kitchen 01,Bangla,Gulshan,23.784055,90.39937,1331,cash,delivered,2026-07-07T22:10:45+06:00,True,Foodi,FDI-RDR-006,Hasan Mahmud,8801309144811,delivery_rider,Bike,Dhaka-Metro-LA-24-6061,2023-05-09,4.71,active,Gulshan,53,31,1075,2026-02-11T04:00:15+06:00,2026-08-05T08:02:50+06:00
1038,USR099,+8801304117185,Siam Sultana,FDI0001039,2026-05-04T08:33:40+06:00,Foodi Demo Kitchen 05,Pizza,Banani,23.78757,90.408519,1778,cash,delivered,2026-05-04T10:19:40+06:00,True,Foodi,FDI-RDR-002,Rony Sarker,8801683501448,delivery_rider,Bike,Dhaka-Metro-LA-47-5838,2023-05-27,4.52,active,Banani,29,19,739,2026-02-13T16:48:02+06:00,2026-07-30T12:32:32+06:00
1039,USR099,+8801304117185,Siam Sultana,FDI0001040,2026-07-14T19:55:29+06:00,Foodi Demo Kitchen 05,Pizza,Dhanmondi,23.74622,90.375117,1710,mobile_wallet,refunded,2026-07-14T20:41:29+06:00,True,Foodi,FDI-RDR-004,Arif Mahmud,8801854692697,delivery_rider,Bike,Dhaka-Metro-LA-31-2968,2025-07-12,4.47,active,Dhanmondi,34,22,1435,2026-02-20T13:46:59+06:00,2026-08-05T20:00:40+06:00
1040,USR099,+8801304117185,Siam Sultana,FDI0001041,2026-06-03T20:23:24+06:00,Foodi Demo Kitchen 05,Pizza,Bashundhara,23.821124,90.419937,1450,card,delivered,2026-06-03T21:47:24+06:00,True,Foodi,FDI-RDR-021,Habib Khan,8801640944989,delivery_rider,Bicycle,BIC-62834,2024-07-09,4.84,active,Bashundhara,33,19,586,2026-03-08T16:51:38+06:00,2026-08-08T20:11:49+06:00
1041,USR099,+8801304117185,Siam Sultana,FDI0001042,2026-02-15T20:41:46+06:00,Foodi Demo Kitchen 07,Thai,Shyamoli,23.765203,90.36798,969,mobile_wallet,delivered,2026-02-15T22:55:46+06:00,True,Foodi,FDI-RDR-015,Al Amin Ahmed,8801422934517,delivery_rider,Bike,Dhaka-Metro-LA-24-2387,2025-07-31,4.60,active,Shyamoli,43,20,343,2026-02-15T20:41:46+06:00,2026-08-10T01:54:52+06:00
1042,USR099,+8801304117185,Siam Sultana,FDI0001043,2026-07-04T19:45:59+06:00,Foodi Demo Kitchen 06,Burgers,Badda,23.783336,90.422101,1046,cash,cancelled,2026-07-04T22:00:59+06:00,True,Foodi,FDI-RDR-001,Nahid Ali,8801862610128,delivery_rider,Bike,Dhaka-Metro-LA-30-5508,2024-10-09,4.84,active,Badda,24,15,971,2026-02-13T19:01:33+06:00,2026-07-28T10:35:20+06:00
1043,USR099,+8801304117185,Siam Sultana,FDI0001044,2026-07-14T16:52:22+06:00,Foodi Demo Kitchen 04,Cafe,Dhanmondi,23.739221,90.371008,844,cash,delivered,2026-07-14T17:31:22+06:00,True,Foodi,FDI-RDR-022,Habib Chowdhury,8801384916196,delivery_rider,Bike,Dhaka-Metro-LA-46-4315,2024-05-20,4.33,active,Dhanmondi,27,18,197,2026-02-12T07:13:30+06:00,2026-08-05T01:26:05+06:00
1044,USR100,+8801774878490,Rakib Hasan,FDI0001045,2026-02-27T13:48:47+06:00,Foodi Demo Kitchen 03,Biryani,Mirpur,23.815444,90.371742,1639,mobile_wallet,delivered,2026-02-27T17:05:47+06:00,True,Foodi,FDI-RDR-008,Al Amin Mahmud,8801773840158,delivery_rider,Bike,Dhaka-Metro-LA-16-1506,2024-12-21,4.88,active,Mirpur,55,38,553,2026-02-10T07:25:37+06:00,2026-08-10T06:22:54+06:00
1045,USR100,+8801774878490,Rakib Hasan,FDI0001046,2026-04-23T16:10:26+06:00,Foodi Demo Kitchen 02,Fast Food,Tejgaon,23.762028,90.396393,1083,mobile_wallet,delivered,2026-04-23T16:54:26+06:00,True,Foodi,FDI-RDR-016,Noman Mollah,8801385740882,delivery_rider,Bike,Dhaka-Metro-LA-22-3253,2025-12-03,4.49,active,Tejgaon,49,28,819,2026-02-13T23:12:09+06:00,2026-08-05T05:30:47+06:00
1046,USR100,+8801774878490,Rakib Hasan,FDI0001047,2026-07-18T02:16:33+06:00,Foodi Demo Kitchen 05,Pizza,Bashundhara,23.816789,90.42399,1049,cash,delivered,2026-07-18T04:10:33+06:00,True,Foodi,FDI-RDR-021,Habib Khan,8801640944989,delivery_rider,Bicycle,BIC-62834,2024-07-09,4.84,active,Bashundhara,33,19,586,2026-03-08T16:51:38+06:00,2026-08-08T20:11:49+06:00
1047,USR100,+8801774878490,Rakib Hasan,FDI0001048,2026-03-26T06:50:36+06:00,Foodi Demo Kitchen 01,Bangla,Mohammadpur,23.760874,90.353597,747,cash,delivered,2026-03-26T09:11:36+06:00,True,Foodi,FDI-RDR-010,Shuvo Kabir,8801941100059,delivery_rider,Bike,Dhaka-Metro-LA-31-8053,2024-10-07,4.30,active,Mohammadpur,59,37,808,2026-02-11T13:16:22+06:00,2026-08-10T20:09:48+06:00
1048,USR100,+8801774878490,Rakib Hasan,FDI0001049,2026-08-02T16:33:13+06:00,Foodi Demo Kitchen 04,Cafe,Mohammadpur,23.768292,90.354317,1118,card,delivered,2026-08-02T19:43:13+06:00,True,Foodi,FDI-RDR-010,Shuvo Kabir,8801941100059,delivery_rider,Bike,Dhaka-Metro-LA-31-8053,2024-10-07,4.30,active,Mohammadpur,59,37,808,2026-02-11T13:16:22+06:00,2026-08-10T20:09:48+06:00
1049,USR100,+8801774878490,Rakib Hasan,FDI0001050,2026-07-10T15:29:09+06:00,Foodi Demo Kitchen 02,Fast Food,Mirpur,23.819564,90.368519,510,cash,refunded,2026-07-10T16:01:09+06:00,True,Foodi,FDI-RDR-008,Al Amin Mahmud,8801773840158,delivery_rider,Bike,Dhaka-Metro-LA-16-1506,2024-12-21,4.88,active,Mirpur,55,38,553,2026-02-10T07:25:37+06:00,2026-08-10T06:22:54+06:00
1050,USR100,+8801774878490,Rakib Hasan,FDI0001051,2026-08-08T00:12:25+06:00,Foodi Demo Kitchen 04,Cafe,Khilgaon,23.755708,90.428232,388,card,cancelled,2026-08-08T02:37:25+06:00,True,Foodi,FDI-RDR-007,Shakil Sarker,8801645088972,delivery_rider,Bike,Dhaka-Metro-LA-51-7903,2024-11-22,4.89,active,Khilgaon,63,46,238,2026-02-12T07:27:28+06:00,2026-08-08T00:12:25+06:00
1051,USR100,+8801774878490,Rakib Hasan,FDI0001052,2026-05-07T12:37:43+06:00,Foodi Demo Kitchen 02,Fast Food,Banani,23.789904,90.413909,1193,card,delivered,2026-05-07T13:24:43+06:00,True,Foodi,FDI-RDR-002,Rony Sarker,8801683501448,delivery_rider,Bike,Dhaka-Metro-LA-47-5838,2023-05-27,4.52,active,Banani,29,19,739,2026-02-13T16:48:02+06:00,2026-07-30T12:32:32+06:00
1052,USR100,+8801774878490,Rakib Hasan,FDI0001053,2026-02-12T05:09:39+06:00,Foodi Demo Kitchen 03,Biryani,Gulshan,23.800291,90.404794,1371,mobile_wallet,cancelled,2026-02-12T06:32:39+06:00,True,Foodi,FDI-RDR-006,Hasan Mahmud,8801309144811,delivery_rider,Bike,Dhaka-Metro-LA-24-6061,2023-05-09,4.71,active,Gulshan,53,31,1075,2026-02-11T04:00:15+06:00,2026-08-05T08:02:50+06:00
1053,USR100,+8801774878490,Rakib Hasan,FDI0001054,2026-04-06T22:48:25+06:00,Foodi Demo Kitchen 08,Kebab,Rampura,23.769751,90.421348,1392,mobile_wallet,delivered,2026-04-07T00:05:25+06:00,True,Foodi,FDI-RDR-014,Sabbir Ahmed,8801739856270,delivery_rider,Bike,Dhaka-Metro-LA-13-2488,2024-03-05,4.91,active,Rampura,71,47,1187,2026-02-10T02:57:10+06:00,2026-08-07T14:03:06+06:00
