user_id,phone,customer_name,order_id,order_time,restaurant_name,restaurant_category,delivery_area,delivery_lat,delivery_lon,order_amount_bdt,payment_method,order_status,source_updated_at,synthetic
USR001,01000000001,Demo User 001,FP0000010,2026-02-14T20:32:50+06:00,Cafe Metro Demo,Cafe,Badda,23.773254,90.421476,1627,cash,cancelled,2026-02-14T22:59:50+06:00,True
USR001,01000000001,Demo User 001,FP0000011,2026-02-16T07:16:55+06:00,Rice & Curry Demo,Bangla,Rampura,23.761872,90.424996,1044,mobile_wallet,delivered,2026-02-16T09:38:55+06:00,True
USR001,01000000001,Demo User 001,FP0000006,2026-03-14T04:56:36+06:00,Chicken Express Demo,Fast Food,Pallabi,23.83015,90.360011,1524,cash,delivered,2026-03-14T06:19:36+06:00,True
USR001,01000000001,Demo User 001,FP0000002,2026-03-19T09:43:27+06:00,Burger Lab Demo,Burgers,Gulshan,23.79016,90.402285,539,mobile_wallet,delivered,2026-03-19T11:42:27+06:00,True
USR001,01000000001,Demo User 001,FP0000003,2026-04-02T03:44:39+06:00,Thai Kitchen Demo,Thai,Bashundhara,23.816807,90.430476,849,cash,delivered,2026-04-02T05:51:39+06:00,True
USR001,01000000001,Demo User 001,FP0000008,2026-05-18T02:55:28+06:00,Pizza Corner Demo,Pizza,Badda,23.775871,90.42231,1662,mobile_wallet,delivered,2026-05-18T04:19:28+06:00,True
USR001,01000000001,Demo User 001,FP0000004,2026-05-22T18:26:50+06:00,Thai Kitchen Demo,Thai,Shyamoli,23.782278,90.370978,1264,cash,delivered,2026-05-22T20:17:50+06:00,True
USR001,01000000001,Demo User 001,FP0000007,2026-06-16T08:22:48+06:00,Rice & Curry Demo,Bangla,Bashundhara,23.808604,90.424665,1567,mobile_wallet,delivered,2026-06-16T08:52:48+06:00,True
USR001,01000000001,Demo User 001,FP0000001,2026-07-25T02:28:20+06:00,Dhaka Biryani Demo,Biryani,Mirpur,23.81587,90.370073,600,card,delivered,2026-07-25T04:25:20+06:00,True
USR001,01000000001,Demo User 001,FP0000005,2026-07-28T06:17:53+06:00,Dhaka Biryani Demo,Biryani,Dhanmondi,23.753579,90.382328,1101,mobile_wallet,delivered,2026-07-28T06:45:53+06:00,True
USR001,01000000001,Demo User 001,FP0000009,2026-08-06T16:27:43+06:00,Thai Kitchen Demo,Thai,Badda,23.775828,90.423733,571,card,delivered,2026-08-06T16:50:43+06:00,True
USR002,01000000002,Demo User 002,FP0000024,2026-02-20T13:35:41+06:00,Chicken Express Demo,Fast Food,Mirpur,23.820342,90.369596,1540,card,delivered,2026-02-20T16:11:41+06:00,True
USR002,01000000002,Demo User 002,FP0000022,2026-03-24T17:49:16+06:00,Pizza Corner Demo,Pizza,Mohammadpur,23.772689,90.355162,1789,cash,delivered,2026-03-24T18:30:16+06:00,True
USR002,01000000002,Demo User 002,FP0000017,2026-05-12T08:59:12+06:00,Kebab House Demo,Kebab,Shyamoli,23.780225,90.365917,1782,card,delivered,2026-05-12T10:10:12+06:00,True
USR002,01000000002,Demo User 002,FP0000015,2026-05-16T14:17:30+06:00,Cafe Metro Demo,Cafe,Gulshan,23.789786,90.412012,1417,cash,cancelled,2026-05-16T17:09:30+06:00,True
USR002,01000000002,Demo User 002,FP0000021,2026-06-04T22:55:28+06:00,Thai Kitchen Demo,Thai,Banani,23.799866,90.409768,1734,cash,delivered,2026-06-05T00:29:28+06:00,True
USR002,01000000002,Demo User 002,FP0000023,2026-06-25T07:07:56+06:00,Cafe Metro Demo,Cafe,Farmgate,23.753037,90.3945,1467,mobile_wallet,delivered,2026-06-25T09:48:56+06:00,True
USR002,01000000002,Demo User 002,FP0000013,2026-06-27T01:01:41+06:00,Burger Lab Demo,Burgers,Motijheel,23.733815,90.420603,301,card,refunded,2026-06-27T03:52:41+06:00,True
USR002,01000000002,Demo User 002,FP0000014,2026-07-02T16:24:11+06:00,Dhaka Biryani Demo,Biryani,Motijheel,23.728239,90.420643,1660,card,delivered,2026-07-02T18:11:11+06:00,True
USR002,01000000002,Demo User 002,FP0000012,2026-07-03T12:24:57+06:00,Kebab House Demo,Kebab,Badda,23.779837,90.422034,730,cash,delivered,2026-07-03T14:41:57+06:00,True
USR002,01000000002,Demo User 002,FP0000020,2026-07-06T19:59:11+06:00,Kebab House Demo,Kebab,Gulshan,23.795204,90.415092,431,cash,delivered,2026-07-06T22:45:11+06:00,True
USR002,01000000002,Demo User 002,FP0000018,2026-07-13T21:26:37+06:00,Pizza Corner Demo,Pizza,Farmgate,23.758404,90.388007,365,mobile_wallet,delivered,2026-07-13T23:43:37+06:00,True
USR002,01000000002,Demo User 002,FP0000019,2026-07-20T16:04:44+06:00,Chicken Express Demo,Fast Food,Khilgaon,23.745151,90.432742,876,card,delivered,2026-07-20T17:01:44+06:00,True
USR002,01000000002,Demo User 002,FP0000016,2026-08-09T06:08:57+06:00,Chicken Express Demo,Fast Food,Gulshan,23.787808,90.400568,433,cash,delivered,2026-08-09T08:27:57+06:00,True
USR003,01000000003,Demo User 003,FP0000033,2026-02-11T08:33:26+06:00,Chicken Express Demo,Fast Food,Rampura,23.755266,90.4224,219,cash,delivered,2026-02-11T09:56:26+06:00,True
USR003,01000000003,Demo User 003,FP0000038,2026-04-08T07:46:52+06:00,Burger Lab Demo,Burgers,Badda,23.777537,90.427119,830,mobile_wallet,delivered,2026-04-08T09:18:52+06:00,True
USR003,01000000003,Demo User 003,FP0000040,2026-04-16T09:11:14+06:00,Rice & Curry Demo,Bangla,Gulshan,23.796976,90.415704,642,card,delivered,2026-04-16T10:08:14+06:00,True
USR003,01000000003,Demo User 003,FP0000039,2026-04-17T09:47:20+06:00,Cafe Metro Demo,Cafe,Pallabi,23.832433,90.363348,1691,cash,delivered,2026-04-17T11:17:20+06:00,True
USR003,01000000003,Demo User 003,FP0000043,2026-05-11T16:47:26+06:00,Burger Lab Demo,Burgers,Gulshan,23.795403,90.407906,1238,mobile_wallet,delivered,2026-05-11T18:50:26+06:00,True
USR003,01000000003,Demo User 003,FP0000035,2026-05-17T10:18:23+06:00,Cafe Metro Demo,Cafe,Farmgate,23.752535,90.394878,265,mobile_wallet,delivered,2026-05-17T11:22:23+06:00,True
USR003,01000000003,Demo User 003,FP0000028,2026-05-20T10:19:15+06:00,Pizza Corner Demo,Pizza,Wari,23.723795,90.421341,872,cash,delivered,2026-05-20T12:15:15+06:00,True
USR003,01000000003,Demo User 003,FP0000034,2026-05-28T11:12:36+06:00,Kebab House Demo,Kebab,Farmgate,23.762667,90.383981,1103,cash,delivered,2026-05-28T11:58:36+06:00,True
USR003,01000000003,Demo User 003,FP0000041,2026-06-09T19:50:23+06:00,Cafe Metro Demo,Cafe,Mohammadpur,23.771048,90.357255,1300,cash,delivered,2026-06-09T22:20:23+06:00,True
USR003,01000000003,Demo User 003,FP0000031,2026-06-10T20:42:25+06:00,Thai Kitchen Demo,Thai,Mirpur,23.823504,90.36086,930,cash,delivered,2026-06-10T21:59:25+06:00,True
USR003,01000000003,Demo User 003,FP0000025,2026-06-13T14:16:42+06:00,Dhaka Biryani Demo,Biryani,Banani,23.800807,90.404602,1141,mobile_wallet,delivered,2026-06-13T15:58:42+06:00,True
USR003,01000000003,Demo User 003,FP0000027,2026-06-14T08:21:39+06:00,Burger Lab Demo,Burgers,Mohakhali,23.773649,90.392029,1398,mobile_wallet,delivered,2026-06-14T10:13:39+06:00,True
USR003,01000000003,Demo User 003,FP0000042,2026-06-20T05:13:24+06:00,Chicken Express Demo,Fast Food,Old Dhaka,23.707997,90.405804,1182,cash,delivered,2026-06-20T07:25:24+06:00,True
USR003,01000000003,Demo User 003,FP0000030,2026-07-01T16:42:46+06:00,Rice & Curry Demo,Bangla,Motijheel,23.725428,90.421281,349,mobile_wallet,delivered,2026-07-01T19:36:46+06:00,True
USR003,01000000003,Demo User 003,FP0000032,2026-07-03T06:01:36+06:00,Thai Kitchen Demo,Thai,Wari,23.721113,90.424787,1432,card,delivered,2026-07-03T08:10:36+06:00,True
USR003,01000000003,Demo User 003,FP0000029,2026-07-06T11:39:13+06:00,Dhaka Biryani Demo,Biryani,Rampura,23.759451,90.420248,585,cash,delivered,2026-07-06T12:45:13+06:00,True
USR003,01000000003,Demo User 003,FP0000026,2026-07-10T06:09:42+06:00,Dhaka Biryani Demo,Biryani,Tejgaon,23.763017,90.393671,645,mobile_wallet,in_progress,2026-07-10T08:24:42+06:00,True
USR003,01000000003,Demo User 003,FP0000036,2026-07-22T16:57:58+06:00,Dhaka Biryani Demo,Biryani,Bashundhara,23.822105,90.421103,1031,mobile_wallet,delivered,2026-07-22T17:21:58+06:00,True
USR003,01000000003,Demo User 003,FP0000037,2026-07-29T02:49:33+06:00,Burger Lab Demo,Burgers,Shyamoli,23.771366,90.358129,1090,card,delivered,2026-07-29T04:36:33+06:00,True
USR004,01000000004,Demo User 004,FP0000052,2026-02-13T05:32:31+06:00,Thai Kitchen Demo,Thai,Bashundhara,23.817329,90.425162,930,cash,delivered,2026-02-13T08:01:31+06:00,True
USR004,01000000004,Demo User 004,FP0000050,2026-03-09T05:43:38+06:00,Cafe Metro Demo,Cafe,Dhanmondi,23.742249,90.374472,317,card,delivered,2026-03-09T07:05:38+06:00,True
USR004,01000000004,Demo User 004,FP0000044,2026-04-13T06:09:26+06:00,Pizza Corner Demo,Pizza,Rampura,23.763619,90.41579,1574,cash,delivered,2026-04-13T07:35:26+06:00,True
USR004,01000000004,Demo User 004,FP0000047,2026-05-15T03:26:22+06:00,Cafe Metro Demo,Cafe,Gulshan,23.799117,90.414987,1490,mobile_wallet,delivered,2026-05-15T05:59:22+06:00,True
USR004,01000000004,Demo User 004,FP0000048,2026-05-16T05:16:50+06:00,Pizza Corner Demo,Pizza,Shyamoli,23.769272,90.368337,960,mobile_wallet,delivered,2026-05-16T06:28:50+06:00,True
USR004,01000000004,Demo User 004,FP0000051,2026-06-16T08:28:41+06:00,Chicken Express Demo,Fast Food,Banani,23.79563,90.40499,1084,card,delivered,2026-06-16T10:18:41+06:00,True
USR004,01000000004,Demo User 004,FP0000055,2026-06-19T16:31:17+06:00,Rice & Curry Demo,Bangla,Old Dhaka,23.705742,90.412893,311,mobile_wallet,delivered,2026-06-19T17:49:17+06:00,True
USR004,01000000004,Demo User 004,FP0000053,2026-07-06T22:39:32+06:00,Rice & Curry Demo,Bangla,Gulshan,23.792213,90.407985,1555,mobile_wallet,delivered,2026-07-06T23:30:32+06:00,True
USR004,01000000004,Demo User 004,FP0000049,2026-07-07T00:28:43+06:00,Kebab House Demo,Kebab,Banani,23.800082,90.404881,374,mobile_wallet,refunded,2026-07-07T03:28:43+06:00,True
USR004,01000000004,Demo User 004,FP0000045,2026-07-12T08:32:45+06:00,Chicken Express Demo,Fast Food,Mirpur,23.827677,90.364695,873,cash,delivered,2026-07-12T09:44:45+06:00,True
USR004,01000000004,Demo User 004,FP0000056,2026-07-21T12:54:41+06:00,Pizza Corner Demo,Pizza,Dhanmondi,23.745224,90.379738,476,card,delivered,2026-07-21T14:09:41+06:00,True
USR004,01000000004,Demo User 004,FP0000054,2026-08-06T03:54:39+06:00,Rice & Curry Demo,Bangla,Wari,23.724012,90.413049,1010,card,delivered,2026-08-06T05:03:39+06:00,True
USR004,01000000004,Demo User 004,FP0000046,2026-08-07T15:10:32+06:00,Burger Lab Demo,Burgers,Wari,23.722391,90.420439,1419,card,cancelled,2026-08-07T17:29:32+06:00,True
USR005,01000000005,Demo User 005,FP0000063,2026-02-15T19:37:48+06:00,Thai Kitchen Demo,Thai,Mohammadpur,23.765306,90.363429,1267,cash,delivered,2026-02-15T22:25:48+06:00,True
USR005,01000000005,Demo User 005,FP0000072,2026-02-23T18:15:13+06:00,Kebab House Demo,Kebab,Uttara,23.879963,90.37855,1016,card,delivered,2026-02-23T19:22:13+06:00,True
USR005,01000000005,Demo User 005,FP0000062,2026-03-11T16:52:18+06:00,Kebab House Demo,Kebab,Dhanmondi,23.750593,90.382236,889,card,delivered,2026-03-11T17:52:18+06:00,True
USR005,01000000005,Demo User 005,FP0000066,2026-03-13T06:05:44+06:00,Chicken Express Demo,Fast Food,Motijheel,23.725477,90.417923,808,card,delivered,2026-03-13T06:47:44+06:00,True
USR005,01000000005,Demo User 005,FP0000058,2026-03-21T18:47:24+06:00,Kebab House Demo,Kebab,Badda,23.779698,90.421706,764,mobile_wallet,delivered,2026-03-21T21:06:24+06:00,True
USR005,01000000005,Demo User 005,FP0000071,2026-03-25T17:12:41+06:00,Kebab House Demo,Kebab,Banani,23.792175,90.4064,266,cash,delivered,2026-03-25T18:15:41+06:00,True
USR005,01000000005,Demo User 005,FP0000073,2026-04-22T07:47:36+06:00,Chicken Express Demo,Fast Food,Khilgaon,23.744742,90.422048,1489,cash,delivered,2026-04-22T08:58:36+06:00,True
USR005,01000000005,Demo User 005,FP0000070,2026-04-26T07:58:38+06:00,Burger Lab Demo,Burgers,Pallabi,23.820473,90.368505,408,cash,delivered,2026-04-26T09:05:38+06:00,True
USR005,01000000005,Demo User 005,FP0000075,2026-04-26T11:29:44+06:00,Burger Lab Demo,Burgers,Gulshan,23.786956,90.401321,676,cash,delivered,2026-04-26T13:09:44+06:00,True
USR005,01000000005,Demo User 005,FP0000074,2026-05-03T10:50:50+06:00,Rice & Curry Demo,Bangla,Shyamoli,23.769838,90.367001,1467,card,delivered,2026-05-03T13:18:50+06:00,True
USR005,01000000005,Demo User 005,FP0000067,2026-05-04T13:55:03+06:00,Cafe Metro Demo,Cafe,Rampura,23.759158,90.425798,352,cash,delivered,2026-05-04T16:10:03+06:00,True
USR005,01000000005,Demo User 005,FP0000069,2026-05-14T06:34:32+06:00,Pizza Corner Demo,Pizza,Shyamoli,23.777469,90.361716,1264,mobile_wallet,refunded,2026-05-14T09:32:32+06:00,True
USR005,01000000005,Demo User 005,FP0000057,2026-05-25T02:14:37+06:00,Cafe Metro Demo,Cafe,Tejgaon,23.768105,90.39826,340,mobile_wallet,delivered,2026-05-25T03:38:37+06:00,True
USR005,01000000005,Demo User 005,FP0000068,2026-06-09T12:57:11+06:00,Burger Lab Demo,Burgers,Old Dhaka,23.705454,90.41306,1740,card,delivered,2026-06-09T14:50:11+06:00,True
USR005,01000000005,Demo User 005,FP0000060,2026-06-15T22:58:59+06:00,Pizza Corner Demo,Pizza,Motijheel,23.739113,90.424653,1174,card,delivered,2026-06-15T23:31:59+06:00,True
USR005,01000000005,Demo User 005,FP0000064,2026-07-03T23:56:39+06:00,Pizza Corner Demo,Pizza,Uttara,23.876102,90.381911,1711,card,delivered,2026-07-04T00:21:39+06:00,True
USR005,01000000005,Demo User 005,FP0000059,2026-07-13T06:43:41+06:00,Burger Lab Demo,Burgers,Mohakhali,23.775672,90.406098,627,mobile_wallet,delivered,2026-07-13T07:56:41+06:00,True
USR005,01000000005,Demo User 005,FP0000065,2026-07-20T15:44:14+06:00,Dhaka Biryani Demo,Biryani,Bashundhara,23.815988,90.420211,1689,cash,delivered,2026-07-20T16:46:14+06:00,True
USR005,01000000005,Demo User 005,FP0000061,2026-08-02T16:45:39+06:00,Rice & Curry Demo,Bangla,Badda,23.777739,90.423017,403,cash,delivered,2026-08-02T18:15:39+06:00,True
USR006,01000000006,Demo User 006,FP0000080,2026-02-16T19:14:45+06:00,Burger Lab Demo,Burgers,Mohammadpur,23.765883,90.357378,357,card,delivered,2026-02-16T20:01:45+06:00,True
USR006,01000000006,Demo User 006,FP0000083,2026-02-16T21:05:24+06:00,Cafe Metro Demo,Cafe,Bashundhara,23.810859,90.42274,803,card,delivered,2026-02-16T22:44:24+06:00,True
USR006,01000000006,Demo User 006,FP0000087,2026-03-03T11:21:34+06:00,Thai Kitchen Demo,Thai,Badda,23.77769,90.433923,1092,cash,delivered,2026-03-03T14:13:34+06:00,True
USR006,01000000006,Demo User 006,FP0000082,2026-03-29T00:19:39+06:00,Thai Kitchen Demo,Thai,Mohakhali,23.780384,90.405306,1655,mobile_wallet,delivered,2026-03-29T02:44:39+06:00,True
USR006,01000000006,Demo User 006,FP0000090,2026-04-07T04:25:07+06:00,Pizza Corner Demo,Pizza,Rampura,23.754178,90.414008,1111,mobile_wallet,delivered,2026-04-07T04:54:07+06:00,True
USR006,01000000006,Demo User 006,FP0000081,2026-04-16T04:00:00+06:00,Chicken Express Demo,Fast Food,Farmgate,23.751015,90.384826,1499,card,delivered,2026-04-16T04:21:00+06:00,True
USR006,01000000006,Demo User 006,FP0000088,2026-04-23T12:41:41+06:00,Dhaka Biryani Demo,Biryani,Uttara,23.87732,90.385714,1436,card,cancelled,2026-04-23T13:35:41+06:00,True
USR006,01000000006,Demo User 006,FP0000079,2026-05-08T04:09:15+06:00,Thai Kitchen Demo,Thai,Shyamoli,23.767108,90.369795,1418,mobile_wallet,delivered,2026-05-08T06:15:15+06:00,True
USR006,01000000006,Demo User 006,FP0000085,2026-05-10T23:15:43+06:00,Burger Lab Demo,Burgers,Rampura,23.768928,90.427459,1321,mobile_wallet,delivered,2026-05-11T00:39:43+06:00,True
USR006,01000000006,Demo User 006,FP0000084,2026-05-14T08:21:04+06:00,Thai Kitchen Demo,Thai,Farmgate,23.758201,90.392939,1142,card,refunded,2026-05-14T10:20:04+06:00,True
USR006,01000000006,Demo User 006,FP0000091,2026-05-24T08:16:40+06:00,Cafe Metro Demo,Cafe,Mohakhali,23.787217,90.398155,1291,cash,delivered,2026-05-24T09:38:40+06:00,True
USR006,01000000006,Demo User 006,FP0000076,2026-06-01T14:20:34+06:00,Pizza Corner Demo,Pizza,Tejgaon,23.769172,90.393478,265,mobile_wallet,cancelled,2026-06-01T17:05:34+06:00,True
USR006,01000000006,Demo User 006,FP0000092,2026-07-02T12:39:06+06:00,Thai Kitchen Demo,Thai,Farmgate,23.75631,90.383181,648,card,delivered,2026-07-02T13:12:06+06:00,True
USR006,01000000006,Demo User 006,FP0000086,2026-07-08T14:53:27+06:00,Kebab House Demo,Kebab,Pallabi,23.825304,90.365605,224,card,delivered,2026-07-08T17:13:27+06:00,True
USR006,01000000006,Demo User 006,FP0000089,2026-07-10T02:58:31+06:00,Cafe Metro Demo,Cafe,Pallabi,23.82143,90.356636,1649,mobile_wallet,delivered,2026-07-10T05:53:31+06:00,True
USR006,01000000006,Demo User 006,FP0000078,2026-07-21T10:58:50+06:00,Kebab House Demo,Kebab,Mohakhali,23.777096,90.393393,658,mobile_wallet,delivered,2026-07-21T13:52:50+06:00,True
USR006,01000000006,Demo User 006,FP0000077,2026-08-04T20:47:28+06:00,Cafe Metro Demo,Cafe,Badda,23.780628,90.430424,1109,mobile_wallet,delivered,2026-08-04T22:00:28+06:00,True
USR007,01000000007,Demo User 007,FP0000096,2026-02-22T23:29:37+06:00,Pizza Corner Demo,Pizza,Wari,23.720371,90.410572,874,cash,delivered,2026-02-23T00:47:37+06:00,True
USR007,01000000007,Demo User 007,FP0000098,2026-03-04T09:45:14+06:00,Thai Kitchen Demo,Thai,Khilgaon,23.748616,90.421929,1176,cash,delivered,2026-03-04T10:27:14+06:00,True
USR007,01000000007,Demo User 007,FP0000102,2026-03-19T04:34:10+06:00,Pizza Corner Demo,Pizza,Mohakhali,23.77467,90.403242,401,card,cancelled,2026-03-19T05:04:10+06:00,True
USR007,01000000007,Demo User 007,FP0000103,2026-03-25T06:01:08+06:00,Rice & Curry Demo,Bangla,Uttara,23.879316,90.374465,1745,mobile_wallet,delivered,2026-03-25T08:35:08+06:00,True
USR007,01000000007,Demo User 007,FP0000093,2026-04-07T01:52:08+06:00,Cafe Metro Demo,Cafe,Pallabi,23.830476,90.367195,1480,mobile_wallet,delivered,2026-04-07T03:48:08+06:00,True
USR007,01000000007,Demo User 007,FP0000097,2026-04-20T12:17:40+06:00,Kebab House Demo,Kebab,Banani,23.795701,90.404307,1771,mobile_wallet,delivered,2026-04-20T13:36:40+06:00,True
USR007,01000000007,Demo User 007,FP0000099,2026-05-17T13:21:59+06:00,Thai Kitchen Demo,Thai,Gulshan,23.794578,90.41448,1302,mobile_wallet,delivered,2026-05-17T14:30:59+06:00,True
USR007,01000000007,Demo User 007,FP0000100,2026-07-06T21:32:29+06:00,Cafe Metro Demo,Cafe,Rampura,23.764394,90.418242,1241,card,delivered,2026-07-06T23:17:29+06:00,True
USR007,01000000007,Demo User 007,FP0000101,2026-07-11T13:44:59+06:00,Pizza Corner Demo,Pizza,Khilgaon,23.744171,90.420027,227,mobile_wallet,delivered,2026-07-11T14:08:59+06:00,True
USR007,01000000007,Demo User 007,FP0000094,2026-07-22T19:31:38+06:00,Thai Kitchen Demo,Thai,Gulshan,23.791012,90.408985,292,card,cancelled,2026-07-22T20:29:38+06:00,True
USR007,01000000007,Demo User 007,FP0000095,2026-07-29T06:02:35+06:00,Chicken Express Demo,Fast Food,Wari,23.712741,90.415265,200,cash,cancelled,2026-07-29T08:43:35+06:00,True
USR008,01000000008,Demo User 008,FP0000123,2026-02-11T23:56:00+06:00,Pizza Corner Demo,Pizza,Old Dhaka,23.707666,90.406715,975,mobile_wallet,delivered,2026-02-12T01:26:00+06:00,True
USR008,01000000008,Demo User 008,FP0000113,2026-03-08T01:18:26+06:00,Thai Kitchen Demo,Thai,Gulshan,23.799371,90.402026,292,cash,delivered,2026-03-08T03:01:26+06:00,True
USR008,01000000008,Demo User 008,FP0000118,2026-03-16T03:35:56+06:00,Rice & Curry Demo,Bangla,Rampura,23.766383,90.419668,1167,mobile_wallet,delivered,2026-03-16T06:31:56+06:00,True
USR008,01000000008,Demo User 008,FP0000105,2026-03-16T22:03:58+06:00,Kebab House Demo,Kebab,Mohammadpur,23.773491,90.362616,800,card,delivered,2026-03-16T23:01:58+06:00,True
USR008,01000000008,Demo User 008,FP0000108,2026-03-19T03:21:36+06:00,Burger Lab Demo,Burgers,Banani,23.789528,90.405287,415,cash,delivered,2026-03-19T03:55:36+06:00,True
USR008,01000000008,Demo User 008,FP0000110,2026-03-24T00:01:29+06:00,Thai Kitchen Demo,Thai,Banani,23.80045,90.408052,1545,card,delivered,2026-03-24T02:47:29+06:00,True
USR008,01000000008,Demo User 008,FP0000122,2026-03-24T17:42:10+06:00,Pizza Corner Demo,Pizza,Old Dhaka,23.708059,90.414594,1071,card,delivered,2026-03-24T19:26:10+06:00,True
USR008,01000000008,Demo User 008,FP0000117,2026-04-01T05:43:57+06:00,Dhaka Biryani Demo,Biryani,Banani,23.799469,90.404683,692,cash,delivered,2026-04-01T06:07:57+06:00,True
USR008,01000000008,Demo User 008,FP0000124,2026-04-09T00:52:49+06:00,Dhaka Biryani Demo,Biryani,Tejgaon,23.766231,90.401592,228,card,in_progress,2026-04-09T02:16:49+06:00,True
USR008,01000000008,Demo User 008,FP0000115,2026-04-23T09:18:06+06:00,Chicken Express Demo,Fast Food,Uttara,23.874741,90.384895,231,card,delivered,2026-04-23T11:31:06+06:00,True
USR008,01000000008,Demo User 008,FP0000114,2026-05-06T20:58:07+06:00,Dhaka Biryani Demo,Biryani,Tejgaon,23.755896,90.390073,619,mobile_wallet,delivered,2026-05-06T23:25:07+06:00,True
USR008,01000000008,Demo User 008,FP0000104,2026-05-07T07:32:17+06:00,Kebab House Demo,Kebab,Khilgaon,23.751344,90.423678,1513,cash,delivered,2026-05-07T08:40:17+06:00,True
USR008,01000000008,Demo User 008,FP0000109,2026-05-19T19:44:45+06:00,Kebab House Demo,Kebab,Gulshan,23.787097,90.405326,1541,cash,delivered,2026-05-19T22:10:45+06:00,True
USR008,01000000008,Demo User 008,FP0000112,2026-05-20T19:43:03+06:00,Burger Lab Demo,Burgers,Mohakhali,23.780992,90.39411,936,card,delivered,2026-05-20T21:00:03+06:00,True
USR008,01000000008,Demo User 008,FP0000119,2026-05-24T02:17:34+06:00,Cafe Metro Demo,Cafe,Uttara,23.881476,90.386337,667,mobile_wallet,cancelled,2026-05-24T05:12:34+06:00,True
USR008,01000000008,Demo User 008,FP0000121,2026-05-30T11:23:21+06:00,Dhaka Biryani Demo,Biryani,Old Dhaka,23.714943,90.410027,1519,card,delivered,2026-05-30T11:52:21+06:00,True
USR008,01000000008,Demo User 008,FP0000120,2026-06-01T12:55:44+06:00,Pizza Corner Demo,Pizza,Mirpur,23.821389,90.368368,314,cash,delivered,2026-06-01T15:40:44+06:00,True
USR008,01000000008,Demo User 008,FP0000111,2026-06-22T08:20:49+06:00,Dhaka Biryani Demo,Biryani,Rampura,23.755478,90.422002,408,card,delivered,2026-06-22T10:21:49+06:00,True
USR008,01000000008,Demo User 008,FP0000107,2026-06-24T01:25:45+06:00,Thai Kitchen Demo,Thai,Motijheel,23.729754,90.411402,767,card,delivered,2026-06-24T01:54:45+06:00,True
USR008,01000000008,Demo User 008,FP0000125,2026-07-05T03:10:17+06:00,Chicken Express Demo,Fast Food,Wari,23.722759,90.413405,716,cash,delivered,2026-07-05T05:47:17+06:00,True
USR008,01000000008,Demo User 008,FP0000106,2026-07-20T04:22:22+06:00,Dhaka Biryani Demo,Biryani,Uttara,23.870706,90.381126,1747,mobile_wallet,delivered,2026-07-20T05:19:22+06:00,True
USR008,01000000008,Demo User 008,FP0000116,2026-07-30T09:48:19+06:00,Dhaka Biryani Demo,Biryani,Shyamoli,23.772456,90.359602,805,card,delivered,2026-07-30T11:04:19+06:00,True
USR009,01000000009,Demo User 009,FP0000127,2026-02-23T13:27:49+06:00,Burger Lab Demo,Burgers,Pallabi,23.828578,90.362605,1182,mobile_wallet,delivered,2026-02-23T14:46:49+06:00,True
USR009,01000000009,Demo User 009,FP0000136,2026-03-04T21:34:01+06:00,Dhaka Biryani Demo,Biryani,Gulshan,23.784989,90.399973,718,mobile_wallet,in_progress,2026-03-04T22:23:01+06:00,True
USR009,01000000009,Demo User 009,FP0000128,2026-03-20T15:05:17+06:00,Chicken Express Demo,Fast Food,Old Dhaka,23.717616,90.411938,1109,mobile_wallet,delivered,2026-03-20T17:41:17+06:00,True
USR009,01000000009,Demo User 009,FP0000139,2026-03-20T21:29:40+06:00,Dhaka Biryani Demo,Biryani,Tejgaon,23.756971,90.386149,1138,card,cancelled,2026-03-21T00:17:40+06:00,True
USR009,01000000009,Demo User 009,FP0000129,2026-03-30T14:55:03+06:00,Dhaka Biryani Demo,Biryani,Badda,23.779947,90.42073,515,cash,delivered,2026-03-30T15:22:03+06:00,True
USR009,01000000009,Demo User 009,FP0000134,2026-04-20T12:51:04+06:00,Pizza Corner Demo,Pizza,Uttara,23.872149,90.373624,1716,mobile_wallet,delivered,2026-04-20T15:31:04+06:00,True
USR009,01000000009,Demo User 009,FP0000130,2026-04-21T14:45:15+06:00,Cafe Metro Demo,Cafe,Farmgate,23.751346,90.39112,1242,card,delivered,2026-04-21T16:06:15+06:00,True
USR009,01000000009,Demo User 009,FP0000131,2026-05-05T18:52:33+06:00,Pizza Corner Demo,Pizza,Wari,23.717954,90.423727,1633,cash,delivered,2026-05-05T21:15:33+06:00,True
USR009,01000000009,Demo User 009,FP0000138,2026-06-01T17:32:52+06:00,Rice & Curry Demo,Bangla,Mohakhali,23.787617,90.402664,1399,card,delivered,2026-06-01T18:16:52+06:00,True
USR009,01000000009,Demo User 009,FP0000137,2026-06-26T14:42:53+06:00,Cafe Metro Demo,Cafe,Dhanmondi,23.738553,90.37291,1253,cash,delivered,2026-06-26T15:51:53+06:00,True
USR009,01000000009,Demo User 009,FP0000132,2026-07-02T03:02:24+06:00,Cafe Metro Demo,Cafe,Shyamoli,23.779399,90.365555,885,card,delivered,2026-07-02T04:31:24+06:00,True
USR009,01000000009,Demo User 009,FP0000126,2026-07-11T08:42:22+06:00,Chicken Express Demo,Fast Food,Tejgaon,23.763511,90.397965,1108,mobile_wallet,delivered,2026-07-11T10:35:22+06:00,True
USR009,01000000009,Demo User 009,FP0000135,2026-08-03T13:01:59+06:00,Chicken Express Demo,Fast Food,Rampura,23.767729,90.427736,954,cash,delivered,2026-08-03T13:26:59+06:00,True
USR009,01000000009,Demo User 009,FP0000133,2026-08-09T19:08:39+06:00,Rice & Curry Demo,Bangla,Banani,23.792117,90.402421,653,cash,delivered,2026-08-09T21:46:39+06:00,True
USR010,01000000010,Demo User 010,FP0000155,2026-02-16T15:27:39+06:00,Kebab House Demo,Kebab,Khilgaon,23.744219,90.419768,1450,cash,delivered,2026-02-16T16:13:39+06:00,True
USR010,01000000010,Demo User 010,FP0000153,2026-03-04T17:12:29+06:00,Thai Kitchen Demo,Thai,Pallabi,23.834252,90.35701,1156,card,delivered,2026-03-04T17:46:29+06:00,True
USR010,01000000010,Demo User 010,FP0000143,2026-03-25T05:40:42+06:00,Pizza Corner Demo,Pizza,Mohammadpur,23.765826,90.358222,1392,card,delivered,2026-03-25T08:37:42+06:00,True
USR010,01000000010,Demo User 010,FP0000146,2026-03-29T10:55:30+06:00,Pizza Corner Demo,Pizza,Khilgaon,23.75797,90.432559,448,mobile_wallet,delivered,2026-03-29T11:33:30+06:00,True
USR010,01000000010,Demo User 010,FP0000150,2026-04-03T16:00:15+06:00,Cafe Metro Demo,Cafe,Tejgaon,23.757695,90.398449,1543,mobile_wallet,delivered,2026-04-03T16:57:15+06:00,True
USR010,01000000010,Demo User 010,FP0000148,2026-04-07T22:10:38+06:00,Kebab House Demo,Kebab,Mohakhali,23.777022,90.402761,343,card,refunded,2026-04-07T23:42:38+06:00,True
USR010,01000000010,Demo User 010,FP0000149,2026-04-09T02:48:15+06:00,Cafe Metro Demo,Cafe,Gulshan,23.798736,90.40974,466,mobile_wallet,delivered,2026-04-09T03:22:15+06:00,True
USR010,01000000010,Demo User 010,FP0000142,2026-04-15T06:12:55+06:00,Rice & Curry Demo,Bangla,Mohakhali,23.774628,90.401882,1744,card,delivered,2026-04-15T06:54:55+06:00,True
USR010,01000000010,Demo User 010,FP0000140,2026-05-03T00:05:02+06:00,Pizza Corner Demo,Pizza,Wari,23.723453,90.413088,1514,card,delivered,2026-05-03T02:34:02+06:00,True
USR010,01000000010,Demo User 010,FP0000144,2026-05-04T19:04:45+06:00,Cafe Metro Demo,Cafe,Shyamoli,23.780482,90.361941,1109,cash,delivered,2026-05-04T19:59:45+06:00,True
USR010,01000000010,Demo User 010,FP0000158,2026-05-10T02:11:42+06:00,Pizza Corner Demo,Pizza,Wari,23.715776,90.409763,380,mobile_wallet,delivered,2026-05-10T03:27:42+06:00,True
USR010,01000000010,Demo User 010,FP0000141,2026-05-13T01:30:24+06:00,Rice & Curry Demo,Bangla,Wari,23.724737,90.422439,900,mobile_wallet,delivered,2026-05-13T02:12:24+06:00,True
USR010,01000000010,Demo User 010,FP0000160,2026-05-16T17:44:01+06:00,Pizza Corner Demo,Pizza,Gulshan,23.795538,90.409131,583,card,cancelled,2026-05-16T19:20:01+06:00,True
USR010,01000000010,Demo User 010,FP0000161,2026-06-08T06:22:30+06:00,Kebab House Demo,Kebab,Khilgaon,23.758323,90.427,290,cash,delivered,2026-06-08T08:31:30+06:00,True
USR010,01000000010,Demo User 010,FP0000145,2026-06-11T20:23:32+06:00,Burger Lab Demo,Burgers,Motijheel,23.731225,90.416569,230,card,refunded,2026-06-11T22:32:32+06:00,True
USR010,01000000010,Demo User 010,FP0000152,2026-06-23T06:00:05+06:00,Rice & Curry Demo,Bangla,Bashundhara,23.810619,90.430494,1339,cash,delivered,2026-06-23T07:28:05+06:00,True
USR010,01000000010,Demo User 010,FP0000154,2026-06-25T14:47:34+06:00,Cafe Metro Demo,Cafe,Uttara,23.878868,90.378068,1653,card,delivered,2026-06-25T16:26:34+06:00,True
USR010,01000000010,Demo User 010,FP0000159,2026-06-26T16:01:17+06:00,Kebab House Demo,Kebab,Banani,23.793238,90.402814,317,mobile_wallet,delivered,2026-06-26T18:16:17+06:00,True
USR010,01000000010,Demo User 010,FP0000151,2026-06-26T23:25:55+06:00,Chicken Express Demo,Fast Food,Gulshan,23.793567,90.401468,539,cash,delivered,2026-06-27T01:39:55+06:00,True
USR010,01000000010,Demo User 010,FP0000156,2026-07-08T04:08:51+06:00,Kebab House Demo,Kebab,Gulshan,23.798122,90.400111,243,card,delivered,2026-07-08T06:27:51+06:00,True
USR010,01000000010,Demo User 010,FP0000157,2026-08-01T10:47:55+06:00,Kebab House Demo,Kebab,Banani,23.790278,90.406396,318,cash,delivered,2026-08-01T11:07:55+06:00,True
USR010,01000000010,Demo User 010,FP0000147,2026-08-03T04:21:53+06:00,Kebab House Demo,Kebab,Farmgate,23.759511,90.389113,990,card,delivered,2026-08-03T07:00:53+06:00,True
USR011,01000000011,Demo User 011,FP0000167,2026-02-19T21:15:05+06:00,Dhaka Biryani Demo,Biryani,Old Dhaka,23.708153,90.411372,806,mobile_wallet,delivered,2026-02-19T22:56:05+06:00,True
USR011,01000000011,Demo User 011,FP0000162,2026-03-09T21:44:46+06:00,Pizza Corner Demo,Pizza,Old Dhaka,23.703104,90.403283,1606,card,delivered,2026-03-09T23:42:46+06:00,True
USR011,01000000011,Demo User 011,FP0000170,2026-04-10T21:22:52+06:00,Cafe Metro Demo,Cafe,Bashundhara,23.811952,90.428972,1610,mobile_wallet,cancelled,2026-04-10T23:10:52+06:00,True
USR011,01000000011,Demo User 011,FP0000166,2026-04-20T06:19:22+06:00,Rice & Curry Demo,Bangla,Wari,23.715425,90.411946,902,cash,delivered,2026-04-20T08:18:22+06:00,True
USR011,01000000011,Demo User 011,FP0000171,2026-04-20T22:41:51+06:00,Chicken Express Demo,Fast Food,Motijheel,23.735135,90.419575,651,cash,delivered,2026-04-21T01:37:51+06:00,True
USR011,01000000011,Demo User 011,FP0000164,2026-05-01T22:24:05+06:00,Thai Kitchen Demo,Thai,Tejgaon,23.762301,90.39533,215,cash,delivered,2026-05-01T22:46:05+06:00,True
USR011,01000000011,Demo User 011,FP0000173,2026-05-19T01:49:01+06:00,Burger Lab Demo,Burgers,Shyamoli,23.770478,90.359185,566,mobile_wallet,delivered,2026-05-19T03:48:01+06:00,True
USR011,01000000011,Demo User 011,FP0000174,2026-05-22T14:34:14+06:00,Burger Lab Demo,Burgers,Mohammadpur,23.769158,90.356626,223,card,delivered,2026-05-22T15:49:14+06:00,True
USR011,01000000011,Demo User 011,FP0000165,2026-05-31T16:25:08+06:00,Cafe Metro Demo,Cafe,Wari,23.71937,90.410483,1337,mobile_wallet,delivered,2026-05-31T19:06:08+06:00,True
USR011,01000000011,Demo User 011,FP0000172,2026-06-10T05:44:34+06:00,Dhaka Biryani Demo,Biryani,Tejgaon,23.758413,90.392851,743,cash,delivered,2026-06-10T07:22:34+06:00,True
USR011,01000000011,Demo User 011,FP0000176,2026-06-11T17:13:03+06:00,Rice & Curry Demo,Bangla,Badda,23.779789,90.4275,1648,mobile_wallet,delivered,2026-06-11T19:18:03+06:00,True
USR011,01000000011,Demo User 011,FP0000168,2026-06-12T03:52:11+06:00,Rice & Curry Demo,Bangla,Banani,23.796647,90.410325,1615,card,delivered,2026-06-12T04:15:11+06:00,True
USR011,01000000011,Demo User 011,FP0000163,2026-06-13T07:16:24+06:00,Pizza Corner Demo,Pizza,Badda,23.777099,90.424889,693,cash,delivered,2026-06-13T08:24:24+06:00,True
USR011,01000000011,Demo User 011,FP0000169,2026-06-18T05:02:17+06:00,Rice & Curry Demo,Bangla,Shyamoli,23.773468,90.35878,1431,mobile_wallet,delivered,2026-06-18T06:55:17+06:00,True
USR011,01000000011,Demo User 011,FP0000175,2026-07-11T08:14:29+06:00,Kebab House Demo,Kebab,Farmgate,23.755145,90.385703,319,card,refunded,2026-07-11T09:12:29+06:00,True
USR012,01000000012,Demo User 012,FP0000186,2026-02-22T23:18:30+06:00,Cafe Metro Demo,Cafe,Farmgate,23.760557,90.390852,1631,mobile_wallet,delivered,2026-02-23T00:55:30+06:00,True
USR012,01000000012,Demo User 012,FP0000193,2026-02-27T21:04:29+06:00,Burger Lab Demo,Burgers,Old Dhaka,23.712843,90.410871,260,cash,delivered,2026-02-27T23:54:29+06:00,True
USR012,01000000012,Demo User 012,FP0000187,2026-03-16T19:08:52+06:00,Cafe Metro Demo,Cafe,Motijheel,23.731706,90.412183,1352,cash,delivered,2026-03-16T19:30:52+06:00,True
USR012,01000000012,Demo User 012,FP0000178,2026-03-17T07:11:37+06:00,Dhaka Biryani Demo,Biryani,Motijheel,23.736702,90.423462,206,card,delivered,2026-03-17T08:49:37+06:00,True
USR012,01000000012,Demo User 012,FP0000181,2026-03-26T20:04:08+06:00,Dhaka Biryani Demo,Biryani,Gulshan,23.797431,90.412241,1377,cash,in_progress,2026-03-26T20:52:08+06:00,True
USR012,01000000012,Demo User 012,FP0000179,2026-04-04T05:03:47+06:00,Thai Kitchen Demo,Thai,Banani,23.799315,90.411983,1145,card,delivered,2026-04-04T06:27:47+06:00,True
USR012,01000000012,Demo User 012,FP0000185,2026-04-04T05:35:14+06:00,Thai Kitchen Demo,Thai,Mohakhali,23.781681,90.39189,1243,cash,delivered,2026-04-04T06:24:14+06:00,True
USR012,01000000012,Demo User 012,FP0000189,2026-04-06T22:16:06+06:00,Thai Kitchen Demo,Thai,Tejgaon,23.75868,90.400896,782,card,delivered,2026-04-07T00:45:06+06:00,True
USR012,01000000012,Demo User 012,FP0000182,2026-04-14T23:23:57+06:00,Burger Lab Demo,Burgers,Bashundhara,23.817097,90.426942,346,card,delivered,2026-04-15T01:43:57+06:00,True
USR012,01000000012,Demo User 012,FP0000191,2026-04-19T05:38:49+06:00,Dhaka Biryani Demo,Biryani,Banani,23.796271,90.40911,779,card,delivered,2026-04-19T07:55:49+06:00,True
USR012,01000000012,Demo User 012,FP0000180,2026-05-03T01:49:28+06:00,Cafe Metro Demo,Cafe,Mirpur,23.82583,90.372247,1354,mobile_wallet,delivered,2026-05-03T04:22:28+06:00,True
USR012,01000000012,Demo User 012,FP0000192,2026-06-11T22:48:43+06:00,Chicken Express Demo,Fast Food,Mohakhali,23.776085,90.401302,906,cash,delivered,2026-06-11T23:50:43+06:00,True
USR012,01000000012,Demo User 012,FP0000188,2026-06-23T09:36:54+06:00,Dhaka Biryani Demo,Biryani,Mohammadpur,23.769289,90.365748,864,mobile_wallet,delivered,2026-06-23T11:06:54+06:00,True
USR012,01000000012,Demo User 012,FP0000177,2026-07-13T15:45:11+06:00,Chicken Express Demo,Fast Food,Tejgaon,23.77044,90.389959,646,card,delivered,2026-07-13T17:13:11+06:00,True
USR012,01000000012,Demo User 012,FP0000190,2026-07-15T15:53:39+06:00,Thai Kitchen Demo,Thai,Banani,23.788725,90.412671,1383,cash,delivered,2026-07-15T16:21:39+06:00,True
USR012,01000000012,Demo User 012,FP0000184,2026-07-27T05:57:06+06:00,Rice & Curry Demo,Bangla,Dhanmondi,23.739455,90.37659,1442,mobile_wallet,delivered,2026-07-27T07:11:06+06:00,True
USR012,01000000012,Demo User 012,FP0000183,2026-07-31T01:54:51+06:00,Cafe Metro Demo,Cafe,Mohakhali,23.779997,90.393957,247,card,delivered,2026-07-31T03:43:51+06:00,True
USR013,01000000013,Demo User 013,FP0000194,2026-02-28T21:33:42+06:00,Cafe Metro Demo,Cafe,Farmgate,23.758151,90.391206,1079,cash,delivered,2026-02-28T22:43:42+06:00,True
USR013,01000000013,Demo User 013,FP0000196,2026-03-01T10:50:48+06:00,Pizza Corner Demo,Pizza,Motijheel,23.737904,90.420717,1032,mobile_wallet,delivered,2026-03-01T12:11:48+06:00,True
USR013,01000000013,Demo User 013,FP0000206,2026-03-03T15:11:14+06:00,Thai Kitchen Demo,Thai,Rampura,23.753933,90.421165,1402,cash,delivered,2026-03-03T16:42:14+06:00,True
USR013,01000000013,Demo User 013,FP0000209,2026-03-19T13:35:02+06:00,Pizza Corner Demo,Pizza,Badda,23.78848,90.421566,1632,card,delivered,2026-03-19T14:04:02+06:00,True
USR013,01000000013,Demo User 013,FP0000212,2026-03-22T08:23:38+06:00,Chicken Express Demo,Fast Food,Wari,23.713078,90.415487,1260,mobile_wallet,in_progress,2026-03-22T10:01:38+06:00,True
USR013,01000000013,Demo User 013,FP0000205,2026-03-31T14:36:51+06:00,Rice & Curry Demo,Bangla,Dhanmondi,23.753308,90.368172,1049,card,delivered,2026-03-31T17:09:51+06:00,True
USR013,01000000013,Demo User 013,FP0000198,2026-04-02T08:42:40+06:00,Kebab House Demo,Kebab,Uttara,23.871506,90.383906,398,card,cancelled,2026-04-02T11:12:40+06:00,True
USR013,01000000013,Demo User 013,FP0000199,2026-04-10T01:34:03+06:00,Chicken Express Demo,Fast Food,Farmgate,23.753555,90.388204,1091,cash,delivered,2026-04-10T02:44:03+06:00,True
USR013,01000000013,Demo User 013,FP0000208,2026-04-16T12:54:02+06:00,Thai Kitchen Demo,Thai,Khilgaon,23.751387,90.430827,1619,mobile_wallet,delivered,2026-04-16T14:49:02+06:00,True
USR013,01000000013,Demo User 013,FP0000207,2026-04-21T00:59:00+06:00,Dhaka Biryani Demo,Biryani,Shyamoli,23.770259,90.366843,1491,mobile_wallet,delivered,2026-04-21T02:27:00+06:00,True
USR013,01000000013,Demo User 013,FP0000210,2026-04-27T04:00:00+06:00,Burger Lab Demo,Burgers,Tejgaon,23.767419,90.391108,1195,cash,delivered,2026-04-27T05:00:00+06:00,True
USR013,01000000013,Demo User 013,FP0000197,2026-05-06T15:44:14+06:00,Dhaka Biryani Demo,Biryani,Wari,23.714595,90.418835,1515,card,delivered,2026-05-06T17:08:14+06:00,True
USR013,01000000013,Demo User 013,FP0000200,2026-05-19T19:21:34+06:00,Pizza Corner Demo,Pizza,Mohakhali,23.774021,90.40225,1124,cash,delivered,2026-05-19T21:20:34+06:00,True
USR013,01000000013,Demo User 013,FP0000203,2026-06-03T19:04:30+06:00,Pizza Corner Demo,Pizza,Banani,23.797998,90.411942,1606,cash,cancelled,2026-06-03T21:21:30+06:00,True
USR013,01000000013,Demo User 013,FP0000202,2026-06-27T12:54:33+06:00,Burger Lab Demo,Burgers,Old Dhaka,23.710789,90.408687,460,mobile_wallet,delivered,2026-06-27T14:46:33+06:00,True
USR013,01000000013,Demo User 013,FP0000204,2026-06-29T13:53:28+06:00,Dhaka Biryani Demo,Biryani,Uttara,23.879782,90.377975,423,card,delivered,2026-06-29T15:51:28+06:00,True
USR013,01000000013,Demo User 013,FP0000211,2026-07-24T16:41:26+06:00,Kebab House Demo,Kebab,Uttara,23.868224,90.384,449,card,delivered,2026-07-24T18:29:26+06:00,True
USR013,01000000013,Demo User 013,FP0000195,2026-07-27T06:30:44+06:00,Dhaka Biryani Demo,Biryani,Bashundhara,23.807669,90.418892,706,cash,delivered,2026-07-27T07:43:44+06:00,True
USR013,01000000013,Demo User 013,FP0000201,2026-07-27T15:33:46+06:00,Chicken Express Demo,Fast Food,Rampura,23.764651,90.421495,1756,card,delivered,2026-07-27T17:04:46+06:00,True
USR014,01000000014,Demo User 014,FP0000227,2026-02-17T05:38:41+06:00,Kebab House Demo,Kebab,Mohakhali,23.774881,90.399776,767,cash,cancelled,2026-02-17T08:36:41+06:00,True
USR014,01000000014,Demo User 014,FP0000225,2026-02-22T14:45:53+06:00,Thai Kitchen Demo,Thai,Badda,23.783453,90.422999,764,card,in_progress,2026-02-22T15:31:53+06:00,True
USR014,01000000014,Demo User 014,FP0000224,2026-02-27T23:02:35+06:00,Dhaka Biryani Demo,Biryani,Motijheel,23.728106,90.419007,637,card,delivered,2026-02-28T01:58:35+06:00,True
USR014,01000000014,Demo User 014,FP0000230,2026-03-04T23:19:37+06:00,Dhaka Biryani Demo,Biryani,Pallabi,23.822714,90.365499,725,card,delivered,2026-03-05T01:44:37+06:00,True
USR014,01000000014,Demo User 014,FP0000220,2026-03-16T04:03:25+06:00,Burger Lab Demo,Burgers,Pallabi,23.820309,90.371856,884,card,delivered,2026-03-16T05:27:25+06:00,True
USR014,01000000014,Demo User 014,FP0000233,2026-03-29T22:14:22+06:00,Pizza Corner Demo,Pizza,Wari,23.726153,90.424619,461,mobile_wallet,delivered,2026-03-29T22:59:22+06:00,True
USR014,01000000014,Demo User 014,FP0000222,2026-04-12T06:39:10+06:00,Burger Lab Demo,Burgers,Bashundhara,23.810308,90.425079,1063,cash,delivered,2026-04-12T08:38:10+06:00,True
USR014,01000000014,Demo User 014,FP0000226,2026-04-13T07:58:31+06:00,Kebab House Demo,Kebab,Motijheel,23.733088,90.422259,1636,cash,delivered,2026-04-13T09:58:31+06:00,True
USR014,01000000014,Demo User 014,FP0000229,2026-04-13T14:46:57+06:00,Cafe Metro Demo,Cafe,Mirpur,23.815219,90.370512,1123,mobile_wallet,delivered,2026-04-13T16:58:57+06:00,True
USR014,01000000014,Demo User 014,FP0000221,2026-04-25T04:04:52+06:00,Cafe Metro Demo,Cafe,Bashundhara,23.808363,90.430128,1241,mobile_wallet,delivered,2026-04-25T06:30:52+06:00,True
USR014,01000000014,Demo User 014,FP0000215,2026-05-02T10:15:33+06:00,Kebab House Demo,Kebab,Dhanmondi,23.742091,90.368519,1423,cash,delivered,2026-05-02T10:52:33+06:00,True
USR014,01000000014,Demo User 014,FP0000228,2026-05-19T05:08:43+06:00,Kebab House Demo,Kebab,Motijheel,23.72904,90.422681,408,cash,cancelled,2026-05-19T06:54:43+06:00,True
USR014,01000000014,Demo User 014,FP0000214,2026-05-24T04:13:07+06:00,Thai Kitchen Demo,Thai,Bashundhara,23.82096,90.43151,1461,mobile_wallet,delivered,2026-05-24T04:49:07+06:00,True
USR014,01000000014,Demo User 014,FP0000213,2026-05-28T17:54:42+06:00,Burger Lab Demo,Burgers,Rampura,23.765555,90.414549,242,mobile_wallet,delivered,2026-05-28T19:57:42+06:00,True
USR014,01000000014,Demo User 014,FP0000232,2026-06-07T15:31:40+06:00,Pizza Corner Demo,Pizza,Banani,23.797847,90.411488,951,mobile_wallet,delivered,2026-06-07T18:23:40+06:00,True
USR014,01000000014,Demo User 014,FP0000223,2026-06-21T14:30:22+06:00,Burger Lab Demo,Burgers,Dhanmondi,23.742954,90.379992,225,card,delivered,2026-06-21T15:21:22+06:00,True
USR014,01000000014,Demo User 014,FP0000231,2026-06-27T04:45:48+06:00,Kebab House Demo,Kebab,Uttara,23.872808,90.379276,756,card,delivered,2026-06-27T06:53:48+06:00,True
USR014,01000000014,Demo User 014,FP0000216,2026-07-17T00:52:30+06:00,Chicken Express Demo,Fast Food,Pallabi,23.833033,90.367826,1647,mobile_wallet,delivered,2026-07-17T02:52:30+06:00,True
USR014,01000000014,Demo User 014,FP0000219,2026-07-18T23:14:27+06:00,Kebab House Demo,Kebab,Dhanmondi,23.749371,90.376656,1425,mobile_wallet,delivered,2026-07-19T00:49:27+06:00,True
USR014,01000000014,Demo User 014,FP0000217,2026-07-28T04:39:00+06:00,Cafe Metro Demo,Cafe,Uttara,23.879119,90.374268,359,card,delivered,2026-07-28T07:38:00+06:00,True
USR014,01000000014,Demo User 014,FP0000218,2026-08-04T00:58:34+06:00,Dhaka Biryani Demo,Biryani,Mohammadpur,23.758937,90.352159,967,cash,delivered,2026-08-04T01:28:34+06:00,True
USR015,01000000015,Demo User 015,FP0000248,2026-02-27T00:07:53+06:00,Dhaka Biryani Demo,Biryani,Mirpur,23.825169,90.37247,186,card,delivered,2026-02-27T02:02:53+06:00,True
USR015,01000000015,Demo User 015,FP0000238,2026-03-12T12:57:40+06:00,Kebab House Demo,Kebab,Old Dhaka,23.709479,90.405192,238,card,delivered,2026-03-12T13:35:40+06:00,True
USR015,01000000015,Demo User 015,FP0000244,2026-03-12T15:36:25+06:00,Rice & Curry Demo,Bangla,Uttara,23.882958,90.377491,727,mobile_wallet,delivered,2026-03-12T17:19:25+06:00,True
USR015,01000000015,Demo User 015,FP0000251,2026-03-25T23:30:15+06:00,Burger Lab Demo,Burgers,Tejgaon,23.769327,90.388162,1118,card,delivered,2026-03-25T23:57:15+06:00,True
USR015,01000000015,Demo User 015,FP0000240,2026-04-05T10:27:57+06:00,Burger Lab Demo,Burgers,Banani,23.787608,90.399795,211,mobile_wallet,delivered,2026-04-05T10:54:57+06:00,True
USR015,01000000015,Demo User 015,FP0000252,2026-04-08T08:20:47+06:00,Chicken Express Demo,Fast Food,Badda,23.779913,90.42068,1440,cash,delivered,2026-04-08T11:08:47+06:00,True
USR015,01000000015,Demo User 015,FP0000255,2026-04-13T18:00:31+06:00,Rice & Curry Demo,Bangla,Gulshan,23.799037,90.406119,1650,mobile_wallet,delivered,2026-04-13T18:54:31+06:00,True
USR015,01000000015,Demo User 015,FP0000247,2026-04-17T23:37:00+06:00,Thai Kitchen Demo,Thai,Khilgaon,23.743109,90.423072,705,card,delivered,2026-04-18T01:22:00+06:00,True
USR015,01000000015,Demo User 015,FP0000236,2026-05-11T19:34:02+06:00,Kebab House Demo,Kebab,Mohakhali,23.772867,90.391637,1635,cash,delivered,2026-05-11T20:33:02+06:00,True
USR015,01000000015,Demo User 015,FP0000245,2026-05-12T11:28:44+06:00,Rice & Curry Demo,Bangla,Dhanmondi,23.750824,90.370323,1078,cash,delivered,2026-05-12T12:04:44+06:00,True
USR015,01000000015,Demo User 015,FP0000242,2026-05-16T21:40:47+06:00,Dhaka Biryani Demo,Biryani,Badda,23.782695,90.425218,1483,mobile_wallet,cancelled,2026-05-16T23:43:47+06:00,True
USR015,01000000015,Demo User 015,FP0000241,2026-05-21T19:43:23+06:00,Rice & Curry Demo,Bangla,Badda,23.775376,90.429117,1323,mobile_wallet,in_progress,2026-05-21T22:34:23+06:00,True
USR015,01000000015,Demo User 015,FP0000234,2026-06-02T14:40:46+06:00,Dhaka Biryani Demo,Biryani,Dhanmondi,23.754058,90.369306,859,card,delivered,2026-06-02T15:29:46+06:00,True
USR015,01000000015,Demo User 015,FP0000254,2026-06-03T12:31:20+06:00,Chicken Express Demo,Fast Food,Motijheel,23.740681,90.419922,827,mobile_wallet,delivered,2026-06-03T15:02:20+06:00,True
USR015,01000000015,Demo User 015,FP0000250,2026-06-10T18:45:31+06:00,Cafe Metro Demo,Cafe,Rampura,23.766482,90.417121,755,mobile_wallet,delivered,2026-06-10T20:09:31+06:00,True
USR015,01000000015,Demo User 015,FP0000249,2026-06-11T05:07:07+06:00,Kebab House Demo,Kebab,Shyamoli,23.7684,90.363788,1685,cash,delivered,2026-06-11T08:04:07+06:00,True
USR015,01000000015,Demo User 015,FP0000235,2026-06-24T23:48:26+06:00,Cafe Metro Demo,Cafe,Shyamoli,23.771423,90.360954,197,card,delivered,2026-06-25T00:37:26+06:00,True
USR015,01000000015,Demo User 015,FP0000253,2026-06-30T10:44:37+06:00,Thai Kitchen Demo,Thai,Badda,23.780248,90.423725,1703,card,delivered,2026-06-30T11:14:37+06:00,True
USR015,01000000015,Demo User 015,FP0000243,2026-07-05T02:08:40+06:00,Dhaka Biryani Demo,Biryani,Bashundhara,23.810234,90.418299,1268,cash,delivered,2026-07-05T04:47:40+06:00,True
USR015,01000000015,Demo User 015,FP0000246,2026-07-28T09:32:24+06:00,Thai Kitchen Demo,Thai,Dhanmondi,23.740517,90.378553,1034,cash,in_progress,2026-07-28T10:49:24+06:00,True
USR015,01000000015,Demo User 015,FP0000237,2026-08-06T06:57:11+06:00,Kebab House Demo,Kebab,Gulshan,23.786154,90.413493,880,card,delivered,2026-08-06T07:46:11+06:00,True
USR015,01000000015,Demo User 015,FP0000239,2026-08-06T08:56:48+06:00,Pizza Corner Demo,Pizza,Rampura,23.763703,90.415703,1649,cash,delivered,2026-08-06T10:41:48+06:00,True
USR016,01000000016,Demo User 016,FP0000257,2026-02-15T15:14:18+06:00,Pizza Corner Demo,Pizza,Mohammadpur,23.763368,90.354257,353,mobile_wallet,delivered,2026-02-15T17:46:18+06:00,True
USR016,01000000016,Demo User 016,FP0000266,2026-03-02T05:05:31+06:00,Kebab House Demo,Kebab,Tejgaon,23.756926,90.387909,927,mobile_wallet,in_progress,2026-03-02T08:04:31+06:00,True
USR016,01000000016,Demo User 016,FP0000272,2026-03-08T13:02:43+06:00,Kebab House Demo,Kebab,Gulshan,23.792403,90.414106,934,card,delivered,2026-03-08T14:30:43+06:00,True
USR016,01000000016,Demo User 016,FP0000275,2026-04-09T10:00:58+06:00,Dhaka Biryani Demo,Biryani,Pallabi,23.824987,90.359648,1392,mobile_wallet,delivered,2026-04-09T11:01:58+06:00,True
USR016,01000000016,Demo User 016,FP0000269,2026-05-01T18:11:10+06:00,Burger Lab Demo,Burgers,Farmgate,23.759471,90.382505,1476,mobile_wallet,delivered,2026-05-01T18:34:10+06:00,True
USR016,01000000016,Demo User 016,FP0000273,2026-05-03T20:28:41+06:00,Cafe Metro Demo,Cafe,Motijheel,23.725768,90.410047,997,card,in_progress,2026-05-03T21:00:41+06:00,True
USR016,01000000016,Demo User 016,FP0000265,2026-05-04T01:38:04+06:00,Cafe Metro Demo,Cafe,Motijheel,23.729137,90.42164,1463,cash,delivered,2026-05-04T02:09:04+06:00,True
USR016,01000000016,Demo User 016,FP0000258,2026-05-05T06:56:28+06:00,Thai Kitchen Demo,Thai,Mohammadpur,23.770057,90.362656,1690,mobile_wallet,delivered,2026-05-05T08:03:28+06:00,True
USR016,01000000016,Demo User 016,FP0000262,2026-05-07T03:26:47+06:00,Thai Kitchen Demo,Thai,Old Dhaka,23.7168,90.403435,1033,cash,in_progress,2026-05-07T04:00:47+06:00,True
USR016,01000000016,Demo User 016,FP0000268,2026-05-18T23:03:57+06:00,Burger Lab Demo,Burgers,Rampura,23.765166,90.422324,784,mobile_wallet,delivered,2026-05-18T23:36:57+06:00,True
USR016,01000000016,Demo User 016,FP0000260,2026-05-24T17:40:49+06:00,Burger Lab Demo,Burgers,Dhanmondi,23.75091,90.380273,323,cash,delivered,2026-05-24T18:41:49+06:00,True
USR016,01000000016,Demo User 016,FP0000274,2026-05-30T04:49:25+06:00,Thai Kitchen Demo,Thai,Dhanmondi,23.742836,90.382791,1500,card,delivered,2026-05-30T06:59:25+06:00,True
USR016,01000000016,Demo User 016,FP0000267,2026-06-12T14:58:50+06:00,Thai Kitchen Demo,Thai,Rampura,23.757963,90.412942,1008,cash,delivered,2026-06-12T16:40:50+06:00,True
USR016,01000000016,Demo User 016,FP0000261,2026-06-12T17:32:45+06:00,Cafe Metro Demo,Cafe,Shyamoli,23.771336,90.35907,563,card,delivered,2026-06-12T18:14:45+06:00,True
USR016,01000000016,Demo User 016,FP0000270,2026-06-19T03:10:30+06:00,Pizza Corner Demo,Pizza,Farmgate,23.756571,90.39352,592,cash,delivered,2026-06-19T05:49:30+06:00,True
USR016,01000000016,Demo User 016,FP0000256,2026-07-01T05:11:10+06:00,Cafe Metro Demo,Cafe,Khilgaon,23.756824,90.432346,302,mobile_wallet,in_progress,2026-07-01T06:22:10+06:00,True
USR016,01000000016,Demo User 016,FP0000271,2026-07-05T22:52:28+06:00,Pizza Corner Demo,Pizza,Banani,23.78844,90.40285,1277,card,refunded,2026-07-06T01:49:28+06:00,True
USR016,01000000016,Demo User 016,FP0000259,2026-07-24T18:40:51+06:00,Burger Lab Demo,Burgers,Uttara,23.880838,90.386632,1591,cash,delivered,2026-07-24T20:21:51+06:00,True
USR016,01000000016,Demo User 016,FP0000264,2026-07-27T11:23:28+06:00,Burger Lab Demo,Burgers,Badda,23.775281,90.428026,325,cash,delivered,2026-07-27T12:55:28+06:00,True
USR016,01000000016,Demo User 016,FP0000263,2026-08-05T04:19:25+06:00,Pizza Corner Demo,Pizza,Uttara,23.877785,90.378621,962,card,delivered,2026-08-05T07:08:25+06:00,True
USR017,01000000017,Demo User 017,FP0000284,2026-02-15T22:15:56+06:00,Cafe Metro Demo,Cafe,Mohammadpur,23.76918,90.356431,762,cash,delivered,2026-02-16T00:52:56+06:00,True
USR017,01000000017,Demo User 017,FP0000282,2026-02-16T11:10:10+06:00,Pizza Corner Demo,Pizza,Shyamoli,23.779763,90.362415,465,card,cancelled,2026-02-16T13:14:10+06:00,True
USR017,01000000017,Demo User 017,FP0000279,2026-02-21T18:02:23+06:00,Thai Kitchen Demo,Thai,Mohammadpur,23.759637,90.353145,1056,cash,delivered,2026-02-21T18:29:23+06:00,True
USR017,01000000017,Demo User 017,FP0000289,2026-02-27T18:48:55+06:00,Thai Kitchen Demo,Thai,Badda,23.775279,90.420693,832,card,delivered,2026-02-27T20:27:55+06:00,True
USR017,01000000017,Demo User 017,FP0000286,2026-02-28T05:09:01+06:00,Dhaka Biryani Demo,Biryani,Mirpur,23.822123,90.37016,270,cash,delivered,2026-02-28T07:01:01+06:00,True
USR017,01000000017,Demo User 017,FP0000278,2026-03-01T15:39:33+06:00,Chicken Express Demo,Fast Food,Badda,23.775759,90.434408,1007,card,delivered,2026-03-01T17:05:33+06:00,True
USR017,01000000017,Demo User 017,FP0000280,2026-03-19T02:19:14+06:00,Cafe Metro Demo,Cafe,Wari,23.710965,90.415079,1564,card,delivered,2026-03-19T04:44:14+06:00,True
USR017,01000000017,Demo User 017,FP0000277,2026-04-02T18:56:17+06:00,Chicken Express Demo,Fast Food,Gulshan,23.788921,90.404705,537,card,in_progress,2026-04-02T20:02:17+06:00,True
USR017,01000000017,Demo User 017,FP0000288,2026-04-13T07:01:19+06:00,Kebab House Demo,Kebab,Banani,23.787897,90.402004,1354,card,delivered,2026-04-13T09:12:19+06:00,True
USR017,01000000017,Demo User 017,FP0000281,2026-05-27T23:59:16+06:00,Rice & Curry Demo,Bangla,Mohammadpur,23.772457,90.350783,562,mobile_wallet,refunded,2026-05-28T00:19:16+06:00,True
USR017,01000000017,Demo User 017,FP0000287,2026-06-21T21:21:56+06:00,Kebab House Demo,Kebab,Pallabi,23.834019,90.361541,1296,cash,delivered,2026-06-21T22:44:56+06:00,True
USR017,01000000017,Demo User 017,FP0000276,2026-06-27T19:08:16+06:00,Dhaka Biryani Demo,Biryani,Tejgaon,23.770554,90.396252,1043,mobile_wallet,delivered,2026-06-27T21:20:16+06:00,True
USR017,01000000017,Demo User 017,FP0000283,2026-07-13T04:24:46+06:00,Burger Lab Demo,Burgers,Wari,23.719386,90.412317,392,mobile_wallet,delivered,2026-07-13T07:24:46+06:00,True
USR017,01000000017,Demo User 017,FP0000285,2026-08-04T06:50:19+06:00,Kebab House Demo,Kebab,Tejgaon,23.764397,90.399389,286,mobile_wallet,delivered,2026-08-04T09:07:19+06:00,True
USR018,01000000018,Demo User 018,FP0000296,2026-02-17T03:37:00+06:00,Burger Lab Demo,Burgers,Bashundhara,23.821913,90.430263,1109,mobile_wallet,delivered,2026-02-17T06:18:00+06:00,True
USR018,01000000018,Demo User 018,FP0000295,2026-02-23T03:06:35+06:00,Burger Lab Demo,Burgers,Farmgate,23.76393,90.385692,1498,card,delivered,2026-02-23T04:25:35+06:00,True
USR018,01000000018,Demo User 018,FP0000298,2026-03-10T12:16:00+06:00,Rice & Curry Demo,Bangla,Old Dhaka,23.711546,90.410865,1451,mobile_wallet,delivered,2026-03-10T13:32:00+06:00,True
USR018,01000000018,Demo User 018,FP0000297,2026-03-12T00:39:09+06:00,Rice & Curry Demo,Bangla,Khilgaon,23.755449,90.432569,1411,card,delivered,2026-03-12T03:22:09+06:00,True
USR018,01000000018,Demo User 018,FP0000299,2026-03-27T09:37:15+06:00,Burger Lab Demo,Burgers,Farmgate,23.755156,90.396203,456,cash,delivered,2026-03-27T12:30:15+06:00,True
USR018,01000000018,Demo User 018,FP0000308,2026-04-06T08:48:02+06:00,Rice & Curry Demo,Bangla,Mohakhali,23.78395,90.391478,439,cash,delivered,2026-04-06T09:12:02+06:00,True
USR018,01000000018,Demo User 018,FP0000301,2026-04-12T13:35:05+06:00,Dhaka Biryani Demo,Biryani,Farmgate,23.75871,90.394374,1315,card,delivered,2026-04-12T16:26:05+06:00,True
USR018,01000000018,Demo User 018,FP0000300,2026-04-13T18:15:58+06:00,Rice & Curry Demo,Bangla,Gulshan,23.793502,90.400387,1727,mobile_wallet,delivered,2026-04-13T20:05:58+06:00,True
USR018,01000000018,Demo User 018,FP0000305,2026-04-18T11:39:32+06:00,Thai Kitchen Demo,Thai,Motijheel,23.726616,90.420153,1020,mobile_wallet,delivered,2026-04-18T12:55:32+06:00,True
USR018,01000000018,Demo User 018,FP0000307,2026-04-23T14:01:08+06:00,Cafe Metro Demo,Cafe,Mohammadpur,23.758215,90.352642,572,card,refunded,2026-04-23T15:12:08+06:00,True
USR018,01000000018,Demo User 018,FP0000291,2026-05-02T22:24:27+06:00,Burger Lab Demo,Burgers,Uttara,23.879337,90.374172,956,cash,delivered,2026-05-03T00:50:27+06:00,True
USR018,01000000018,Demo User 018,FP0000304,2026-05-05T03:49:15+06:00,Thai Kitchen Demo,Thai,Banani,23.792059,90.400282,464,mobile_wallet,in_progress,2026-05-05T06:20:15+06:00,True
USR018,01000000018,Demo User 018,FP0000303,2026-05-25T13:42:13+06:00,Thai Kitchen Demo,Thai,Mohakhali,23.787424,90.400578,1583,card,delivered,2026-05-25T15:50:13+06:00,True
USR018,01000000018,Demo User 018,FP0000290,2026-05-27T17:00:15+06:00,Rice & Curry Demo,Bangla,Banani,23.795434,90.411943,850,mobile_wallet,delivered,2026-05-27T19:02:15+06:00,True
USR018,01000000018,Demo User 018,FP0000293,2026-05-30T19:21:03+06:00,Cafe Metro Demo,Cafe,Mirpur,23.825152,90.361817,590,cash,delivered,2026-05-30T21:21:03+06:00,True
USR018,01000000018,Demo User 018,FP0000306,2026-06-21T21:38:36+06:00,Rice & Curry Demo,Bangla,Khilgaon,23.753771,90.426998,1097,mobile_wallet,cancelled,2026-06-21T23:27:36+06:00,True
USR018,01000000018,Demo User 018,FP0000294,2026-06-28T11:29:35+06:00,Kebab House Demo,Kebab,Mirpur,23.83009,90.357971,351,mobile_wallet,cancelled,2026-06-28T13:45:35+06:00,True
USR018,01000000018,Demo User 018,FP0000292,2026-07-24T22:44:52+06:00,Chicken Express Demo,Fast Food,Motijheel,23.731621,90.422561,1488,mobile_wallet,delivered,2026-07-25T00:03:52+06:00,True
USR018,01000000018,Demo User 018,FP0000302,2026-07-30T15:46:35+06:00,Rice & Curry Demo,Bangla,Badda,23.779538,90.424132,1326,mobile_wallet,delivered,2026-07-30T16:56:35+06:00,True
USR019,01000000019,Demo User 019,FP0000318,2026-02-12T10:27:44+06:00,Rice & Curry Demo,Bangla,Pallabi,23.831439,90.370908,185,cash,delivered,2026-02-12T11:04:44+06:00,True
USR019,01000000019,Demo User 019,FP0000320,2026-02-15T06:14:08+06:00,Chicken Express Demo,Fast Food,Pallabi,23.820201,90.363126,1789,card,delivered,2026-02-15T09:11:08+06:00,True
USR019,01000000019,Demo User 019,FP0000322,2026-02-19T10:51:56+06:00,Dhaka Biryani Demo,Biryani,Shyamoli,23.773115,90.362422,1704,cash,delivered,2026-02-19T12:43:56+06:00,True
USR019,01000000019,Demo User 019,FP0000319,2026-02-27T00:40:37+06:00,Pizza Corner Demo,Pizza,Shyamoli,23.767613,90.357882,243,mobile_wallet,delivered,2026-02-27T01:39:37+06:00,True
USR019,01000000019,Demo User 019,FP0000312,2026-03-15T03:26:33+06:00,Pizza Corner Demo,Pizza,Khilgaon,23.751332,90.419673,1603,card,delivered,2026-03-15T04:41:33+06:00,True
USR019,01000000019,Demo User 019,FP0000317,2026-03-22T00:18:13+06:00,Dhaka Biryani Demo,Biryani,Shyamoli,23.768267,90.359126,589,mobile_wallet,delivered,2026-03-22T00:48:13+06:00,True
USR019,01000000019,Demo User 019,FP0000315,2026-03-29T08:21:39+06:00,Cafe Metro Demo,Cafe,Old Dhaka,23.71144,90.408291,325,cash,delivered,2026-03-29T10:17:39+06:00,True
USR019,01000000019,Demo User 019,FP0000314,2026-04-07T14:41:28+06:00,Chicken Express Demo,Fast Food,Dhanmondi,23.754004,90.376571,299,card,delivered,2026-04-07T15:30:28+06:00,True
USR019,01000000019,Demo User 019,FP0000309,2026-04-11T09:01:22+06:00,Rice & Curry Demo,Bangla,Khilgaon,23.750016,90.425473,374,card,delivered,2026-04-11T10:37:22+06:00,True
USR019,01000000019,Demo User 019,FP0000311,2026-04-11T21:42:47+06:00,Chicken Express Demo,Fast Food,Banani,23.794894,90.413041,1562,card,delivered,2026-04-11T23:16:47+06:00,True
USR019,01000000019,Demo User 019,FP0000316,2026-04-13T07:18:53+06:00,Kebab House Demo,Kebab,Old Dhaka,23.711206,90.403083,286,card,delivered,2026-04-13T09:39:53+06:00,True
USR019,01000000019,Demo User 019,FP0000313,2026-04-14T01:39:33+06:00,Rice & Curry Demo,Bangla,Wari,23.719799,90.425188,1066,mobile_wallet,delivered,2026-04-14T03:44:33+06:00,True
USR019,01000000019,Demo User 019,FP0000321,2026-04-14T11:55:32+06:00,Cafe Metro Demo,Cafe,Mohammadpur,23.767572,90.35259,917,cash,in_progress,2026-04-14T14:34:32+06:00,True
USR019,01000000019,Demo User 019,FP0000323,2026-05-21T19:26:08+06:00,Rice & Curry Demo,Bangla,Badda,23.779937,90.425018,1217,cash,in_progress,2026-05-21T20:43:08+06:00,True
USR019,01000000019,Demo User 019,FP0000310,2026-05-22T04:33:49+06:00,Dhaka Biryani Demo,Biryani,Banani,23.800267,90.410398,815,mobile_wallet,delivered,2026-05-22T05:45:49+06:00,True
USR019,01000000019,Demo User 019,FP0000324,2026-07-24T00:11:49+06:00,Cafe Metro Demo,Cafe,Mirpur,23.822943,90.361863,1152,card,delivered,2026-07-24T03:05:49+06:00,True
USR020,01000000020,Demo User 020,FP0000326,2026-02-10T05:00:48+06:00,Pizza Corner Demo,Pizza,Khilgaon,23.745655,90.423758,1424,cash,delivered,2026-02-10T06:14:48+06:00,True
USR020,01000000020,Demo User 020,FP0000332,2026-02-19T14:30:16+06:00,Cafe Metro Demo,Cafe,Pallabi,23.835521,90.359059,1559,mobile_wallet,delivered,2026-02-19T15:43:16+06:00,True
USR020,01000000020,Demo User 020,FP0000331,2026-02-20T22:21:25+06:00,Rice & Curry Demo,Bangla,Motijheel,23.726969,90.416293,1032,cash,delivered,2026-02-20T23:24:25+06:00,True
USR020,01000000020,Demo User 020,FP0000340,2026-03-27T19:26:24+06:00,Cafe Metro Demo,Cafe,Dhanmondi,23.753281,90.379147,1491,cash,refunded,2026-03-27T20:28:24+06:00,True
USR020,01000000020,Demo User 020,FP0000337,2026-04-06T02:13:58+06:00,Kebab House Demo,Kebab,Farmgate,23.764595,90.384197,1443,card,delivered,2026-04-06T04:36:58+06:00,True
USR020,01000000020,Demo User 020,FP0000330,2026-04-12T06:58:01+06:00,Rice & Curry Demo,Bangla,Motijheel,23.727842,90.417269,1089,cash,in_progress,2026-04-12T09:18:01+06:00,True
USR020,01000000020,Demo User 020,FP0000328,2026-04-25T21:49:06+06:00,Thai Kitchen Demo,Thai,Mirpur,23.818571,90.361939,774,mobile_wallet,delivered,2026-04-25T23:08:06+06:00,True
USR020,01000000020,Demo User 020,FP0000338,2026-05-30T09:13:56+06:00,Thai Kitchen Demo,Thai,Mohakhali,23.786266,90.399475,1733,mobile_wallet,delivered,2026-05-30T11:20:56+06:00,True
USR020,01000000020,Demo User 020,FP0000329,2026-05-30T10:00:15+06:00,Cafe Metro Demo,Cafe,Dhanmondi,23.745655,90.378384,1722,card,cancelled,2026-05-30T12:42:15+06:00,True
USR020,01000000020,Demo User 020,FP0000327,2026-05-31T21:00:28+06:00,Pizza Corner Demo,Pizza,Badda,23.772799,90.420929,883,card,delivered,2026-05-31T21:46:28+06:00,True
USR020,01000000020,Demo User 020,FP0000336,2026-06-01T07:12:27+06:00,Rice & Curry Demo,Bangla,Bashundhara,23.816201,90.432641,950,cash,delivered,2026-06-01T08:12:27+06:00,True
USR020,01000000020,Demo User 020,FP0000339,2026-06-12T04:27:05+06:00,Rice & Curry Demo,Bangla,Wari,23.712135,90.413064,1446,mobile_wallet,in_progress,2026-06-12T07:11:05+06:00,True
USR020,01000000020,Demo User 020,FP0000335,2026-06-25T04:31:32+06:00,Burger Lab Demo,Burgers,Mohammadpur,23.768171,90.363497,1572,cash,cancelled,2026-06-25T07:28:32+06:00,True
USR020,01000000020,Demo User 020,FP0000334,2026-06-29T15:12:56+06:00,Burger Lab Demo,Burgers,Mohammadpur,23.758741,90.365826,294,mobile_wallet,delivered,2026-06-29T15:32:56+06:00,True
USR020,01000000020,Demo User 020,FP0000333,2026-08-02T23:22:44+06:00,Dhaka Biryani Demo,Biryani,Shyamoli,23.772291,90.366499,310,card,delivered,2026-08-03T00:35:44+06:00,True
USR020,01000000020,Demo User 020,FP0000325,2026-08-08T13:09:44+06:00,Chicken Express Demo,Fast Food,Pallabi,23.822973,90.363849,984,cash,delivered,2026-08-08T14:40:44+06:00,True
USR021,01000000021,Demo User 021,FP0000348,2026-02-13T16:57:49+06:00,Pizza Corner Demo,Pizza,Shyamoli,23.768139,90.361342,650,mobile_wallet,delivered,2026-02-13T19:50:49+06:00,True
USR021,01000000021,Demo User 021,FP0000351,2026-02-13T19:43:00+06:00,Chicken Express Demo,Fast Food,Badda,23.782726,90.432467,1215,cash,cancelled,2026-02-13T21:14:00+06:00,True
USR021,01000000021,Demo User 021,FP0000344,2026-02-28T19:16:23+06:00,Kebab House Demo,Kebab,Pallabi,23.825898,90.356365,439,mobile_wallet,delivered,2026-02-28T20:16:23+06:00,True
USR021,01000000021,Demo User 021,FP0000352,2026-03-08T23:14:38+06:00,Kebab House Demo,Kebab,Shyamoli,23.769509,90.369538,979,mobile_wallet,cancelled,2026-03-09T01:20:38+06:00,True
USR021,01000000021,Demo User 021,FP0000341,2026-03-09T21:12:32+06:00,Thai Kitchen Demo,Thai,Wari,23.72654,90.411214,1548,card,delivered,2026-03-09T23:08:32+06:00,True
USR021,01000000021,Demo User 021,FP0000357,2026-03-19T07:04:42+06:00,Dhaka Biryani Demo,Biryani,Banani,23.798444,90.399681,227,mobile_wallet,delivered,2026-03-19T09:33:42+06:00,True
USR021,01000000021,Demo User 021,FP0000342,2026-03-19T14:08:09+06:00,Rice & Curry Demo,Bangla,Uttara,23.875096,90.381335,1366,card,delivered,2026-03-19T15:03:09+06:00,True
USR021,01000000021,Demo User 021,FP0000347,2026-03-29T02:24:12+06:00,Kebab House Demo,Kebab,Mohakhali,23.776775,90.402682,1589,cash,delivered,2026-03-29T02:53:12+06:00,True
USR021,01000000021,Demo User 021,FP0000353,2026-03-29T04:41:49+06:00,Burger Lab Demo,Burgers,Banani,23.79828,90.401823,220,cash,delivered,2026-03-29T07:03:49+06:00,True
USR021,01000000021,Demo User 021,FP0000354,2026-05-04T18:19:04+06:00,Kebab House Demo,Kebab,Shyamoli,23.774367,90.361184,558,card,delivered,2026-05-04T21:00:04+06:00,True
USR021,01000000021,Demo User 021,FP0000343,2026-05-09T13:31:26+06:00,Rice & Curry Demo,Bangla,Khilgaon,23.750842,90.420894,1184,card,delivered,2026-05-09T15:39:26+06:00,True
USR021,01000000021,Demo User 021,FP0000346,2026-06-14T14:31:52+06:00,Kebab House Demo,Kebab,Dhanmondi,23.745852,90.368281,400,cash,delivered,2026-06-14T16:33:52+06:00,True
USR021,01000000021,Demo User 021,FP0000345,2026-06-18T05:18:23+06:00,Rice & Curry Demo,Bangla,Banani,23.794776,90.412003,825,mobile_wallet,delivered,2026-06-18T06:49:23+06:00,True
USR021,01000000021,Demo User 021,FP0000356,2026-07-02T23:48:00+06:00,Pizza Corner Demo,Pizza,Farmgate,23.762121,90.384829,1145,card,delivered,2026-07-03T00:37:00+06:00,True
USR021,01000000021,Demo User 021,FP0000350,2026-07-17T17:40:30+06:00,Burger Lab Demo,Burgers,Rampura,23.757232,90.427467,695,card,delivered,2026-07-17T19:51:30+06:00,True
USR021,01000000021,Demo User 021,FP0000355,2026-07-20T18:02:11+06:00,Chicken Express Demo,Fast Food,Mohammadpur,23.758294,90.352279,781,mobile_wallet,cancelled,2026-07-20T20:48:11+06:00,True
USR021,01000000021,Demo User 021,FP0000349,2026-07-23T11:39:12+06:00,Kebab House Demo,Kebab,Rampura,23.766942,90.42554,594,cash,delivered,2026-07-23T14:23:12+06:00,True
USR022,01000000022,Demo User 022,FP0000362,2026-02-28T07:10:24+06:00,Pizza Corner Demo,Pizza,Gulshan,23.79468,90.403699,920,card,in_progress,2026-02-28T09:11:24+06:00,True
USR022,01000000022,Demo User 022,FP0000358,2026-03-18T01:05:13+06:00,Kebab House Demo,Kebab,Badda,23.775288,90.427816,270,cash,delivered,2026-03-18T02:21:13+06:00,True
USR022,01000000022,Demo User 022,FP0000365,2026-03-23T21:59:01+06:00,Cafe Metro Demo,Cafe,Dhanmondi,23.750401,90.368133,1591,mobile_wallet,delivered,2026-03-23T23:30:01+06:00,True
USR022,01000000022,Demo User 022,FP0000363,2026-03-30T15:58:04+06:00,Kebab House Demo,Kebab,Bashundhara,23.807969,90.419911,1540,mobile_wallet,delivered,2026-03-30T16:41:04+06:00,True
USR022,01000000022,Demo User 022,FP0000370,2026-04-09T01:28:33+06:00,Burger Lab Demo,Burgers,Banani,23.786255,90.402978,1210,mobile_wallet,delivered,2026-04-09T02:34:33+06:00,True
USR022,01000000022,Demo User 022,FP0000369,2026-04-13T08:16:14+06:00,Cafe Metro Demo,Cafe,Shyamoli,23.775602,90.360972,942,cash,in_progress,2026-04-13T10:15:14+06:00,True
USR022,01000000022,Demo User 022,FP0000364,2026-04-14T16:36:38+06:00,Burger Lab Demo,Burgers,Mohammadpur,23.759294,90.351359,1155,mobile_wallet,in_progress,2026-04-14T18:51:38+06:00,True
USR022,01000000022,Demo User 022,FP0000360,2026-04-27T01:44:53+06:00,Cafe Metro Demo,Cafe,Shyamoli,23.771793,90.360747,1434,card,delivered,2026-04-27T03:59:53+06:00,True
USR022,01000000022,Demo User 022,FP0000371,2026-05-16T21:07:22+06:00,Rice & Curry Demo,Bangla,Mohakhali,23.777135,90.391454,1142,mobile_wallet,delivered,2026-05-16T22:45:22+06:00,True
USR022,01000000022,Demo User 022,FP0000361,2026-05-30T05:36:06+06:00,Rice & Curry Demo,Bangla,Banani,23.793576,90.414151,1736,mobile_wallet,delivered,2026-05-30T07:35:06+06:00,True
USR022,01000000022,Demo User 022,FP0000359,2026-07-19T15:44:59+06:00,Chicken Express Demo,Fast Food,Pallabi,23.830999,90.357555,446,mobile_wallet,in_progress,2026-07-19T17:56:59+06:00,True
USR022,01000000022,Demo User 022,FP0000367,2026-07-19T16:08:38+06:00,Rice & Curry Demo,Bangla,Dhanmondi,23.752505,90.368839,294,mobile_wallet,cancelled,2026-07-19T17:34:38+06:00,True
USR022,01000000022,Demo User 022,FP0000366,2026-07-31T23:29:32+06:00,Dhaka Biryani Demo,Biryani,Khilgaon,23.743197,90.422775,632,cash,cancelled,2026-08-01T01:17:32+06:00,True
USR022,01000000022,Demo User 022,FP0000368,2026-08-05T14:45:28+06:00,Burger Lab Demo,Burgers,Khilgaon,23.754763,90.425441,865,cash,delivered,2026-08-05T16:28:28+06:00,True
USR023,01000000023,Demo User 023,FP0000374,2026-02-10T23:32:36+06:00,Kebab House Demo,Kebab,Khilgaon,23.755451,90.429812,1325,card,delivered,2026-02-11T01:51:36+06:00,True
USR023,01000000023,Demo User 023,FP0000372,2026-02-12T16:46:01+06:00,Burger Lab Demo,Burgers,Shyamoli,23.782118,90.367431,1299,mobile_wallet,delivered,2026-02-12T17:20:01+06:00,True
USR023,01000000023,Demo User 023,FP0000382,2026-02-14T18:38:50+06:00,Burger Lab Demo,Burgers,Motijheel,23.730496,90.413732,1665,card,refunded,2026-02-14T21:22:50+06:00,True
USR023,01000000023,Demo User 023,FP0000377,2026-03-07T20:28:03+06:00,Thai Kitchen Demo,Thai,Uttara,23.882839,90.384718,712,card,delivered,2026-03-07T22:04:03+06:00,True
USR023,01000000023,Demo User 023,FP0000379,2026-03-10T21:31:20+06:00,Pizza Corner Demo,Pizza,Mohakhali,23.786331,90.40588,392,cash,delivered,2026-03-11T00:26:20+06:00,True
USR023,01000000023,Demo User 023,FP0000378,2026-03-18T16:32:51+06:00,Thai Kitchen Demo,Thai,Dhanmondi,23.745232,90.375258,1450,card,delivered,2026-03-18T16:53:51+06:00,True
USR023,01000000023,Demo User 023,FP0000376,2026-04-09T22:37:00+06:00,Dhaka Biryani Demo,Biryani,Mirpur,23.817794,90.360094,872,cash,delivered,2026-04-10T00:42:00+06:00,True
USR023,01000000023,Demo User 023,FP0000383,2026-04-18T02:34:13+06:00,Dhaka Biryani Demo,Biryani,Gulshan,23.793021,90.410182,1576,mobile_wallet,refunded,2026-04-18T05:17:13+06:00,True
USR023,01000000023,Demo User 023,FP0000380,2026-04-30T23:21:56+06:00,Cafe Metro Demo,Cafe,Mirpur,23.823139,90.360272,1626,mobile_wallet,delivered,2026-05-01T00:17:56+06:00,True
USR023,01000000023,Demo User 023,FP0000381,2026-05-15T22:01:39+06:00,Kebab House Demo,Kebab,Rampura,23.756898,90.414316,336,cash,delivered,2026-05-15T23:55:39+06:00,True
USR023,01000000023,Demo User 023,FP0000375,2026-05-31T02:54:28+06:00,Thai Kitchen Demo,Thai,Motijheel,23.727825,90.422756,218,card,delivered,2026-05-31T05:07:28+06:00,True
USR023,01000000023,Demo User 023,FP0000373,2026-07-26T07:18:48+06:00,Thai Kitchen Demo,Thai,Shyamoli,23.772289,90.373207,1052,cash,refunded,2026-07-26T09:54:48+06:00,True
USR024,01000000024,Demo User 024,FP0000387,2026-02-17T08:46:19+06:00,Pizza Corner Demo,Pizza,Bashundhara,23.819184,90.426146,685,card,delivered,2026-02-17T11:03:19+06:00,True
USR024,01000000024,Demo User 024,FP0000384,2026-02-27T20:33:07+06:00,Cafe Metro Demo,Cafe,Farmgate,23.751781,90.383564,975,cash,delivered,2026-02-27T22:15:07+06:00,True
USR024,01000000024,Demo User 024,FP0000395,2026-03-08T16:27:55+06:00,Burger Lab Demo,Burgers,Khilgaon,23.744994,90.426675,819,mobile_wallet,delivered,2026-03-08T18:23:55+06:00,True
USR024,01000000024,Demo User 024,FP0000386,2026-03-11T01:48:22+06:00,Dhaka Biryani Demo,Biryani,Pallabi,23.833577,90.36436,1737,mobile_wallet,delivered,2026-03-11T03:30:22+06:00,True
USR024,01000000024,Demo User 024,FP0000391,2026-03-26T00:49:46+06:00,Burger Lab Demo,Burgers,Badda,23.776896,90.431853,414,cash,delivered,2026-03-26T02:39:46+06:00,True
USR024,01000000024,Demo User 024,FP0000389,2026-03-26T13:23:28+06:00,Rice & Curry Demo,Bangla,Tejgaon,23.765685,90.387802,1361,mobile_wallet,delivered,2026-03-26T16:17:28+06:00,True
USR024,01000000024,Demo User 024,FP0000393,2026-04-15T05:20:12+06:00,Kebab House Demo,Kebab,Old Dhaka,23.704129,90.405376,457,mobile_wallet,delivered,2026-04-15T06:10:12+06:00,True
USR024,01000000024,Demo User 024,FP0000388,2026-04-25T10:04:05+06:00,Rice & Curry Demo,Bangla,Khilgaon,23.746946,90.427063,1517,cash,delivered,2026-04-25T12:27:05+06:00,True
USR024,01000000024,Demo User 024,FP0000399,2026-05-03T07:19:44+06:00,Cafe Metro Demo,Cafe,Banani,23.793879,90.403612,678,cash,in_progress,2026-05-03T09:57:44+06:00,True
USR024,01000000024,Demo User 024,FP0000390,2026-05-03T07:55:51+06:00,Burger Lab Demo,Burgers,Rampura,23.76834,90.428633,1207,card,cancelled,2026-05-03T10:01:51+06:00,True
USR024,01000000024,Demo User 024,FP0000394,2026-05-18T05:11:59+06:00,Thai Kitchen Demo,Thai,Mohakhali,23.788617,90.398469,613,card,delivered,2026-05-18T07:22:59+06:00,True
USR024,01000000024,Demo User 024,FP0000396,2026-06-14T20:18:44+06:00,Thai Kitchen Demo,Thai,Bashundhara,23.818709,90.420487,591,mobile_wallet,delivered,2026-06-14T20:41:44+06:00,True
USR024,01000000024,Demo User 024,FP0000398,2026-07-20T16:24:31+06:00,Burger Lab Demo,Burgers,Uttara,23.876338,90.382847,1074,mobile_wallet,delivered,2026-07-20T17:19:31+06:00,True
USR024,01000000024,Demo User 024,FP0000397,2026-07-22T19:23:10+06:00,Cafe Metro Demo,Cafe,Mohakhali,23.784178,90.393992,873,cash,delivered,2026-07-22T22:01:10+06:00,True
USR024,01000000024,Demo User 024,FP0000392,2026-08-08T13:05:46+06:00,Rice & Curry Demo,Bangla,Farmgate,23.753184,90.386234,972,mobile_wallet,delivered,2026-08-08T14:59:46+06:00,True
USR024,01000000024,Demo User 024,FP0000385,2026-08-09T08:14:36+06:00,Burger Lab Demo,Burgers,Bashundhara,23.813696,90.418357,964,card,delivered,2026-08-09T08:58:36+06:00,True
USR025,01000000025,Demo User 025,FP0000406,2026-03-06T22:07:57+06:00,Rice & Curry Demo,Bangla,Wari,23.713632,90.42333,1619,card,delivered,2026-03-07T01:04:57+06:00,True
USR025,01000000025,Demo User 025,FP0000404,2026-03-20T13:12:34+06:00,Thai Kitchen Demo,Thai,Uttara,23.882764,90.384709,1186,cash,refunded,2026-03-20T14:01:34+06:00,True
USR025,01000000025,Demo User 025,FP0000408,2026-03-25T08:20:26+06:00,Thai Kitchen Demo,Thai,Gulshan,23.796966,90.401893,787,card,delivered,2026-03-25T09:51:26+06:00,True
USR025,01000000025,Demo User 025,FP0000400,2026-03-25T13:49:58+06:00,Cafe Metro Demo,Cafe,Rampura,23.756972,90.426113,1093,cash,delivered,2026-03-25T15:13:58+06:00,True
USR025,01000000025,Demo User 025,FP0000412,2026-03-25T18:23:37+06:00,Chicken Express Demo,Fast Food,Mohammadpur,23.759955,90.355646,706,cash,delivered,2026-03-25T18:50:37+06:00,True
USR025,01000000025,Demo User 025,FP0000403,2026-04-10T17:29:49+06:00,Kebab House Demo,Kebab,Shyamoli,23.769084,90.360765,185,cash,delivered,2026-04-10T18:19:49+06:00,True
USR025,01000000025,Demo User 025,FP0000407,2026-04-27T00:32:14+06:00,Pizza Corner Demo,Pizza,Tejgaon,23.767665,90.388703,353,cash,delivered,2026-04-27T03:02:14+06:00,True
USR025,01000000025,Demo User 025,FP0000402,2026-04-28T07:24:11+06:00,Thai Kitchen Demo,Thai,Pallabi,23.820554,90.366658,1368,mobile_wallet,in_progress,2026-04-28T08:05:11+06:00,True
USR025,01000000025,Demo User 025,FP0000401,2026-05-03T01:51:19+06:00,Kebab House Demo,Kebab,Badda,23.779932,90.424645,1101,card,delivered,2026-05-03T03:11:19+06:00,True
USR025,01000000025,Demo User 025,FP0000405,2026-05-03T16:47:40+06:00,Thai Kitchen Demo,Thai,Mohammadpur,23.765005,90.364544,1728,cash,delivered,2026-05-03T18:06:40+06:00,True
USR025,01000000025,Demo User 025,FP0000409,2026-06-08T17:43:09+06:00,Dhaka Biryani Demo,Biryani,Mirpur,23.828755,90.359756,1376,mobile_wallet,delivered,2026-06-08T18:39:09+06:00,True
USR025,01000000025,Demo User 025,FP0000411,2026-06-13T06:12:20+06:00,Chicken Express Demo,Fast Food,Mohammadpur,23.772745,90.353735,400,mobile_wallet,delivered,2026-06-13T08:57:20+06:00,True
USR025,01000000025,Demo User 025,FP0000410,2026-06-15T12:04:22+06:00,Dhaka Biryani Demo,Biryani,Dhanmondi,23.744818,90.373481,941,cash,delivered,2026-06-15T12:28:22+06:00,True
USR026,01000000026,Demo User 026,FP0000431,2026-02-19T08:44:28+06:00,Cafe Metro Demo,Cafe,Badda,23.787386,90.418735,207,mobile_wallet,delivered,2026-02-19T09:15:28+06:00,True
USR026,01000000026,Demo User 026,FP0000416,2026-03-02T20:47:31+06:00,Chicken Express Demo,Fast Food,Pallabi,23.824425,90.366923,856,card,delivered,2026-03-02T23:00:31+06:00,True
USR026,01000000026,Demo User 026,FP0000427,2026-04-24T19:05:50+06:00,Kebab House Demo,Kebab,Old Dhaka,23.710943,90.406484,1278,mobile_wallet,delivered,2026-04-24T20:59:50+06:00,True
USR026,01000000026,Demo User 026,FP0000414,2026-05-04T02:12:32+06:00,Rice & Curry Demo,Bangla,Rampura,23.760661,90.426149,1479,card,delivered,2026-05-04T04:45:32+06:00,True
USR026,01000000026,Demo User 026,FP0000420,2026-05-08T03:03:55+06:00,Dhaka Biryani Demo,Biryani,Farmgate,23.763213,90.385994,886,mobile_wallet,in_progress,2026-05-08T05:51:55+06:00,True
USR026,01000000026,Demo User 026,FP0000425,2026-05-11T00:53:38+06:00,Burger Lab Demo,Burgers,Rampura,23.766852,90.414474,773,cash,delivered,2026-05-11T03:07:38+06:00,True
USR026,01000000026,Demo User 026,FP0000422,2026-05-15T12:13:09+06:00,Dhaka Biryani Demo,Biryani,Bashundhara,23.809414,90.423891,1508,mobile_wallet,delivered,2026-05-15T14:52:09+06:00,True
USR026,01000000026,Demo User 026,FP0000432,2026-05-17T23:54:48+06:00,Pizza Corner Demo,Pizza,Shyamoli,23.778397,90.367706,682,mobile_wallet,delivered,2026-05-18T00:23:48+06:00,True
USR026,01000000026,Demo User 026,FP0000413,2026-05-22T17:19:29+06:00,Pizza Corner Demo,Pizza,Banani,23.793253,90.403361,642,cash,delivered,2026-05-22T18:06:29+06:00,True
USR026,01000000026,Demo User 026,FP0000418,2026-05-24T22:18:50+06:00,Cafe Metro Demo,Cafe,Dhanmondi,23.752937,90.369303,769,mobile_wallet,in_progress,2026-05-25T00:30:50+06:00,True
USR026,01000000026,Demo User 026,FP0000421,2026-05-30T00:17:54+06:00,Dhaka Biryani Demo,Biryani,Tejgaon,23.767364,90.39851,1223,mobile_wallet,delivered,2026-05-30T00:50:54+06:00,True
USR026,01000000026,Demo User 026,FP0000424,2026-06-06T09:12:13+06:00,Pizza Corner Demo,Pizza,Gulshan,23.798944,90.404999,774,card,refunded,2026-06-06T10:24:13+06:00,True
USR026,01000000026,Demo User 026,FP0000423,2026-06-06T11:41:05+06:00,Kebab House Demo,Kebab,Farmgate,23.75128,90.39292,360,mobile_wallet,delivered,2026-06-06T14:01:05+06:00,True
USR026,01000000026,Demo User 026,FP0000417,2026-06-10T08:01:43+06:00,Chicken Express Demo,Fast Food,Wari,23.723681,90.42554,900,mobile_wallet,delivered,2026-06-10T08:27:43+06:00,True
USR026,01000000026,Demo User 026,FP0000426,2026-06-12T17:18:18+06:00,Rice & Curry Demo,Bangla,Pallabi,23.827542,90.365065,1033,card,delivered,2026-06-12T18:17:18+06:00,True
USR026,01000000026,Demo User 026,FP0000428,2026-06-14T23:31:42+06:00,Dhaka Biryani Demo,Biryani,Old Dhaka,23.712265,90.402435,229,card,cancelled,2026-06-15T01:21:42+06:00,True
USR026,01000000026,Demo User 026,FP0000419,2026-07-01T18:44:18+06:00,Kebab House Demo,Kebab,Bashundhara,23.818827,90.432694,1627,mobile_wallet,delivered,2026-07-01T20:13:18+06:00,True
USR026,01000000026,Demo User 026,FP0000429,2026-07-11T03:39:41+06:00,Rice & Curry Demo,Bangla,Farmgate,23.756234,90.39453,583,cash,delivered,2026-07-11T06:31:41+06:00,True
USR026,01000000026,Demo User 026,FP0000430,2026-07-28T18:50:39+06:00,Dhaka Biryani Demo,Biryani,Farmgate,23.763642,90.384168,1668,mobile_wallet,delivered,2026-07-28T20:36:39+06:00,True
USR026,01000000026,Demo User 026,FP0000415,2026-07-30T06:24:54+06:00,Burger Lab Demo,Burgers,Badda,23.783091,90.420923,1485,mobile_wallet,delivered,2026-07-30T09:01:54+06:00,True
USR027,01000000027,Demo User 027,FP0000433,2026-02-26T15:43:58+06:00,Thai Kitchen Demo,Thai,Old Dhaka,23.710255,90.40145,1044,cash,delivered,2026-02-26T17:09:58+06:00,True
USR027,01000000027,Demo User 027,FP0000445,2026-03-01T03:03:42+06:00,Pizza Corner Demo,Pizza,Bashundhara,23.815532,90.430081,1375,card,delivered,2026-03-01T03:59:42+06:00,True
USR027,01000000027,Demo User 027,FP0000439,2026-03-04T23:40:21+06:00,Cafe Metro Demo,Cafe,Bashundhara,23.808805,90.424038,393,mobile_wallet,delivered,2026-03-05T01:37:21+06:00,True
USR027,01000000027,Demo User 027,FP0000436,2026-03-11T04:51:24+06:00,Pizza Corner Demo,Pizza,Badda,23.779692,90.431802,1674,cash,in_progress,2026-03-11T07:42:24+06:00,True
USR027,01000000027,Demo User 027,FP0000447,2026-03-11T11:14:44+06:00,Thai Kitchen Demo,Thai,Wari,23.722211,90.418752,1197,mobile_wallet,delivered,2026-03-11T12:31:44+06:00,True
USR027,01000000027,Demo User 027,FP0000434,2026-03-20T17:32:42+06:00,Pizza Corner Demo,Pizza,Farmgate,23.758836,90.396553,1676,cash,delivered,2026-03-20T19:35:42+06:00,True
USR027,01000000027,Demo User 027,FP0000446,2026-03-23T22:34:27+06:00,Dhaka Biryani Demo,Biryani,Bashundhara,23.817202,90.428796,340,cash,refunded,2026-03-23T23:58:27+06:00,True
USR027,01000000027,Demo User 027,FP0000437,2026-04-10T12:42:11+06:00,Thai Kitchen Demo,Thai,Old Dhaka,23.718145,90.404621,676,cash,delivered,2026-04-10T15:29:11+06:00,True
USR027,01000000027,Demo User 027,FP0000440,2026-04-27T05:10:19+06:00,Kebab House Demo,Kebab,Farmgate,23.757672,90.396733,500,card,delivered,2026-04-27T08:00:19+06:00,True
USR027,01000000027,Demo User 027,FP0000435,2026-05-06T07:56:34+06:00,Kebab House Demo,Kebab,Mohammadpur,23.760348,90.353643,619,card,cancelled,2026-05-06T08:50:34+06:00,True
USR027,01000000027,Demo User 027,FP0000438,2026-05-18T01:40:01+06:00,Cafe Metro Demo,Cafe,Farmgate,23.751603,90.386757,1658,mobile_wallet,delivered,2026-05-18T04:15:01+06:00,True
USR027,01000000027,Demo User 027,FP0000444,2026-05-19T01:10:14+06:00,Dhaka Biryani Demo,Biryani,Tejgaon,23.764983,90.395118,1663,mobile_wallet,delivered,2026-05-19T02:01:14+06:00,True
USR027,01000000027,Demo User 027,FP0000441,2026-06-25T04:11:06+06:00,Kebab House Demo,Kebab,Banani,23.790232,90.404812,1178,card,delivered,2026-06-25T06:59:06+06:00,True
USR027,01000000027,Demo User 027,FP0000442,2026-06-30T13:53:51+06:00,Pizza Corner Demo,Pizza,Wari,23.712985,90.419581,689,mobile_wallet,delivered,2026-06-30T14:18:51+06:00,True
USR027,01000000027,Demo User 027,FP0000443,2026-07-09T09:47:18+06:00,Thai Kitchen Demo,Thai,Tejgaon,23.768626,90.386841,1612,mobile_wallet,delivered,2026-07-09T12:03:18+06:00,True
USR028,01000000028,Demo User 028,FP0000457,2026-02-17T01:55:42+06:00,Pizza Corner Demo,Pizza,Tejgaon,23.763669,90.388654,1277,cash,delivered,2026-02-17T02:59:42+06:00,True
USR028,01000000028,Demo User 028,FP0000456,2026-02-22T10:38:20+06:00,Dhaka Biryani Demo,Biryani,Badda,23.77833,90.434159,1329,card,delivered,2026-02-22T13:07:20+06:00,True
USR028,01000000028,Demo User 028,FP0000449,2026-03-08T14:08:29+06:00,Burger Lab Demo,Burgers,Motijheel,23.739871,90.424956,794,mobile_wallet,delivered,2026-03-08T16:58:29+06:00,True
USR028,01000000028,Demo User 028,FP0000452,2026-03-18T23:39:52+06:00,Thai Kitchen Demo,Thai,Rampura,23.758456,90.421148,1311,card,delivered,2026-03-19T02:23:52+06:00,True
USR028,01000000028,Demo User 028,FP0000453,2026-03-19T08:49:49+06:00,Thai Kitchen Demo,Thai,Old Dhaka,23.703805,90.407272,1033,mobile_wallet,delivered,2026-03-19T10:15:49+06:00,True
USR028,01000000028,Demo User 028,FP0000455,2026-03-19T18:04:56+06:00,Chicken Express Demo,Fast Food,Mohakhali,23.778298,90.399183,785,mobile_wallet,delivered,2026-03-19T19:47:56+06:00,True
USR028,01000000028,Demo User 028,FP0000448,2026-04-30T22:33:36+06:00,Pizza Corner Demo,Pizza,Pallabi,23.820998,90.360271,196,cash,refunded,2026-04-30T23:17:36+06:00,True
USR028,01000000028,Demo User 028,FP0000451,2026-05-11T16:56:31+06:00,Chicken Express Demo,Fast Food,Dhanmondi,23.743204,90.375418,1231,card,delivered,2026-05-11T17:25:31+06:00,True
USR028,01000000028,Demo User 028,FP0000450,2026-05-20T08:39:25+06:00,Rice & Curry Demo,Bangla,Mirpur,23.818759,90.369841,1151,mobile_wallet,delivered,2026-05-20T10:03:25+06:00,True
USR028,01000000028,Demo User 028,FP0000454,2026-06-14T01:11:38+06:00,Burger Lab Demo,Burgers,Banani,23.800923,90.405721,1266,card,delivered,2026-06-14T03:05:38+06:00,True
USR029,01000000029,Demo User 029,FP0000469,2026-02-12T11:57:20+06:00,Kebab House Demo,Kebab,Rampura,23.756577,90.427933,764,cash,delivered,2026-02-12T13:56:20+06:00,True
USR029,01000000029,Demo User 029,FP0000466,2026-03-15T10:00:29+06:00,Cafe Metro Demo,Cafe,Mohammadpur,23.758398,90.365889,280,cash,in_progress,2026-03-15T12:06:29+06:00,True
USR029,01000000029,Demo User 029,FP0000463,2026-03-18T18:43:03+06:00,Dhaka Biryani Demo,Biryani,Mohammadpur,23.761989,90.351126,969,cash,delivered,2026-03-18T19:40:03+06:00,True
USR029,01000000029,Demo User 029,FP0000467,2026-03-21T21:27:45+06:00,Pizza Corner Demo,Pizza,Mohakhali,23.782198,90.39368,457,mobile_wallet,in_progress,2026-03-21T23:47:45+06:00,True
USR029,01000000029,Demo User 029,FP0000465,2026-03-31T08:48:21+06:00,Dhaka Biryani Demo,Biryani,Farmgate,23.758445,90.389558,1479,cash,cancelled,2026-03-31T10:07:21+06:00,True
USR029,01000000029,Demo User 029,FP0000458,2026-04-07T09:28:50+06:00,Thai Kitchen Demo,Thai,Gulshan,23.785528,90.411145,1266,mobile_wallet,delivered,2026-04-07T11:50:50+06:00,True
USR029,01000000029,Demo User 029,FP0000464,2026-04-26T20:15:52+06:00,Rice & Curry Demo,Bangla,Tejgaon,23.765494,90.390468,973,mobile_wallet,delivered,2026-04-26T22:42:52+06:00,True
USR029,01000000029,Demo User 029,FP0000459,2026-06-05T16:26:50+06:00,Chicken Express Demo,Fast Food,Uttara,23.869841,90.37444,1616,card,delivered,2026-06-05T19:09:50+06:00,True
USR029,01000000029,Demo User 029,FP0000460,2026-06-20T06:14:33+06:00,Pizza Corner Demo,Pizza,Pallabi,23.825659,90.360988,1436,cash,delivered,2026-06-20T07:29:33+06:00,True
USR029,01000000029,Demo User 029,FP0000468,2026-06-25T13:22:44+06:00,Burger Lab Demo,Burgers,Mohammadpur,23.764232,90.350687,780,mobile_wallet,delivered,2026-06-25T14:01:44+06:00,True
USR029,01000000029,Demo User 029,FP0000461,2026-07-08T15:58:01+06:00,Thai Kitchen Demo,Thai,Badda,23.777023,90.424084,1732,card,delivered,2026-07-08T18:08:01+06:00,True
USR029,01000000029,Demo User 029,FP0000462,2026-07-30T00:45:32+06:00,Thai Kitchen Demo,Thai,Shyamoli,23.776454,90.370477,1159,cash,refunded,2026-07-30T03:19:32+06:00,True
USR030,01000000030,Demo User 030,FP0000476,2026-02-11T05:31:39+06:00,Cafe Metro Demo,Cafe,Uttara,23.87854,90.380568,596,cash,delivered,2026-02-11T06:00:39+06:00,True
USR030,01000000030,Demo User 030,FP0000473,2026-02-19T04:09:33+06:00,Thai Kitchen Demo,Thai,Badda,23.784095,90.431686,1296,card,delivered,2026-02-19T05:09:33+06:00,True
USR030,01000000030,Demo User 030,FP0000470,2026-02-22T16:32:06+06:00,Thai Kitchen Demo,Thai,Bashundhara,23.814409,90.42809,662,mobile_wallet,delivered,2026-02-22T17:15:06+06:00,True
USR030,01000000030,Demo User 030,FP0000488,2026-03-07T01:17:42+06:00,Pizza Corner Demo,Pizza,Bashundhara,23.821218,90.425589,725,cash,delivered,2026-03-07T03:14:42+06:00,True
USR030,01000000030,Demo User 030,FP0000482,2026-03-20T20:08:38+06:00,Dhaka Biryani Demo,Biryani,Mohakhali,23.784345,90.39517,1797,cash,delivered,2026-03-20T21:22:38+06:00,True
USR030,01000000030,Demo User 030,FP0000477,2026-03-28T14:08:53+06:00,Kebab House Demo,Kebab,Tejgaon,23.766492,90.40092,655,mobile_wallet,delivered,2026-03-28T16:42:53+06:00,True
USR030,01000000030,Demo User 030,FP0000478,2026-04-01T18:19:32+06:00,Chicken Express Demo,Fast Food,Old Dhaka,23.706854,90.407445,1449,cash,delivered,2026-04-01T19:03:32+06:00,True
USR030,01000000030,Demo User 030,FP0000472,2026-04-05T13:09:36+06:00,Dhaka Biryani Demo,Biryani,Mohammadpur,23.76946,90.360935,1145,cash,delivered,2026-04-05T13:41:36+06:00,True
USR030,01000000030,Demo User 030,FP0000480,2026-04-09T10:16:21+06:00,Dhaka Biryani Demo,Biryani,Bashundhara,23.816659,90.423029,355,cash,delivered,2026-04-09T11:05:21+06:00,True
USR030,01000000030,Demo User 030,FP0000483,2026-04-13T21:30:47+06:00,Chicken Express Demo,Fast Food,Dhanmondi,23.75153,90.381533,1666,mobile_wallet,delivered,2026-04-13T23:53:47+06:00,True
USR030,01000000030,Demo User 030,FP0000489,2026-05-04T07:31:38+06:00,Thai Kitchen Demo,Thai,Tejgaon,23.767467,90.399334,501,card,delivered,2026-05-04T10:19:38+06:00,True
USR030,01000000030,Demo User 030,FP0000481,2026-05-08T00:42:20+06:00,Rice & Curry Demo,Bangla,Badda,23.77296,90.419867,1089,mobile_wallet,delivered,2026-05-08T02:57:20+06:00,True
USR030,01000000030,Demo User 030,FP0000487,2026-05-19T16:28:33+06:00,Kebab House Demo,Kebab,Farmgate,23.756573,90.39124,1375,cash,delivered,2026-05-19T17:23:33+06:00,True
USR030,01000000030,Demo User 030,FP0000486,2026-06-04T11:52:48+06:00,Cafe Metro Demo,Cafe,Pallabi,23.824396,90.356106,1278,cash,delivered,2026-06-04T13:25:48+06:00,True
USR030,01000000030,Demo User 030,FP0000479,2026-07-03T05:30:25+06:00,Thai Kitchen Demo,Thai,Badda,23.783787,90.433975,807,cash,delivered,2026-07-03T07:35:25+06:00,True
USR030,01000000030,Demo User 030,FP0000484,2026-07-08T14:46:06+06:00,Kebab House Demo,Kebab,Shyamoli,23.767296,90.367468,1392,card,delivered,2026-07-08T16:19:06+06:00,True
USR030,01000000030,Demo User 030,FP0000474,2026-07-09T10:41:46+06:00,Rice & Curry Demo,Bangla,Dhanmondi,23.746097,90.382034,371,mobile_wallet,delivered,2026-07-09T12:21:46+06:00,True
USR030,01000000030,Demo User 030,FP0000485,2026-07-18T14:23:15+06:00,Cafe Metro Demo,Cafe,Tejgaon,23.766443,90.392488,881,card,delivered,2026-07-18T16:10:15+06:00,True
USR030,01000000030,Demo User 030,FP0000471,2026-07-21T13:39:39+06:00,Thai Kitchen Demo,Thai,Badda,23.784847,90.425866,564,mobile_wallet,delivered,2026-07-21T15:23:39+06:00,True
USR030,01000000030,Demo User 030,FP0000475,2026-08-07T05:46:39+06:00,Dhaka Biryani Demo,Biryani,Mirpur,23.826083,90.367935,703,cash,delivered,2026-08-07T06:23:39+06:00,True
USR031,01000000031,Demo User 031,FP0000492,2026-03-07T21:25:45+06:00,Chicken Express Demo,Fast Food,Tejgaon,23.760046,90.391617,532,mobile_wallet,delivered,2026-03-07T22:18:45+06:00,True
USR031,01000000031,Demo User 031,FP0000491,2026-03-14T05:05:54+06:00,Burger Lab Demo,Burgers,Khilgaon,23.743069,90.419518,1484,card,delivered,2026-03-14T05:56:54+06:00,True
USR031,01000000031,Demo User 031,FP0000501,2026-03-16T03:26:00+06:00,Thai Kitchen Demo,Thai,Mirpur,23.828828,90.372209,1175,card,delivered,2026-03-16T05:02:00+06:00,True
USR031,01000000031,Demo User 031,FP0000500,2026-03-20T08:40:08+06:00,Kebab House Demo,Kebab,Mohakhali,23.784545,90.39419,1034,mobile_wallet,delivered,2026-03-20T11:10:08+06:00,True
USR031,01000000031,Demo User 031,FP0000502,2026-03-28T10:33:47+06:00,Cafe Metro Demo,Cafe,Banani,23.787827,90.403691,1749,mobile_wallet,delivered,2026-03-28T11:24:47+06:00,True
USR031,01000000031,Demo User 031,FP0000494,2026-03-29T20:56:37+06:00,Rice & Curry Demo,Bangla,Badda,23.7775,90.425125,1128,mobile_wallet,delivered,2026-03-29T23:22:37+06:00,True
USR031,01000000031,Demo User 031,FP0000499,2026-05-03T03:51:45+06:00,Chicken Express Demo,Fast Food,Dhanmondi,23.75427,90.380173,1547,cash,cancelled,2026-05-03T05:39:45+06:00,True
USR031,01000000031,Demo User 031,FP0000495,2026-05-16T08:21:28+06:00,Cafe Metro Demo,Cafe,Badda,23.786537,90.432178,625,card,delivered,2026-05-16T11:11:28+06:00,True
USR031,01000000031,Demo User 031,FP0000493,2026-05-31T01:04:07+06:00,Dhaka Biryani Demo,Biryani,Mohammadpur,23.759877,90.359935,1272,card,delivered,2026-05-31T02:10:07+06:00,True
USR031,01000000031,Demo User 031,FP0000497,2026-07-08T18:26:59+06:00,Rice & Curry Demo,Bangla,Farmgate,23.765592,90.394748,906,mobile_wallet,delivered,2026-07-08T21:20:59+06:00,True
USR031,01000000031,Demo User 031,FP0000490,2026-07-14T14:14:56+06:00,Dhaka Biryani Demo,Biryani,Pallabi,23.834175,90.356789,309,card,delivered,2026-07-14T16:49:56+06:00,True
USR031,01000000031,Demo User 031,FP0000496,2026-07-21T20:34:56+06:00,Kebab House Demo,Kebab,Wari,23.719834,90.410148,963,mobile_wallet,delivered,2026-07-21T23:00:56+06:00,True
USR031,01000000031,Demo User 031,FP0000498,2026-08-09T13:51:52+06:00,Burger Lab Demo,Burgers,Motijheel,23.728749,90.421312,978,mobile_wallet,refunded,2026-08-09T16:20:52+06:00,True
USR032,01000000032,Demo User 032,FP0000510,2026-02-18T15:42:43+06:00,Kebab House Demo,Kebab,Rampura,23.767829,90.422418,836,card,delivered,2026-02-18T17:18:43+06:00,True
USR032,01000000032,Demo User 032,FP0000504,2026-02-20T11:27:37+06:00,Chicken Express Demo,Fast Food,Rampura,23.759912,90.414589,736,mobile_wallet,delivered,2026-02-20T13:55:37+06:00,True
USR032,01000000032,Demo User 032,FP0000505,2026-03-09T07:27:31+06:00,Kebab House Demo,Kebab,Badda,23.780706,90.427599,881,card,cancelled,2026-03-09T09:52:31+06:00,True
USR032,01000000032,Demo User 032,FP0000512,2026-03-09T12:28:06+06:00,Burger Lab Demo,Burgers,Uttara,23.869641,90.381368,1243,cash,delivered,2026-03-09T12:54:06+06:00,True
USR032,01000000032,Demo User 032,FP0000518,2026-03-22T18:40:52+06:00,Rice & Curry Demo,Bangla,Mirpur,23.822537,90.362794,1362,mobile_wallet,delivered,2026-03-22T20:14:52+06:00,True
USR032,01000000032,Demo User 032,FP0000513,2026-04-03T21:01:54+06:00,Cafe Metro Demo,Cafe,Banani,23.79568,90.404105,1059,card,delivered,2026-04-03T22:53:54+06:00,True
USR032,01000000032,Demo User 032,FP0000519,2026-04-10T07:39:37+06:00,Kebab House Demo,Kebab,Old Dhaka,23.705505,90.40754,791,cash,delivered,2026-04-10T10:03:37+06:00,True
USR032,01000000032,Demo User 032,FP0000517,2026-04-22T21:26:19+06:00,Kebab House Demo,Kebab,Badda,23.787679,90.423468,1662,mobile_wallet,delivered,2026-04-23T00:07:19+06:00,True
USR032,01000000032,Demo User 032,FP0000508,2026-04-27T19:29:32+06:00,Cafe Metro Demo,Cafe,Mirpur,23.829644,90.361716,1458,cash,delivered,2026-04-27T20:54:32+06:00,True
USR032,01000000032,Demo User 032,FP0000516,2026-04-28T07:37:59+06:00,Dhaka Biryani Demo,Biryani,Wari,23.725217,90.414476,1348,cash,delivered,2026-04-28T08:19:59+06:00,True
USR032,01000000032,Demo User 032,FP0000503,2026-05-22T15:46:02+06:00,Kebab House Demo,Kebab,Pallabi,23.828889,90.368056,545,card,delivered,2026-05-22T17:05:02+06:00,True
USR032,01000000032,Demo User 032,FP0000506,2026-06-09T17:39:36+06:00,Burger Lab Demo,Burgers,Shyamoli,23.774823,90.372659,684,cash,delivered,2026-06-09T19:37:36+06:00,True
USR032,01000000032,Demo User 032,FP0000507,2026-06-11T13:58:00+06:00,Cafe Metro Demo,Cafe,Mohammadpur,23.773269,90.36285,705,cash,delivered,2026-06-11T15:38:00+06:00,True
USR032,01000000032,Demo User 032,FP0000509,2026-06-17T15:32:44+06:00,Chicken Express Demo,Fast Food,Rampura,23.762271,90.415212,218,cash,cancelled,2026-06-17T17:39:44+06:00,True
USR032,01000000032,Demo User 032,FP0000515,2026-06-21T09:25:25+06:00,Rice & Curry Demo,Bangla,Dhanmondi,23.751145,90.382895,1133,mobile_wallet,delivered,2026-06-21T11:55:25+06:00,True
USR032,01000000032,Demo User 032,FP0000514,2026-07-06T02:58:04+06:00,Rice & Curry Demo,Bangla,Old Dhaka,23.715082,90.408848,1206,card,delivered,2026-07-06T05:57:04+06:00,True
USR032,01000000032,Demo User 032,FP0000511,2026-08-09T07:32:22+06:00,Cafe Metro Demo,Cafe,Old Dhaka,23.702837,90.401818,876,card,delivered,2026-08-09T08:15:22+06:00,True
USR033,01000000033,Demo User 033,FP0000537,2026-02-11T03:40:17+06:00,Kebab House Demo,Kebab,Uttara,23.878523,90.377608,1201,cash,refunded,2026-02-11T06:28:17+06:00,True
USR033,01000000033,Demo User 033,FP0000523,2026-02-14T00:28:04+06:00,Chicken Express Demo,Fast Food,Mohammadpur,23.760615,90.351735,292,cash,delivered,2026-02-14T02:22:04+06:00,True
USR033,01000000033,Demo User 033,FP0000534,2026-02-16T23:24:09+06:00,Pizza Corner Demo,Pizza,Khilgaon,23.747861,90.427586,1754,card,delivered,2026-02-17T00:32:09+06:00,True
USR033,01000000033,Demo User 033,FP0000520,2026-02-18T11:09:33+06:00,Thai Kitchen Demo,Thai,Mohakhali,23.787365,90.39737,1496,cash,in_progress,2026-02-18T13:50:33+06:00,True
USR033,01000000033,Demo User 033,FP0000538,2026-03-12T13:00:32+06:00,Kebab House Demo,Kebab,Farmgate,23.763353,90.393756,1435,mobile_wallet,delivered,2026-03-12T14:40:32+06:00,True
USR033,01000000033,Demo User 033,FP0000522,2026-03-13T07:44:51+06:00,Pizza Corner Demo,Pizza,Shyamoli,23.781567,90.373234,338,card,delivered,2026-03-13T10:02:51+06:00,True
USR033,01000000033,Demo User 033,FP0000527,2026-04-16T19:08:44+06:00,Thai Kitchen Demo,Thai,Mohammadpur,23.760492,90.354873,281,card,delivered,2026-04-16T21:45:44+06:00,True
USR033,01000000033,Demo User 033,FP0000525,2026-04-26T20:53:07+06:00,Chicken Express Demo,Fast Food,Bashundhara,23.810373,90.422151,1237,cash,delivered,2026-04-26T22:52:07+06:00,True
USR033,01000000033,Demo User 033,FP0000536,2026-05-01T11:48:24+06:00,Pizza Corner Demo,Pizza,Motijheel,23.729287,90.417536,1509,card,delivered,2026-05-01T12:24:24+06:00,True
USR033,01000000033,Demo User 033,FP0000526,2026-05-03T17:48:06+06:00,Chicken Express Demo,Fast Food,Khilgaon,23.754587,90.431361,885,cash,delivered,2026-05-03T19:35:06+06:00,True
USR033,01000000033,Demo User 033,FP0000531,2026-05-11T21:18:44+06:00,Cafe Metro Demo,Cafe,Wari,23.722101,90.411617,348,card,delivered,2026-05-11T21:52:44+06:00,True
USR033,01000000033,Demo User 033,FP0000521,2026-06-02T19:02:10+06:00,Pizza Corner Demo,Pizza,Pallabi,23.831412,90.370925,1710,card,delivered,2026-06-02T21:46:10+06:00,True
USR033,01000000033,Demo User 033,FP0000524,2026-06-09T20:05:16+06:00,Dhaka Biryani Demo,Biryani,Pallabi,23.822027,90.366077,330,cash,delivered,2026-06-09T20:48:16+06:00,True
USR033,01000000033,Demo User 033,FP0000533,2026-06-12T12:12:35+06:00,Chicken Express Demo,Fast Food,Bashundhara,23.809474,90.427997,1448,mobile_wallet,delivered,2026-06-12T13:39:35+06:00,True
USR033,01000000033,Demo User 033,FP0000528,2026-06-16T19:38:22+06:00,Rice & Curry Demo,Bangla,Mohakhali,23.78466,90.401871,892,cash,cancelled,2026-06-16T20:28:22+06:00,True
USR033,01000000033,Demo User 033,FP0000535,2026-07-13T03:03:31+06:00,Burger Lab Demo,Burgers,Old Dhaka,23.707554,90.40843,1742,cash,cancelled,2026-07-13T04:36:31+06:00,True
USR033,01000000033,Demo User 033,FP0000529,2026-07-18T12:57:40+06:00,Cafe Metro Demo,Cafe,Pallabi,23.830833,90.363716,841,card,delivered,2026-07-18T14:48:40+06:00,True
USR033,01000000033,Demo User 033,FP0000530,2026-07-23T07:39:02+06:00,Thai Kitchen Demo,Thai,Tejgaon,23.759459,90.396737,1736,cash,delivered,2026-07-23T08:24:02+06:00,True
USR033,01000000033,Demo User 033,FP0000532,2026-07-29T21:44:06+06:00,Chicken Express Demo,Fast Food,Badda,23.78438,90.418777,393,card,delivered,2026-07-29T23:55:06+06:00,True
USR034,01000000034,Demo User 034,FP0000552,2026-02-19T12:55:41+06:00,Burger Lab Demo,Burgers,Pallabi,23.828657,90.356478,263,mobile_wallet,delivered,2026-02-19T13:48:41+06:00,True
USR034,01000000034,Demo User 034,FP0000541,2026-02-21T09:55:44+06:00,Chicken Express Demo,Fast Food,Mirpur,23.821496,90.372282,1089,mobile_wallet,delivered,2026-02-21T12:17:44+06:00,True
USR034,01000000034,Demo User 034,FP0000542,2026-03-18T16:39:39+06:00,Thai Kitchen Demo,Thai,Khilgaon,23.756451,90.432545,653,card,delivered,2026-03-18T19:23:39+06:00,True
USR034,01000000034,Demo User 034,FP0000543,2026-03-25T23:06:49+06:00,Thai Kitchen Demo,Thai,Mirpur,23.815965,90.364151,1026,card,delivered,2026-03-26T00:22:49+06:00,True
USR034,01000000034,Demo User 034,FP0000551,2026-03-27T06:18:19+06:00,Chicken Express Demo,Fast Food,Banani,23.785867,90.404084,1022,card,delivered,2026-03-27T08:32:19+06:00,True
USR034,01000000034,Demo User 034,FP0000540,2026-04-10T19:54:39+06:00,Pizza Corner Demo,Pizza,Motijheel,23.739705,90.411747,1752,cash,delivered,2026-04-10T20:26:39+06:00,True
USR034,01000000034,Demo User 034,FP0000548,2026-05-18T22:30:10+06:00,Kebab House Demo,Kebab,Uttara,23.882148,90.380251,1678,mobile_wallet,delivered,2026-05-18T23:45:10+06:00,True
USR034,01000000034,Demo User 034,FP0000547,2026-05-26T18:47:16+06:00,Burger Lab Demo,Burgers,Mirpur,23.825902,90.368357,995,card,delivered,2026-05-26T21:46:16+06:00,True
USR034,01000000034,Demo User 034,FP0000544,2026-06-26T20:16:02+06:00,Dhaka Biryani Demo,Biryani,Mohammadpur,23.773004,90.361736,1402,card,in_progress,2026-06-26T20:36:02+06:00,True
USR034,01000000034,Demo User 034,FP0000550,2026-07-05T22:57:56+06:00,Pizza Corner Demo,Pizza,Old Dhaka,23.708365,90.402218,1626,card,delivered,2026-07-06T01:37:56+06:00,True
USR034,01000000034,Demo User 034,FP0000539,2026-07-15T19:29:01+06:00,Pizza Corner Demo,Pizza,Badda,23.780506,90.421651,227,mobile_wallet,delivered,2026-07-15T20:35:01+06:00,True
USR034,01000000034,Demo User 034,FP0000549,2026-07-22T13:10:39+06:00,Dhaka Biryani Demo,Biryani,Bashundhara,23.822614,90.425759,584,card,delivered,2026-07-22T15:34:39+06:00,True
USR034,01000000034,Demo User 034,FP0000545,2026-07-24T12:33:03+06:00,Pizza Corner Demo,Pizza,Uttara,23.882013,90.37625,1696,cash,delivered,2026-07-24T14:22:03+06:00,True
USR034,01000000034,Demo User 034,FP0000546,2026-08-07T03:41:29+06:00,Pizza Corner Demo,Pizza,Gulshan,23.790668,90.414211,1550,cash,delivered,2026-08-07T05:54:29+06:00,True
USR035,01000000035,Demo User 035,FP0000557,2026-02-16T02:53:04+06:00,Dhaka Biryani Demo,Biryani,Gulshan,23.788457,90.415301,677,card,delivered,2026-02-16T03:36:04+06:00,True
USR035,01000000035,Demo User 035,FP0000560,2026-02-17T03:02:21+06:00,Thai Kitchen Demo,Thai,Badda,23.783777,90.432184,873,card,delivered,2026-02-17T03:39:21+06:00,True
USR035,01000000035,Demo User 035,FP0000554,2026-03-01T13:07:59+06:00,Thai Kitchen Demo,Thai,Motijheel,23.729747,90.423955,1363,card,delivered,2026-03-01T14:42:59+06:00,True
USR035,01000000035,Demo User 035,FP0000559,2026-03-09T05:14:42+06:00,Rice & Curry Demo,Bangla,Uttara,23.8781,90.384185,871,cash,delivered,2026-03-09T07:36:42+06:00,True
USR035,01000000035,Demo User 035,FP0000555,2026-03-22T09:32:05+06:00,Cafe Metro Demo,Cafe,Gulshan,23.791677,90.402754,1236,mobile_wallet,delivered,2026-03-22T11:58:05+06:00,True
USR035,01000000035,Demo User 035,FP0000561,2026-04-22T22:29:13+06:00,Kebab House Demo,Kebab,Mohammadpur,23.762481,90.359057,1463,mobile_wallet,delivered,2026-04-23T01:13:13+06:00,True
USR035,01000000035,Demo User 035,FP0000558,2026-04-27T07:02:07+06:00,Cafe Metro Demo,Cafe,Dhanmondi,23.739928,90.368725,1477,mobile_wallet,delivered,2026-04-27T07:53:07+06:00,True
USR035,01000000035,Demo User 035,FP0000553,2026-05-05T12:50:34+06:00,Kebab House Demo,Kebab,Bashundhara,23.81618,90.428571,1724,mobile_wallet,delivered,2026-05-05T13:50:34+06:00,True
USR035,01000000035,Demo User 035,FP0000562,2026-05-20T00:44:43+06:00,Pizza Corner Demo,Pizza,Pallabi,23.821833,90.359495,1496,cash,delivered,2026-05-20T03:31:43+06:00,True
USR035,01000000035,Demo User 035,FP0000563,2026-07-05T08:07:31+06:00,Kebab House Demo,Kebab,Farmgate,23.766473,90.393935,1043,card,delivered,2026-07-05T09:15:31+06:00,True
USR035,01000000035,Demo User 035,FP0000556,2026-08-08T14:37:28+06:00,Pizza Corner Demo,Pizza,Pallabi,23.826324,90.361868,976,card,delivered,2026-08-08T16:07:28+06:00,True
USR036,01000000036,Demo User 036,FP0000568,2026-02-19T10:02:34+06:00,Burger Lab Demo,Burgers,Motijheel,23.726916,90.41124,643,card,delivered,2026-02-19T11:33:34+06:00,True
USR036,01000000036,Demo User 036,FP0000578,2026-03-02T16:40:57+06:00,Burger Lab Demo,Burgers,Rampura,23.765514,90.419654,1297,cash,delivered,2026-03-02T18:34:57+06:00,True
USR036,01000000036,Demo User 036,FP0000572,2026-03-02T18:09:35+06:00,Kebab House Demo,Kebab,Tejgaon,23.756468,90.388173,1557,card,delivered,2026-03-02T20:43:35+06:00,True
USR036,01000000036,Demo User 036,FP0000564,2026-03-03T10:22:22+06:00,Cafe Metro Demo,Cafe,Rampura,23.765937,90.420129,976,card,delivered,2026-03-03T11:00:22+06:00,True
USR036,01000000036,Demo User 036,FP0000582,2026-03-04T17:54:46+06:00,Kebab House Demo,Kebab,Tejgaon,23.760721,90.391671,722,mobile_wallet,delivered,2026-03-04T19:04:46+06:00,True
USR036,01000000036,Demo User 036,FP0000579,2026-03-10T23:09:15+06:00,Pizza Corner Demo,Pizza,Wari,23.726351,90.418944,1107,card,delivered,2026-03-10T23:34:15+06:00,True
USR036,01000000036,Demo User 036,FP0000575,2026-03-12T18:06:26+06:00,Cafe Metro Demo,Cafe,Pallabi,23.821349,90.358979,180,card,delivered,2026-03-12T19:18:26+06:00,True
USR036,01000000036,Demo User 036,FP0000566,2026-03-14T05:23:01+06:00,Pizza Corner Demo,Pizza,Uttara,23.873392,90.382724,1704,cash,delivered,2026-03-14T07:57:01+06:00,True
USR036,01000000036,Demo User 036,FP0000585,2026-04-06T00:04:48+06:00,Thai Kitchen Demo,Thai,Motijheel,23.733879,90.425089,1131,mobile_wallet,in_progress,2026-04-06T00:24:48+06:00,True
USR036,01000000036,Demo User 036,FP0000584,2026-04-07T06:11:03+06:00,Pizza Corner Demo,Pizza,Banani,23.789988,90.401972,406,cash,delivered,2026-04-07T06:46:03+06:00,True
USR036,01000000036,Demo User 036,FP0000569,2026-04-07T12:22:55+06:00,Dhaka Biryani Demo,Biryani,Dhanmondi,23.752564,90.368322,1314,mobile_wallet,delivered,2026-04-07T14:29:55+06:00,True
USR036,01000000036,Demo User 036,FP0000565,2026-04-11T19:31:02+06:00,Pizza Corner Demo,Pizza,Pallabi,23.827204,90.36269,345,mobile_wallet,delivered,2026-04-11T20:28:02+06:00,True
USR036,01000000036,Demo User 036,FP0000573,2026-04-20T16:27:24+06:00,Dhaka Biryani Demo,Biryani,Khilgaon,23.748746,90.432821,992,mobile_wallet,delivered,2026-04-20T17:33:24+06:00,True
USR036,01000000036,Demo User 036,FP0000583,2026-04-23T16:39:34+06:00,Dhaka Biryani Demo,Biryani,Uttara,23.874098,90.382532,381,cash,delivered,2026-04-23T18:51:34+06:00,True
USR036,01000000036,Demo User 036,FP0000570,2026-05-01T16:19:30+06:00,Burger Lab Demo,Burgers,Mirpur,23.823242,90.369706,1214,cash,delivered,2026-05-01T18:19:30+06:00,True
USR036,01000000036,Demo User 036,FP0000581,2026-05-18T06:23:29+06:00,Dhaka Biryani Demo,Biryani,Motijheel,23.727985,90.41833,287,cash,delivered,2026-05-18T08:52:29+06:00,True
USR036,01000000036,Demo User 036,FP0000576,2026-06-13T02:36:19+06:00,Chicken Express Demo,Fast Food,Mirpur,23.817919,90.360417,1384,mobile_wallet,delivered,2026-06-13T05:31:19+06:00,True
USR036,01000000036,Demo User 036,FP0000567,2026-06-15T04:11:08+06:00,Kebab House Demo,Kebab,Farmgate,23.756023,90.392027,1060,mobile_wallet,delivered,2026-06-15T04:57:08+06:00,True
USR036,01000000036,Demo User 036,FP0000571,2026-06-26T05:40:09+06:00,Pizza Corner Demo,Pizza,Motijheel,23.738785,90.418134,986,card,delivered,2026-06-26T07:12:09+06:00,True
USR036,01000000036,Demo User 036,FP0000574,2026-07-24T07:50:13+06:00,Chicken Express Demo,Fast Food,Bashundhara,23.818763,90.428961,1012,mobile_wallet,in_progress,2026-07-24T09:51:13+06:00,True
USR036,01000000036,Demo User 036,FP0000577,2026-07-27T09:21:18+06:00,Thai Kitchen Demo,Thai,Banani,23.790668,90.403163,1319,card,delivered,2026-07-27T09:46:18+06:00,True
USR036,01000000036,Demo User 036,FP0000580,2026-07-30T08:14:26+06:00,Rice & Curry Demo,Bangla,Mohakhali,23.784009,90.40239,1536,card,delivered,2026-07-30T10:15:26+06:00,True
USR037,01000000037,Demo User 037,FP0000603,2026-02-12T07:49:53+06:00,Rice & Curry Demo,Bangla,Mohakhali,23.785597,90.393497,675,mobile_wallet,delivered,2026-02-12T09:37:53+06:00,True
USR037,01000000037,Demo User 037,FP0000596,2026-02-12T23:08:12+06:00,Pizza Corner Demo,Pizza,Mohakhali,23.78448,90.393351,1783,card,delivered,2026-02-12T23:48:12+06:00,True
USR037,01000000037,Demo User 037,FP0000599,2026-02-16T20:41:48+06:00,Pizza Corner Demo,Pizza,Mohammadpur,23.773151,90.360277,357,cash,delivered,2026-02-16T22:59:48+06:00,True
USR037,01000000037,Demo User 037,FP0000587,2026-02-17T22:17:49+06:00,Kebab House Demo,Kebab,Wari,23.72174,90.414476,1799,card,delivered,2026-02-17T23:38:49+06:00,True
USR037,01000000037,Demo User 037,FP0000593,2026-02-27T21:47:52+06:00,Dhaka Biryani Demo,Biryani,Motijheel,23.728098,90.419402,1598,card,delivered,2026-02-28T00:13:52+06:00,True
USR037,01000000037,Demo User 037,FP0000597,2026-03-10T23:03:49+06:00,Kebab House Demo,Kebab,Bashundhara,23.81568,90.422346,297,cash,delivered,2026-03-11T00:43:49+06:00,True
USR037,01000000037,Demo User 037,FP0000591,2026-03-12T13:15:56+06:00,Kebab House Demo,Kebab,Mohakhali,23.775023,90.402733,1501,card,delivered,2026-03-12T14:09:56+06:00,True
USR037,01000000037,Demo User 037,FP0000602,2026-03-20T15:01:05+06:00,Pizza Corner Demo,Pizza,Motijheel,23.737086,90.424588,495,card,delivered,2026-03-20T16:57:05+06:00,True
USR037,01000000037,Demo User 037,FP0000606,2026-03-29T06:49:06+06:00,Burger Lab Demo,Burgers,Banani,23.788185,90.411793,240,cash,delivered,2026-03-29T09:04:06+06:00,True
USR037,01000000037,Demo User 037,FP0000600,2026-04-01T03:15:37+06:00,Kebab House Demo,Kebab,Shyamoli,23.77559,90.365616,1296,mobile_wallet,cancelled,2026-04-01T04:31:37+06:00,True
USR037,01000000037,Demo User 037,FP0000589,2026-05-04T21:11:50+06:00,Cafe Metro Demo,Cafe,Motijheel,23.735122,90.417744,1067,card,delivered,2026-05-04T22:23:50+06:00,True
USR037,01000000037,Demo User 037,FP0000588,2026-05-10T16:09:53+06:00,Thai Kitchen Demo,Thai,Gulshan,23.788193,90.403432,1398,cash,delivered,2026-05-10T17:28:53+06:00,True
USR037,01000000037,Demo User 037,FP0000594,2026-05-12T18:30:24+06:00,Burger Lab Demo,Burgers,Tejgaon,23.760877,90.398804,1254,card,delivered,2026-05-12T20:27:24+06:00,True
USR037,01000000037,Demo User 037,FP0000586,2026-05-27T18:18:40+06:00,Chicken Express Demo,Fast Food,Wari,23.718825,90.418381,1176,mobile_wallet,delivered,2026-05-27T20:46:40+06:00,True
USR037,01000000037,Demo User 037,FP0000592,2026-05-29T15:49:32+06:00,Burger Lab Demo,Burgers,Uttara,23.883107,90.380645,1251,card,delivered,2026-05-29T17:47:32+06:00,True
USR037,01000000037,Demo User 037,FP0000604,2026-06-01T18:34:40+06:00,Rice & Curry Demo,Bangla,Bashundhara,23.822871,90.429891,600,card,delivered,2026-06-01T19:34:40+06:00,True
USR037,01000000037,Demo User 037,FP0000601,2026-06-11T00:01:39+06:00,Chicken Express Demo,Fast Food,Farmgate,23.75777,90.381985,238,mobile_wallet,cancelled,2026-06-11T02:09:39+06:00,True
USR037,01000000037,Demo User 037,FP0000605,2026-06-28T17:15:43+06:00,Dhaka Biryani Demo,Biryani,Banani,23.801282,90.404428,1322,mobile_wallet,delivered,2026-06-28T20:03:43+06:00,True
USR037,01000000037,Demo User 037,FP0000590,2026-07-10T04:45:06+06:00,Burger Lab Demo,Burgers,Motijheel,23.726657,90.420712,299,cash,delivered,2026-07-10T05:14:06+06:00,True
USR037,01000000037,Demo User 037,FP0000607,2026-07-15T10:38:23+06:00,Rice & Curry Demo,Bangla,Farmgate,23.759898,90.387678,1219,card,delivered,2026-07-15T12:35:23+06:00,True
USR037,01000000037,Demo User 037,FP0000595,2026-07-22T20:07:06+06:00,Kebab House Demo,Kebab,Wari,23.724,90.417348,567,cash,delivered,2026-07-22T21:26:06+06:00,True
USR037,01000000037,Demo User 037,FP0000598,2026-07-23T12:52:17+06:00,Rice & Curry Demo,Bangla,Shyamoli,23.766858,90.360497,883,mobile_wallet,delivered,2026-07-23T14:27:17+06:00,True
USR038,01000000038,Demo User 038,FP0000612,2026-02-11T21:18:36+06:00,Burger Lab Demo,Burgers,Tejgaon,23.771068,90.386533,1339,mobile_wallet,delivered,2026-02-12T00:04:36+06:00,True
USR038,01000000038,Demo User 038,FP0000608,2026-02-27T02:30:37+06:00,Kebab House Demo,Kebab,Banani,23.798025,90.402636,1770,cash,delivered,2026-02-27T03:05:37+06:00,True
USR038,01000000038,Demo User 038,FP0000625,2026-03-06T02:38:35+06:00,Cafe Metro Demo,Cafe,Old Dhaka,23.705825,90.409004,1672,cash,delivered,2026-03-06T03:03:35+06:00,True
USR038,01000000038,Demo User 038,FP0000622,2026-03-08T11:03:47+06:00,Burger Lab Demo,Burgers,Tejgaon,23.759166,90.400638,1696,card,delivered,2026-03-08T12:54:47+06:00,True
USR038,01000000038,Demo User 038,FP0000616,2026-03-10T07:52:49+06:00,Burger Lab Demo,Burgers,Shyamoli,23.770745,90.372146,1274,mobile_wallet,refunded,2026-03-10T09:08:49+06:00,True
USR038,01000000038,Demo User 038,FP0000623,2026-03-11T06:16:33+06:00,Thai Kitchen Demo,Thai,Old Dhaka,23.713256,90.401916,631,mobile_wallet,delivered,2026-03-11T09:10:33+06:00,True
USR038,01000000038,Demo User 038,FP0000627,2026-03-31T22:07:27+06:00,Thai Kitchen Demo,Thai,Mirpur,23.816441,90.359383,1580,cash,delivered,2026-04-01T00:23:27+06:00,True
USR038,01000000038,Demo User 038,FP0000620,2026-04-04T12:21:07+06:00,Cafe Metro Demo,Cafe,Old Dhaka,23.710674,90.40412,816,mobile_wallet,delivered,2026-04-04T14:56:07+06:00,True
USR038,01000000038,Demo User 038,FP0000628,2026-04-17T08:02:54+06:00,Burger Lab Demo,Burgers,Old Dhaka,23.716883,90.401982,1392,mobile_wallet,delivered,2026-04-17T10:47:54+06:00,True
USR038,01000000038,Demo User 038,FP0000609,2026-04-23T23:55:27+06:00,Rice & Curry Demo,Bangla,Gulshan,23.790237,90.409675,1284,mobile_wallet,delivered,2026-04-24T00:26:27+06:00,True
USR038,01000000038,Demo User 038,FP0000621,2026-04-24T16:39:28+06:00,Pizza Corner Demo,Pizza,Pallabi,23.824976,90.357642,831,cash,in_progress,2026-04-24T17:16:28+06:00,True
USR038,01000000038,Demo User 038,FP0000618,2026-05-14T02:37:23+06:00,Rice & Curry Demo,Bangla,Badda,23.773169,90.428556,1659,mobile_wallet,delivered,2026-05-14T05:26:23+06:00,True
USR038,01000000038,Demo User 038,FP0000613,2026-05-30T14:08:26+06:00,Rice & Curry Demo,Bangla,Bashundhara,23.819603,90.430674,1607,card,delivered,2026-05-30T16:53:26+06:00,True
USR038,01000000038,Demo User 038,FP0000611,2026-06-07T10:21:08+06:00,Kebab House Demo,Kebab,Shyamoli,23.772099,90.37047,1503,mobile_wallet,delivered,2026-06-07T11:20:08+06:00,True
USR038,01000000038,Demo User 038,FP0000629,2026-06-13T01:34:01+06:00,Thai Kitchen Demo,Thai,Farmgate,23.757154,90.389849,1322,cash,delivered,2026-06-13T02:16:01+06:00,True
USR038,01000000038,Demo User 038,FP0000615,2026-06-17T14:13:07+06:00,Dhaka Biryani Demo,Biryani,Shyamoli,23.773051,90.36461,324,mobile_wallet,delivered,2026-06-17T14:56:07+06:00,True
USR038,01000000038,Demo User 038,FP0000624,2026-07-08T01:56:24+06:00,Thai Kitchen Demo,Thai,Pallabi,23.831139,90.36566,225,mobile_wallet,delivered,2026-07-08T02:40:24+06:00,True
USR038,01000000038,Demo User 038,FP0000617,2026-07-16T21:54:49+06:00,Cafe Metro Demo,Cafe,Shyamoli,23.767841,90.365964,827,cash,delivered,2026-07-16T22:38:49+06:00,True
USR038,01000000038,Demo User 038,FP0000614,2026-07-17T19:42:53+06:00,Thai Kitchen Demo,Thai,Motijheel,23.739273,90.416649,260,cash,cancelled,2026-07-17T22:21:53+06:00,True
USR038,01000000038,Demo User 038,FP0000610,2026-07-17T20:48:15+06:00,Burger Lab Demo,Burgers,Rampura,23.756961,90.426744,711,mobile_wallet,delivered,2026-07-17T23:38:15+06:00,True
USR038,01000000038,Demo User 038,FP0000626,2026-07-20T10:38:00+06:00,Thai Kitchen Demo,Thai,Khilgaon,23.744376,90.428132,1043,card,delivered,2026-07-20T11:53:00+06:00,True
USR038,01000000038,Demo User 038,FP0000619,2026-07-26T07:50:06+06:00,Rice & Curry Demo,Bangla,Dhanmondi,23.749226,90.382151,500,mobile_wallet,delivered,2026-07-26T10:29:06+06:00,True
USR039,01000000039,Demo User 039,FP0000630,2026-03-15T09:24:09+06:00,Rice & Curry Demo,Bangla,Khilgaon,23.745021,90.423615,1123,mobile_wallet,delivered,2026-03-15T10:39:09+06:00,True
USR039,01000000039,Demo User 039,FP0000631,2026-03-19T22:42:18+06:00,Kebab House Demo,Kebab,Khilgaon,23.751715,90.419518,1346,card,delivered,2026-03-19T23:05:18+06:00,True
USR039,01000000039,Demo User 039,FP0000636,2026-04-15T09:56:50+06:00,Burger Lab Demo,Burgers,Dhanmondi,23.744683,90.370498,579,mobile_wallet,delivered,2026-04-15T10:39:50+06:00,True
USR039,01000000039,Demo User 039,FP0000641,2026-04-16T12:56:04+06:00,Pizza Corner Demo,Pizza,Khilgaon,23.755767,90.430612,1135,mobile_wallet,delivered,2026-04-16T15:12:04+06:00,True
USR039,01000000039,Demo User 039,FP0000632,2026-04-18T12:03:27+06:00,Kebab House Demo,Kebab,Khilgaon,23.747072,90.426016,1298,cash,delivered,2026-04-18T12:42:27+06:00,True
USR039,01000000039,Demo User 039,FP0000640,2026-05-19T12:09:30+06:00,Chicken Express Demo,Fast Food,Old Dhaka,23.715884,90.405834,684,card,delivered,2026-05-19T14:34:30+06:00,True
USR039,01000000039,Demo User 039,FP0000639,2026-05-20T13:54:19+06:00,Cafe Metro Demo,Cafe,Mirpur,23.820685,90.361985,1726,mobile_wallet,delivered,2026-05-20T16:37:19+06:00,True
USR039,01000000039,Demo User 039,FP0000638,2026-05-21T15:17:52+06:00,Chicken Express Demo,Fast Food,Mohammadpur,23.762425,90.360489,1117,cash,delivered,2026-05-21T16:46:52+06:00,True
USR039,01000000039,Demo User 039,FP0000633,2026-06-16T19:07:57+06:00,Dhaka Biryani Demo,Biryani,Bashundhara,23.818329,90.417682,1692,cash,delivered,2026-06-16T21:31:57+06:00,True
USR039,01000000039,Demo User 039,FP0000637,2026-06-19T06:40:44+06:00,Rice & Curry Demo,Bangla,Mohammadpur,23.772461,90.361658,1267,card,delivered,2026-06-19T07:19:44+06:00,True
USR039,01000000039,Demo User 039,FP0000635,2026-07-30T08:02:21+06:00,Rice & Curry Demo,Bangla,Khilgaon,23.754721,90.430568,674,card,delivered,2026-07-30T10:15:21+06:00,True
USR039,01000000039,Demo User 039,FP0000642,2026-08-02T06:01:46+06:00,Kebab House Demo,Kebab,Mohammadpur,23.759553,90.364765,866,cash,delivered,2026-08-02T08:23:46+06:00,True
USR039,01000000039,Demo User 039,FP0000634,2026-08-05T09:37:17+06:00,Rice & Curry Demo,Bangla,Tejgaon,23.768327,90.395879,1078,mobile_wallet,delivered,2026-08-05T11:30:17+06:00,True
USR040,01000000040,Demo User 040,FP0000651,2026-02-19T18:59:49+06:00,Rice & Curry Demo,Bangla,Gulshan,23.797784,90.401363,824,mobile_wallet,delivered,2026-02-19T21:54:49+06:00,True
USR040,01000000040,Demo User 040,FP0000646,2026-02-21T09:22:53+06:00,Thai Kitchen Demo,Thai,Badda,23.786591,90.422599,846,cash,delivered,2026-02-21T10:02:53+06:00,True
USR040,01000000040,Demo User 040,FP0000650,2026-03-02T10:06:18+06:00,Kebab House Demo,Kebab,Dhanmondi,23.750979,90.36893,1651,cash,cancelled,2026-03-02T11:59:18+06:00,True
USR040,01000000040,Demo User 040,FP0000652,2026-03-05T17:11:45+06:00,Chicken Express Demo,Fast Food,Gulshan,23.789242,90.415759,863,mobile_wallet,delivered,2026-03-05T20:11:45+06:00,True
USR040,01000000040,Demo User 040,FP0000653,2026-03-13T01:29:35+06:00,Pizza Corner Demo,Pizza,Dhanmondi,23.739096,90.371197,1008,cash,delivered,2026-03-13T04:16:35+06:00,True
USR040,01000000040,Demo User 040,FP0000649,2026-04-16T16:38:22+06:00,Chicken Express Demo,Fast Food,Mohakhali,23.773827,90.393325,602,mobile_wallet,delivered,2026-04-16T17:36:22+06:00,True
USR040,01000000040,Demo User 040,FP0000645,2026-04-19T01:45:08+06:00,Rice & Curry Demo,Bangla,Mohammadpur,23.773393,90.355465,1081,card,in_progress,2026-04-19T04:21:08+06:00,True
USR040,01000000040,Demo User 040,FP0000643,2026-04-26T13:50:57+06:00,Pizza Corner Demo,Pizza,Badda,23.778055,90.427937,816,card,delivered,2026-04-26T15:46:57+06:00,True
USR040,01000000040,Demo User 040,FP0000647,2026-06-02T07:45:51+06:00,Rice & Curry Demo,Bangla,Tejgaon,23.761771,90.392467,317,card,delivered,2026-06-02T08:08:51+06:00,True
USR040,01000000040,Demo User 040,FP0000648,2026-06-24T07:17:50+06:00,Kebab House Demo,Kebab,Shyamoli,23.776385,90.370035,893,mobile_wallet,delivered,2026-06-24T08:29:50+06:00,True
USR040,01000000040,Demo User 040,FP0000644,2026-07-03T13:13:55+06:00,Dhaka Biryani Demo,Biryani,Tejgaon,23.77064,90.390726,1429,cash,refunded,2026-07-03T14:42:55+06:00,True
USR040,01000000040,Demo User 040,FP0000654,2026-08-01T18:23:15+06:00,Cafe Metro Demo,Cafe,Mirpur,23.81898,90.36332,1021,mobile_wallet,cancelled,2026-08-01T19:44:15+06:00,True
USR041,01000000041,Demo User 041,FP0000665,2026-03-12T20:40:23+06:00,Thai Kitchen Demo,Thai,Uttara,23.8758,90.380677,488,cash,delivered,2026-03-12T21:43:23+06:00,True
USR041,01000000041,Demo User 041,FP0000663,2026-03-25T12:02:26+06:00,Cafe Metro Demo,Cafe,Mirpur,23.819326,90.36584,763,cash,refunded,2026-03-25T14:10:26+06:00,True
USR041,01000000041,Demo User 041,FP0000662,2026-03-26T03:09:21+06:00,Thai Kitchen Demo,Thai,Badda,23.781151,90.422883,835,cash,delivered,2026-03-26T04:16:21+06:00,True
USR041,01000000041,Demo User 041,FP0000666,2026-04-19T07:02:44+06:00,Thai Kitchen Demo,Thai,Old Dhaka,23.707797,90.399958,1672,card,cancelled,2026-04-19T07:52:44+06:00,True
USR041,01000000041,Demo User 041,FP0000667,2026-04-26T15:30:52+06:00,Dhaka Biryani Demo,Biryani,Badda,23.776377,90.422004,1106,cash,delivered,2026-04-26T16:54:52+06:00,True
USR041,01000000041,Demo User 041,FP0000661,2026-05-18T14:07:54+06:00,Pizza Corner Demo,Pizza,Tejgaon,23.759568,90.386848,1548,mobile_wallet,refunded,2026-05-18T16:45:54+06:00,True
USR041,01000000041,Demo User 041,FP0000664,2026-05-23T14:07:38+06:00,Burger Lab Demo,Burgers,Shyamoli,23.769237,90.364674,696,mobile_wallet,delivered,2026-05-23T17:06:38+06:00,True
USR041,01000000041,Demo User 041,FP0000657,2026-06-08T17:54:17+06:00,Pizza Corner Demo,Pizza,Dhanmondi,23.741791,90.376949,210,cash,delivered,2026-06-08T18:47:17+06:00,True
USR041,01000000041,Demo User 041,FP0000658,2026-06-19T00:01:33+06:00,Dhaka Biryani Demo,Biryani,Gulshan,23.788775,90.400457,825,cash,delivered,2026-06-19T02:01:33+06:00,True
USR041,01000000041,Demo User 041,FP0000656,2026-06-25T13:54:33+06:00,Cafe Metro Demo,Cafe,Motijheel,23.738954,90.410964,1530,mobile_wallet,delivered,2026-06-25T16:50:33+06:00,True
USR041,01000000041,Demo User 041,FP0000659,2026-07-01T00:37:26+06:00,Cafe Metro Demo,Cafe,Bashundhara,23.822578,90.429445,340,cash,delivered,2026-07-01T02:10:26+06:00,True
USR041,01000000041,Demo User 041,FP0000655,2026-07-01T17:48:29+06:00,Cafe Metro Demo,Cafe,Motijheel,23.739319,90.417624,581,cash,delivered,2026-07-01T20:39:29+06:00,True
USR041,01000000041,Demo User 041,FP0000660,2026-08-05T19:02:24+06:00,Rice & Curry Demo,Bangla,Khilgaon,23.746791,90.429538,1502,card,delivered,2026-08-05T19:50:24+06:00,True
USR042,01000000042,Demo User 042,FP0000680,2026-02-20T22:50:10+06:00,Kebab House Demo,Kebab,Dhanmondi,23.749218,90.381553,719,cash,delivered,2026-02-20T23:46:10+06:00,True
USR042,01000000042,Demo User 042,FP0000681,2026-03-08T17:17:55+06:00,Thai Kitchen Demo,Thai,Shyamoli,23.770679,90.361607,1601,cash,cancelled,2026-03-08T18:13:55+06:00,True
USR042,01000000042,Demo User 042,FP0000670,2026-03-10T00:25:28+06:00,Kebab House Demo,Kebab,Shyamoli,23.772579,90.370025,1062,mobile_wallet,delivered,2026-03-10T03:10:28+06:00,True
USR042,01000000042,Demo User 042,FP0000673,2026-03-15T21:36:12+06:00,Pizza Corner Demo,Pizza,Bashundhara,23.808826,90.418476,1679,cash,delivered,2026-03-15T22:16:12+06:00,True
USR042,01000000042,Demo User 042,FP0000674,2026-04-08T08:48:08+06:00,Cafe Metro Demo,Cafe,Khilgaon,23.756639,90.427149,868,card,delivered,2026-04-08T10:07:08+06:00,True
USR042,01000000042,Demo User 042,FP0000682,2026-04-16T14:35:16+06:00,Cafe Metro Demo,Cafe,Tejgaon,23.768729,90.400428,956,cash,delivered,2026-04-16T15:31:16+06:00,True
USR042,01000000042,Demo User 042,FP0000676,2026-04-21T21:25:50+06:00,Chicken Express Demo,Fast Food,Wari,23.722236,90.415408,638,mobile_wallet,delivered,2026-04-21T23:17:50+06:00,True
USR042,01000000042,Demo User 042,FP0000672,2026-04-22T11:44:22+06:00,Rice & Curry Demo,Bangla,Shyamoli,23.769612,90.360082,1330,card,delivered,2026-04-22T13:59:22+06:00,True
USR042,01000000042,Demo User 042,FP0000683,2026-05-01T06:22:40+06:00,Chicken Express Demo,Fast Food,Wari,23.722528,90.422144,899,mobile_wallet,delivered,2026-05-01T07:30:40+06:00,True
USR042,01000000042,Demo User 042,FP0000671,2026-06-03T21:10:23+06:00,Chicken Express Demo,Fast Food,Badda,23.785478,90.419482,243,cash,delivered,2026-06-04T00:09:23+06:00,True
USR042,01000000042,Demo User 042,FP0000669,2026-06-04T12:22:11+06:00,Dhaka Biryani Demo,Biryani,Bashundhara,23.818882,90.429384,184,cash,delivered,2026-06-04T14:55:11+06:00,True
USR042,01000000042,Demo User 042,FP0000679,2026-06-16T20:18:54+06:00,Kebab House Demo,Kebab,Tejgaon,23.761284,90.401063,1765,cash,delivered,2026-06-16T21:21:54+06:00,True
USR042,01000000042,Demo User 042,FP0000678,2026-06-27T15:02:35+06:00,Dhaka Biryani Demo,Biryani,Badda,23.784869,90.428021,1658,card,cancelled,2026-06-27T17:47:35+06:00,True
USR042,01000000042,Demo User 042,FP0000675,2026-07-02T21:19:34+06:00,Dhaka Biryani Demo,Biryani,Gulshan,23.8,90.412027,1362,mobile_wallet,delivered,2026-07-02T21:42:34+06:00,True
USR042,01000000042,Demo User 042,FP0000677,2026-07-14T22:37:17+06:00,Chicken Express Demo,Fast Food,Mohakhali,23.773946,90.398391,875,card,delivered,2026-07-15T00:41:17+06:00,True
USR042,01000000042,Demo User 042,FP0000668,2026-07-27T20:18:28+06:00,Kebab House Demo,Kebab,Dhanmondi,23.7484,90.372602,1671,card,delivered,2026-07-27T22:54:28+06:00,True
USR043,01000000043,Demo User 043,FP0000685,2026-02-18T13:41:46+06:00,Burger Lab Demo,Burgers,Mirpur,23.816873,90.370154,624,mobile_wallet,delivered,2026-02-18T15:33:46+06:00,True
USR043,01000000043,Demo User 043,FP0000686,2026-03-13T22:03:17+06:00,Thai Kitchen Demo,Thai,Banani,23.790884,90.404166,722,cash,delivered,2026-03-14T00:24:17+06:00,True
USR043,01000000043,Demo User 043,FP0000697,2026-03-19T20:15:58+06:00,Thai Kitchen Demo,Thai,Farmgate,23.752577,90.397649,1380,mobile_wallet,delivered,2026-03-19T22:44:58+06:00,True
USR043,01000000043,Demo User 043,FP0000689,2026-03-28T07:16:16+06:00,Dhaka Biryani Demo,Biryani,Uttara,23.876902,90.378978,1684,mobile_wallet,delivered,2026-03-28T08:36:16+06:00,True
USR043,01000000043,Demo User 043,FP0000701,2026-04-03T04:31:52+06:00,Cafe Metro Demo,Cafe,Rampura,23.761315,90.419205,1443,cash,delivered,2026-04-03T05:36:52+06:00,True
USR043,01000000043,Demo User 043,FP0000687,2026-04-26T17:07:57+06:00,Kebab House Demo,Kebab,Khilgaon,23.743469,90.42778,690,card,delivered,2026-04-26T18:24:57+06:00,True
USR043,01000000043,Demo User 043,FP0000695,2026-04-30T05:17:07+06:00,Thai Kitchen Demo,Thai,Khilgaon,23.749841,90.428504,787,mobile_wallet,delivered,2026-04-30T06:37:07+06:00,True
USR043,01000000043,Demo User 043,FP0000688,2026-05-09T14:05:03+06:00,Cafe Metro Demo,Cafe,Mohakhali,23.787398,90.396502,1641,card,delivered,2026-05-09T14:44:03+06:00,True
USR043,01000000043,Demo User 043,FP0000693,2026-05-17T01:52:43+06:00,Burger Lab Demo,Burgers,Pallabi,23.822994,90.362043,1365,mobile_wallet,refunded,2026-05-17T03:34:43+06:00,True
USR043,01000000043,Demo User 043,FP0000702,2026-05-21T20:15:00+06:00,Burger Lab Demo,Burgers,Banani,23.797309,90.410043,223,mobile_wallet,delivered,2026-05-21T22:00:00+06:00,True
USR043,01000000043,Demo User 043,FP0000696,2026-05-24T20:53:42+06:00,Burger Lab Demo,Burgers,Wari,23.712558,90.42446,1175,mobile_wallet,delivered,2026-05-24T23:52:42+06:00,True
USR043,01000000043,Demo User 043,FP0000699,2026-06-30T13:10:17+06:00,Kebab House Demo,Kebab,Farmgate,23.759507,90.382888,411,mobile_wallet,delivered,2026-06-30T15:13:17+06:00,True
USR043,01000000043,Demo User 043,FP0000694,2026-07-04T08:07:14+06:00,Dhaka Biryani Demo,Biryani,Old Dhaka,23.709719,90.402123,800,mobile_wallet,delivered,2026-07-04T10:00:14+06:00,True
USR043,01000000043,Demo User 043,FP0000700,2026-07-04T17:12:22+06:00,Kebab House Demo,Kebab,Tejgaon,23.767952,90.394196,209,mobile_wallet,delivered,2026-07-04T19:53:22+06:00,True
USR043,01000000043,Demo User 043,FP0000684,2026-07-08T22:57:20+06:00,Thai Kitchen Demo,Thai,Wari,23.726557,90.41317,1565,cash,delivered,2026-07-09T00:47:20+06:00,True
USR043,01000000043,Demo User 043,FP0000691,2026-07-11T11:19:09+06:00,Burger Lab Demo,Burgers,Gulshan,23.792563,90.401295,695,mobile_wallet,delivered,2026-07-11T13:41:09+06:00,True
USR043,01000000043,Demo User 043,FP0000692,2026-07-11T14:35:28+06:00,Chicken Express Demo,Fast Food,Tejgaon,23.771551,90.387216,1058,card,delivered,2026-07-11T15:23:28+06:00,True
USR043,01000000043,Demo User 043,FP0000690,2026-07-17T13:48:20+06:00,Cafe Metro Demo,Cafe,Mirpur,23.824251,90.363854,302,card,refunded,2026-07-17T15:17:20+06:00,True
USR043,01000000043,Demo User 043,FP0000703,2026-07-28T21:30:10+06:00,Kebab House Demo,Kebab,Uttara,23.879995,90.384358,486,card,delivered,2026-07-28T23:40:10+06:00,True
USR043,01000000043,Demo User 043,FP0000698,2026-07-29T06:24:33+06:00,Dhaka Biryani Demo,Biryani,Dhanmondi,23.746728,90.369014,1577,cash,delivered,2026-07-29T07:45:33+06:00,True
USR044,01000000044,Demo User 044,FP0000710,2026-02-11T17:26:48+06:00,Chicken Express Demo,Fast Food,Tejgaon,23.764238,90.394176,957,mobile_wallet,cancelled,2026-02-11T20:19:48+06:00,True
USR044,01000000044,Demo User 044,FP0000717,2026-02-12T15:28:58+06:00,Rice & Curry Demo,Bangla,Wari,23.713731,90.415434,894,mobile_wallet,cancelled,2026-02-12T18:13:58+06:00,True
USR044,01000000044,Demo User 044,FP0000713,2026-03-17T16:02:27+06:00,Rice & Curry Demo,Bangla,Shyamoli,23.774781,90.360538,1329,mobile_wallet,delivered,2026-03-17T16:58:27+06:00,True
USR044,01000000044,Demo User 044,FP0000708,2026-04-15T14:37:57+06:00,Burger Lab Demo,Burgers,Shyamoli,23.770684,90.359158,1117,card,delivered,2026-04-15T16:39:57+06:00,True
USR044,01000000044,Demo User 044,FP0000716,2026-04-24T03:25:59+06:00,Chicken Express Demo,Fast Food,Old Dhaka,23.706837,90.414032,681,card,delivered,2026-04-24T06:17:59+06:00,True
USR044,01000000044,Demo User 044,FP0000709,2026-05-23T12:17:29+06:00,Cafe Metro Demo,Cafe,Banani,23.798437,90.410858,1532,card,delivered,2026-05-23T14:12:29+06:00,True
USR044,01000000044,Demo User 044,FP0000706,2026-06-14T16:55:24+06:00,Thai Kitchen Demo,Thai,Gulshan,23.799245,90.407829,1578,cash,delivered,2026-06-14T17:38:24+06:00,True
USR044,01000000044,Demo User 044,FP0000715,2026-06-17T04:23:37+06:00,Burger Lab Demo,Burgers,Dhanmondi,23.743334,90.379164,1375,card,delivered,2026-06-17T07:02:37+06:00,True
USR044,01000000044,Demo User 044,FP0000707,2026-06-26T14:36:20+06:00,Thai Kitchen Demo,Thai,Dhanmondi,23.749617,90.368052,1617,cash,delivered,2026-06-26T17:17:20+06:00,True
USR044,01000000044,Demo User 044,FP0000705,2026-07-17T21:06:52+06:00,Pizza Corner Demo,Pizza,Old Dhaka,23.710675,90.405364,1073,card,in_progress,2026-07-17T23:52:52+06:00,True
USR044,01000000044,Demo User 044,FP0000714,2026-07-22T06:37:07+06:00,Rice & Curry Demo,Bangla,Farmgate,23.754723,90.391673,885,card,delivered,2026-07-22T07:10:07+06:00,True
USR044,01000000044,Demo User 044,FP0000712,2026-07-26T03:20:31+06:00,Chicken Express Demo,Fast Food,Mohakhali,23.782499,90.394111,535,card,delivered,2026-07-26T05:08:31+06:00,True
USR044,01000000044,Demo User 044,FP0000711,2026-08-01T01:48:58+06:00,Dhaka Biryani Demo,Biryani,Gulshan,23.791255,90.405187,790,cash,delivered,2026-08-01T02:45:58+06:00,True
USR044,01000000044,Demo User 044,FP0000704,2026-08-03T15:58:15+06:00,Cafe Metro Demo,Cafe,Rampura,23.757691,90.416563,1289,mobile_wallet,delivered,2026-08-03T16:38:15+06:00,True
USR045,01000000045,Demo User 045,FP0000721,2026-02-10T16:48:39+06:00,Burger Lab Demo,Burgers,Banani,23.791277,90.407535,1598,cash,delivered,2026-02-10T18:42:39+06:00,True
USR045,01000000045,Demo User 045,FP0000725,2026-02-21T18:26:08+06:00,Pizza Corner Demo,Pizza,Mohammadpur,23.76166,90.358457,290,card,delivered,2026-02-21T19:10:08+06:00,True
USR045,01000000045,Demo User 045,FP0000733,2026-03-09T07:40:37+06:00,Pizza Corner Demo,Pizza,Bashundhara,23.819877,90.42764,1674,cash,delivered,2026-03-09T10:08:37+06:00,True
USR045,01000000045,Demo User 045,FP0000720,2026-03-17T01:03:25+06:00,Cafe Metro Demo,Cafe,Pallabi,23.82637,90.366944,1427,card,delivered,2026-03-17T03:46:25+06:00,True
USR045,01000000045,Demo User 045,FP0000726,2026-03-31T19:02:15+06:00,Rice & Curry Demo,Bangla,Dhanmondi,23.752649,90.375089,1321,mobile_wallet,delivered,2026-03-31T20:16:15+06:00,True
USR045,01000000045,Demo User 045,FP0000732,2026-04-11T05:11:33+06:00,Rice & Curry Demo,Bangla,Shyamoli,23.774277,90.371198,1072,card,delivered,2026-04-11T07:14:33+06:00,True
USR045,01000000045,Demo User 045,FP0000738,2026-04-18T09:05:11+06:00,Pizza Corner Demo,Pizza,Mirpur,23.823643,90.372119,280,cash,delivered,2026-04-18T11:21:11+06:00,True
USR045,01000000045,Demo User 045,FP0000735,2026-04-24T20:47:08+06:00,Chicken Express Demo,Fast Food,Shyamoli,23.779027,90.3671,1678,mobile_wallet,delivered,2026-04-24T21:29:08+06:00,True
USR045,01000000045,Demo User 045,FP0000730,2026-05-08T03:02:27+06:00,Kebab House Demo,Kebab,Mirpur,23.827456,90.358049,445,cash,delivered,2026-05-08T04:31:27+06:00,True
USR045,01000000045,Demo User 045,FP0000731,2026-05-12T07:34:27+06:00,Chicken Express Demo,Fast Food,Pallabi,23.833559,90.360469,1473,mobile_wallet,cancelled,2026-05-12T09:11:27+06:00,True
USR045,01000000045,Demo User 045,FP0000724,2026-05-16T11:25:12+06:00,Burger Lab Demo,Burgers,Bashundhara,23.818289,90.424224,930,mobile_wallet,delivered,2026-05-16T12:08:12+06:00,True
USR045,01000000045,Demo User 045,FP0000727,2026-06-01T13:58:49+06:00,Pizza Corner Demo,Pizza,Farmgate,23.765046,90.396202,1107,card,delivered,2026-06-01T16:49:49+06:00,True
USR045,01000000045,Demo User 045,FP0000728,2026-06-03T16:07:39+06:00,Rice & Curry Demo,Bangla,Khilgaon,23.756509,90.417874,551,cash,cancelled,2026-06-03T17:29:39+06:00,True
USR045,01000000045,Demo User 045,FP0000723,2026-06-08T23:20:49+06:00,Pizza Corner Demo,Pizza,Bashundhara,23.814968,90.420584,277,card,delivered,2026-06-09T00:10:49+06:00,True
USR045,01000000045,Demo User 045,FP0000736,2026-06-13T09:09:31+06:00,Burger Lab Demo,Burgers,Pallabi,23.824789,90.362162,1342,mobile_wallet,delivered,2026-06-13T11:36:31+06:00,True
USR045,01000000045,Demo User 045,FP0000737,2026-06-20T22:02:38+06:00,Cafe Metro Demo,Cafe,Farmgate,23.75868,90.396188,1254,cash,delivered,2026-06-20T23:00:38+06:00,True
USR045,01000000045,Demo User 045,FP0000718,2026-06-28T00:31:47+06:00,Pizza Corner Demo,Pizza,Gulshan,23.79017,90.409362,454,card,delivered,2026-06-28T02:20:47+06:00,True
USR045,01000000045,Demo User 045,FP0000722,2026-07-08T07:52:29+06:00,Dhaka Biryani Demo,Biryani,Mohakhali,23.77833,90.402279,578,card,delivered,2026-07-08T09:52:29+06:00,True
USR045,01000000045,Demo User 045,FP0000719,2026-07-09T05:56:45+06:00,Chicken Express Demo,Fast Food,Banani,23.801403,90.407592,321,cash,delivered,2026-07-09T07:28:45+06:00,True
USR045,01000000045,Demo User 045,FP0000729,2026-07-25T08:23:23+06:00,Pizza Corner Demo,Pizza,Pallabi,23.827492,90.362107,789,cash,refunded,2026-07-25T09:38:23+06:00,True
USR045,01000000045,Demo User 045,FP0000734,2026-08-01T22:41:21+06:00,Dhaka Biryani Demo,Biryani,Tejgaon,23.760325,90.395121,1005,card,delivered,2026-08-01T23:32:21+06:00,True
USR046,01000000046,Demo User 046,FP0000746,2026-02-25T10:39:25+06:00,Thai Kitchen Demo,Thai,Mohammadpur,23.772639,90.360927,1229,card,refunded,2026-02-25T11:29:25+06:00,True
USR046,01000000046,Demo User 046,FP0000754,2026-03-05T15:19:50+06:00,Kebab House Demo,Kebab,Tejgaon,23.759208,90.395354,1560,card,delivered,2026-03-05T16:43:50+06:00,True
USR046,01000000046,Demo User 046,FP0000753,2026-03-08T15:49:49+06:00,Cafe Metro Demo,Cafe,Dhanmondi,23.742967,90.37721,1070,mobile_wallet,delivered,2026-03-08T16:14:49+06:00,True
USR046,01000000046,Demo User 046,FP0000742,2026-03-09T06:53:07+06:00,Chicken Express Demo,Fast Food,Rampura,23.753428,90.428112,301,card,cancelled,2026-03-09T09:20:07+06:00,True
USR046,01000000046,Demo User 046,FP0000752,2026-03-10T02:38:40+06:00,Kebab House Demo,Kebab,Motijheel,23.734834,90.410437,1092,cash,delivered,2026-03-10T04:11:40+06:00,True
USR046,01000000046,Demo User 046,FP0000757,2026-03-13T00:34:45+06:00,Cafe Metro Demo,Cafe,Badda,23.781701,90.43407,425,mobile_wallet,delivered,2026-03-13T01:44:45+06:00,True
USR046,01000000046,Demo User 046,FP0000756,2026-05-20T12:57:26+06:00,Rice & Curry Demo,Bangla,Badda,23.778129,90.429552,446,card,delivered,2026-05-20T14:28:26+06:00,True
USR046,01000000046,Demo User 046,FP0000744,2026-05-23T13:48:51+06:00,Rice & Curry Demo,Bangla,Farmgate,23.757026,90.38613,1629,mobile_wallet,delivered,2026-05-23T14:23:51+06:00,True
USR046,01000000046,Demo User 046,FP0000741,2026-05-24T06:37:10+06:00,Kebab House Demo,Kebab,Farmgate,23.759987,90.393392,318,mobile_wallet,delivered,2026-05-24T08:25:10+06:00,True
USR046,01000000046,Demo User 046,FP0000743,2026-05-29T04:51:31+06:00,Chicken Express Demo,Fast Food,Tejgaon,23.771039,90.395494,269,card,delivered,2026-05-29T07:18:31+06:00,True
USR046,01000000046,Demo User 046,FP0000745,2026-06-12T19:56:48+06:00,Cafe Metro Demo,Cafe,Shyamoli,23.779572,90.370199,1763,mobile_wallet,delivered,2026-06-12T22:49:48+06:00,True
USR046,01000000046,Demo User 046,FP0000748,2026-07-01T07:20:32+06:00,Cafe Metro Demo,Cafe,Tejgaon,23.765196,90.392583,340,card,delivered,2026-07-01T08:56:32+06:00,True
USR046,01000000046,Demo User 046,FP0000750,2026-07-04T04:31:46+06:00,Chicken Express Demo,Fast Food,Bashundhara,23.810032,90.426293,1650,card,delivered,2026-07-04T05:08:46+06:00,True
USR046,01000000046,Demo User 046,FP0000739,2026-07-09T07:09:35+06:00,Rice & Curry Demo,Bangla,Uttara,23.879326,90.38369,1552,card,delivered,2026-07-09T09:31:35+06:00,True
USR046,01000000046,Demo User 046,FP0000758,2026-07-09T23:33:27+06:00,Pizza Corner Demo,Pizza,Tejgaon,23.770785,90.386745,348,mobile_wallet,delivered,2026-07-10T01:13:27+06:00,True
USR046,01000000046,Demo User 046,FP0000755,2026-07-19T00:29:07+06:00,Cafe Metro Demo,Cafe,Mohakhali,23.785483,90.397728,184,cash,delivered,2026-07-19T01:56:07+06:00,True
USR046,01000000046,Demo User 046,FP0000747,2026-08-01T20:10:23+06:00,Pizza Corner Demo,Pizza,Shyamoli,23.780348,90.363153,1486,card,delivered,2026-08-01T21:05:23+06:00,True
USR046,01000000046,Demo User 046,FP0000751,2026-08-02T17:06:53+06:00,Rice & Curry Demo,Bangla,Old Dhaka,23.710792,90.408276,740,mobile_wallet,delivered,2026-08-02T19:34:53+06:00,True
USR046,01000000046,Demo User 046,FP0000740,2026-08-04T06:58:21+06:00,Rice & Curry Demo,Bangla,Mohakhali,23.774915,90.391606,789,mobile_wallet,delivered,2026-08-04T09:37:21+06:00,True
USR046,01000000046,Demo User 046,FP0000749,2026-08-06T05:52:29+06:00,Dhaka Biryani Demo,Biryani,Gulshan,23.797092,90.412177,367,card,delivered,2026-08-06T07:33:29+06:00,True
USR047,01000000047,Demo User 047,FP0000759,2026-02-12T14:02:41+06:00,Cafe Metro Demo,Cafe,Motijheel,23.735979,90.413849,1469,card,delivered,2026-02-12T15:57:41+06:00,True
USR047,01000000047,Demo User 047,FP0000774,2026-02-19T09:29:52+06:00,Rice & Curry Demo,Bangla,Tejgaon,23.764369,90.388396,383,mobile_wallet,delivered,2026-02-19T10:05:52+06:00,True
USR047,01000000047,Demo User 047,FP0000764,2026-02-25T19:41:01+06:00,Chicken Express Demo,Fast Food,Mohammadpur,23.770966,90.356987,1201,cash,delivered,2026-02-25T20:04:01+06:00,True
USR047,01000000047,Demo User 047,FP0000761,2026-03-03T21:37:54+06:00,Cafe Metro Demo,Cafe,Gulshan,23.787586,90.400147,1181,mobile_wallet,delivered,2026-03-04T00:35:54+06:00,True
USR047,01000000047,Demo User 047,FP0000768,2026-03-14T19:56:20+06:00,Pizza Corner Demo,Pizza,Tejgaon,23.763893,90.392526,1445,cash,delivered,2026-03-14T22:33:20+06:00,True
USR047,01000000047,Demo User 047,FP0000772,2026-03-22T07:46:28+06:00,Kebab House Demo,Kebab,Gulshan,23.794349,90.406687,950,cash,in_progress,2026-03-22T09:43:28+06:00,True
USR047,01000000047,Demo User 047,FP0000765,2026-03-26T21:56:16+06:00,Cafe Metro Demo,Cafe,Khilgaon,23.749059,90.422145,595,card,delivered,2026-03-26T23:08:16+06:00,True
USR047,01000000047,Demo User 047,FP0000775,2026-04-14T18:04:39+06:00,Cafe Metro Demo,Cafe,Mohammadpur,23.761026,90.365123,1637,cash,delivered,2026-04-14T19:53:39+06:00,True
USR047,01000000047,Demo User 047,FP0000762,2026-04-15T04:02:04+06:00,Cafe Metro Demo,Cafe,Farmgate,23.754458,90.396836,1067,cash,delivered,2026-04-15T05:24:04+06:00,True
USR047,01000000047,Demo User 047,FP0000766,2026-04-22T18:54:34+06:00,Kebab House Demo,Kebab,Uttara,23.870114,90.386296,1012,card,refunded,2026-04-22T20:21:34+06:00,True
USR047,01000000047,Demo User 047,FP0000763,2026-04-26T18:07:43+06:00,Chicken Express Demo,Fast Food,Uttara,23.883275,90.382303,764,mobile_wallet,delivered,2026-04-26T20:42:43+06:00,True
USR047,01000000047,Demo User 047,FP0000770,2026-05-28T15:19:46+06:00,Chicken Express Demo,Fast Food,Rampura,23.768793,90.42412,1780,mobile_wallet,delivered,2026-05-28T17:02:46+06:00,True
USR047,01000000047,Demo User 047,FP0000767,2026-06-17T04:40:18+06:00,Thai Kitchen Demo,Thai,Mirpur,23.823671,90.361644,1636,card,in_progress,2026-06-17T07:19:18+06:00,True
USR047,01000000047,Demo User 047,FP0000769,2026-07-05T05:12:38+06:00,Thai Kitchen Demo,Thai,Badda,23.781856,90.431938,306,cash,delivered,2026-07-05T08:12:38+06:00,True
USR047,01000000047,Demo User 047,FP0000777,2026-07-20T09:09:36+06:00,Thai Kitchen Demo,Thai,Mirpur,23.818053,90.361719,1767,cash,delivered,2026-07-20T10:35:36+06:00,True
USR047,01000000047,Demo User 047,FP0000776,2026-07-22T04:42:19+06:00,Dhaka Biryani Demo,Biryani,Gulshan,23.78811,90.40438,1671,card,delivered,2026-07-22T06:10:19+06:00,True
USR047,01000000047,Demo User 047,FP0000771,2026-07-25T07:09:23+06:00,Burger Lab Demo,Burgers,Uttara,23.870468,90.383089,1481,card,delivered,2026-07-25T09:27:23+06:00,True
USR047,01000000047,Demo User 047,FP0000760,2026-07-30T22:56:44+06:00,Pizza Corner Demo,Pizza,Bashundhara,23.817411,90.424488,752,cash,delivered,2026-07-31T01:35:44+06:00,True
USR047,01000000047,Demo User 047,FP0000773,2026-07-31T21:08:13+06:00,Dhaka Biryani Demo,Biryani,Farmgate,23.763682,90.386184,1186,mobile_wallet,delivered,2026-07-31T21:35:13+06:00,True
USR048,01000000048,Demo User 048,FP0000781,2026-03-03T15:28:21+06:00,Pizza Corner Demo,Pizza,Mohammadpur,23.765949,90.363733,813,card,delivered,2026-03-03T16:33:21+06:00,True
USR048,01000000048,Demo User 048,FP0000780,2026-03-08T23:58:11+06:00,Pizza Corner Demo,Pizza,Gulshan,23.798413,90.414864,1704,mobile_wallet,delivered,2026-03-09T02:07:11+06:00,True
USR048,01000000048,Demo User 048,FP0000784,2026-03-09T13:24:52+06:00,Burger Lab Demo,Burgers,Old Dhaka,23.706502,90.406648,1317,mobile_wallet,delivered,2026-03-09T14:27:52+06:00,True
USR048,01000000048,Demo User 048,FP0000785,2026-03-20T21:33:51+06:00,Cafe Metro Demo,Cafe,Farmgate,23.763135,90.394246,824,cash,delivered,2026-03-20T23:15:51+06:00,True
USR048,01000000048,Demo User 048,FP0000778,2026-03-21T16:21:03+06:00,Dhaka Biryani Demo,Biryani,Uttara,23.867955,90.385439,870,card,delivered,2026-03-21T18:39:03+06:00,True
USR048,01000000048,Demo User 048,FP0000796,2026-03-22T20:55:47+06:00,Chicken Express Demo,Fast Food,Banani,23.797714,90.407687,606,card,delivered,2026-03-22T23:18:47+06:00,True
USR048,01000000048,Demo User 048,FP0000779,2026-04-08T08:30:50+06:00,Rice & Curry Demo,Bangla,Rampura,23.756023,90.425387,1689,cash,delivered,2026-04-08T09:34:50+06:00,True
USR048,01000000048,Demo User 048,FP0000788,2026-04-08T13:06:37+06:00,Rice & Curry Demo,Bangla,Old Dhaka,23.705,90.405121,679,mobile_wallet,cancelled,2026-04-08T13:34:37+06:00,True
USR048,01000000048,Demo User 048,FP0000792,2026-04-12T19:01:08+06:00,Cafe Metro Demo,Cafe,Dhanmondi,23.75438,90.379663,1160,mobile_wallet,delivered,2026-04-12T21:49:08+06:00,True
USR048,01000000048,Demo User 048,FP0000783,2026-04-14T00:01:31+06:00,Pizza Corner Demo,Pizza,Motijheel,23.738611,90.415184,1241,card,delivered,2026-04-14T02:36:31+06:00,True
USR048,01000000048,Demo User 048,FP0000786,2026-04-17T23:47:51+06:00,Dhaka Biryani Demo,Biryani,Farmgate,23.755693,90.382497,1532,cash,delivered,2026-04-18T02:34:51+06:00,True
USR048,01000000048,Demo User 048,FP0000782,2026-04-21T10:16:16+06:00,Chicken Express Demo,Fast Food,Rampura,23.754387,90.424001,459,card,delivered,2026-04-21T11:41:16+06:00,True
USR048,01000000048,Demo User 048,FP0000789,2026-04-22T06:09:05+06:00,Pizza Corner Demo,Pizza,Rampura,23.761567,90.413122,313,card,delivered,2026-04-22T08:05:05+06:00,True
USR048,01000000048,Demo User 048,FP0000787,2026-04-22T15:51:28+06:00,Rice & Curry Demo,Bangla,Dhanmondi,23.750172,90.383328,216,card,delivered,2026-04-22T16:55:28+06:00,True
USR048,01000000048,Demo User 048,FP0000793,2026-05-23T04:13:03+06:00,Rice & Curry Demo,Bangla,Dhanmondi,23.743255,90.381415,1227,cash,delivered,2026-05-23T06:51:03+06:00,True
USR048,01000000048,Demo User 048,FP0000795,2026-05-28T19:25:59+06:00,Thai Kitchen Demo,Thai,Old Dhaka,23.704775,90.414909,579,mobile_wallet,delivered,2026-05-28T20:10:59+06:00,True
USR048,01000000048,Demo User 048,FP0000791,2026-06-13T13:16:42+06:00,Rice & Curry Demo,Bangla,Tejgaon,23.760536,90.396534,912,mobile_wallet,delivered,2026-06-13T15:02:42+06:00,True
USR048,01000000048,Demo User 048,FP0000799,2026-07-07T13:55:26+06:00,Thai Kitchen Demo,Thai,Old Dhaka,23.713542,90.399799,790,cash,delivered,2026-07-07T15:08:26+06:00,True
USR048,01000000048,Demo User 048,FP0000794,2026-07-13T19:37:40+06:00,Chicken Express Demo,Fast Food,Wari,23.722753,90.415951,725,card,in_progress,2026-07-13T22:30:40+06:00,True
USR048,01000000048,Demo User 048,FP0000797,2026-07-14T03:52:01+06:00,Burger Lab Demo,Burgers,Motijheel,23.736442,90.421543,1334,mobile_wallet,delivered,2026-07-14T04:41:01+06:00,True
USR048,01000000048,Demo User 048,FP0000790,2026-07-19T12:53:23+06:00,Kebab House Demo,Kebab,Khilgaon,23.752037,90.423373,525,cash,delivered,2026-07-19T14:06:23+06:00,True
USR048,01000000048,Demo User 048,FP0000798,2026-08-01T04:04:57+06:00,Dhaka Biryani Demo,Biryani,Pallabi,23.821674,90.369075,1765,mobile_wallet,delivered,2026-08-01T07:00:57+06:00,True
USR049,01000000049,Demo User 049,FP0000817,2026-03-01T18:44:19+06:00,Dhaka Biryani Demo,Biryani,Uttara,23.877106,90.380846,979,cash,delivered,2026-03-01T20:57:19+06:00,True
USR049,01000000049,Demo User 049,FP0000813,2026-03-01T21:25:30+06:00,Rice & Curry Demo,Bangla,Mirpur,23.825098,90.35901,1580,mobile_wallet,in_progress,2026-03-01T23:48:30+06:00,True
USR049,01000000049,Demo User 049,FP0000800,2026-03-06T21:32:41+06:00,Dhaka Biryani Demo,Biryani,Badda,23.783658,90.428926,1249,mobile_wallet,delivered,2026-03-06T23:15:41+06:00,True
USR049,01000000049,Demo User 049,FP0000814,2026-03-15T10:27:41+06:00,Chicken Express Demo,Fast Food,Mohakhali,23.785943,90.402597,368,cash,delivered,2026-03-15T11:07:41+06:00,True
USR049,01000000049,Demo User 049,FP0000810,2026-03-19T02:57:38+06:00,Pizza Corner Demo,Pizza,Uttara,23.869397,90.382359,301,card,delivered,2026-03-19T05:56:38+06:00,True
USR049,01000000049,Demo User 049,FP0000809,2026-04-01T06:00:13+06:00,Rice & Curry Demo,Bangla,Dhanmondi,23.742783,90.38181,853,mobile_wallet,cancelled,2026-04-01T09:00:13+06:00,True
USR049,01000000049,Demo User 049,FP0000801,2026-04-02T15:58:08+06:00,Pizza Corner Demo,Pizza,Gulshan,23.791312,90.407542,597,cash,delivered,2026-04-02T17:04:08+06:00,True
USR049,01000000049,Demo User 049,FP0000808,2026-04-04T21:37:04+06:00,Pizza Corner Demo,Pizza,Bashundhara,23.815521,90.420338,1624,cash,delivered,2026-04-04T23:38:04+06:00,True
USR049,01000000049,Demo User 049,FP0000816,2026-04-10T04:33:24+06:00,Pizza Corner Demo,Pizza,Old Dhaka,23.712183,90.412909,760,card,delivered,2026-04-10T05:02:24+06:00,True
USR049,01000000049,Demo User 049,FP0000806,2026-04-21T03:11:20+06:00,Cafe Metro Demo,Cafe,Mohammadpur,23.767658,90.357187,1012,cash,delivered,2026-04-21T05:20:20+06:00,True
USR049,01000000049,Demo User 049,FP0000812,2026-04-27T08:59:43+06:00,Rice & Curry Demo,Bangla,Mohakhali,23.777338,90.393837,1057,card,delivered,2026-04-27T09:39:43+06:00,True
USR049,01000000049,Demo User 049,FP0000805,2026-05-01T00:17:34+06:00,Rice & Curry Demo,Bangla,Badda,23.786162,90.430724,1067,cash,delivered,2026-05-01T02:31:34+06:00,True
USR049,01000000049,Demo User 049,FP0000804,2026-05-02T18:43:55+06:00,Cafe Metro Demo,Cafe,Pallabi,23.826352,90.368661,845,card,delivered,2026-05-02T19:44:55+06:00,True
USR049,01000000049,Demo User 049,FP0000811,2026-05-25T06:20:25+06:00,Dhaka Biryani Demo,Biryani,Khilgaon,23.750044,90.42466,1228,cash,delivered,2026-05-25T09:00:25+06:00,True
USR049,01000000049,Demo User 049,FP0000815,2026-06-24T07:20:50+06:00,Rice & Curry Demo,Bangla,Rampura,23.768123,90.41927,394,mobile_wallet,delivered,2026-06-24T09:16:50+06:00,True
USR049,01000000049,Demo User 049,FP0000803,2026-06-27T18:05:46+06:00,Thai Kitchen Demo,Thai,Wari,23.717021,90.420586,1714,card,delivered,2026-06-27T20:47:46+06:00,True
USR049,01000000049,Demo User 049,FP0000807,2026-08-04T04:34:39+06:00,Burger Lab Demo,Burgers,Wari,23.712832,90.415486,369,mobile_wallet,delivered,2026-08-04T05:20:39+06:00,True
USR049,01000000049,Demo User 049,FP0000802,2026-08-05T09:32:43+06:00,Cafe Metro Demo,Cafe,Old Dhaka,23.705044,90.412021,274,cash,cancelled,2026-08-05T12:10:43+06:00,True
USR050,01000000050,Demo User 050,FP0000832,2026-02-13T04:12:56+06:00,Kebab House Demo,Kebab,Uttara,23.881242,90.379601,1192,card,delivered,2026-02-13T05:12:56+06:00,True
USR050,01000000050,Demo User 050,FP0000835,2026-02-19T18:32:10+06:00,Burger Lab Demo,Burgers,Uttara,23.872647,90.38445,452,cash,delivered,2026-02-19T20:02:10+06:00,True
USR050,01000000050,Demo User 050,FP0000830,2026-02-22T11:28:04+06:00,Burger Lab Demo,Burgers,Shyamoli,23.767662,90.372408,755,cash,delivered,2026-02-22T14:24:04+06:00,True
USR050,01000000050,Demo User 050,FP0000826,2026-02-22T16:12:57+06:00,Rice & Curry Demo,Bangla,Gulshan,23.787599,90.402263,557,card,delivered,2026-02-22T17:24:57+06:00,True
USR050,01000000050,Demo User 050,FP0000836,2026-02-28T13:28:35+06:00,Dhaka Biryani Demo,Biryani,Pallabi,23.832303,90.361726,184,card,delivered,2026-02-28T15:52:35+06:00,True
USR050,01000000050,Demo User 050,FP0000821,2026-03-04T13:42:36+06:00,Rice & Curry Demo,Bangla,Pallabi,23.835203,90.357877,1194,cash,delivered,2026-03-04T16:12:36+06:00,True
USR050,01000000050,Demo User 050,FP0000823,2026-03-21T06:54:13+06:00,Cafe Metro Demo,Cafe,Banani,23.786395,90.404786,1075,card,cancelled,2026-03-21T07:48:13+06:00,True
USR050,01000000050,Demo User 050,FP0000820,2026-03-26T14:02:19+06:00,Dhaka Biryani Demo,Biryani,Bashundhara,23.819441,90.424504,647,cash,delivered,2026-03-26T14:54:19+06:00,True
USR050,01000000050,Demo User 050,FP0000831,2026-04-02T07:38:08+06:00,Chicken Express Demo,Fast Food,Mohakhali,23.787222,90.396162,889,cash,delivered,2026-04-02T09:20:08+06:00,True
USR050,01000000050,Demo User 050,FP0000837,2026-04-04T15:48:52+06:00,Dhaka Biryani Demo,Biryani,Wari,23.71285,90.423528,1485,card,delivered,2026-04-04T17:20:52+06:00,True
USR050,01000000050,Demo User 050,FP0000834,2026-04-23T10:16:02+06:00,Dhaka Biryani Demo,Biryani,Rampura,23.767033,90.427603,1332,card,delivered,2026-04-23T12:17:02+06:00,True
USR050,01000000050,Demo User 050,FP0000833,2026-04-23T23:37:26+06:00,Pizza Corner Demo,Pizza,Tejgaon,23.770821,90.397279,756,cash,delivered,2026-04-24T02:07:26+06:00,True
USR050,01000000050,Demo User 050,FP0000819,2026-04-24T00:33:15+06:00,Chicken Express Demo,Fast Food,Farmgate,23.757381,90.388689,214,card,delivered,2026-04-24T03:19:15+06:00,True
USR050,01000000050,Demo User 050,FP0000829,2026-06-02T11:38:09+06:00,Chicken Express Demo,Fast Food,Gulshan,23.794678,90.412943,1342,mobile_wallet,delivered,2026-06-02T12:18:09+06:00,True
USR050,01000000050,Demo User 050,FP0000827,2026-06-22T16:01:53+06:00,Burger Lab Demo,Burgers,Gulshan,23.790116,90.407313,1758,cash,delivered,2026-06-22T16:47:53+06:00,True
USR050,01000000050,Demo User 050,FP0000824,2026-06-25T11:57:27+06:00,Pizza Corner Demo,Pizza,Banani,23.798478,90.399273,1762,card,delivered,2026-06-25T12:26:27+06:00,True
USR050,01000000050,Demo User 050,FP0000825,2026-06-26T23:04:07+06:00,Burger Lab Demo,Burgers,Mirpur,23.826988,90.371167,1633,card,delivered,2026-06-27T01:41:07+06:00,True
USR050,01000000050,Demo User 050,FP0000822,2026-06-29T11:42:39+06:00,Thai Kitchen Demo,Thai,Rampura,23.754054,90.422455,453,cash,cancelled,2026-06-29T14:23:39+06:00,True
USR050,01000000050,Demo User 050,FP0000818,2026-07-01T22:08:19+06:00,Dhaka Biryani Demo,Biryani,Gulshan,23.795015,90.411611,1115,mobile_wallet,delivered,2026-07-01T22:29:19+06:00,True
USR050,01000000050,Demo User 050,FP0000828,2026-08-08T08:43:32+06:00,Chicken Express Demo,Fast Food,Khilgaon,23.754831,90.421449,270,mobile_wallet,cancelled,2026-08-08T09:22:32+06:00,True
USR051,01000000051,Demo User 051,FP0000855,2026-02-10T04:09:28+06:00,Chicken Express Demo,Fast Food,Pallabi,23.823182,90.361994,1648,cash,delivered,2026-02-10T05:16:28+06:00,True
USR051,01000000051,Demo User 051,FP0000857,2026-02-26T22:06:28+06:00,Pizza Corner Demo,Pizza,Shyamoli,23.777428,90.373686,1746,card,refunded,2026-02-26T23:54:28+06:00,True
USR051,01000000051,Demo User 051,FP0000854,2026-03-19T01:00:12+06:00,Thai Kitchen Demo,Thai,Shyamoli,23.775635,90.370463,931,cash,delivered,2026-03-19T01:43:12+06:00,True
USR051,01000000051,Demo User 051,FP0000844,2026-03-23T02:15:15+06:00,Burger Lab Demo,Burgers,Mirpur,23.827197,90.372694,223,cash,delivered,2026-03-23T02:55:15+06:00,True
USR051,01000000051,Demo User 051,FP0000846,2026-03-29T06:41:39+06:00,Kebab House Demo,Kebab,Dhanmondi,23.749197,90.374284,426,cash,refunded,2026-03-29T08:05:39+06:00,True
USR051,01000000051,Demo User 051,FP0000849,2026-04-01T20:53:32+06:00,Kebab House Demo,Kebab,Badda,23.783365,90.423241,765,mobile_wallet,delivered,2026-04-01T23:19:32+06:00,True
USR051,01000000051,Demo User 051,FP0000845,2026-04-09T17:13:01+06:00,Chicken Express Demo,Fast Food,Mohakhali,23.783884,90.403558,426,card,delivered,2026-04-09T17:44:01+06:00,True
USR051,01000000051,Demo User 051,FP0000856,2026-04-18T23:46:20+06:00,Pizza Corner Demo,Pizza,Dhanmondi,23.74301,90.372004,508,card,delivered,2026-04-19T00:24:20+06:00,True
USR051,01000000051,Demo User 051,FP0000851,2026-04-24T12:34:07+06:00,Dhaka Biryani Demo,Biryani,Dhanmondi,23.745773,90.370553,297,card,in_progress,2026-04-24T13:19:07+06:00,True
USR051,01000000051,Demo User 051,FP0000850,2026-04-29T11:09:59+06:00,Burger Lab Demo,Burgers,Uttara,23.873556,90.385403,1266,card,cancelled,2026-04-29T11:50:59+06:00,True
USR051,01000000051,Demo User 051,FP0000852,2026-05-11T23:08:45+06:00,Dhaka Biryani Demo,Biryani,Banani,23.798064,90.410326,1750,mobile_wallet,cancelled,2026-05-11T23:34:45+06:00,True
USR051,01000000051,Demo User 051,FP0000842,2026-05-16T01:21:39+06:00,Burger Lab Demo,Burgers,Khilgaon,23.751693,90.432344,1151,card,delivered,2026-05-16T03:23:39+06:00,True
USR051,01000000051,Demo User 051,FP0000847,2026-05-16T19:46:41+06:00,Burger Lab Demo,Burgers,Wari,23.711801,90.409926,1553,mobile_wallet,delivered,2026-05-16T21:28:41+06:00,True
USR051,01000000051,Demo User 051,FP0000848,2026-05-20T08:35:24+06:00,Pizza Corner Demo,Pizza,Farmgate,23.761189,90.393022,864,card,delivered,2026-05-20T09:59:24+06:00,True
USR051,01000000051,Demo User 051,FP0000840,2026-05-24T07:54:18+06:00,Thai Kitchen Demo,Thai,Bashundhara,23.818181,90.422874,727,card,delivered,2026-05-24T08:14:18+06:00,True
USR051,01000000051,Demo User 051,FP0000838,2026-06-01T08:18:37+06:00,Pizza Corner Demo,Pizza,Badda,23.778118,90.425741,668,cash,delivered,2026-06-01T08:46:37+06:00,True
USR051,01000000051,Demo User 051,FP0000841,2026-06-09T01:56:41+06:00,Cafe Metro Demo,Cafe,Uttara,23.881422,90.385017,1591,card,delivered,2026-06-09T02:41:41+06:00,True
USR051,01000000051,Demo User 051,FP0000843,2026-06-11T23:00:18+06:00,Dhaka Biryani Demo,Biryani,Mohammadpur,23.772694,90.357928,717,cash,delivered,2026-06-12T00:03:18+06:00,True
USR051,01000000051,Demo User 051,FP0000853,2026-07-20T05:17:08+06:00,Burger Lab Demo,Burgers,Mohakhali,23.782748,90.404568,1625,mobile_wallet,delivered,2026-07-20T07:10:08+06:00,True
USR051,01000000051,Demo User 051,FP0000839,2026-07-21T20:28:19+06:00,Thai Kitchen Demo,Thai,Motijheel,23.72589,90.419237,436,mobile_wallet,delivered,2026-07-21T20:49:19+06:00,True
USR052,01000000052,Demo User 052,FP0000858,2026-02-14T10:03:41+06:00,Chicken Express Demo,Fast Food,Mirpur,23.828318,90.358989,1609,mobile_wallet,delivered,2026-02-14T11:25:41+06:00,True
USR052,01000000052,Demo User 052,FP0000859,2026-02-15T05:40:25+06:00,Kebab House Demo,Kebab,Mohakhali,23.772854,90.39681,1689,card,delivered,2026-02-15T07:54:25+06:00,True
USR052,01000000052,Demo User 052,FP0000863,2026-03-09T21:18:57+06:00,Burger Lab Demo,Burgers,Wari,23.716573,90.413674,520,cash,cancelled,2026-03-10T00:18:57+06:00,True
USR052,01000000052,Demo User 052,FP0000870,2026-03-31T06:43:12+06:00,Thai Kitchen Demo,Thai,Mohakhali,23.784725,90.393624,1638,mobile_wallet,delivered,2026-03-31T09:02:12+06:00,True
USR052,01000000052,Demo User 052,FP0000862,2026-05-10T07:56:46+06:00,Rice & Curry Demo,Bangla,Uttara,23.875647,90.372782,201,cash,delivered,2026-05-10T08:23:46+06:00,True
USR052,01000000052,Demo User 052,FP0000860,2026-05-10T15:23:00+06:00,Burger Lab Demo,Burgers,Mohakhali,23.785232,90.398271,949,card,delivered,2026-05-10T17:28:00+06:00,True
USR052,01000000052,Demo User 052,FP0000865,2026-05-14T08:44:52+06:00,Burger Lab Demo,Burgers,Rampura,23.754301,90.416148,1201,card,delivered,2026-05-14T10:48:52+06:00,True
USR052,01000000052,Demo User 052,FP0000864,2026-05-19T03:52:28+06:00,Pizza Corner Demo,Pizza,Old Dhaka,23.717533,90.403795,868,card,delivered,2026-05-19T06:48:28+06:00,True
USR052,01000000052,Demo User 052,FP0000869,2026-07-11T17:03:48+06:00,Rice & Curry Demo,Bangla,Mohammadpur,23.77286,90.361174,1580,cash,delivered,2026-07-11T18:52:48+06:00,True
USR052,01000000052,Demo User 052,FP0000867,2026-07-14T05:05:00+06:00,Burger Lab Demo,Burgers,Shyamoli,23.771376,90.367294,851,cash,delivered,2026-07-14T06:44:00+06:00,True
USR052,01000000052,Demo User 052,FP0000871,2026-07-19T09:13:01+06:00,Chicken Express Demo,Fast Food,Old Dhaka,23.710436,90.40234,772,mobile_wallet,delivered,2026-07-19T10:25:01+06:00,True
USR052,01000000052,Demo User 052,FP0000868,2026-07-24T22:37:37+06:00,Pizza Corner Demo,Pizza,Pallabi,23.829493,90.361167,1137,mobile_wallet,delivered,2026-07-25T00:01:37+06:00,True
USR052,01000000052,Demo User 052,FP0000866,2026-07-28T02:49:15+06:00,Rice & Curry Demo,Bangla,Mohakhali,23.776217,90.399476,998,card,delivered,2026-07-28T03:17:15+06:00,True
USR052,01000000052,Demo User 052,FP0000861,2026-08-08T06:11:54+06:00,Thai Kitchen Demo,Thai,Old Dhaka,23.704442,90.410584,1277,mobile_wallet,delivered,2026-08-08T06:54:54+06:00,True
USR053,01000000053,Demo User 053,FP0000885,2026-03-03T22:41:48+06:00,Pizza Corner Demo,Pizza,Uttara,23.873129,90.385275,965,card,delivered,2026-03-03T23:23:48+06:00,True
USR053,01000000053,Demo User 053,FP0000874,2026-03-08T17:34:36+06:00,Dhaka Biryani Demo,Biryani,Uttara,23.869786,90.38595,1711,mobile_wallet,delivered,2026-03-08T18:09:36+06:00,True
USR053,01000000053,Demo User 053,FP0000872,2026-03-17T14:44:26+06:00,Cafe Metro Demo,Cafe,Banani,23.787615,90.414428,812,card,delivered,2026-03-17T15:54:26+06:00,True
USR053,01000000053,Demo User 053,FP0000877,2026-04-08T20:52:11+06:00,Thai Kitchen Demo,Thai,Old Dhaka,23.704233,90.411263,1677,mobile_wallet,delivered,2026-04-08T22:39:11+06:00,True
USR053,01000000053,Demo User 053,FP0000876,2026-05-06T07:52:17+06:00,Burger Lab Demo,Burgers,Mirpur,23.821666,90.373398,1027,cash,delivered,2026-05-06T09:11:17+06:00,True
USR053,01000000053,Demo User 053,FP0000882,2026-05-18T05:44:59+06:00,Thai Kitchen Demo,Thai,Motijheel,23.731821,90.415972,908,card,delivered,2026-05-18T07:33:59+06:00,True
USR053,01000000053,Demo User 053,FP0000873,2026-05-25T09:27:57+06:00,Chicken Express Demo,Fast Food,Badda,23.7812,90.427539,429,cash,delivered,2026-05-25T10:55:57+06:00,True
USR053,01000000053,Demo User 053,FP0000883,2026-05-28T19:39:58+06:00,Chicken Express Demo,Fast Food,Mohakhali,23.786532,90.401287,220,cash,delivered,2026-05-28T20:18:58+06:00,True
USR053,01000000053,Demo User 053,FP0000875,2026-06-01T06:42:45+06:00,Kebab House Demo,Kebab,Dhanmondi,23.738535,90.382547,1628,cash,delivered,2026-06-01T09:08:45+06:00,True
USR053,01000000053,Demo User 053,FP0000880,2026-06-14T10:35:29+06:00,Rice & Curry Demo,Bangla,Rampura,23.767267,90.422383,340,cash,delivered,2026-06-14T12:52:29+06:00,True
USR053,01000000053,Demo User 053,FP0000886,2026-06-24T04:14:28+06:00,Rice & Curry Demo,Bangla,Uttara,23.874674,90.38141,1009,mobile_wallet,refunded,2026-06-24T05:54:28+06:00,True
USR053,01000000053,Demo User 053,FP0000879,2026-06-30T06:33:57+06:00,Rice & Curry Demo,Bangla,Wari,23.715257,90.412035,751,card,delivered,2026-06-30T08:29:57+06:00,True
USR053,01000000053,Demo User 053,FP0000884,2026-07-21T12:26:21+06:00,Chicken Express Demo,Fast Food,Mohakhali,23.776143,90.394033,350,card,delivered,2026-07-21T13:13:21+06:00,True
USR053,01000000053,Demo User 053,FP0000881,2026-07-25T01:46:01+06:00,Burger Lab Demo,Burgers,Dhanmondi,23.740593,90.379797,433,cash,delivered,2026-07-25T03:05:01+06:00,True
USR053,01000000053,Demo User 053,FP0000878,2026-07-29T15:56:36+06:00,Dhaka Biryani Demo,Biryani,Uttara,23.875599,90.379979,261,mobile_wallet,delivered,2026-07-29T16:31:36+06:00,True
USR054,01000000054,Demo User 054,FP0000889,2026-02-19T22:36:06+06:00,Dhaka Biryani Demo,Biryani,Wari,23.71706,90.420912,1388,mobile_wallet,delivered,2026-02-20T00:46:06+06:00,True
USR054,01000000054,Demo User 054,FP0000895,2026-03-10T21:35:54+06:00,Dhaka Biryani Demo,Biryani,Pallabi,23.830858,90.359994,1013,card,delivered,2026-03-10T23:44:54+06:00,True
USR054,01000000054,Demo User 054,FP0000891,2026-03-20T22:24:00+06:00,Pizza Corner Demo,Pizza,Tejgaon,23.769426,90.397893,543,cash,delivered,2026-03-20T23:21:00+06:00,True
USR054,01000000054,Demo User 054,FP0000887,2026-05-13T04:14:26+06:00,Pizza Corner Demo,Pizza,Bashundhara,23.815818,90.423203,1430,card,delivered,2026-05-13T06:19:26+06:00,True
USR054,01000000054,Demo User 054,FP0000892,2026-05-13T20:46:06+06:00,Cafe Metro Demo,Cafe,Shyamoli,23.769801,90.372437,921,cash,delivered,2026-05-13T23:44:06+06:00,True
USR054,01000000054,Demo User 054,FP0000894,2026-05-25T01:00:11+06:00,Dhaka Biryani Demo,Biryani,Mohammadpur,23.762394,90.36396,718,card,delivered,2026-05-25T03:41:11+06:00,True
USR054,01000000054,Demo User 054,FP0000890,2026-05-30T10:41:14+06:00,Kebab House Demo,Kebab,Banani,23.790721,90.404738,819,cash,delivered,2026-05-30T12:11:14+06:00,True
USR054,01000000054,Demo User 054,FP0000888,2026-05-31T02:08:23+06:00,Chicken Express Demo,Fast Food,Shyamoli,23.77415,90.364036,922,mobile_wallet,delivered,2026-05-31T04:21:23+06:00,True
USR054,01000000054,Demo User 054,FP0000897,2026-06-08T00:16:55+06:00,Pizza Corner Demo,Pizza,Mohakhali,23.786903,90.40228,1561,cash,in_progress,2026-06-08T00:45:55+06:00,True
USR054,01000000054,Demo User 054,FP0000893,2026-06-26T13:57:47+06:00,Cafe Metro Demo,Cafe,Old Dhaka,23.705894,90.403952,1243,mobile_wallet,delivered,2026-06-26T14:31:47+06:00,True
USR054,01000000054,Demo User 054,FP0000898,2026-06-30T03:00:59+06:00,Thai Kitchen Demo,Thai,Uttara,23.869898,90.382721,462,mobile_wallet,cancelled,2026-06-30T04:15:59+06:00,True
USR054,01000000054,Demo User 054,FP0000896,2026-08-08T11:22:18+06:00,Dhaka Biryani Demo,Biryani,Farmgate,23.752473,90.397292,896,card,delivered,2026-08-08T11:49:18+06:00,True
USR055,01000000055,Demo User 055,FP0000905,2026-02-14T07:50:59+06:00,Rice & Curry Demo,Bangla,Motijheel,23.729405,90.421272,506,mobile_wallet,delivered,2026-02-14T08:17:59+06:00,True
USR055,01000000055,Demo User 055,FP0000902,2026-02-28T07:04:38+06:00,Thai Kitchen Demo,Thai,Mirpur,23.826226,90.364543,1520,mobile_wallet,delivered,2026-02-28T09:56:38+06:00,True
USR055,01000000055,Demo User 055,FP0000904,2026-03-05T21:14:17+06:00,Burger Lab Demo,Burgers,Shyamoli,23.776051,90.372776,451,card,cancelled,2026-03-05T22:16:17+06:00,True
USR055,01000000055,Demo User 055,FP0000900,2026-03-12T23:40:14+06:00,Kebab House Demo,Kebab,Banani,23.789474,90.39911,1580,cash,delivered,2026-03-13T01:00:14+06:00,True
USR055,01000000055,Demo User 055,FP0000903,2026-03-19T12:33:59+06:00,Cafe Metro Demo,Cafe,Mirpur,23.814535,90.367437,1146,card,delivered,2026-03-19T14:52:59+06:00,True
USR055,01000000055,Demo User 055,FP0000906,2026-06-20T01:06:13+06:00,Burger Lab Demo,Burgers,Uttara,23.877441,90.37978,349,mobile_wallet,delivered,2026-06-20T03:35:13+06:00,True
USR055,01000000055,Demo User 055,FP0000908,2026-07-06T12:53:50+06:00,Kebab House Demo,Kebab,Farmgate,23.762149,90.3907,760,card,delivered,2026-07-06T14:39:50+06:00,True
USR055,01000000055,Demo User 055,FP0000901,2026-07-07T17:26:51+06:00,Kebab House Demo,Kebab,Tejgaon,23.76213,90.390973,1406,mobile_wallet,delivered,2026-07-07T18:26:51+06:00,True
USR055,01000000055,Demo User 055,FP0000907,2026-07-11T01:34:23+06:00,Pizza Corner Demo,Pizza,Banani,23.794642,90.408567,862,mobile_wallet,delivered,2026-07-11T02:34:23+06:00,True
USR055,01000000055,Demo User 055,FP0000899,2026-07-13T21:13:10+06:00,Kebab House Demo,Kebab,Old Dhaka,23.702487,90.402448,1302,mobile_wallet,delivered,2026-07-13T22:27:10+06:00,True
USR056,01000000056,Demo User 056,FP0000916,2026-03-05T17:16:12+06:00,Thai Kitchen Demo,Thai,Banani,23.796983,90.404216,514,cash,delivered,2026-03-05T18:51:12+06:00,True
USR056,01000000056,Demo User 056,FP0000920,2026-03-23T04:35:43+06:00,Chicken Express Demo,Fast Food,Badda,23.780362,90.4304,733,cash,delivered,2026-03-23T05:24:43+06:00,True
USR056,01000000056,Demo User 056,FP0000913,2026-04-12T09:07:43+06:00,Kebab House Demo,Kebab,Farmgate,23.760219,90.391907,1458,mobile_wallet,delivered,2026-04-12T09:39:43+06:00,True
USR056,01000000056,Demo User 056,FP0000909,2026-04-13T18:20:18+06:00,Rice & Curry Demo,Bangla,Old Dhaka,23.715908,90.414016,1347,card,delivered,2026-04-13T18:46:18+06:00,True
USR056,01000000056,Demo User 056,FP0000919,2026-04-26T02:53:17+06:00,Cafe Metro Demo,Cafe,Tejgaon,23.766762,90.392972,423,cash,delivered,2026-04-26T03:28:17+06:00,True
USR056,01000000056,Demo User 056,FP0000912,2026-05-11T15:03:51+06:00,Chicken Express Demo,Fast Food,Farmgate,23.75751,90.382306,661,cash,delivered,2026-05-11T17:56:51+06:00,True
USR056,01000000056,Demo User 056,FP0000921,2026-05-15T20:00:40+06:00,Thai Kitchen Demo,Thai,Old Dhaka,23.71787,90.402955,1544,card,delivered,2026-05-15T22:28:40+06:00,True
USR056,01000000056,Demo User 056,FP0000915,2026-05-18T21:25:54+06:00,Kebab House Demo,Kebab,Mohakhali,23.779578,90.394377,1541,card,cancelled,2026-05-18T21:56:54+06:00,True
USR056,01000000056,Demo User 056,FP0000917,2026-06-20T08:26:32+06:00,Kebab House Demo,Kebab,Gulshan,23.784999,90.404667,817,card,cancelled,2026-06-20T10:34:32+06:00,True
USR056,01000000056,Demo User 056,FP0000918,2026-06-20T22:54:21+06:00,Pizza Corner Demo,Pizza,Pallabi,23.827389,90.371134,394,card,delivered,2026-06-21T00:52:21+06:00,True
USR056,01000000056,Demo User 056,FP0000923,2026-06-27T01:44:16+06:00,Chicken Express Demo,Fast Food,Mohammadpur,23.770954,90.350819,794,card,delivered,2026-06-27T02:10:16+06:00,True
USR056,01000000056,Demo User 056,FP0000914,2026-07-05T14:10:16+06:00,Dhaka Biryani Demo,Biryani,Banani,23.792989,90.399563,1656,cash,cancelled,2026-07-05T16:58:16+06:00,True
USR056,01000000056,Demo User 056,FP0000910,2026-07-06T01:37:42+06:00,Chicken Express Demo,Fast Food,Old Dhaka,23.704273,90.400076,428,card,delivered,2026-07-06T03:30:42+06:00,True
USR056,01000000056,Demo User 056,FP0000922,2026-07-12T12:51:24+06:00,Cafe Metro Demo,Cafe,Tejgaon,23.770492,90.389943,588,mobile_wallet,delivered,2026-07-12T15:42:24+06:00,True
USR056,01000000056,Demo User 056,FP0000911,2026-07-26T19:00:11+06:00,Rice & Curry Demo,Bangla,Khilgaon,23.744775,90.42812,1284,mobile_wallet,delivered,2026-07-26T20:11:11+06:00,True
USR057,01000000057,Demo User 057,FP0000935,2026-02-28T03:37:38+06:00,Burger Lab Demo,Burgers,Banani,23.79855,90.407342,917,mobile_wallet,delivered,2026-02-28T06:37:38+06:00,True
USR057,01000000057,Demo User 057,FP0000931,2026-03-02T20:48:12+06:00,Rice & Curry Demo,Bangla,Badda,23.781881,90.425705,1610,mobile_wallet,delivered,2026-03-02T21:26:12+06:00,True
USR057,01000000057,Demo User 057,FP0000933,2026-03-16T04:35:44+06:00,Chicken Express Demo,Fast Food,Farmgate,23.761107,90.391914,1388,mobile_wallet,delivered,2026-03-16T05:47:44+06:00,True
USR057,01000000057,Demo User 057,FP0000926,2026-03-18T17:56:42+06:00,Burger Lab Demo,Burgers,Gulshan,23.790229,90.405333,616,cash,delivered,2026-03-18T19:15:42+06:00,True
USR057,01000000057,Demo User 057,FP0000934,2026-04-29T10:25:43+06:00,Burger Lab Demo,Burgers,Tejgaon,23.762945,90.39861,638,cash,delivered,2026-04-29T12:54:43+06:00,True
USR057,01000000057,Demo User 057,FP0000924,2026-05-07T04:34:21+06:00,Rice & Curry Demo,Bangla,Bashundhara,23.810823,90.433095,1158,cash,delivered,2026-05-07T06:03:21+06:00,True
USR057,01000000057,Demo User 057,FP0000928,2026-05-19T20:27:39+06:00,Cafe Metro Demo,Cafe,Badda,23.777542,90.426434,301,cash,delivered,2026-05-19T22:34:39+06:00,True
USR057,01000000057,Demo User 057,FP0000938,2026-06-09T02:27:28+06:00,Chicken Express Demo,Fast Food,Mohammadpur,23.759686,90.363577,1139,cash,delivered,2026-06-09T04:31:28+06:00,True
USR057,01000000057,Demo User 057,FP0000929,2026-06-11T09:02:38+06:00,Pizza Corner Demo,Pizza,Rampura,23.769048,90.414999,798,mobile_wallet,delivered,2026-06-11T11:52:38+06:00,True
USR057,01000000057,Demo User 057,FP0000927,2026-06-11T16:35:41+06:00,Kebab House Demo,Kebab,Rampura,23.757955,90.425054,1716,mobile_wallet,delivered,2026-06-11T17:53:41+06:00,True
USR057,01000000057,Demo User 057,FP0000930,2026-06-18T16:38:24+06:00,Burger Lab Demo,Burgers,Farmgate,23.758149,90.3872,1254,mobile_wallet,delivered,2026-06-18T19:04:24+06:00,True
USR057,01000000057,Demo User 057,FP0000936,2026-06-23T17:16:20+06:00,Cafe Metro Demo,Cafe,Tejgaon,23.76486,90.398017,505,cash,delivered,2026-06-23T18:20:20+06:00,True
USR057,01000000057,Demo User 057,FP0000932,2026-07-27T22:00:21+06:00,Dhaka Biryani Demo,Biryani,Rampura,23.762879,90.425756,364,mobile_wallet,delivered,2026-07-27T22:59:21+06:00,True
USR057,01000000057,Demo User 057,FP0000937,2026-07-29T14:08:35+06:00,Chicken Express Demo,Fast Food,Mohakhali,23.784247,90.400529,1290,cash,delivered,2026-07-29T16:25:35+06:00,True
USR057,01000000057,Demo User 057,FP0000939,2026-08-06T06:31:07+06:00,Kebab House Demo,Kebab,Gulshan,23.796738,90.415583,1291,cash,delivered,2026-08-06T07:03:07+06:00,True
USR057,01000000057,Demo User 057,FP0000925,2026-08-09T17:05:24+06:00,Cafe Metro Demo,Cafe,Farmgate,23.761788,90.386304,322,card,delivered,2026-08-09T17:58:24+06:00,True
USR058,01000000058,Demo User 058,FP0000942,2026-02-15T21:00:58+06:00,Dhaka Biryani Demo,Biryani,Mirpur,23.828192,90.370028,1515,cash,delivered,2026-02-16T00:00:58+06:00,True
USR058,01000000058,Demo User 058,FP0000945,2026-03-06T19:26:08+06:00,Chicken Express Demo,Fast Food,Bashundhara,23.813239,90.426904,482,card,delivered,2026-03-06T21:00:08+06:00,True
USR058,01000000058,Demo User 058,FP0000941,2026-03-18T23:51:32+06:00,Cafe Metro Demo,Cafe,Mirpur,23.829451,90.35914,361,card,delivered,2026-03-19T01:25:32+06:00,True
USR058,01000000058,Demo User 058,FP0000944,2026-04-08T23:22:34+06:00,Burger Lab Demo,Burgers,Shyamoli,23.779549,90.36866,1004,card,delivered,2026-04-09T01:42:34+06:00,True
USR058,01000000058,Demo User 058,FP0000950,2026-04-09T00:32:18+06:00,Thai Kitchen Demo,Thai,Uttara,23.876602,90.371659,1351,cash,delivered,2026-04-09T01:50:18+06:00,True
USR058,01000000058,Demo User 058,FP0000947,2026-04-11T09:18:37+06:00,Kebab House Demo,Kebab,Wari,23.720623,90.412375,937,card,delivered,2026-04-11T10:17:37+06:00,True
USR058,01000000058,Demo User 058,FP0000943,2026-05-05T19:48:21+06:00,Cafe Metro Demo,Cafe,Old Dhaka,23.710779,90.401061,1749,mobile_wallet,delivered,2026-05-05T21:57:21+06:00,True
USR058,01000000058,Demo User 058,FP0000940,2026-06-03T18:15:59+06:00,Thai Kitchen Demo,Thai,Farmgate,23.762611,90.395552,1727,cash,delivered,2026-06-03T19:06:59+06:00,True
USR058,01000000058,Demo User 058,FP0000946,2026-06-17T00:12:08+06:00,Cafe Metro Demo,Cafe,Tejgaon,23.771236,90.400218,1269,card,delivered,2026-06-17T02:18:08+06:00,True
USR058,01000000058,Demo User 058,FP0000952,2026-07-02T02:24:21+06:00,Dhaka Biryani Demo,Biryani,Pallabi,23.832292,90.357892,1028,mobile_wallet,delivered,2026-07-02T03:26:21+06:00,True
USR058,01000000058,Demo User 058,FP0000953,2026-07-15T14:43:09+06:00,Kebab House Demo,Kebab,Mirpur,23.820982,90.371103,1723,cash,delivered,2026-07-15T16:50:09+06:00,True
USR058,01000000058,Demo User 058,FP0000949,2026-07-18T11:12:59+06:00,Burger Lab Demo,Burgers,Motijheel,23.735768,90.422568,1521,mobile_wallet,delivered,2026-07-18T11:57:59+06:00,True
USR058,01000000058,Demo User 058,FP0000948,2026-07-21T05:34:13+06:00,Dhaka Biryani Demo,Biryani,Tejgaon,23.764386,90.388725,1444,mobile_wallet,delivered,2026-07-21T07:22:13+06:00,True
USR058,01000000058,Demo User 058,FP0000951,2026-08-04T16:40:10+06:00,Dhaka Biryani Demo,Biryani,Motijheel,23.727622,90.423462,1167,card,delivered,2026-08-04T17:45:10+06:00,True
USR059,01000000059,Demo User 059,FP0000963,2026-02-11T08:30:43+06:00,Chicken Express Demo,Fast Food,Old Dhaka,23.703624,90.401298,1751,cash,delivered,2026-02-11T10:39:43+06:00,True
USR059,01000000059,Demo User 059,FP0000964,2026-03-03T01:23:13+06:00,Pizza Corner Demo,Pizza,Khilgaon,23.754341,90.43169,1342,mobile_wallet,delivered,2026-03-03T01:46:13+06:00,True
USR059,01000000059,Demo User 059,FP0000958,2026-04-02T23:57:09+06:00,Kebab House Demo,Kebab,Pallabi,23.834465,90.36056,942,cash,delivered,2026-04-03T00:38:09+06:00,True
USR059,01000000059,Demo User 059,FP0000962,2026-04-21T17:59:39+06:00,Dhaka Biryani Demo,Biryani,Shyamoli,23.770124,90.359099,1355,card,delivered,2026-04-21T20:06:39+06:00,True
USR059,01000000059,Demo User 059,FP0000965,2026-04-29T03:07:59+06:00,Thai Kitchen Demo,Thai,Tejgaon,23.77,90.399634,1776,cash,delivered,2026-04-29T05:20:59+06:00,True
USR059,01000000059,Demo User 059,FP0000967,2026-05-04T10:04:41+06:00,Rice & Curry Demo,Bangla,Uttara,23.869853,90.377633,884,card,delivered,2026-05-04T12:42:41+06:00,True
USR059,01000000059,Demo User 059,FP0000960,2026-06-01T15:00:10+06:00,Chicken Express Demo,Fast Food,Mohammadpur,23.758079,90.359583,1038,cash,delivered,2026-06-01T16:17:10+06:00,True
USR059,01000000059,Demo User 059,FP0000955,2026-06-26T04:19:57+06:00,Dhaka Biryani Demo,Biryani,Gulshan,23.797922,90.402636,981,mobile_wallet,delivered,2026-06-26T05:36:57+06:00,True
USR059,01000000059,Demo User 059,FP0000956,2026-06-28T00:17:46+06:00,Cafe Metro Demo,Cafe,Bashundhara,23.815532,90.421481,1422,mobile_wallet,delivered,2026-06-28T01:37:46+06:00,True
USR059,01000000059,Demo User 059,FP0000957,2026-06-28T17:08:55+06:00,Cafe Metro Demo,Cafe,Motijheel,23.728464,90.420428,1404,cash,delivered,2026-06-28T19:38:55+06:00,True
USR059,01000000059,Demo User 059,FP0000959,2026-07-19T04:19:42+06:00,Thai Kitchen Demo,Thai,Old Dhaka,23.716014,90.408301,1338,cash,delivered,2026-07-19T05:37:42+06:00,True
USR059,01000000059,Demo User 059,FP0000966,2026-07-23T08:23:17+06:00,Burger Lab Demo,Burgers,Wari,23.71963,90.41919,820,mobile_wallet,delivered,2026-07-23T09:06:17+06:00,True
USR059,01000000059,Demo User 059,FP0000954,2026-07-24T10:48:04+06:00,Kebab House Demo,Kebab,Rampura,23.764744,90.416357,214,cash,delivered,2026-07-24T13:44:04+06:00,True
USR059,01000000059,Demo User 059,FP0000968,2026-07-26T17:23:56+06:00,Thai Kitchen Demo,Thai,Pallabi,23.829604,90.356491,830,mobile_wallet,delivered,2026-07-26T18:39:56+06:00,True
USR059,01000000059,Demo User 059,FP0000961,2026-07-29T20:12:12+06:00,Chicken Express Demo,Fast Food,Pallabi,23.835281,90.363395,1113,cash,delivered,2026-07-29T22:45:12+06:00,True
USR060,01000000060,Demo User 060,FP0000983,2026-02-12T02:31:38+06:00,Thai Kitchen Demo,Thai,Motijheel,23.729152,90.420938,584,cash,delivered,2026-02-12T03:14:38+06:00,True
USR060,01000000060,Demo User 060,FP0000974,2026-02-14T11:19:18+06:00,Pizza Corner Demo,Pizza,Mohakhali,23.78314,90.393504,1565,mobile_wallet,delivered,2026-02-14T12:16:18+06:00,True
USR060,01000000060,Demo User 060,FP0000976,2026-02-25T01:44:49+06:00,Thai Kitchen Demo,Thai,Khilgaon,23.742514,90.420247,1112,cash,refunded,2026-02-25T04:29:49+06:00,True
USR060,01000000060,Demo User 060,FP0000979,2026-02-28T15:34:44+06:00,Dhaka Biryani Demo,Biryani,Motijheel,23.733491,90.415045,1693,card,cancelled,2026-02-28T17:14:44+06:00,True
USR060,01000000060,Demo User 060,FP0000981,2026-03-21T03:43:46+06:00,Rice & Curry Demo,Bangla,Mohammadpur,23.77365,90.361633,1029,mobile_wallet,delivered,2026-03-21T04:32:46+06:00,True
USR060,01000000060,Demo User 060,FP0000982,2026-03-23T05:02:35+06:00,Chicken Express Demo,Fast Food,Mohammadpur,23.771933,90.365077,709,card,delivered,2026-03-23T05:48:35+06:00,True
USR060,01000000060,Demo User 060,FP0000978,2026-05-07T05:24:17+06:00,Dhaka Biryani Demo,Biryani,Wari,23.720645,90.411418,1088,card,delivered,2026-05-07T06:28:17+06:00,True
USR060,01000000060,Demo User 060,FP0000969,2026-05-15T11:54:30+06:00,Rice & Curry Demo,Bangla,Farmgate,23.752208,90.383132,1130,card,delivered,2026-05-15T13:47:30+06:00,True
USR060,01000000060,Demo User 060,FP0000980,2026-05-17T02:27:25+06:00,Burger Lab Demo,Burgers,Rampura,23.759497,90.42523,354,mobile_wallet,in_progress,2026-05-17T03:01:25+06:00,True
USR060,01000000060,Demo User 060,FP0000977,2026-05-19T06:40:25+06:00,Cafe Metro Demo,Cafe,Motijheel,23.735571,90.423186,1428,cash,cancelled,2026-05-19T08:51:25+06:00,True
USR060,01000000060,Demo User 060,FP0000973,2026-05-19T16:20:35+06:00,Rice & Curry Demo,Bangla,Uttara,23.880105,90.38083,389,mobile_wallet,delivered,2026-05-19T18:51:35+06:00,True
USR060,01000000060,Demo User 060,FP0000971,2026-06-10T02:11:37+06:00,Chicken Express Demo,Fast Food,Mohammadpur,23.766279,90.363431,1673,cash,delivered,2026-06-10T04:25:37+06:00,True
USR060,01000000060,Demo User 060,FP0000970,2026-06-15T20:15:12+06:00,Chicken Express Demo,Fast Food,Dhanmondi,23.753506,90.36946,1100,card,delivered,2026-06-15T20:49:12+06:00,True
USR060,01000000060,Demo User 060,FP0000975,2026-07-07T07:16:11+06:00,Kebab House Demo,Kebab,Bashundhara,23.81811,90.420304,1664,card,delivered,2026-07-07T07:38:11+06:00,True
USR060,01000000060,Demo User 060,FP0000972,2026-07-14T13:15:59+06:00,Rice & Curry Demo,Bangla,Tejgaon,23.771699,90.389015,1093,cash,delivered,2026-07-14T16:08:59+06:00,True
USR061,01000000061,Demo User 061,FP0000992,2026-02-19T15:04:49+06:00,Cafe Metro Demo,Cafe,Gulshan,23.785899,90.401681,260,cash,delivered,2026-02-19T15:33:49+06:00,True
USR061,01000000061,Demo User 061,FP0001002,2026-02-26T17:17:51+06:00,Cafe Metro Demo,Cafe,Mohakhali,23.780136,90.392621,1296,card,delivered,2026-02-26T18:32:51+06:00,True
USR061,01000000061,Demo User 061,FP0000994,2026-03-01T02:59:41+06:00,Burger Lab Demo,Burgers,Khilgaon,23.75078,90.41863,864,mobile_wallet,cancelled,2026-03-01T03:28:41+06:00,True
USR061,01000000061,Demo User 061,FP0001000,2026-03-12T01:38:27+06:00,Thai Kitchen Demo,Thai,Badda,23.784752,90.424449,363,cash,in_progress,2026-03-12T03:03:27+06:00,True
USR061,01000000061,Demo User 061,FP0000997,2026-03-18T09:43:14+06:00,Kebab House Demo,Kebab,Pallabi,23.824224,90.356118,1029,cash,delivered,2026-03-18T10:05:14+06:00,True
USR061,01000000061,Demo User 061,FP0000996,2026-03-26T12:29:40+06:00,Pizza Corner Demo,Pizza,Uttara,23.870768,90.386039,1422,cash,delivered,2026-03-26T13:14:40+06:00,True
USR061,01000000061,Demo User 061,FP0000991,2026-03-27T13:33:22+06:00,Dhaka Biryani Demo,Biryani,Shyamoli,23.766709,90.369534,884,mobile_wallet,delivered,2026-03-27T15:03:22+06:00,True
USR061,01000000061,Demo User 061,FP0000985,2026-04-05T17:32:49+06:00,Chicken Express Demo,Fast Food,Wari,23.717765,90.41247,361,cash,delivered,2026-04-05T19:32:49+06:00,True
USR061,01000000061,Demo User 061,FP0000990,2026-04-07T23:45:59+06:00,Pizza Corner Demo,Pizza,Mohakhali,23.772887,90.401561,1319,cash,delivered,2026-04-08T00:55:59+06:00,True
USR061,01000000061,Demo User 061,FP0000998,2026-04-11T01:27:56+06:00,Rice & Curry Demo,Bangla,Gulshan,23.784725,90.404334,1323,mobile_wallet,delivered,2026-04-11T03:15:56+06:00,True
USR061,01000000061,Demo User 061,FP0000986,2026-04-13T16:54:24+06:00,Thai Kitchen Demo,Thai,Wari,23.714856,90.413199,1474,card,delivered,2026-04-13T18:13:24+06:00,True
USR061,01000000061,Demo User 061,FP0000989,2026-04-28T14:20:38+06:00,Chicken Express Demo,Fast Food,Mohakhali,23.783647,90.399315,1178,mobile_wallet,delivered,2026-04-28T16:34:38+06:00,True
USR061,01000000061,Demo User 061,FP0000984,2026-05-23T03:04:41+06:00,Burger Lab Demo,Burgers,Old Dhaka,23.707599,90.413883,682,mobile_wallet,delivered,2026-05-23T05:14:41+06:00,True
USR061,01000000061,Demo User 061,FP0000999,2026-05-29T22:41:23+06:00,Burger Lab Demo,Burgers,Gulshan,23.791187,90.406169,892,mobile_wallet,delivered,2026-05-30T00:54:23+06:00,True
USR061,01000000061,Demo User 061,FP0000995,2026-05-31T12:02:23+06:00,Kebab House Demo,Kebab,Old Dhaka,23.706522,90.414613,1003,card,delivered,2026-05-31T14:23:23+06:00,True
USR061,01000000061,Demo User 061,FP0000988,2026-06-09T02:46:49+06:00,Chicken Express Demo,Fast Food,Khilgaon,23.75658,90.4281,248,mobile_wallet,delivered,2026-06-09T05:38:49+06:00,True
USR061,01000000061,Demo User 061,FP0000987,2026-06-15T18:13:36+06:00,Thai Kitchen Demo,Thai,Badda,23.779963,90.423782,1395,cash,delivered,2026-06-15T19:47:36+06:00,True
USR061,01000000061,Demo User 061,FP0000993,2026-07-27T07:49:24+06:00,Dhaka Biryani Demo,Biryani,Uttara,23.871396,90.387187,421,card,delivered,2026-07-27T10:31:24+06:00,True
USR061,01000000061,Demo User 061,FP0001001,2026-08-01T06:50:19+06:00,Pizza Corner Demo,Pizza,Wari,23.720832,90.412354,739,cash,cancelled,2026-08-01T07:44:19+06:00,True
USR061,01000000061,Demo User 061,FP0001003,2026-08-09T13:22:47+06:00,Rice & Curry Demo,Bangla,Khilgaon,23.756022,90.430931,518,card,delivered,2026-08-09T14:18:47+06:00,True
USR062,01000000062,Demo User 062,FP0001010,2026-02-15T13:09:13+06:00,Chicken Express Demo,Fast Food,Gulshan,23.790807,90.406818,851,mobile_wallet,cancelled,2026-02-15T14:06:13+06:00,True
USR062,01000000062,Demo User 062,FP0001013,2026-03-15T10:25:52+06:00,Rice & Curry Demo,Bangla,Bashundhara,23.819674,90.418966,1350,mobile_wallet,delivered,2026-03-15T10:59:52+06:00,True
USR062,01000000062,Demo User 062,FP0001017,2026-03-15T19:49:54+06:00,Rice & Curry Demo,Bangla,Dhanmondi,23.739702,90.380003,1561,cash,delivered,2026-03-15T21:32:54+06:00,True
USR062,01000000062,Demo User 062,FP0001018,2026-03-16T14:55:45+06:00,Thai Kitchen Demo,Thai,Shyamoli,23.780925,90.37236,1601,card,delivered,2026-03-16T15:35:45+06:00,True
USR062,01000000062,Demo User 062,FP0001008,2026-03-28T07:42:19+06:00,Chicken Express Demo,Fast Food,Farmgate,23.762757,90.381857,214,card,delivered,2026-03-28T09:09:19+06:00,True
USR062,01000000062,Demo User 062,FP0001014,2026-04-02T14:02:09+06:00,Pizza Corner Demo,Pizza,Uttara,23.870144,90.381572,188,card,delivered,2026-04-02T15:46:09+06:00,True
USR062,01000000062,Demo User 062,FP0001012,2026-04-06T23:01:36+06:00,Pizza Corner Demo,Pizza,Bashundhara,23.814033,90.418961,1031,mobile_wallet,delivered,2026-04-07T00:24:36+06:00,True
USR062,01000000062,Demo User 062,FP0001006,2026-04-10T11:30:00+06:00,Kebab House Demo,Kebab,Dhanmondi,23.753368,90.380047,850,cash,delivered,2026-04-10T13:37:00+06:00,True
USR062,01000000062,Demo User 062,FP0001011,2026-04-16T09:43:58+06:00,Pizza Corner Demo,Pizza,Wari,23.726606,90.414843,1630,card,delivered,2026-04-16T10:03:58+06:00,True
USR062,01000000062,Demo User 062,FP0001005,2026-04-16T16:37:12+06:00,Thai Kitchen Demo,Thai,Mohammadpur,23.759086,90.356385,660,card,refunded,2026-04-16T19:22:12+06:00,True
USR062,01000000062,Demo User 062,FP0001016,2026-04-20T21:06:40+06:00,Cafe Metro Demo,Cafe,Banani,23.792087,90.403705,1601,mobile_wallet,delivered,2026-04-20T23:24:40+06:00,True
USR062,01000000062,Demo User 062,FP0001004,2026-05-11T21:16:57+06:00,Pizza Corner Demo,Pizza,Shyamoli,23.768273,90.369922,1623,mobile_wallet,delivered,2026-05-11T23:48:57+06:00,True
USR062,01000000062,Demo User 062,FP0001009,2026-05-11T22:35:38+06:00,Cafe Metro Demo,Cafe,Mohakhali,23.778632,90.401322,261,card,delivered,2026-05-12T00:18:38+06:00,True
USR062,01000000062,Demo User 062,FP0001007,2026-07-14T08:11:00+06:00,Chicken Express Demo,Fast Food,Tejgaon,23.756278,90.396141,874,card,delivered,2026-07-14T10:53:00+06:00,True
USR062,01000000062,Demo User 062,FP0001015,2026-07-14T10:08:17+06:00,Kebab House Demo,Kebab,Farmgate,23.76642,90.389275,1035,cash,delivered,2026-07-14T12:41:17+06:00,True
USR063,01000000063,Demo User 063,FP0001027,2026-02-25T13:20:55+06:00,Rice & Curry Demo,Bangla,Mohammadpur,23.772021,90.362849,1554,mobile_wallet,in_progress,2026-02-25T15:15:55+06:00,True
USR063,01000000063,Demo User 063,FP0001021,2026-03-13T09:09:56+06:00,Rice & Curry Demo,Bangla,Wari,23.722319,90.418011,848,mobile_wallet,delivered,2026-03-13T12:08:56+06:00,True
USR063,01000000063,Demo User 063,FP0001032,2026-03-18T01:07:02+06:00,Burger Lab Demo,Burgers,Badda,23.775102,90.424412,1759,cash,delivered,2026-03-18T02:20:02+06:00,True
USR063,01000000063,Demo User 063,FP0001030,2026-03-25T21:33:10+06:00,Pizza Corner Demo,Pizza,Mohammadpur,23.759514,90.365517,1268,mobile_wallet,delivered,2026-03-25T23:22:10+06:00,True
USR063,01000000063,Demo User 063,FP0001019,2026-04-14T02:57:44+06:00,Chicken Express Demo,Fast Food,Uttara,23.868097,90.373383,586,cash,delivered,2026-04-14T05:48:44+06:00,True
USR063,01000000063,Demo User 063,FP0001023,2026-04-27T01:44:26+06:00,Cafe Metro Demo,Cafe,Mirpur,23.828195,90.368771,238,card,delivered,2026-04-27T03:41:26+06:00,True
USR063,01000000063,Demo User 063,FP0001031,2026-05-03T10:56:19+06:00,Thai Kitchen Demo,Thai,Badda,23.773205,90.421946,1393,cash,delivered,2026-05-03T11:16:19+06:00,True
USR063,01000000063,Demo User 063,FP0001029,2026-05-21T02:32:46+06:00,Kebab House Demo,Kebab,Bashundhara,23.815337,90.428975,1239,cash,in_progress,2026-05-21T04:34:46+06:00,True
USR063,01000000063,Demo User 063,FP0001022,2026-06-07T10:52:08+06:00,Dhaka Biryani Demo,Biryani,Motijheel,23.736425,90.423901,1753,mobile_wallet,delivered,2026-06-07T12:12:08+06:00,True
USR063,01000000063,Demo User 063,FP0001020,2026-06-14T06:04:47+06:00,Chicken Express Demo,Fast Food,Motijheel,23.729705,90.417733,1000,card,cancelled,2026-06-14T07:03:47+06:00,True
USR063,01000000063,Demo User 063,FP0001035,2026-06-16T20:15:56+06:00,Chicken Express Demo,Fast Food,Tejgaon,23.760627,90.386386,211,mobile_wallet,delivered,2026-06-16T21:55:56+06:00,True
USR063,01000000063,Demo User 063,FP0001025,2026-06-19T06:01:44+06:00,Cafe Metro Demo,Cafe,Rampura,23.764821,90.422715,1451,card,delivered,2026-06-19T06:43:44+06:00,True
USR063,01000000063,Demo User 063,FP0001034,2026-06-28T00:26:29+06:00,Burger Lab Demo,Burgers,Mirpur,23.819572,90.359361,534,card,delivered,2026-06-28T01:03:29+06:00,True
USR063,01000000063,Demo User 063,FP0001026,2026-07-06T01:32:49+06:00,Dhaka Biryani Demo,Biryani,Banani,23.796834,90.410539,747,card,delivered,2026-07-06T02:28:49+06:00,True
USR063,01000000063,Demo User 063,FP0001028,2026-07-11T17:12:51+06:00,Burger Lab Demo,Burgers,Tejgaon,23.766801,90.40083,1361,mobile_wallet,delivered,2026-07-11T18:09:51+06:00,True
USR063,01000000063,Demo User 063,FP0001033,2026-07-31T13:36:13+06:00,Chicken Express Demo,Fast Food,Bashundhara,23.817602,90.417916,1117,cash,delivered,2026-07-31T14:14:13+06:00,True
USR063,01000000063,Demo User 063,FP0001024,2026-07-31T20:17:29+06:00,Dhaka Biryani Demo,Biryani,Bashundhara,23.816567,90.429304,222,cash,delivered,2026-07-31T23:14:29+06:00,True
USR064,01000000064,Demo User 064,FP0001047,2026-02-20T11:21:52+06:00,Kebab House Demo,Kebab,Farmgate,23.751949,90.395467,1419,cash,delivered,2026-02-20T13:29:52+06:00,True
USR064,01000000064,Demo User 064,FP0001037,2026-03-10T13:30:34+06:00,Pizza Corner Demo,Pizza,Uttara,23.88063,90.372996,481,mobile_wallet,delivered,2026-03-10T14:25:34+06:00,True
USR064,01000000064,Demo User 064,FP0001044,2026-03-22T08:15:36+06:00,Dhaka Biryani Demo,Biryani,Mohakhali,23.78635,90.398527,801,cash,delivered,2026-03-22T11:15:36+06:00,True
USR064,01000000064,Demo User 064,FP0001045,2026-03-29T07:41:46+06:00,Burger Lab Demo,Burgers,Motijheel,23.734299,90.416789,1454,card,delivered,2026-03-29T09:17:46+06:00,True
USR064,01000000064,Demo User 064,FP0001039,2026-04-02T05:55:50+06:00,Rice & Curry Demo,Bangla,Gulshan,23.787068,90.413362,379,cash,cancelled,2026-04-02T07:26:50+06:00,True
USR064,01000000064,Demo User 064,FP0001038,2026-04-06T10:53:25+06:00,Thai Kitchen Demo,Thai,Rampura,23.767509,90.420493,483,card,delivered,2026-04-06T11:57:25+06:00,True
USR064,01000000064,Demo User 064,FP0001046,2026-05-24T03:39:06+06:00,Rice & Curry Demo,Bangla,Motijheel,23.725857,90.420578,404,mobile_wallet,delivered,2026-05-24T04:44:06+06:00,True
USR064,01000000064,Demo User 064,FP0001048,2026-05-29T07:41:15+06:00,Chicken Express Demo,Fast Food,Pallabi,23.82631,90.361232,581,mobile_wallet,delivered,2026-05-29T08:10:15+06:00,True
USR064,01000000064,Demo User 064,FP0001042,2026-06-19T18:35:35+06:00,Pizza Corner Demo,Pizza,Old Dhaka,23.710245,90.404048,180,cash,delivered,2026-06-19T19:57:35+06:00,True
USR064,01000000064,Demo User 064,FP0001040,2026-06-23T22:51:34+06:00,Cafe Metro Demo,Cafe,Motijheel,23.737764,90.41358,775,cash,delivered,2026-06-23T23:48:34+06:00,True
USR064,01000000064,Demo User 064,FP0001036,2026-06-24T15:39:48+06:00,Burger Lab Demo,Burgers,Mohakhali,23.776582,90.406034,918,cash,delivered,2026-06-24T16:31:48+06:00,True
USR064,01000000064,Demo User 064,FP0001049,2026-07-21T09:00:42+06:00,Dhaka Biryani Demo,Biryani,Mirpur,23.823767,90.364057,529,card,delivered,2026-07-21T11:32:42+06:00,True
USR064,01000000064,Demo User 064,FP0001041,2026-07-26T19:50:39+06:00,Pizza Corner Demo,Pizza,Mohammadpur,23.761931,90.354185,1398,cash,delivered,2026-07-26T22:15:39+06:00,True
USR064,01000000064,Demo User 064,FP0001043,2026-08-01T14:56:36+06:00,Chicken Express Demo,Fast Food,Pallabi,23.830566,90.36149,1794,mobile_wallet,delivered,2026-08-01T17:33:36+06:00,True
USR065,01000000065,Demo User 065,FP0001067,2026-02-22T20:16:24+06:00,Chicken Express Demo,Fast Food,Old Dhaka,23.71289,90.405984,1613,card,delivered,2026-02-22T21:38:24+06:00,True
USR065,01000000065,Demo User 065,FP0001061,2026-02-27T05:04:05+06:00,Pizza Corner Demo,Pizza,Tejgaon,23.768642,90.388701,1376,mobile_wallet,delivered,2026-02-27T07:12:05+06:00,True
USR065,01000000065,Demo User 065,FP0001057,2026-03-01T03:59:23+06:00,Dhaka Biryani Demo,Biryani,Khilgaon,23.750833,90.419982,227,card,refunded,2026-03-01T06:50:23+06:00,True
USR065,01000000065,Demo User 065,FP0001054,2026-03-11T19:43:49+06:00,Thai Kitchen Demo,Thai,Farmgate,23.763193,90.384642,183,card,delivered,2026-03-11T21:09:49+06:00,True
USR065,01000000065,Demo User 065,FP0001053,2026-03-31T03:36:56+06:00,Cafe Metro Demo,Cafe,Khilgaon,23.742815,90.429624,1245,card,delivered,2026-03-31T04:31:56+06:00,True
USR065,01000000065,Demo User 065,FP0001051,2026-04-17T17:46:32+06:00,Burger Lab Demo,Burgers,Rampura,23.769072,90.424225,731,mobile_wallet,delivered,2026-04-17T19:21:32+06:00,True
USR065,01000000065,Demo User 065,FP0001052,2026-04-18T10:01:05+06:00,Dhaka Biryani Demo,Biryani,Rampura,23.759623,90.414998,733,card,delivered,2026-04-18T12:26:05+06:00,True
USR065,01000000065,Demo User 065,FP0001058,2026-04-28T00:20:00+06:00,Chicken Express Demo,Fast Food,Khilgaon,23.754432,90.430866,539,cash,delivered,2026-04-28T01:51:00+06:00,True
USR065,01000000065,Demo User 065,FP0001064,2026-04-29T10:41:52+06:00,Pizza Corner Demo,Pizza,Old Dhaka,23.7141,90.410155,735,cash,in_progress,2026-04-29T12:48:52+06:00,True
USR065,01000000065,Demo User 065,FP0001060,2026-05-04T08:30:06+06:00,Kebab House Demo,Kebab,Wari,23.714449,90.413527,599,card,delivered,2026-05-04T09:44:06+06:00,True
USR065,01000000065,Demo User 065,FP0001056,2026-05-30T07:09:06+06:00,Rice & Curry Demo,Bangla,Farmgate,23.764698,90.393881,1328,mobile_wallet,delivered,2026-05-30T07:39:06+06:00,True
USR065,01000000065,Demo User 065,FP0001062,2026-05-31T00:10:08+06:00,Dhaka Biryani Demo,Biryani,Mohammadpur,23.763147,90.351493,1099,card,delivered,2026-05-31T01:22:08+06:00,True
USR065,01000000065,Demo User 065,FP0001059,2026-06-14T09:26:04+06:00,Burger Lab Demo,Burgers,Wari,23.724404,90.423,1426,cash,delivered,2026-06-14T10:21:04+06:00,True
USR065,01000000065,Demo User 065,FP0001055,2026-06-14T21:11:08+06:00,Kebab House Demo,Kebab,Mohakhali,23.785462,90.402055,1526,mobile_wallet,delivered,2026-06-15T00:03:08+06:00,True
USR065,01000000065,Demo User 065,FP0001063,2026-07-06T23:38:19+06:00,Cafe Metro Demo,Cafe,Mohakhali,23.776995,90.399496,1439,card,delivered,2026-07-07T01:23:19+06:00,True
USR065,01000000065,Demo User 065,FP0001065,2026-07-12T05:43:30+06:00,Pizza Corner Demo,Pizza,Pallabi,23.835893,90.363998,648,mobile_wallet,delivered,2026-07-12T07:45:30+06:00,True
USR065,01000000065,Demo User 065,FP0001066,2026-07-27T19:24:41+06:00,Cafe Metro Demo,Cafe,Old Dhaka,23.704286,90.414743,1146,mobile_wallet,cancelled,2026-07-27T19:53:41+06:00,True
USR065,01000000065,Demo User 065,FP0001050,2026-07-30T12:27:21+06:00,Pizza Corner Demo,Pizza,Mirpur,23.818741,90.370039,828,cash,refunded,2026-07-30T15:21:21+06:00,True
USR066,01000000066,Demo User 066,FP0001075,2026-02-11T02:29:20+06:00,Rice & Curry Demo,Bangla,Uttara,23.868485,90.377353,1316,cash,delivered,2026-02-11T03:40:20+06:00,True
USR066,01000000066,Demo User 066,FP0001068,2026-02-22T03:12:33+06:00,Rice & Curry Demo,Bangla,Old Dhaka,23.713224,90.40973,1251,mobile_wallet,delivered,2026-02-22T04:31:33+06:00,True
USR066,01000000066,Demo User 066,FP0001074,2026-03-01T14:29:56+06:00,Chicken Express Demo,Fast Food,Motijheel,23.738224,90.42045,1111,cash,delivered,2026-03-01T15:43:56+06:00,True
USR066,01000000066,Demo User 066,FP0001069,2026-03-03T12:01:55+06:00,Pizza Corner Demo,Pizza,Shyamoli,23.771462,90.362206,873,mobile_wallet,delivered,2026-03-03T12:29:55+06:00,True
USR066,01000000066,Demo User 066,FP0001070,2026-03-15T05:18:44+06:00,Pizza Corner Demo,Pizza,Rampura,23.768148,90.423515,1638,cash,delivered,2026-03-15T07:16:44+06:00,True
USR066,01000000066,Demo User 066,FP0001076,2026-04-06T01:53:26+06:00,Cafe Metro Demo,Cafe,Pallabi,23.822792,90.366269,1462,card,delivered,2026-04-06T04:45:26+06:00,True
USR066,01000000066,Demo User 066,FP0001073,2026-04-07T09:51:21+06:00,Burger Lab Demo,Burgers,Tejgaon,23.762952,90.398902,880,cash,delivered,2026-04-07T10:51:21+06:00,True
USR066,01000000066,Demo User 066,FP0001071,2026-04-10T21:46:53+06:00,Burger Lab Demo,Burgers,Tejgaon,23.770177,90.393978,716,card,delivered,2026-04-10T23:27:53+06:00,True
USR066,01000000066,Demo User 066,FP0001080,2026-04-20T14:33:24+06:00,Cafe Metro Demo,Cafe,Old Dhaka,23.716494,90.414652,1027,mobile_wallet,in_progress,2026-04-20T16:55:24+06:00,True
USR066,01000000066,Demo User 066,FP0001083,2026-05-04T06:09:32+06:00,Pizza Corner Demo,Pizza,Uttara,23.881894,90.382943,998,cash,delivered,2026-05-04T08:19:32+06:00,True
USR066,01000000066,Demo User 066,FP0001077,2026-05-23T17:17:44+06:00,Cafe Metro Demo,Cafe,Banani,23.791161,90.404609,180,card,in_progress,2026-05-23T20:02:44+06:00,True
USR066,01000000066,Demo User 066,FP0001081,2026-06-11T17:54:00+06:00,Burger Lab Demo,Burgers,Shyamoli,23.76983,90.362186,1529,card,delivered,2026-06-11T20:49:00+06:00,True
USR066,01000000066,Demo User 066,FP0001072,2026-06-15T02:55:57+06:00,Chicken Express Demo,Fast Food,Motijheel,23.735746,90.412182,1686,card,cancelled,2026-06-15T04:49:57+06:00,True
USR066,01000000066,Demo User 066,FP0001082,2026-06-16T01:35:01+06:00,Chicken Express Demo,Fast Food,Dhanmondi,23.74189,90.370977,885,cash,delivered,2026-06-16T03:27:01+06:00,True
USR066,01000000066,Demo User 066,FP0001079,2026-07-29T14:53:39+06:00,Cafe Metro Demo,Cafe,Mirpur,23.82612,90.364855,1702,cash,in_progress,2026-07-29T16:12:39+06:00,True
USR066,01000000066,Demo User 066,FP0001078,2026-08-03T22:17:21+06:00,Thai Kitchen Demo,Thai,Farmgate,23.755226,90.394241,1103,cash,delivered,2026-08-04T00:38:21+06:00,True
USR067,01000000067,Demo User 067,FP0001093,2026-03-25T15:33:26+06:00,Pizza Corner Demo,Pizza,Farmgate,23.762096,90.384835,1117,cash,delivered,2026-03-25T17:52:26+06:00,True
USR067,01000000067,Demo User 067,FP0001094,2026-03-25T22:08:01+06:00,Cafe Metro Demo,Cafe,Mohammadpur,23.766581,90.364767,975,card,delivered,2026-03-25T23:24:01+06:00,True
USR067,01000000067,Demo User 067,FP0001088,2026-03-29T05:00:36+06:00,Thai Kitchen Demo,Thai,Gulshan,23.790173,90.412053,183,cash,cancelled,2026-03-29T07:18:36+06:00,True
USR067,01000000067,Demo User 067,FP0001095,2026-04-03T03:07:18+06:00,Pizza Corner Demo,Pizza,Mohammadpur,23.770352,90.362886,1710,cash,in_progress,2026-04-03T03:32:18+06:00,True
USR067,01000000067,Demo User 067,FP0001091,2026-04-06T20:36:35+06:00,Pizza Corner Demo,Pizza,Mohakhali,23.777761,90.394558,421,mobile_wallet,refunded,2026-04-06T22:50:35+06:00,True
USR067,01000000067,Demo User 067,FP0001089,2026-04-07T03:34:57+06:00,Burger Lab Demo,Burgers,Dhanmondi,23.742837,90.377154,1571,card,delivered,2026-04-07T04:25:57+06:00,True
USR067,01000000067,Demo User 067,FP0001087,2026-04-10T16:53:07+06:00,Cafe Metro Demo,Cafe,Old Dhaka,23.702632,90.402753,482,cash,delivered,2026-04-10T18:16:07+06:00,True
USR067,01000000067,Demo User 067,FP0001086,2026-06-08T21:53:54+06:00,Cafe Metro Demo,Cafe,Gulshan,23.796737,90.407501,1396,mobile_wallet,delivered,2026-06-09T00:25:54+06:00,True
USR067,01000000067,Demo User 067,FP0001090,2026-06-09T17:13:16+06:00,Chicken Express Demo,Fast Food,Gulshan,23.797653,90.401362,1086,cash,delivered,2026-06-09T18:56:16+06:00,True
USR067,01000000067,Demo User 067,FP0001085,2026-07-01T09:15:55+06:00,Pizza Corner Demo,Pizza,Old Dhaka,23.717676,90.406782,1584,card,delivered,2026-07-01T10:47:55+06:00,True
USR067,01000000067,Demo User 067,FP0001097,2026-07-02T14:18:26+06:00,Thai Kitchen Demo,Thai,Dhanmondi,23.751105,90.380778,674,cash,delivered,2026-07-02T14:47:26+06:00,True
USR067,01000000067,Demo User 067,FP0001096,2026-07-23T19:19:54+06:00,Pizza Corner Demo,Pizza,Farmgate,23.753193,90.385595,1795,cash,refunded,2026-07-23T20:33:54+06:00,True
USR067,01000000067,Demo User 067,FP0001084,2026-07-27T23:07:30+06:00,Dhaka Biryani Demo,Biryani,Old Dhaka,23.714286,90.404765,243,cash,delivered,2026-07-27T23:58:30+06:00,True
USR067,01000000067,Demo User 067,FP0001092,2026-07-31T15:27:02+06:00,Chicken Express Demo,Fast Food,Mohakhali,23.777394,90.395107,776,card,delivered,2026-07-31T16:30:02+06:00,True
USR068,01000000068,Demo User 068,FP0001111,2026-02-28T12:11:37+06:00,Dhaka Biryani Demo,Biryani,Uttara,23.870676,90.374029,313,cash,delivered,2026-02-28T14:00:37+06:00,True
USR068,01000000068,Demo User 068,FP0001105,2026-03-27T04:14:19+06:00,Rice & Curry Demo,Bangla,Mohakhali,23.786257,90.392919,1640,card,delivered,2026-03-27T05:05:19+06:00,True
USR068,01000000068,Demo User 068,FP0001101,2026-04-10T13:30:05+06:00,Thai Kitchen Demo,Thai,Dhanmondi,23.752894,90.383421,1306,mobile_wallet,in_progress,2026-04-10T14:37:05+06:00,True
USR068,01000000068,Demo User 068,FP0001098,2026-04-11T10:08:35+06:00,Thai Kitchen Demo,Thai,Mohakhali,23.786998,90.394617,649,cash,delivered,2026-04-11T13:02:35+06:00,True
USR068,01000000068,Demo User 068,FP0001106,2026-04-30T07:29:57+06:00,Kebab House Demo,Kebab,Mohakhali,23.785969,90.40129,598,cash,cancelled,2026-04-30T07:55:57+06:00,True
USR068,01000000068,Demo User 068,FP0001102,2026-05-05T10:56:35+06:00,Burger Lab Demo,Burgers,Old Dhaka,23.713998,90.408666,734,mobile_wallet,delivered,2026-05-05T13:47:35+06:00,True
USR068,01000000068,Demo User 068,FP0001107,2026-05-06T07:02:27+06:00,Chicken Express Demo,Fast Food,Pallabi,23.834366,90.367262,1701,cash,delivered,2026-05-06T09:50:27+06:00,True
USR068,01000000068,Demo User 068,FP0001113,2026-05-18T13:34:22+06:00,Chicken Express Demo,Fast Food,Pallabi,23.833233,90.364136,1056,cash,delivered,2026-05-18T15:41:22+06:00,True
USR068,01000000068,Demo User 068,FP0001109,2026-05-21T16:55:08+06:00,Cafe Metro Demo,Cafe,Khilgaon,23.753913,90.423358,965,cash,delivered,2026-05-21T18:39:08+06:00,True
USR068,01000000068,Demo User 068,FP0001103,2026-05-24T00:07:56+06:00,Chicken Express Demo,Fast Food,Farmgate,23.756226,90.382794,1165,mobile_wallet,delivered,2026-05-24T00:52:56+06:00,True
USR068,01000000068,Demo User 068,FP0001104,2026-06-06T08:58:57+06:00,Dhaka Biryani Demo,Biryani,Gulshan,23.788217,90.409603,861,card,delivered,2026-06-06T09:46:57+06:00,True
USR068,01000000068,Demo User 068,FP0001112,2026-06-12T11:53:46+06:00,Kebab House Demo,Kebab,Rampura,23.760831,90.413255,310,mobile_wallet,delivered,2026-06-12T13:01:46+06:00,True
USR068,01000000068,Demo User 068,FP0001099,2026-06-30T04:27:22+06:00,Pizza Corner Demo,Pizza,Mohakhali,23.777016,90.40057,1636,card,delivered,2026-06-30T07:04:22+06:00,True
USR068,01000000068,Demo User 068,FP0001115,2026-07-08T16:48:05+06:00,Kebab House Demo,Kebab,Pallabi,23.820386,90.364592,1093,card,delivered,2026-07-08T18:46:05+06:00,True
USR068,01000000068,Demo User 068,FP0001108,2026-07-19T17:36:31+06:00,Burger Lab Demo,Burgers,Gulshan,23.786534,90.409189,887,mobile_wallet,cancelled,2026-07-19T18:02:31+06:00,True
USR068,01000000068,Demo User 068,FP0001100,2026-07-25T01:30:41+06:00,Kebab House Demo,Kebab,Tejgaon,23.761395,90.390826,1099,cash,in_progress,2026-07-25T03:58:41+06:00,True
USR068,01000000068,Demo User 068,FP0001110,2026-07-27T02:06:40+06:00,Dhaka Biryani Demo,Biryani,Uttara,23.868558,90.383486,616,card,delivered,2026-07-27T04:31:40+06:00,True
USR068,01000000068,Demo User 068,FP0001114,2026-08-03T22:17:57+06:00,Kebab House Demo,Kebab,Bashundhara,23.807731,90.422624,1090,cash,delivered,2026-08-04T00:10:57+06:00,True
USR069,01000000069,Demo User 069,FP0001123,2026-02-18T06:02:57+06:00,Chicken Express Demo,Fast Food,Banani,23.787836,90.402264,410,mobile_wallet,cancelled,2026-02-18T07:43:57+06:00,True
USR069,01000000069,Demo User 069,FP0001125,2026-03-08T03:19:57+06:00,Cafe Metro Demo,Cafe,Mohammadpur,23.767302,90.365853,519,card,delivered,2026-03-08T03:39:57+06:00,True
USR069,01000000069,Demo User 069,FP0001130,2026-03-21T10:17:38+06:00,Chicken Express Demo,Fast Food,Motijheel,23.725318,90.424078,1031,card,delivered,2026-03-21T12:27:38+06:00,True
USR069,01000000069,Demo User 069,FP0001118,2026-03-22T03:59:34+06:00,Chicken Express Demo,Fast Food,Mohakhali,23.777287,90.40083,1548,cash,delivered,2026-03-22T05:43:34+06:00,True
USR069,01000000069,Demo User 069,FP0001126,2026-03-26T18:20:55+06:00,Kebab House Demo,Kebab,Uttara,23.877663,90.382167,778,cash,delivered,2026-03-26T19:16:55+06:00,True
USR069,01000000069,Demo User 069,FP0001127,2026-03-27T03:11:07+06:00,Burger Lab Demo,Burgers,Pallabi,23.831759,90.360179,1257,cash,delivered,2026-03-27T04:33:07+06:00,True
USR069,01000000069,Demo User 069,FP0001120,2026-04-19T09:30:30+06:00,Thai Kitchen Demo,Thai,Rampura,23.763083,90.42425,196,card,refunded,2026-04-19T10:42:30+06:00,True
USR069,01000000069,Demo User 069,FP0001116,2026-04-24T14:58:20+06:00,Cafe Metro Demo,Cafe,Old Dhaka,23.709536,90.408271,1388,cash,delivered,2026-04-24T17:05:20+06:00,True
USR069,01000000069,Demo User 069,FP0001132,2026-05-09T13:59:56+06:00,Burger Lab Demo,Burgers,Mohammadpur,23.765252,90.355799,413,cash,delivered,2026-05-09T16:45:56+06:00,True
USR069,01000000069,Demo User 069,FP0001135,2026-05-26T19:39:20+06:00,Cafe Metro Demo,Cafe,Gulshan,23.789936,90.41025,1715,cash,delivered,2026-05-26T20:08:20+06:00,True
USR069,01000000069,Demo User 069,FP0001122,2026-06-11T15:34:22+06:00,Thai Kitchen Demo,Thai,Mohakhali,23.775525,90.39993,679,cash,delivered,2026-06-11T16:23:22+06:00,True
USR069,01000000069,Demo User 069,FP0001134,2026-06-14T02:15:23+06:00,Chicken Express Demo,Fast Food,Tejgaon,23.761525,90.386782,431,cash,delivered,2026-06-14T03:26:23+06:00,True
USR069,01000000069,Demo User 069,FP0001119,2026-06-20T01:10:42+06:00,Rice & Curry Demo,Bangla,Khilgaon,23.742993,90.430788,891,mobile_wallet,delivered,2026-06-20T02:41:42+06:00,True
USR069,01000000069,Demo User 069,FP0001136,2026-06-24T22:16:45+06:00,Kebab House Demo,Kebab,Rampura,23.767794,90.421269,808,cash,delivered,2026-06-25T00:08:45+06:00,True
USR069,01000000069,Demo User 069,FP0001121,2026-06-28T00:05:03+06:00,Burger Lab Demo,Burgers,Banani,23.788227,90.398791,1143,mobile_wallet,delivered,2026-06-28T02:15:03+06:00,True
USR069,01000000069,Demo User 069,FP0001137,2026-07-03T16:51:13+06:00,Thai Kitchen Demo,Thai,Wari,23.726816,90.421479,995,cash,delivered,2026-07-03T18:33:13+06:00,True
USR069,01000000069,Demo User 069,FP0001117,2026-07-06T05:34:46+06:00,Pizza Corner Demo,Pizza,Shyamoli,23.770464,90.362279,804,cash,delivered,2026-07-06T06:33:46+06:00,True
USR069,01000000069,Demo User 069,FP0001129,2026-07-07T02:05:02+06:00,Burger Lab Demo,Burgers,Rampura,23.75335,90.417656,703,cash,cancelled,2026-07-07T02:47:02+06:00,True
USR069,01000000069,Demo User 069,FP0001131,2026-07-14T14:52:08+06:00,Chicken Express Demo,Fast Food,Rampura,23.767244,90.425729,1458,card,delivered,2026-07-14T17:23:08+06:00,True
USR069,01000000069,Demo User 069,FP0001133,2026-07-21T11:30:21+06:00,Rice & Curry Demo,Bangla,Rampura,23.768243,90.418628,1068,mobile_wallet,delivered,2026-07-21T12:54:21+06:00,True
USR069,01000000069,Demo User 069,FP0001128,2026-07-30T19:12:30+06:00,Burger Lab Demo,Burgers,Mirpur,23.82928,90.37118,1227,cash,delivered,2026-07-30T22:09:30+06:00,True
USR069,01000000069,Demo User 069,FP0001124,2026-08-07T07:55:12+06:00,Cafe Metro Demo,Cafe,Banani,23.797934,90.404021,1440,card,delivered,2026-08-07T09:03:12+06:00,True
USR070,01000000070,Demo User 070,FP0001144,2026-02-19T03:18:59+06:00,Cafe Metro Demo,Cafe,Uttara,23.873982,90.383668,1787,card,delivered,2026-02-19T05:38:59+06:00,True
USR070,01000000070,Demo User 070,FP0001143,2026-03-04T09:49:01+06:00,Dhaka Biryani Demo,Biryani,Uttara,23.879264,90.383231,1800,mobile_wallet,delivered,2026-03-04T10:47:01+06:00,True
USR070,01000000070,Demo User 070,FP0001138,2026-03-07T08:59:55+06:00,Rice & Curry Demo,Bangla,Shyamoli,23.767605,90.360453,675,cash,delivered,2026-03-07T11:23:55+06:00,True
USR070,01000000070,Demo User 070,FP0001142,2026-04-17T12:20:26+06:00,Dhaka Biryani Demo,Biryani,Mohammadpur,23.758477,90.358957,1086,card,cancelled,2026-04-17T14:57:26+06:00,True
USR070,01000000070,Demo User 070,FP0001147,2026-05-13T12:43:01+06:00,Dhaka Biryani Demo,Biryani,Bashundhara,23.812149,90.420908,1465,mobile_wallet,delivered,2026-05-13T15:16:01+06:00,True
USR070,01000000070,Demo User 070,FP0001139,2026-07-11T11:40:36+06:00,Kebab House Demo,Kebab,Farmgate,23.761389,90.383203,1422,card,refunded,2026-07-11T13:55:36+06:00,True
USR070,01000000070,Demo User 070,FP0001146,2026-07-18T04:23:05+06:00,Thai Kitchen Demo,Thai,Shyamoli,23.768629,90.362683,611,mobile_wallet,delivered,2026-07-18T04:45:05+06:00,True
USR070,01000000070,Demo User 070,FP0001140,2026-07-27T13:46:51+06:00,Kebab House Demo,Kebab,Uttara,23.881641,90.37176,769,card,delivered,2026-07-27T16:35:51+06:00,True
USR070,01000000070,Demo User 070,FP0001145,2026-07-31T12:12:03+06:00,Pizza Corner Demo,Pizza,Wari,23.711959,90.410985,1746,mobile_wallet,delivered,2026-07-31T12:45:03+06:00,True
USR070,01000000070,Demo User 070,FP0001141,2026-08-04T16:11:25+06:00,Thai Kitchen Demo,Thai,Farmgate,23.764153,90.385449,535,mobile_wallet,delivered,2026-08-04T18:47:25+06:00,True
USR071,01000000071,Demo User 071,FP0001155,2026-02-16T10:32:43+06:00,Burger Lab Demo,Burgers,Motijheel,23.738488,90.416654,1626,card,delivered,2026-02-16T13:29:43+06:00,True
USR071,01000000071,Demo User 071,FP0001151,2026-02-23T16:39:01+06:00,Rice & Curry Demo,Bangla,Wari,23.722679,90.413773,757,card,delivered,2026-02-23T17:58:01+06:00,True
USR071,01000000071,Demo User 071,FP0001154,2026-04-27T23:00:57+06:00,Cafe Metro Demo,Cafe,Uttara,23.869949,90.38131,545,card,delivered,2026-04-28T00:11:57+06:00,True
USR071,01000000071,Demo User 071,FP0001156,2026-05-24T17:30:39+06:00,Burger Lab Demo,Burgers,Tejgaon,23.76492,90.399152,1147,card,delivered,2026-05-24T19:06:39+06:00,True
USR071,01000000071,Demo User 071,FP0001150,2026-05-27T16:06:06+06:00,Burger Lab Demo,Burgers,Mohakhali,23.783756,90.394065,824,mobile_wallet,delivered,2026-05-27T16:43:06+06:00,True
USR071,01000000071,Demo User 071,FP0001152,2026-06-01T22:03:21+06:00,Rice & Curry Demo,Bangla,Shyamoli,23.7745,90.373102,1408,cash,cancelled,2026-06-02T00:04:21+06:00,True
USR071,01000000071,Demo User 071,FP0001158,2026-06-08T18:15:08+06:00,Burger Lab Demo,Burgers,Gulshan,23.795201,90.414357,1176,cash,delivered,2026-06-08T19:36:08+06:00,True
USR071,01000000071,Demo User 071,FP0001157,2026-06-30T23:49:50+06:00,Burger Lab Demo,Burgers,Uttara,23.881061,90.37256,1276,card,delivered,2026-07-01T02:23:50+06:00,True
USR071,01000000071,Demo User 071,FP0001148,2026-07-12T20:13:22+06:00,Dhaka Biryani Demo,Biryani,Old Dhaka,23.71557,90.407438,1064,cash,delivered,2026-07-12T20:51:22+06:00,True
USR071,01000000071,Demo User 071,FP0001153,2026-07-13T03:25:20+06:00,Pizza Corner Demo,Pizza,Shyamoli,23.766903,90.365063,437,cash,delivered,2026-07-13T06:25:20+06:00,True
USR071,01000000071,Demo User 071,FP0001149,2026-08-04T11:11:07+06:00,Burger Lab Demo,Burgers,Banani,23.796231,90.4061,852,cash,delivered,2026-08-04T12:22:07+06:00,True
USR072,01000000072,Demo User 072,FP0001168,2026-02-15T05:21:32+06:00,Burger Lab Demo,Burgers,Pallabi,23.829591,90.357269,1641,mobile_wallet,delivered,2026-02-15T05:45:32+06:00,True
USR072,01000000072,Demo User 072,FP0001166,2026-02-20T14:56:00+06:00,Burger Lab Demo,Burgers,Pallabi,23.834635,90.371779,588,card,delivered,2026-02-20T17:30:00+06:00,True
USR072,01000000072,Demo User 072,FP0001162,2026-03-02T02:31:12+06:00,Thai Kitchen Demo,Thai,Wari,23.71768,90.425121,339,mobile_wallet,refunded,2026-03-02T05:12:12+06:00,True
USR072,01000000072,Demo User 072,FP0001159,2026-03-17T12:05:10+06:00,Chicken Express Demo,Fast Food,Mohammadpur,23.771583,90.352018,913,mobile_wallet,delivered,2026-03-17T12:40:10+06:00,True
USR072,01000000072,Demo User 072,FP0001170,2026-03-29T17:03:24+06:00,Pizza Corner Demo,Pizza,Dhanmondi,23.742868,90.376474,729,mobile_wallet,delivered,2026-03-29T19:20:24+06:00,True
USR072,01000000072,Demo User 072,FP0001173,2026-04-07T03:42:42+06:00,Dhaka Biryani Demo,Biryani,Bashundhara,23.810161,90.428859,1709,cash,cancelled,2026-04-07T04:07:42+06:00,True
USR072,01000000072,Demo User 072,FP0001172,2026-04-28T03:12:17+06:00,Cafe Metro Demo,Cafe,Wari,23.715487,90.420888,1353,cash,delivered,2026-04-28T05:11:17+06:00,True
USR072,01000000072,Demo User 072,FP0001160,2026-05-03T16:54:50+06:00,Burger Lab Demo,Burgers,Gulshan,23.796411,90.407543,1610,cash,delivered,2026-05-03T19:13:50+06:00,True
USR072,01000000072,Demo User 072,FP0001163,2026-05-14T10:53:21+06:00,Rice & Curry Demo,Bangla,Dhanmondi,23.74095,90.379796,526,cash,delivered,2026-05-14T12:07:21+06:00,True
USR072,01000000072,Demo User 072,FP0001161,2026-05-14T15:02:55+06:00,Pizza Corner Demo,Pizza,Farmgate,23.756067,90.392469,611,card,refunded,2026-05-14T15:34:55+06:00,True
USR072,01000000072,Demo User 072,FP0001171,2026-06-06T19:51:07+06:00,Burger Lab Demo,Burgers,Shyamoli,23.781386,90.369265,1538,card,delivered,2026-06-06T22:08:07+06:00,True
USR072,01000000072,Demo User 072,FP0001169,2026-06-23T20:36:44+06:00,Pizza Corner Demo,Pizza,Pallabi,23.826713,90.356489,194,mobile_wallet,delivered,2026-06-23T23:23:44+06:00,True
USR072,01000000072,Demo User 072,FP0001164,2026-07-04T06:19:13+06:00,Burger Lab Demo,Burgers,Khilgaon,23.755396,90.423755,1100,mobile_wallet,delivered,2026-07-04T07:55:13+06:00,True
USR072,01000000072,Demo User 072,FP0001167,2026-07-12T23:42:39+06:00,Cafe Metro Demo,Cafe,Badda,23.772613,90.425247,1747,mobile_wallet,delivered,2026-07-13T01:13:39+06:00,True
USR072,01000000072,Demo User 072,FP0001165,2026-07-23T17:48:10+06:00,Cafe Metro Demo,Cafe,Bashundhara,23.809719,90.427357,416,card,in_progress,2026-07-23T20:08:10+06:00,True
USR073,01000000073,Demo User 073,FP0001181,2026-02-14T15:38:59+06:00,Pizza Corner Demo,Pizza,Dhanmondi,23.740594,90.37228,720,cash,delivered,2026-02-14T18:02:59+06:00,True
USR073,01000000073,Demo User 073,FP0001176,2026-02-19T09:50:36+06:00,Kebab House Demo,Kebab,Farmgate,23.757875,90.392728,344,card,delivered,2026-02-19T10:15:36+06:00,True
USR073,01000000073,Demo User 073,FP0001188,2026-02-19T11:25:44+06:00,Cafe Metro Demo,Cafe,Pallabi,23.828778,90.364084,608,mobile_wallet,delivered,2026-02-19T12:52:44+06:00,True
USR073,01000000073,Demo User 073,FP0001185,2026-02-19T14:32:31+06:00,Rice & Curry Demo,Bangla,Banani,23.787879,90.40537,578,cash,delivered,2026-02-19T17:04:31+06:00,True
USR073,01000000073,Demo User 073,FP0001184,2026-02-20T16:58:57+06:00,Kebab House Demo,Kebab,Rampura,23.757867,90.413564,215,cash,delivered,2026-02-20T19:22:57+06:00,True
USR073,01000000073,Demo User 073,FP0001192,2026-02-22T10:24:29+06:00,Burger Lab Demo,Burgers,Motijheel,23.732607,90.415989,1106,card,delivered,2026-02-22T13:17:29+06:00,True
USR073,01000000073,Demo User 073,FP0001179,2026-02-23T04:12:52+06:00,Chicken Express Demo,Fast Food,Wari,23.719205,90.415002,1105,card,delivered,2026-02-23T05:20:52+06:00,True
USR073,01000000073,Demo User 073,FP0001174,2026-03-01T04:43:42+06:00,Thai Kitchen Demo,Thai,Banani,23.801197,90.406659,1360,mobile_wallet,delivered,2026-03-01T06:14:42+06:00,True
USR073,01000000073,Demo User 073,FP0001187,2026-03-02T08:43:59+06:00,Chicken Express Demo,Fast Food,Farmgate,23.759713,90.393446,301,cash,cancelled,2026-03-02T10:59:59+06:00,True
USR073,01000000073,Demo User 073,FP0001189,2026-03-11T00:42:11+06:00,Thai Kitchen Demo,Thai,Shyamoli,23.779514,90.373467,1655,mobile_wallet,in_progress,2026-03-11T03:15:11+06:00,True
USR073,01000000073,Demo User 073,FP0001178,2026-03-20T09:19:44+06:00,Rice & Curry Demo,Bangla,Mohakhali,23.787677,90.401466,296,cash,delivered,2026-03-20T11:59:44+06:00,True
USR073,01000000073,Demo User 073,FP0001180,2026-03-21T09:56:24+06:00,Burger Lab Demo,Burgers,Badda,23.778869,90.420829,581,cash,delivered,2026-03-21T12:34:24+06:00,True
USR073,01000000073,Demo User 073,FP0001175,2026-04-08T11:14:05+06:00,Chicken Express Demo,Fast Food,Rampura,23.753342,90.415112,387,mobile_wallet,delivered,2026-04-08T12:06:05+06:00,True
USR073,01000000073,Demo User 073,FP0001182,2026-04-09T15:31:11+06:00,Chicken Express Demo,Fast Food,Motijheel,23.729577,90.412811,1721,card,delivered,2026-04-09T16:57:11+06:00,True
USR073,01000000073,Demo User 073,FP0001177,2026-05-12T13:37:07+06:00,Kebab House Demo,Kebab,Gulshan,23.794172,90.411976,1354,mobile_wallet,delivered,2026-05-12T14:35:07+06:00,True
USR073,01000000073,Demo User 073,FP0001191,2026-05-15T07:59:00+06:00,Dhaka Biryani Demo,Biryani,Mohammadpur,23.769293,90.357128,1113,mobile_wallet,delivered,2026-05-15T09:24:00+06:00,True
USR073,01000000073,Demo User 073,FP0001193,2026-05-15T09:12:26+06:00,Chicken Express Demo,Fast Food,Pallabi,23.831552,90.357919,499,mobile_wallet,delivered,2026-05-15T10:24:26+06:00,True
USR073,01000000073,Demo User 073,FP0001190,2026-05-18T13:37:02+06:00,Thai Kitchen Demo,Thai,Pallabi,23.822861,90.36668,451,mobile_wallet,delivered,2026-05-18T14:50:02+06:00,True
USR073,01000000073,Demo User 073,FP0001186,2026-06-01T23:26:20+06:00,Chicken Express Demo,Fast Food,Uttara,23.88058,90.385043,433,mobile_wallet,delivered,2026-06-02T00:06:20+06:00,True
USR073,01000000073,Demo User 073,FP0001183,2026-06-20T05:55:12+06:00,Kebab House Demo,Kebab,Bashundhara,23.819814,90.422904,754,cash,delivered,2026-06-20T06:43:12+06:00,True
USR073,01000000073,Demo User 073,FP0001194,2026-07-12T14:43:37+06:00,Pizza Corner Demo,Pizza,Wari,23.71174,90.415294,1460,cash,cancelled,2026-07-12T17:31:37+06:00,True
USR074,01000000074,Demo User 074,FP0001203,2026-03-12T05:27:03+06:00,Cafe Metro Demo,Cafe,Pallabi,23.833654,90.363995,1342,mobile_wallet,delivered,2026-03-12T06:02:03+06:00,True
USR074,01000000074,Demo User 074,FP0001201,2026-03-15T16:34:31+06:00,Pizza Corner Demo,Pizza,Shyamoli,23.767351,90.359246,1447,mobile_wallet,cancelled,2026-03-15T18:30:31+06:00,True
USR074,01000000074,Demo User 074,FP0001198,2026-03-25T22:54:41+06:00,Kebab House Demo,Kebab,Badda,23.782182,90.422064,651,mobile_wallet,delivered,2026-03-26T01:45:41+06:00,True
USR074,01000000074,Demo User 074,FP0001202,2026-04-21T18:48:37+06:00,Cafe Metro Demo,Cafe,Old Dhaka,23.717504,90.407255,1128,cash,delivered,2026-04-21T19:51:37+06:00,True
USR074,01000000074,Demo User 074,FP0001195,2026-04-27T23:56:44+06:00,Kebab House Demo,Kebab,Mohammadpur,23.758437,90.358072,332,card,delivered,2026-04-28T01:32:44+06:00,True
USR074,01000000074,Demo User 074,FP0001196,2026-05-02T18:50:54+06:00,Cafe Metro Demo,Cafe,Uttara,23.883175,90.376386,530,card,delivered,2026-05-02T19:45:54+06:00,True
USR074,01000000074,Demo User 074,FP0001197,2026-05-23T13:33:20+06:00,Pizza Corner Demo,Pizza,Mirpur,23.824949,90.371593,1774,cash,delivered,2026-05-23T16:31:20+06:00,True
USR074,01000000074,Demo User 074,FP0001205,2026-05-27T04:47:06+06:00,Cafe Metro Demo,Cafe,Mohakhali,23.78191,90.391853,1739,cash,delivered,2026-05-27T06:21:06+06:00,True
USR074,01000000074,Demo User 074,FP0001204,2026-05-30T15:54:32+06:00,Chicken Express Demo,Fast Food,Farmgate,23.766675,90.38663,814,card,refunded,2026-05-30T18:25:32+06:00,True
USR074,01000000074,Demo User 074,FP0001200,2026-07-22T17:54:31+06:00,Rice & Curry Demo,Bangla,Badda,23.785036,90.427013,1087,mobile_wallet,delivered,2026-07-22T18:31:31+06:00,True
USR074,01000000074,Demo User 074,FP0001199,2026-08-05T03:41:12+06:00,Rice & Curry Demo,Bangla,Gulshan,23.787432,90.403781,1079,card,delivered,2026-08-05T04:22:12+06:00,True
USR075,01000000075,Demo User 075,FP0001226,2026-02-27T02:14:17+06:00,Burger Lab Demo,Burgers,Motijheel,23.72706,90.422017,843,card,delivered,2026-02-27T02:42:17+06:00,True
USR075,01000000075,Demo User 075,FP0001223,2026-03-03T21:53:34+06:00,Burger Lab Demo,Burgers,Mirpur,23.814885,90.359501,1545,mobile_wallet,delivered,2026-03-04T00:52:34+06:00,True
USR075,01000000075,Demo User 075,FP0001222,2026-03-05T09:43:12+06:00,Thai Kitchen Demo,Thai,Tejgaon,23.758424,90.387765,1395,cash,delivered,2026-03-05T11:26:12+06:00,True
USR075,01000000075,Demo User 075,FP0001213,2026-03-08T01:15:47+06:00,Rice & Curry Demo,Bangla,Khilgaon,23.752915,90.422678,1077,cash,cancelled,2026-03-08T02:31:47+06:00,True
USR075,01000000075,Demo User 075,FP0001212,2026-03-12T14:39:10+06:00,Chicken Express Demo,Fast Food,Wari,23.718565,90.415268,1021,cash,in_progress,2026-03-12T16:57:10+06:00,True
USR075,01000000075,Demo User 075,FP0001217,2026-03-16T04:27:51+06:00,Dhaka Biryani Demo,Biryani,Bashundhara,23.818707,90.420355,771,card,delivered,2026-03-16T05:07:51+06:00,True
USR075,01000000075,Demo User 075,FP0001208,2026-03-16T16:10:31+06:00,Rice & Curry Demo,Bangla,Dhanmondi,23.741587,90.375071,217,cash,delivered,2026-03-16T17:40:31+06:00,True
USR075,01000000075,Demo User 075,FP0001219,2026-03-19T08:20:49+06:00,Chicken Express Demo,Fast Food,Tejgaon,23.762037,90.39865,321,card,delivered,2026-03-19T11:16:49+06:00,True
USR075,01000000075,Demo User 075,FP0001211,2026-04-05T16:10:57+06:00,Dhaka Biryani Demo,Biryani,Dhanmondi,23.751239,90.383961,660,card,delivered,2026-04-05T17:20:57+06:00,True
USR075,01000000075,Demo User 075,FP0001216,2026-04-19T03:41:16+06:00,Burger Lab Demo,Burgers,Khilgaon,23.744008,90.428729,1001,card,delivered,2026-04-19T06:37:16+06:00,True
USR075,01000000075,Demo User 075,FP0001214,2026-05-08T02:25:12+06:00,Chicken Express Demo,Fast Food,Rampura,23.753815,90.413435,1162,mobile_wallet,delivered,2026-05-08T03:52:12+06:00,True
USR075,01000000075,Demo User 075,FP0001215,2026-06-20T15:03:21+06:00,Rice & Curry Demo,Bangla,Khilgaon,23.749963,90.419006,1461,card,cancelled,2026-06-20T16:03:21+06:00,True
USR075,01000000075,Demo User 075,FP0001220,2026-06-24T12:28:39+06:00,Burger Lab Demo,Burgers,Bashundhara,23.818016,90.427196,1268,mobile_wallet,delivered,2026-06-24T14:56:39+06:00,True
USR075,01000000075,Demo User 075,FP0001224,2026-06-26T01:55:10+06:00,Rice & Curry Demo,Bangla,Khilgaon,23.74725,90.430695,1431,cash,delivered,2026-06-26T03:01:10+06:00,True
USR075,01000000075,Demo User 075,FP0001206,2026-07-01T16:35:38+06:00,Chicken Express Demo,Fast Food,Wari,23.723057,90.420306,650,mobile_wallet,cancelled,2026-07-01T18:31:38+06:00,True
USR075,01000000075,Demo User 075,FP0001225,2026-07-06T02:32:58+06:00,Pizza Corner Demo,Pizza,Tejgaon,23.758101,90.399901,234,mobile_wallet,delivered,2026-07-06T03:34:58+06:00,True
USR075,01000000075,Demo User 075,FP0001218,2026-07-09T18:52:50+06:00,Cafe Metro Demo,Cafe,Motijheel,23.734508,90.412674,1502,cash,delivered,2026-07-09T19:32:50+06:00,True
USR075,01000000075,Demo User 075,FP0001210,2026-07-16T00:57:50+06:00,Rice & Curry Demo,Bangla,Badda,23.78719,90.432819,827,cash,delivered,2026-07-16T03:34:50+06:00,True
USR075,01000000075,Demo User 075,FP0001221,2026-07-19T17:31:39+06:00,Chicken Express Demo,Fast Food,Mirpur,23.826862,90.371328,539,card,delivered,2026-07-19T18:07:39+06:00,True
USR075,01000000075,Demo User 075,FP0001207,2026-07-23T12:15:33+06:00,Rice & Curry Demo,Bangla,Wari,23.712179,90.419931,1138,mobile_wallet,delivered,2026-07-23T15:02:33+06:00,True
USR075,01000000075,Demo User 075,FP0001209,2026-07-23T12:35:19+06:00,Kebab House Demo,Kebab,Motijheel,23.728988,90.420858,1112,card,delivered,2026-07-23T15:35:19+06:00,True
USR076,01000000076,Demo User 076,FP0001229,2026-02-14T06:35:39+06:00,Cafe Metro Demo,Cafe,Motijheel,23.725885,90.421563,1404,cash,delivered,2026-02-14T07:34:39+06:00,True
USR076,01000000076,Demo User 076,FP0001246,2026-03-01T00:31:17+06:00,Dhaka Biryani Demo,Biryani,Shyamoli,23.779608,90.361762,1394,mobile_wallet,delivered,2026-03-01T01:13:17+06:00,True
USR076,01000000076,Demo User 076,FP0001228,2026-03-18T22:45:46+06:00,Cafe Metro Demo,Cafe,Khilgaon,23.751656,90.423343,395,mobile_wallet,delivered,2026-03-19T00:25:46+06:00,True
USR076,01000000076,Demo User 076,FP0001231,2026-04-02T18:10:28+06:00,Thai Kitchen Demo,Thai,Dhanmondi,23.749299,90.37285,1175,cash,delivered,2026-04-02T19:41:28+06:00,True
USR076,01000000076,Demo User 076,FP0001236,2026-04-08T12:17:32+06:00,Thai Kitchen Demo,Thai,Wari,23.716334,90.420503,1123,mobile_wallet,delivered,2026-04-08T13:51:32+06:00,True
USR076,01000000076,Demo User 076,FP0001239,2026-04-12T18:31:24+06:00,Pizza Corner Demo,Pizza,Banani,23.792805,90.403721,1317,card,delivered,2026-04-12T20:26:24+06:00,True
USR076,01000000076,Demo User 076,FP0001240,2026-04-13T23:53:05+06:00,Pizza Corner Demo,Pizza,Mirpur,23.830085,90.367482,866,cash,delivered,2026-04-14T00:38:05+06:00,True
USR076,01000000076,Demo User 076,FP0001233,2026-04-15T06:15:30+06:00,Chicken Express Demo,Fast Food,Motijheel,23.74099,90.424099,959,cash,delivered,2026-04-15T09:10:30+06:00,True
USR076,01000000076,Demo User 076,FP0001244,2026-04-20T16:49:28+06:00,Rice & Curry Demo,Bangla,Rampura,23.762643,90.413912,185,cash,cancelled,2026-04-20T18:20:28+06:00,True
USR076,01000000076,Demo User 076,FP0001247,2026-05-04T16:03:45+06:00,Kebab House Demo,Kebab,Pallabi,23.833162,90.364714,779,card,cancelled,2026-05-04T18:09:45+06:00,True
USR076,01000000076,Demo User 076,FP0001242,2026-05-13T01:42:28+06:00,Pizza Corner Demo,Pizza,Shyamoli,23.768472,90.372134,1251,card,delivered,2026-05-13T02:31:28+06:00,True
USR076,01000000076,Demo User 076,FP0001235,2026-05-13T02:02:25+06:00,Burger Lab Demo,Burgers,Banani,23.799244,90.414358,858,mobile_wallet,delivered,2026-05-13T04:46:25+06:00,True
USR076,01000000076,Demo User 076,FP0001245,2026-05-28T19:02:04+06:00,Thai Kitchen Demo,Thai,Pallabi,23.833073,90.361653,491,card,delivered,2026-05-28T20:22:04+06:00,True
USR076,01000000076,Demo User 076,FP0001237,2026-06-15T00:49:19+06:00,Cafe Metro Demo,Cafe,Shyamoli,23.777647,90.369994,625,card,delivered,2026-06-15T03:23:19+06:00,True
USR076,01000000076,Demo User 076,FP0001230,2026-06-26T06:02:08+06:00,Kebab House Demo,Kebab,Bashundhara,23.817704,90.433165,918,card,delivered,2026-06-26T07:47:08+06:00,True
USR076,01000000076,Demo User 076,FP0001238,2026-07-01T17:22:03+06:00,Kebab House Demo,Kebab,Mirpur,23.816233,90.358558,510,mobile_wallet,delivered,2026-07-01T18:48:03+06:00,True
USR076,01000000076,Demo User 076,FP0001248,2026-07-03T22:05:09+06:00,Rice & Curry Demo,Bangla,Rampura,23.764976,90.426957,809,mobile_wallet,delivered,2026-07-03T23:57:09+06:00,True
USR076,01000000076,Demo User 076,FP0001232,2026-07-05T05:14:16+06:00,Rice & Curry Demo,Bangla,Mirpur,23.828326,90.364332,1355,mobile_wallet,delivered,2026-07-05T06:27:16+06:00,True
USR076,01000000076,Demo User 076,FP0001243,2026-07-21T05:08:03+06:00,Dhaka Biryani Demo,Biryani,Khilgaon,23.749411,90.418156,1784,cash,delivered,2026-07-21T06:27:03+06:00,True
USR076,01000000076,Demo User 076,FP0001234,2026-07-21T20:30:29+06:00,Chicken Express Demo,Fast Food,Rampura,23.766083,90.419797,1439,cash,delivered,2026-07-21T21:04:29+06:00,True
USR076,01000000076,Demo User 076,FP0001241,2026-07-23T12:29:22+06:00,Rice & Curry Demo,Bangla,Mirpur,23.825926,90.366002,1333,card,delivered,2026-07-23T14:55:22+06:00,True
USR076,01000000076,Demo User 076,FP0001227,2026-07-24T05:40:43+06:00,Dhaka Biryani Demo,Biryani,Farmgate,23.764327,90.385603,1001,cash,delivered,2026-07-24T08:11:43+06:00,True
USR077,01000000077,Demo User 077,FP0001256,2026-03-09T04:00:18+06:00,Cafe Metro Demo,Cafe,Farmgate,23.756332,90.38651,183,mobile_wallet,delivered,2026-03-09T06:19:18+06:00,True
USR077,01000000077,Demo User 077,FP0001260,2026-03-24T03:39:50+06:00,Burger Lab Demo,Burgers,Old Dhaka,23.706828,90.401777,203,mobile_wallet,delivered,2026-03-24T04:27:50+06:00,True
USR077,01000000077,Demo User 077,FP0001259,2026-03-30T23:27:21+06:00,Rice & Curry Demo,Bangla,Mohakhali,23.779543,90.400055,807,card,delivered,2026-03-31T01:49:21+06:00,True
USR077,01000000077,Demo User 077,FP0001252,2026-03-31T20:14:14+06:00,Rice & Curry Demo,Bangla,Banani,23.79876,90.405017,1321,card,delivered,2026-03-31T21:33:14+06:00,True
USR077,01000000077,Demo User 077,FP0001261,2026-04-13T17:51:07+06:00,Thai Kitchen Demo,Thai,Pallabi,23.82715,90.362707,649,card,delivered,2026-04-13T19:02:07+06:00,True
USR077,01000000077,Demo User 077,FP0001257,2026-05-20T11:45:27+06:00,Rice & Curry Demo,Bangla,Farmgate,23.766277,90.389725,655,card,delivered,2026-05-20T12:40:27+06:00,True
USR077,01000000077,Demo User 077,FP0001249,2026-06-02T18:23:47+06:00,Chicken Express Demo,Fast Food,Shyamoli,23.773195,90.372731,1624,mobile_wallet,cancelled,2026-06-02T20:51:47+06:00,True
USR077,01000000077,Demo User 077,FP0001251,2026-06-03T08:58:34+06:00,Thai Kitchen Demo,Thai,Uttara,23.877123,90.377663,1608,mobile_wallet,delivered,2026-06-03T11:36:34+06:00,True
USR077,01000000077,Demo User 077,FP0001250,2026-06-16T16:00:51+06:00,Pizza Corner Demo,Pizza,Uttara,23.871322,90.372196,942,mobile_wallet,delivered,2026-06-16T16:51:51+06:00,True
USR077,01000000077,Demo User 077,FP0001262,2026-07-07T00:16:51+06:00,Chicken Express Demo,Fast Food,Motijheel,23.731871,90.423982,495,mobile_wallet,delivered,2026-07-07T01:27:51+06:00,True
USR077,01000000077,Demo User 077,FP0001258,2026-07-09T21:35:48+06:00,Thai Kitchen Demo,Thai,Banani,23.792826,90.401204,939,card,delivered,2026-07-09T22:21:48+06:00,True
USR077,01000000077,Demo User 077,FP0001255,2026-07-27T06:51:10+06:00,Thai Kitchen Demo,Thai,Mohammadpur,23.759924,90.361466,1765,mobile_wallet,refunded,2026-07-27T08:37:10+06:00,True
USR077,01000000077,Demo User 077,FP0001254,2026-08-08T16:32:26+06:00,Chicken Express Demo,Fast Food,Mirpur,23.819574,90.357551,1024,cash,delivered,2026-08-08T17:47:26+06:00,True
USR077,01000000077,Demo User 077,FP0001253,2026-08-08T22:17:03+06:00,Thai Kitchen Demo,Thai,Motijheel,23.725423,90.418878,1212,mobile_wallet,delivered,2026-08-08T22:56:03+06:00,True
USR078,01000000078,Demo User 078,FP0001278,2026-02-14T15:22:44+06:00,Rice & Curry Demo,Bangla,Pallabi,23.826927,90.368191,1095,mobile_wallet,delivered,2026-02-14T16:42:44+06:00,True
USR078,01000000078,Demo User 078,FP0001264,2026-02-21T16:19:29+06:00,Rice & Curry Demo,Bangla,Banani,23.787228,90.39946,456,mobile_wallet,delivered,2026-02-21T17:34:29+06:00,True
USR078,01000000078,Demo User 078,FP0001276,2026-03-12T09:35:57+06:00,Chicken Express Demo,Fast Food,Dhanmondi,23.73995,90.379941,197,card,delivered,2026-03-12T12:28:57+06:00,True
USR078,01000000078,Demo User 078,FP0001263,2026-03-16T00:42:14+06:00,Pizza Corner Demo,Pizza,Motijheel,23.729057,90.423848,827,mobile_wallet,delivered,2026-03-16T01:55:14+06:00,True
USR078,01000000078,Demo User 078,FP0001273,2026-03-17T13:22:19+06:00,Cafe Metro Demo,Cafe,Mirpur,23.822209,90.35841,1780,mobile_wallet,delivered,2026-03-17T14:50:19+06:00,True
USR078,01000000078,Demo User 078,FP0001280,2026-03-30T18:40:53+06:00,Dhaka Biryani Demo,Biryani,Rampura,23.766402,90.425927,845,cash,cancelled,2026-03-30T21:32:53+06:00,True
USR078,01000000078,Demo User 078,FP0001267,2026-04-20T10:27:49+06:00,Cafe Metro Demo,Cafe,Pallabi,23.822931,90.35847,1692,cash,delivered,2026-04-20T10:50:49+06:00,True
USR078,01000000078,Demo User 078,FP0001269,2026-04-21T05:11:25+06:00,Dhaka Biryani Demo,Biryani,Pallabi,23.835452,90.357959,1214,cash,delivered,2026-04-21T07:29:25+06:00,True
USR078,01000000078,Demo User 078,FP0001279,2026-04-29T16:08:22+06:00,Thai Kitchen Demo,Thai,Wari,23.713215,90.411948,1750,card,delivered,2026-04-29T17:08:22+06:00,True
USR078,01000000078,Demo User 078,FP0001282,2026-05-13T02:12:57+06:00,Rice & Curry Demo,Bangla,Old Dhaka,23.709493,90.399721,1768,card,delivered,2026-05-13T02:50:57+06:00,True
USR078,01000000078,Demo User 078,FP0001266,2026-06-06T07:47:48+06:00,Chicken Express Demo,Fast Food,Wari,23.711695,90.423903,1163,mobile_wallet,delivered,2026-06-06T08:33:48+06:00,True
USR078,01000000078,Demo User 078,FP0001270,2026-06-07T01:47:19+06:00,Thai Kitchen Demo,Thai,Mohammadpur,23.771275,90.363822,824,cash,delivered,2026-06-07T03:50:19+06:00,True
USR078,01000000078,Demo User 078,FP0001274,2026-06-22T16:15:41+06:00,Thai Kitchen Demo,Thai,Bashundhara,23.821964,90.42625,389,mobile_wallet,delivered,2026-06-22T18:13:41+06:00,True
USR078,01000000078,Demo User 078,FP0001272,2026-06-26T21:07:51+06:00,Dhaka Biryani Demo,Biryani,Farmgate,23.7662,90.394632,1613,card,delivered,2026-06-26T22:57:51+06:00,True
USR078,01000000078,Demo User 078,FP0001268,2026-06-30T08:03:52+06:00,Burger Lab Demo,Burgers,Shyamoli,23.771271,90.366297,737,cash,cancelled,2026-06-30T09:02:52+06:00,True
USR078,01000000078,Demo User 078,FP0001271,2026-07-22T09:00:03+06:00,Pizza Corner Demo,Pizza,Shyamoli,23.769072,90.360681,589,cash,delivered,2026-07-22T11:49:03+06:00,True
USR078,01000000078,Demo User 078,FP0001277,2026-07-24T12:12:41+06:00,Cafe Metro Demo,Cafe,Motijheel,23.729647,90.417083,359,cash,delivered,2026-07-24T13:36:41+06:00,True
USR078,01000000078,Demo User 078,FP0001275,2026-08-02T16:56:09+06:00,Cafe Metro Demo,Cafe,Banani,23.798394,90.404733,228,mobile_wallet,delivered,2026-08-02T17:59:09+06:00,True
USR078,01000000078,Demo User 078,FP0001265,2026-08-06T14:01:41+06:00,Dhaka Biryani Demo,Biryani,Pallabi,23.825996,90.362375,1104,card,delivered,2026-08-06T15:28:41+06:00,True
USR078,01000000078,Demo User 078,FP0001281,2026-08-09T18:08:10+06:00,Burger Lab Demo,Burgers,Badda,23.774847,90.429918,1096,card,delivered,2026-08-09T20:16:10+06:00,True
USR079,01000000079,Demo User 079,FP0001288,2026-02-27T00:36:25+06:00,Pizza Corner Demo,Pizza,Khilgaon,23.752362,90.432864,1684,mobile_wallet,cancelled,2026-02-27T03:07:25+06:00,True
USR079,01000000079,Demo User 079,FP0001285,2026-02-28T20:55:27+06:00,Burger Lab Demo,Burgers,Motijheel,23.729926,90.4104,940,cash,delivered,2026-02-28T23:12:27+06:00,True
USR079,01000000079,Demo User 079,FP0001293,2026-03-06T21:24:35+06:00,Burger Lab Demo,Burgers,Pallabi,23.824115,90.367027,228,card,cancelled,2026-03-06T22:54:35+06:00,True
USR079,01000000079,Demo User 079,FP0001284,2026-03-14T09:17:38+06:00,Burger Lab Demo,Burgers,Uttara,23.883814,90.374499,570,cash,delivered,2026-03-14T11:16:38+06:00,True
USR079,01000000079,Demo User 079,FP0001286,2026-03-31T02:48:22+06:00,Thai Kitchen Demo,Thai,Rampura,23.764708,90.426672,977,mobile_wallet,delivered,2026-03-31T03:55:22+06:00,True
USR079,01000000079,Demo User 079,FP0001291,2026-05-09T23:44:11+06:00,Dhaka Biryani Demo,Biryani,Mohakhali,23.780423,90.401839,974,card,delivered,2026-05-10T01:47:11+06:00,True
USR079,01000000079,Demo User 079,FP0001295,2026-06-08T04:34:42+06:00,Pizza Corner Demo,Pizza,Shyamoli,23.773641,90.372173,1608,mobile_wallet,delivered,2026-06-08T05:24:42+06:00,True
USR079,01000000079,Demo User 079,FP0001283,2026-06-12T16:19:00+06:00,Pizza Corner Demo,Pizza,Uttara,23.870613,90.386152,1208,card,delivered,2026-06-12T16:45:00+06:00,True
USR079,01000000079,Demo User 079,FP0001287,2026-06-30T23:30:32+06:00,Pizza Corner Demo,Pizza,Old Dhaka,23.703879,90.399549,983,card,delivered,2026-07-01T01:53:32+06:00,True
USR079,01000000079,Demo User 079,FP0001297,2026-07-02T02:41:38+06:00,Burger Lab Demo,Burgers,Pallabi,23.833827,90.368412,755,cash,delivered,2026-07-02T04:01:38+06:00,True
USR079,01000000079,Demo User 079,FP0001290,2026-07-10T20:37:41+06:00,Thai Kitchen Demo,Thai,Mohammadpur,23.759871,90.365523,732,mobile_wallet,delivered,2026-07-10T22:57:41+06:00,True
USR079,01000000079,Demo User 079,FP0001289,2026-07-20T10:11:56+06:00,Kebab House Demo,Kebab,Farmgate,23.758123,90.389812,1425,cash,delivered,2026-07-20T11:01:56+06:00,True
USR079,01000000079,Demo User 079,FP0001294,2026-07-21T02:05:02+06:00,Rice & Curry Demo,Bangla,Mohammadpur,23.766251,90.355886,1140,cash,delivered,2026-07-21T04:46:02+06:00,True
USR079,01000000079,Demo User 079,FP0001292,2026-08-05T08:52:29+06:00,Burger Lab Demo,Burgers,Dhanmondi,23.749632,90.374846,998,cash,delivered,2026-08-05T10:19:29+06:00,True
USR079,01000000079,Demo User 079,FP0001296,2026-08-05T19:20:53+06:00,Kebab House Demo,Kebab,Gulshan,23.79128,90.408679,908,card,delivered,2026-08-05T21:48:53+06:00,True
USR080,01000000080,Demo User 080,FP0001298,2026-02-21T21:47:45+06:00,Kebab House Demo,Kebab,Uttara,23.880955,90.378103,1375,card,delivered,2026-02-22T00:01:45+06:00,True
USR080,01000000080,Demo User 080,FP0001299,2026-02-24T18:55:39+06:00,Pizza Corner Demo,Pizza,Khilgaon,23.751274,90.425034,1461,mobile_wallet,delivered,2026-02-24T20:36:39+06:00,True
USR080,01000000080,Demo User 080,FP0001302,2026-03-21T19:56:08+06:00,Chicken Express Demo,Fast Food,Mirpur,23.817091,90.368609,1369,cash,delivered,2026-03-21T21:40:08+06:00,True
USR080,01000000080,Demo User 080,FP0001310,2026-04-01T19:32:19+06:00,Kebab House Demo,Kebab,Wari,23.719482,90.419726,1051,mobile_wallet,delivered,2026-04-01T19:53:19+06:00,True
USR080,01000000080,Demo User 080,FP0001300,2026-04-09T04:16:03+06:00,Pizza Corner Demo,Pizza,Motijheel,23.735235,90.412762,524,card,delivered,2026-04-09T04:59:03+06:00,True
USR080,01000000080,Demo User 080,FP0001306,2026-04-23T08:57:51+06:00,Dhaka Biryani Demo,Biryani,Bashundhara,23.822542,90.418403,1745,mobile_wallet,delivered,2026-04-23T09:19:51+06:00,True
USR080,01000000080,Demo User 080,FP0001309,2026-05-10T19:48:46+06:00,Rice & Curry Demo,Bangla,Farmgate,23.758355,90.394621,1210,mobile_wallet,delivered,2026-05-10T21:25:46+06:00,True
USR080,01000000080,Demo User 080,FP0001304,2026-05-30T11:16:32+06:00,Rice & Curry Demo,Bangla,Khilgaon,23.74733,90.424116,1211,cash,in_progress,2026-05-30T12:23:32+06:00,True
USR080,01000000080,Demo User 080,FP0001308,2026-06-09T22:33:37+06:00,Kebab House Demo,Kebab,Wari,23.711624,90.421358,1615,card,delivered,2026-06-09T23:17:37+06:00,True
USR080,01000000080,Demo User 080,FP0001303,2026-06-12T07:56:33+06:00,Dhaka Biryani Demo,Biryani,Motijheel,23.731498,90.414721,1395,cash,delivered,2026-06-12T10:01:33+06:00,True
USR080,01000000080,Demo User 080,FP0001301,2026-06-30T11:38:30+06:00,Chicken Express Demo,Fast Food,Motijheel,23.728511,90.415414,410,mobile_wallet,delivered,2026-06-30T12:07:30+06:00,True
USR080,01000000080,Demo User 080,FP0001307,2026-07-05T16:51:56+06:00,Kebab House Demo,Kebab,Mohakhali,23.779818,90.391679,969,cash,delivered,2026-07-05T17:43:56+06:00,True
USR080,01000000080,Demo User 080,FP0001305,2026-07-25T20:23:35+06:00,Burger Lab Demo,Burgers,Tejgaon,23.769465,90.401117,203,card,delivered,2026-07-25T22:46:35+06:00,True
USR081,01000000081,Demo User 081,FP0001314,2026-02-16T08:39:10+06:00,Pizza Corner Demo,Pizza,Uttara,23.871912,90.377312,1640,card,delivered,2026-02-16T09:51:10+06:00,True
USR081,01000000081,Demo User 081,FP0001311,2026-03-02T00:34:51+06:00,Cafe Metro Demo,Cafe,Wari,23.720152,90.41617,1733,mobile_wallet,delivered,2026-03-02T02:47:51+06:00,True
USR081,01000000081,Demo User 081,FP0001317,2026-03-22T21:24:23+06:00,Dhaka Biryani Demo,Biryani,Uttara,23.870912,90.386683,1569,mobile_wallet,in_progress,2026-03-22T21:48:23+06:00,True
USR081,01000000081,Demo User 081,FP0001315,2026-04-11T13:18:15+06:00,Burger Lab Demo,Burgers,Uttara,23.871698,90.381206,429,mobile_wallet,delivered,2026-04-11T15:20:15+06:00,True
USR081,01000000081,Demo User 081,FP0001320,2026-04-17T22:13:24+06:00,Cafe Metro Demo,Cafe,Badda,23.779558,90.426584,875,mobile_wallet,delivered,2026-04-17T23:45:24+06:00,True
USR081,01000000081,Demo User 081,FP0001312,2026-04-25T21:12:12+06:00,Burger Lab Demo,Burgers,Badda,23.778916,90.422314,224,cash,delivered,2026-04-25T23:56:12+06:00,True
USR081,01000000081,Demo User 081,FP0001318,2026-05-14T00:40:20+06:00,Cafe Metro Demo,Cafe,Motijheel,23.739181,90.421729,620,card,delivered,2026-05-14T02:30:20+06:00,True
USR081,01000000081,Demo User 081,FP0001316,2026-06-06T01:31:06+06:00,Kebab House Demo,Kebab,Mohakhali,23.779213,90.40088,704,card,delivered,2026-06-06T02:52:06+06:00,True
USR081,01000000081,Demo User 081,FP0001321,2026-07-11T13:05:20+06:00,Kebab House Demo,Kebab,Farmgate,23.75203,90.38743,681,cash,cancelled,2026-07-11T14:51:20+06:00,True
USR081,01000000081,Demo User 081,FP0001319,2026-07-29T06:17:56+06:00,Cafe Metro Demo,Cafe,Old Dhaka,23.704236,90.407114,394,cash,delivered,2026-07-29T07:08:56+06:00,True
USR081,01000000081,Demo User 081,FP0001313,2026-08-04T05:02:17+06:00,Cafe Metro Demo,Cafe,Rampura,23.756145,90.417837,539,cash,delivered,2026-08-04T07:22:17+06:00,True
USR082,01000000082,Demo User 082,FP0001325,2026-02-19T14:50:12+06:00,Rice & Curry Demo,Bangla,Uttara,23.88011,90.372898,1304,mobile_wallet,delivered,2026-02-19T15:39:12+06:00,True
USR082,01000000082,Demo User 082,FP0001331,2026-03-02T17:12:01+06:00,Dhaka Biryani Demo,Biryani,Mohammadpur,23.769744,90.351874,974,mobile_wallet,delivered,2026-03-02T19:47:01+06:00,True
USR082,01000000082,Demo User 082,FP0001335,2026-03-14T04:19:15+06:00,Rice & Curry Demo,Bangla,Motijheel,23.735204,90.420657,1542,mobile_wallet,cancelled,2026-03-14T06:25:15+06:00,True
USR082,01000000082,Demo User 082,FP0001323,2026-04-08T07:01:14+06:00,Rice & Curry Demo,Bangla,Gulshan,23.785559,90.412245,1259,card,delivered,2026-04-08T09:40:14+06:00,True
USR082,01000000082,Demo User 082,FP0001334,2026-04-20T19:35:08+06:00,Cafe Metro Demo,Cafe,Shyamoli,23.779578,90.3649,1474,cash,delivered,2026-04-20T20:42:08+06:00,True
USR082,01000000082,Demo User 082,FP0001326,2026-05-12T14:38:56+06:00,Pizza Corner Demo,Pizza,Rampura,23.759402,90.416412,275,card,delivered,2026-05-12T16:38:56+06:00,True
USR082,01000000082,Demo User 082,FP0001327,2026-05-22T21:08:46+06:00,Chicken Express Demo,Fast Food,Mohakhali,23.788012,90.392411,1783,card,delivered,2026-05-22T22:27:46+06:00,True
USR082,01000000082,Demo User 082,FP0001333,2026-06-08T14:04:30+06:00,Rice & Curry Demo,Bangla,Shyamoli,23.775563,90.36684,534,mobile_wallet,delivered,2026-06-08T15:05:30+06:00,True
USR082,01000000082,Demo User 082,FP0001328,2026-06-08T19:41:33+06:00,Cafe Metro Demo,Cafe,Dhanmondi,23.744276,90.382459,1459,cash,delivered,2026-06-08T22:07:33+06:00,True
USR082,01000000082,Demo User 082,FP0001322,2026-06-23T06:35:09+06:00,Thai Kitchen Demo,Thai,Bashundhara,23.815983,90.432213,683,card,delivered,2026-06-23T09:11:09+06:00,True
USR082,01000000082,Demo User 082,FP0001330,2026-07-03T04:11:12+06:00,Burger Lab Demo,Burgers,Rampura,23.753685,90.415666,601,card,delivered,2026-07-03T04:33:12+06:00,True
USR082,01000000082,Demo User 082,FP0001336,2026-07-04T14:41:20+06:00,Dhaka Biryani Demo,Biryani,Motijheel,23.738078,90.417421,683,card,delivered,2026-07-04T16:13:20+06:00,True
USR082,01000000082,Demo User 082,FP0001329,2026-07-05T03:18:12+06:00,Kebab House Demo,Kebab,Mirpur,23.81744,90.357653,283,card,delivered,2026-07-05T05:48:12+06:00,True
USR082,01000000082,Demo User 082,FP0001324,2026-07-27T15:38:28+06:00,Chicken Express Demo,Fast Food,Old Dhaka,23.715101,90.414147,975,card,refunded,2026-07-27T17:43:28+06:00,True
USR082,01000000082,Demo User 082,FP0001332,2026-07-30T17:49:36+06:00,Chicken Express Demo,Fast Food,Mohakhali,23.785917,90.406589,987,card,in_progress,2026-07-30T19:45:36+06:00,True
USR083,01000000083,Demo User 083,FP0001343,2026-02-21T16:32:04+06:00,Cafe Metro Demo,Cafe,Banani,23.798502,90.401197,1655,cash,refunded,2026-02-21T18:22:04+06:00,True
USR083,01000000083,Demo User 083,FP0001344,2026-03-09T23:02:41+06:00,Thai Kitchen Demo,Thai,Badda,23.785899,90.42963,798,mobile_wallet,delivered,2026-03-10T00:35:41+06:00,True
USR083,01000000083,Demo User 083,FP0001342,2026-04-16T09:05:53+06:00,Chicken Express Demo,Fast Food,Khilgaon,23.745133,90.425901,1478,cash,in_progress,2026-04-16T11:50:53+06:00,True
USR083,01000000083,Demo User 083,FP0001338,2026-04-24T05:58:04+06:00,Kebab House Demo,Kebab,Mirpur,23.822608,90.368281,601,mobile_wallet,delivered,2026-04-24T06:19:04+06:00,True
USR083,01000000083,Demo User 083,FP0001341,2026-05-14T12:07:22+06:00,Kebab House Demo,Kebab,Pallabi,23.834752,90.361193,647,mobile_wallet,delivered,2026-05-14T14:20:22+06:00,True
USR083,01000000083,Demo User 083,FP0001346,2026-06-01T21:39:39+06:00,Burger Lab Demo,Burgers,Khilgaon,23.757007,90.431634,547,mobile_wallet,delivered,2026-06-01T22:26:39+06:00,True
USR083,01000000083,Demo User 083,FP0001339,2026-06-07T13:06:07+06:00,Burger Lab Demo,Burgers,Dhanmondi,23.743774,90.38095,667,cash,delivered,2026-06-07T15:04:07+06:00,True
USR083,01000000083,Demo User 083,FP0001337,2026-07-03T04:10:36+06:00,Kebab House Demo,Kebab,Motijheel,23.725354,90.410268,1488,mobile_wallet,delivered,2026-07-03T05:29:36+06:00,True
USR083,01000000083,Demo User 083,FP0001340,2026-07-06T10:44:38+06:00,Rice & Curry Demo,Bangla,Wari,23.724076,90.418483,343,cash,delivered,2026-07-06T12:00:38+06:00,True
USR083,01000000083,Demo User 083,FP0001345,2026-07-12T03:02:06+06:00,Rice & Curry Demo,Bangla,Banani,23.789465,90.413064,1676,cash,delivered,2026-07-12T05:27:06+06:00,True
USR084,01000000084,Demo User 084,FP0001359,2026-03-10T01:57:22+06:00,Chicken Express Demo,Fast Food,Mohammadpur,23.763074,90.363221,1632,card,delivered,2026-03-10T04:00:22+06:00,True
USR084,01000000084,Demo User 084,FP0001352,2026-03-11T01:00:20+06:00,Cafe Metro Demo,Cafe,Pallabi,23.821562,90.358678,964,cash,delivered,2026-03-11T02:51:20+06:00,True
USR084,01000000084,Demo User 084,FP0001354,2026-03-11T22:21:22+06:00,Thai Kitchen Demo,Thai,Rampura,23.759444,90.417266,785,card,delivered,2026-03-11T22:57:22+06:00,True
USR084,01000000084,Demo User 084,FP0001348,2026-03-16T07:23:40+06:00,Chicken Express Demo,Fast Food,Mohakhali,23.77746,90.406132,713,cash,delivered,2026-03-16T08:29:40+06:00,True
USR084,01000000084,Demo User 084,FP0001347,2026-03-23T04:07:58+06:00,Chicken Express Demo,Fast Food,Mirpur,23.829563,90.371698,1354,cash,cancelled,2026-03-23T06:15:58+06:00,True
USR084,01000000084,Demo User 084,FP0001361,2026-04-11T00:55:58+06:00,Thai Kitchen Demo,Thai,Farmgate,23.753181,90.391374,833,card,delivered,2026-04-11T02:14:58+06:00,True
USR084,01000000084,Demo User 084,FP0001360,2026-04-12T07:44:10+06:00,Thai Kitchen Demo,Thai,Wari,23.71295,90.419412,385,cash,delivered,2026-04-12T09:28:10+06:00,True
USR084,01000000084,Demo User 084,FP0001356,2026-04-12T18:39:23+06:00,Dhaka Biryani Demo,Biryani,Mohakhali,23.781179,90.403587,1192,cash,delivered,2026-04-12T20:27:23+06:00,True
USR084,01000000084,Demo User 084,FP0001355,2026-04-22T19:01:32+06:00,Kebab House Demo,Kebab,Mirpur,23.827339,90.36193,1031,card,delivered,2026-04-22T20:39:32+06:00,True
USR084,01000000084,Demo User 084,FP0001364,2026-04-28T09:44:37+06:00,Thai Kitchen Demo,Thai,Wari,23.712942,90.424211,1778,cash,delivered,2026-04-28T10:59:37+06:00,True
USR084,01000000084,Demo User 084,FP0001357,2026-05-02T02:25:27+06:00,Thai Kitchen Demo,Thai,Tejgaon,23.76076,90.393342,1413,card,delivered,2026-05-02T05:02:27+06:00,True
USR084,01000000084,Demo User 084,FP0001353,2026-06-07T13:14:22+06:00,Chicken Express Demo,Fast Food,Rampura,23.761275,90.426359,1581,mobile_wallet,in_progress,2026-06-07T13:34:22+06:00,True
USR084,01000000084,Demo User 084,FP0001349,2026-06-07T20:58:40+06:00,Kebab House Demo,Kebab,Pallabi,23.825703,90.365485,266,cash,delivered,2026-06-07T23:03:40+06:00,True
USR084,01000000084,Demo User 084,FP0001351,2026-06-08T10:42:11+06:00,Chicken Express Demo,Fast Food,Uttara,23.879829,90.372738,1795,mobile_wallet,delivered,2026-06-08T11:44:11+06:00,True
USR084,01000000084,Demo User 084,FP0001350,2026-07-14T21:14:09+06:00,Burger Lab Demo,Burgers,Mirpur,23.816959,90.367833,827,card,delivered,2026-07-14T23:59:09+06:00,True
USR084,01000000084,Demo User 084,FP0001363,2026-07-14T22:32:35+06:00,Burger Lab Demo,Burgers,Mohammadpur,23.766568,90.350933,262,cash,delivered,2026-07-14T23:47:35+06:00,True
USR084,01000000084,Demo User 084,FP0001362,2026-08-01T10:23:09+06:00,Cafe Metro Demo,Cafe,Farmgate,23.759632,90.395678,490,mobile_wallet,delivered,2026-08-01T12:12:09+06:00,True
USR084,01000000084,Demo User 084,FP0001358,2026-08-09T05:20:39+06:00,Chicken Express Demo,Fast Food,Mohammadpur,23.76712,90.35364,740,cash,delivered,2026-08-09T07:46:39+06:00,True
USR085,01000000085,Demo User 085,FP0001365,2026-03-06T11:29:06+06:00,Cafe Metro Demo,Cafe,Wari,23.717815,90.413433,993,card,delivered,2026-03-06T14:10:06+06:00,True
USR085,01000000085,Demo User 085,FP0001367,2026-03-23T18:55:54+06:00,Thai Kitchen Demo,Thai,Badda,23.786956,90.430244,811,cash,delivered,2026-03-23T20:27:54+06:00,True
USR085,01000000085,Demo User 085,FP0001376,2026-03-25T19:25:49+06:00,Thai Kitchen Demo,Thai,Khilgaon,23.750481,90.427385,1729,card,delivered,2026-03-25T22:24:49+06:00,True
USR085,01000000085,Demo User 085,FP0001371,2026-03-29T10:07:35+06:00,Cafe Metro Demo,Cafe,Uttara,23.877347,90.372644,1533,mobile_wallet,refunded,2026-03-29T12:31:35+06:00,True
USR085,01000000085,Demo User 085,FP0001377,2026-04-08T02:42:14+06:00,Pizza Corner Demo,Pizza,Rampura,23.765804,90.427116,776,cash,delivered,2026-04-08T03:20:14+06:00,True
USR085,01000000085,Demo User 085,FP0001369,2026-04-08T20:36:35+06:00,Burger Lab Demo,Burgers,Mohakhali,23.778556,90.39517,713,cash,in_progress,2026-04-08T22:24:35+06:00,True
USR085,01000000085,Demo User 085,FP0001372,2026-05-04T08:34:51+06:00,Thai Kitchen Demo,Thai,Motijheel,23.734575,90.414598,492,mobile_wallet,delivered,2026-05-04T10:41:51+06:00,True
USR085,01000000085,Demo User 085,FP0001375,2026-05-08T17:33:20+06:00,Burger Lab Demo,Burgers,Pallabi,23.833974,90.366127,215,card,delivered,2026-05-08T18:48:20+06:00,True
USR085,01000000085,Demo User 085,FP0001366,2026-05-12T23:16:29+06:00,Chicken Express Demo,Fast Food,Banani,23.791892,90.408233,861,card,delivered,2026-05-13T00:19:29+06:00,True
USR085,01000000085,Demo User 085,FP0001373,2026-05-14T14:53:47+06:00,Chicken Express Demo,Fast Food,Shyamoli,23.776425,90.360051,861,mobile_wallet,delivered,2026-05-14T16:45:47+06:00,True
USR085,01000000085,Demo User 085,FP0001370,2026-06-18T17:48:03+06:00,Rice & Curry Demo,Bangla,Wari,23.711519,90.424886,303,card,cancelled,2026-06-18T20:01:03+06:00,True
USR085,01000000085,Demo User 085,FP0001374,2026-06-27T15:16:23+06:00,Thai Kitchen Demo,Thai,Shyamoli,23.781233,90.361187,1366,cash,refunded,2026-06-27T15:49:23+06:00,True
USR085,01000000085,Demo User 085,FP0001368,2026-08-07T18:42:56+06:00,Pizza Corner Demo,Pizza,Pallabi,23.831454,90.356528,1767,cash,delivered,2026-08-07T21:35:56+06:00,True
USR086,01000000086,Demo User 086,FP0001386,2026-02-10T23:36:57+06:00,Kebab House Demo,Kebab,Pallabi,23.836089,90.356065,412,card,delivered,2026-02-11T01:37:57+06:00,True
USR086,01000000086,Demo User 086,FP0001390,2026-02-28T03:23:05+06:00,Pizza Corner Demo,Pizza,Rampura,23.768214,90.426831,797,mobile_wallet,delivered,2026-02-28T04:32:05+06:00,True
USR086,01000000086,Demo User 086,FP0001394,2026-03-02T14:15:37+06:00,Kebab House Demo,Kebab,Mohammadpur,23.765307,90.363026,746,cash,delivered,2026-03-02T14:41:37+06:00,True
USR086,01000000086,Demo User 086,FP0001378,2026-03-23T15:34:25+06:00,Burger Lab Demo,Burgers,Gulshan,23.797352,90.409773,416,card,delivered,2026-03-23T17:20:25+06:00,True
USR086,01000000086,Demo User 086,FP0001382,2026-04-06T05:09:25+06:00,Thai Kitchen Demo,Thai,Shyamoli,23.772958,90.370695,188,mobile_wallet,delivered,2026-04-06T08:07:25+06:00,True
USR086,01000000086,Demo User 086,FP0001379,2026-04-06T19:18:26+06:00,Cafe Metro Demo,Cafe,Banani,23.799531,90.403812,1254,cash,delivered,2026-04-06T19:42:26+06:00,True
USR086,01000000086,Demo User 086,FP0001388,2026-04-13T04:30:17+06:00,Chicken Express Demo,Fast Food,Pallabi,23.828704,90.370506,1528,mobile_wallet,delivered,2026-04-13T06:15:17+06:00,True
USR086,01000000086,Demo User 086,FP0001392,2026-04-13T16:13:18+06:00,Cafe Metro Demo,Cafe,Farmgate,23.753749,90.382084,1628,mobile_wallet,delivered,2026-04-13T19:10:18+06:00,True
USR086,01000000086,Demo User 086,FP0001393,2026-04-19T07:42:34+06:00,Cafe Metro Demo,Cafe,Mohakhali,23.788776,90.393122,573,mobile_wallet,delivered,2026-04-19T09:21:34+06:00,True
USR086,01000000086,Demo User 086,FP0001389,2026-04-26T13:02:56+06:00,Pizza Corner Demo,Pizza,Rampura,23.767648,90.418806,1146,mobile_wallet,delivered,2026-04-26T13:59:56+06:00,True
USR086,01000000086,Demo User 086,FP0001396,2026-05-25T16:04:52+06:00,Cafe Metro Demo,Cafe,Mirpur,23.823631,90.371986,1246,cash,delivered,2026-05-25T18:21:52+06:00,True
USR086,01000000086,Demo User 086,FP0001385,2026-05-26T05:57:26+06:00,Rice & Curry Demo,Bangla,Tejgaon,23.764042,90.398525,634,mobile_wallet,delivered,2026-05-26T07:56:26+06:00,True
USR086,01000000086,Demo User 086,FP0001391,2026-05-28T22:17:16+06:00,Kebab House Demo,Kebab,Farmgate,23.756264,90.390712,650,mobile_wallet,delivered,2026-05-28T23:01:16+06:00,True
USR086,01000000086,Demo User 086,FP0001383,2026-05-29T20:53:21+06:00,Cafe Metro Demo,Cafe,Old Dhaka,23.710579,90.413247,1278,cash,delivered,2026-05-29T23:22:21+06:00,True
USR086,01000000086,Demo User 086,FP0001395,2026-06-16T15:51:13+06:00,Cafe Metro Demo,Cafe,Badda,23.772604,90.419691,539,mobile_wallet,delivered,2026-06-16T17:59:13+06:00,True
USR086,01000000086,Demo User 086,FP0001384,2026-06-19T21:36:21+06:00,Pizza Corner Demo,Pizza,Wari,23.71772,90.424074,474,mobile_wallet,refunded,2026-06-19T22:41:21+06:00,True
USR086,01000000086,Demo User 086,FP0001387,2026-07-02T14:01:24+06:00,Pizza Corner Demo,Pizza,Bashundhara,23.810029,90.431763,738,mobile_wallet,delivered,2026-07-02T16:47:24+06:00,True
USR086,01000000086,Demo User 086,FP0001380,2026-07-07T13:56:28+06:00,Rice & Curry Demo,Bangla,Dhanmondi,23.75066,90.368976,1222,card,delivered,2026-07-07T14:43:28+06:00,True
USR086,01000000086,Demo User 086,FP0001381,2026-07-26T21:37:46+06:00,Cafe Metro Demo,Cafe,Tejgaon,23.76718,90.390394,1041,card,delivered,2026-07-27T00:12:46+06:00,True
USR087,01000000087,Demo User 087,FP0001397,2026-02-17T02:33:37+06:00,Kebab House Demo,Kebab,Dhanmondi,23.742133,90.376475,432,cash,delivered,2026-02-17T02:58:37+06:00,True
USR087,01000000087,Demo User 087,FP0001414,2026-02-28T07:53:17+06:00,Kebab House Demo,Kebab,Mirpur,23.818496,90.370679,425,cash,delivered,2026-02-28T09:33:17+06:00,True
USR087,01000000087,Demo User 087,FP0001405,2026-03-02T23:57:52+06:00,Chicken Express Demo,Fast Food,Mirpur,23.818906,90.366855,605,card,delivered,2026-03-03T01:42:52+06:00,True
USR087,01000000087,Demo User 087,FP0001413,2026-03-13T05:49:10+06:00,Rice & Curry Demo,Bangla,Mirpur,23.818742,90.366523,668,mobile_wallet,cancelled,2026-03-13T07:45:10+06:00,True
USR087,01000000087,Demo User 087,FP0001412,2026-03-13T15:36:33+06:00,Burger Lab Demo,Burgers,Mirpur,23.815859,90.362467,190,cash,in_progress,2026-03-13T18:23:33+06:00,True
USR087,01000000087,Demo User 087,FP0001404,2026-03-23T14:26:13+06:00,Rice & Curry Demo,Bangla,Motijheel,23.729064,90.412117,1127,mobile_wallet,delivered,2026-03-23T15:04:13+06:00,True
USR087,01000000087,Demo User 087,FP0001407,2026-03-28T07:56:53+06:00,Pizza Corner Demo,Pizza,Banani,23.792861,90.410268,800,mobile_wallet,refunded,2026-03-28T10:29:53+06:00,True
USR087,01000000087,Demo User 087,FP0001408,2026-04-25T05:21:53+06:00,Pizza Corner Demo,Pizza,Gulshan,23.786593,90.402821,1291,cash,cancelled,2026-04-25T06:16:53+06:00,True
USR087,01000000087,Demo User 087,FP0001400,2026-05-10T23:47:22+06:00,Pizza Corner Demo,Pizza,Old Dhaka,23.708675,90.403394,987,card,delivered,2026-05-11T02:32:22+06:00,True
USR087,01000000087,Demo User 087,FP0001415,2026-05-18T17:59:15+06:00,Burger Lab Demo,Burgers,Mirpur,23.824471,90.363886,1666,cash,delivered,2026-05-18T19:14:15+06:00,True
USR087,01000000087,Demo User 087,FP0001410,2026-05-22T19:53:50+06:00,Kebab House Demo,Kebab,Mirpur,23.825451,90.37067,1783,cash,delivered,2026-05-22T20:33:50+06:00,True
USR087,01000000087,Demo User 087,FP0001409,2026-05-24T11:59:17+06:00,Chicken Express Demo,Fast Food,Badda,23.78435,90.433095,1545,cash,delivered,2026-05-24T12:25:17+06:00,True
USR087,01000000087,Demo User 087,FP0001399,2026-06-20T01:02:18+06:00,Rice & Curry Demo,Bangla,Badda,23.773037,90.426973,392,cash,delivered,2026-06-20T03:49:18+06:00,True
USR087,01000000087,Demo User 087,FP0001403,2026-06-20T17:22:45+06:00,Dhaka Biryani Demo,Biryani,Mirpur,23.827238,90.370039,254,cash,delivered,2026-06-20T19:33:45+06:00,True
USR087,01000000087,Demo User 087,FP0001402,2026-06-22T04:12:04+06:00,Thai Kitchen Demo,Thai,Old Dhaka,23.714282,90.411237,1643,mobile_wallet,delivered,2026-06-22T06:26:04+06:00,True
USR087,01000000087,Demo User 087,FP0001406,2026-07-14T14:53:39+06:00,Kebab House Demo,Kebab,Pallabi,23.828573,90.362261,1566,cash,delivered,2026-07-14T15:38:39+06:00,True
USR087,01000000087,Demo User 087,FP0001411,2026-07-15T01:25:34+06:00,Burger Lab Demo,Burgers,Badda,23.772982,90.423074,783,mobile_wallet,delivered,2026-07-15T02:48:34+06:00,True
USR087,01000000087,Demo User 087,FP0001401,2026-07-24T06:09:53+06:00,Chicken Express Demo,Fast Food,Mohammadpur,23.762192,90.36321,570,mobile_wallet,delivered,2026-07-24T07:17:53+06:00,True
USR087,01000000087,Demo User 087,FP0001398,2026-08-06T18:59:06+06:00,Kebab House Demo,Kebab,Banani,23.794556,90.404519,1052,card,delivered,2026-08-06T21:26:06+06:00,True
USR088,01000000088,Demo User 088,FP0001420,2026-02-13T16:04:54+06:00,Dhaka Biryani Demo,Biryani,Mirpur,23.824799,90.367298,411,mobile_wallet,delivered,2026-02-13T18:02:54+06:00,True
USR088,01000000088,Demo User 088,FP0001428,2026-02-14T04:37:55+06:00,Burger Lab Demo,Burgers,Gulshan,23.796818,90.409078,623,card,delivered,2026-02-14T05:43:55+06:00,True
USR088,01000000088,Demo User 088,FP0001432,2026-02-18T01:15:48+06:00,Thai Kitchen Demo,Thai,Dhanmondi,23.742576,90.38077,949,card,delivered,2026-02-18T02:14:48+06:00,True
USR088,01000000088,Demo User 088,FP0001436,2026-02-19T12:41:13+06:00,Pizza Corner Demo,Pizza,Mirpur,23.814521,90.373137,1486,mobile_wallet,delivered,2026-02-19T13:13:13+06:00,True
USR088,01000000088,Demo User 088,FP0001427,2026-03-06T23:03:21+06:00,Dhaka Biryani Demo,Biryani,Farmgate,23.760097,90.384509,1408,card,delivered,2026-03-07T01:24:21+06:00,True
USR088,01000000088,Demo User 088,FP0001424,2026-03-27T11:06:00+06:00,Chicken Express Demo,Fast Food,Old Dhaka,23.708964,90.402814,590,card,delivered,2026-03-27T13:49:00+06:00,True
USR088,01000000088,Demo User 088,FP0001435,2026-04-07T04:04:42+06:00,Chicken Express Demo,Fast Food,Mohammadpur,23.771193,90.352039,671,cash,delivered,2026-04-07T05:09:42+06:00,True
USR088,01000000088,Demo User 088,FP0001417,2026-05-27T11:55:03+06:00,Chicken Express Demo,Fast Food,Wari,23.711837,90.416377,501,card,delivered,2026-05-27T13:30:03+06:00,True
USR088,01000000088,Demo User 088,FP0001426,2026-06-05T01:23:02+06:00,Kebab House Demo,Kebab,Shyamoli,23.776974,90.361663,484,mobile_wallet,cancelled,2026-06-05T02:58:02+06:00,True
USR088,01000000088,Demo User 088,FP0001418,2026-06-11T05:53:10+06:00,Rice & Curry Demo,Bangla,Mohammadpur,23.757807,90.358065,817,mobile_wallet,delivered,2026-06-11T07:10:10+06:00,True
USR088,01000000088,Demo User 088,FP0001419,2026-06-17T21:29:48+06:00,Kebab House Demo,Kebab,Pallabi,23.834657,90.367784,420,cash,delivered,2026-06-17T23:18:48+06:00,True
USR088,01000000088,Demo User 088,FP0001430,2026-06-20T13:54:13+06:00,Pizza Corner Demo,Pizza,Mohakhali,23.785271,90.401957,1613,cash,cancelled,2026-06-20T15:03:13+06:00,True
USR088,01000000088,Demo User 088,FP0001434,2026-07-10T22:47:49+06:00,Burger Lab Demo,Burgers,Pallabi,23.832582,90.356323,576,card,delivered,2026-07-11T00:32:49+06:00,True
USR088,01000000088,Demo User 088,FP0001429,2026-07-17T03:43:40+06:00,Chicken Express Demo,Fast Food,Gulshan,23.789766,90.405745,1599,cash,delivered,2026-07-17T06:36:40+06:00,True
USR088,01000000088,Demo User 088,FP0001421,2026-07-18T15:21:05+06:00,Burger Lab Demo,Burgers,Mohammadpur,23.773283,90.35559,1685,cash,delivered,2026-07-18T18:17:05+06:00,True
USR088,01000000088,Demo User 088,FP0001423,2026-07-22T02:01:39+06:00,Pizza Corner Demo,Pizza,Mohammadpur,23.760804,90.356497,1167,mobile_wallet,delivered,2026-07-22T03:23:39+06:00,True
USR088,01000000088,Demo User 088,FP0001431,2026-07-28T00:01:50+06:00,Thai Kitchen Demo,Thai,Wari,23.724586,90.412809,811,cash,delivered,2026-07-28T02:51:50+06:00,True
USR088,01000000088,Demo User 088,FP0001422,2026-07-28T10:13:18+06:00,Cafe Metro Demo,Cafe,Khilgaon,23.744741,90.425558,545,card,delivered,2026-07-28T12:45:18+06:00,True
USR088,01000000088,Demo User 088,FP0001416,2026-08-03T21:28:40+06:00,Burger Lab Demo,Burgers,Wari,23.720969,90.416937,1058,mobile_wallet,delivered,2026-08-03T22:56:40+06:00,True
USR088,01000000088,Demo User 088,FP0001425,2026-08-04T16:21:48+06:00,Dhaka Biryani Demo,Biryani,Mohakhali,23.775502,90.396665,498,card,delivered,2026-08-04T18:56:48+06:00,True
USR088,01000000088,Demo User 088,FP0001433,2026-08-05T23:31:20+06:00,Chicken Express Demo,Fast Food,Banani,23.800583,90.400423,876,mobile_wallet,cancelled,2026-08-06T00:28:20+06:00,True
USR089,01000000089,Demo User 089,FP0001446,2026-02-25T10:57:31+06:00,Chicken Express Demo,Fast Food,Tejgaon,23.759968,90.400306,346,card,delivered,2026-02-25T12:06:31+06:00,True
USR089,01000000089,Demo User 089,FP0001440,2026-04-22T04:34:35+06:00,Cafe Metro Demo,Cafe,Gulshan,23.787535,90.408969,1703,cash,delivered,2026-04-22T04:59:35+06:00,True
USR089,01000000089,Demo User 089,FP0001447,2026-05-02T13:37:14+06:00,Burger Lab Demo,Burgers,Old Dhaka,23.711598,90.414607,245,cash,delivered,2026-05-02T16:37:14+06:00,True
USR089,01000000089,Demo User 089,FP0001437,2026-05-23T03:16:47+06:00,Thai Kitchen Demo,Thai,Khilgaon,23.751405,90.430136,635,mobile_wallet,delivered,2026-05-23T04:50:47+06:00,True
USR089,01000000089,Demo User 089,FP0001441,2026-06-03T15:21:01+06:00,Thai Kitchen Demo,Thai,Dhanmondi,23.749696,90.38125,534,cash,delivered,2026-06-03T17:07:01+06:00,True
USR089,01000000089,Demo User 089,FP0001445,2026-06-15T02:54:06+06:00,Burger Lab Demo,Burgers,Mohammadpur,23.773286,90.362865,500,mobile_wallet,delivered,2026-06-15T04:55:06+06:00,True
USR089,01000000089,Demo User 089,FP0001448,2026-06-24T19:36:11+06:00,Rice & Curry Demo,Bangla,Dhanmondi,23.740431,90.377503,1061,mobile_wallet,delivered,2026-06-24T22:10:11+06:00,True
USR089,01000000089,Demo User 089,FP0001439,2026-07-02T17:48:19+06:00,Rice & Curry Demo,Bangla,Uttara,23.873661,90.378137,1272,card,in_progress,2026-07-02T18:36:19+06:00,True
USR089,01000000089,Demo User 089,FP0001444,2026-07-02T18:53:21+06:00,Kebab House Demo,Kebab,Wari,23.716444,90.419025,1304,cash,in_progress,2026-07-02T21:52:21+06:00,True
USR089,01000000089,Demo User 089,FP0001442,2026-07-03T11:04:39+06:00,Kebab House Demo,Kebab,Wari,23.717152,90.416834,1183,card,delivered,2026-07-03T12:56:39+06:00,True
USR089,01000000089,Demo User 089,FP0001443,2026-07-04T19:44:12+06:00,Burger Lab Demo,Burgers,Rampura,23.768754,90.419875,326,mobile_wallet,delivered,2026-07-04T22:40:12+06:00,True
USR089,01000000089,Demo User 089,FP0001449,2026-07-30T11:55:06+06:00,Thai Kitchen Demo,Thai,Khilgaon,23.744689,90.418316,1772,mobile_wallet,delivered,2026-07-30T12:48:06+06:00,True
USR089,01000000089,Demo User 089,FP0001438,2026-08-01T02:14:32+06:00,Pizza Corner Demo,Pizza,Badda,23.786151,90.419808,265,mobile_wallet,delivered,2026-08-01T02:53:32+06:00,True
USR090,01000000090,Demo User 090,FP0001460,2026-02-11T19:22:42+06:00,Kebab House Demo,Kebab,Motijheel,23.73931,90.423586,617,cash,delivered,2026-02-11T20:08:42+06:00,True
USR090,01000000090,Demo User 090,FP0001451,2026-02-23T06:05:05+06:00,Chicken Express Demo,Fast Food,Bashundhara,23.811922,90.424216,1213,cash,delivered,2026-02-23T06:32:05+06:00,True
USR090,01000000090,Demo User 090,FP0001461,2026-03-01T01:27:55+06:00,Pizza Corner Demo,Pizza,Badda,23.783435,90.429876,1643,card,delivered,2026-03-01T01:52:55+06:00,True
USR090,01000000090,Demo User 090,FP0001467,2026-03-06T11:26:59+06:00,Rice & Curry Demo,Bangla,Pallabi,23.827619,90.365641,1670,cash,delivered,2026-03-06T13:58:59+06:00,True
USR090,01000000090,Demo User 090,FP0001471,2026-03-15T07:48:19+06:00,Cafe Metro Demo,Cafe,Wari,23.725343,90.424486,1144,cash,delivered,2026-03-15T08:30:19+06:00,True
USR090,01000000090,Demo User 090,FP0001457,2026-03-15T15:36:53+06:00,Burger Lab Demo,Burgers,Gulshan,23.796808,90.402301,733,cash,delivered,2026-03-15T17:06:53+06:00,True
USR090,01000000090,Demo User 090,FP0001468,2026-03-16T18:05:56+06:00,Dhaka Biryani Demo,Biryani,Badda,23.788168,90.426385,982,cash,delivered,2026-03-16T19:17:56+06:00,True
USR090,01000000090,Demo User 090,FP0001453,2026-04-03T00:10:05+06:00,Rice & Curry Demo,Bangla,Mirpur,23.817242,90.360164,662,cash,cancelled,2026-04-03T01:57:05+06:00,True
USR090,01000000090,Demo User 090,FP0001452,2026-04-03T09:39:03+06:00,Dhaka Biryani Demo,Biryani,Banani,23.79314,90.400535,190,cash,cancelled,2026-04-03T10:18:03+06:00,True
USR090,01000000090,Demo User 090,FP0001470,2026-04-10T12:36:40+06:00,Rice & Curry Demo,Bangla,Shyamoli,23.782568,90.364327,1048,mobile_wallet,delivered,2026-04-10T14:09:40+06:00,True
USR090,01000000090,Demo User 090,FP0001463,2026-04-10T14:51:37+06:00,Pizza Corner Demo,Pizza,Rampura,23.763261,90.426553,708,mobile_wallet,delivered,2026-04-10T15:54:37+06:00,True
USR090,01000000090,Demo User 090,FP0001459,2026-05-02T15:16:32+06:00,Rice & Curry Demo,Bangla,Gulshan,23.791414,90.406042,1550,card,delivered,2026-05-02T17:29:32+06:00,True
USR090,01000000090,Demo User 090,FP0001450,2026-05-16T23:39:57+06:00,Rice & Curry Demo,Bangla,Dhanmondi,23.740466,90.383372,527,mobile_wallet,delivered,2026-05-17T00:59:57+06:00,True
USR090,01000000090,Demo User 090,FP0001462,2026-05-23T09:09:25+06:00,Chicken Express Demo,Fast Food,Shyamoli,23.769728,90.362805,1050,card,delivered,2026-05-23T11:31:25+06:00,True
USR090,01000000090,Demo User 090,FP0001454,2026-05-30T06:28:02+06:00,Pizza Corner Demo,Pizza,Rampura,23.762526,90.41424,1189,mobile_wallet,delivered,2026-05-30T07:55:02+06:00,True
USR090,01000000090,Demo User 090,FP0001469,2026-06-04T11:49:56+06:00,Chicken Express Demo,Fast Food,Bashundhara,23.811495,90.424013,241,card,delivered,2026-06-04T12:51:56+06:00,True
USR090,01000000090,Demo User 090,FP0001464,2026-06-17T00:48:34+06:00,Chicken Express Demo,Fast Food,Farmgate,23.752817,90.39019,1646,cash,delivered,2026-06-17T02:42:34+06:00,True
USR090,01000000090,Demo User 090,FP0001465,2026-06-25T08:13:05+06:00,Dhaka Biryani Demo,Biryani,Uttara,23.87344,90.371879,444,cash,delivered,2026-06-25T08:54:05+06:00,True
USR090,01000000090,Demo User 090,FP0001455,2026-06-29T17:12:56+06:00,Burger Lab Demo,Burgers,Badda,23.772943,90.426098,1413,mobile_wallet,delivered,2026-06-29T19:07:56+06:00,True
USR090,01000000090,Demo User 090,FP0001466,2026-06-29T23:05:27+06:00,Cafe Metro Demo,Cafe,Rampura,23.765416,90.414341,650,mobile_wallet,delivered,2026-06-30T01:39:27+06:00,True
USR090,01000000090,Demo User 090,FP0001458,2026-06-30T09:55:40+06:00,Kebab House Demo,Kebab,Bashundhara,23.820576,90.432933,1121,mobile_wallet,in_progress,2026-06-30T11:29:40+06:00,True
USR090,01000000090,Demo User 090,FP0001456,2026-07-09T11:50:29+06:00,Kebab House Demo,Kebab,Pallabi,23.821653,90.367028,1719,cash,delivered,2026-07-09T14:04:29+06:00,True
USR091,01000000091,Demo User 091,FP0001490,2026-02-20T22:20:18+06:00,Dhaka Biryani Demo,Biryani,Old Dhaka,23.703041,90.406637,432,mobile_wallet,delivered,2026-02-20T23:57:18+06:00,True
USR091,01000000091,Demo User 091,FP0001480,2026-03-06T23:48:56+06:00,Thai Kitchen Demo,Thai,Old Dhaka,23.703136,90.405074,768,mobile_wallet,delivered,2026-03-07T01:06:56+06:00,True
USR091,01000000091,Demo User 091,FP0001485,2026-03-08T22:17:48+06:00,Cafe Metro Demo,Cafe,Uttara,23.871916,90.373846,577,mobile_wallet,delivered,2026-03-09T00:22:48+06:00,True
USR091,01000000091,Demo User 091,FP0001476,2026-03-12T20:18:26+06:00,Cafe Metro Demo,Cafe,Shyamoli,23.782389,90.362477,1713,mobile_wallet,delivered,2026-03-12T22:42:26+06:00,True
USR091,01000000091,Demo User 091,FP0001487,2026-04-03T13:03:27+06:00,Kebab House Demo,Kebab,Rampura,23.766333,90.413929,1588,mobile_wallet,delivered,2026-04-03T13:26:27+06:00,True
USR091,01000000091,Demo User 091,FP0001472,2026-04-21T14:33:04+06:00,Cafe Metro Demo,Cafe,Bashundhara,23.809941,90.421967,1507,card,cancelled,2026-04-21T16:48:04+06:00,True
USR091,01000000091,Demo User 091,FP0001475,2026-05-01T02:49:15+06:00,Pizza Corner Demo,Pizza,Tejgaon,23.763418,90.397831,703,mobile_wallet,delivered,2026-05-01T05:19:15+06:00,True
USR091,01000000091,Demo User 091,FP0001484,2026-05-15T03:17:12+06:00,Dhaka Biryani Demo,Biryani,Uttara,23.871515,90.372423,727,cash,cancelled,2026-05-15T04:15:12+06:00,True
USR091,01000000091,Demo User 091,FP0001473,2026-05-15T21:42:18+06:00,Rice & Curry Demo,Bangla,Pallabi,23.822835,90.370625,953,mobile_wallet,delivered,2026-05-15T23:22:18+06:00,True
USR091,01000000091,Demo User 091,FP0001474,2026-05-19T06:40:27+06:00,Cafe Metro Demo,Cafe,Mohammadpur,23.767812,90.365093,1291,mobile_wallet,delivered,2026-05-19T07:48:27+06:00,True
USR091,01000000091,Demo User 091,FP0001486,2026-05-23T00:01:17+06:00,Dhaka Biryani Demo,Biryani,Mohakhali,23.787754,90.403983,979,mobile_wallet,delivered,2026-05-23T02:54:17+06:00,True
USR091,01000000091,Demo User 091,FP0001483,2026-06-05T01:01:54+06:00,Cafe Metro Demo,Cafe,Tejgaon,23.767563,90.40072,351,cash,delivered,2026-06-05T04:00:54+06:00,True
USR091,01000000091,Demo User 091,FP0001477,2026-06-11T19:04:28+06:00,Kebab House Demo,Kebab,Tejgaon,23.765714,90.394304,1635,card,delivered,2026-06-11T20:48:28+06:00,True
USR091,01000000091,Demo User 091,FP0001479,2026-06-20T14:58:37+06:00,Chicken Express Demo,Fast Food,Mohakhali,23.784023,90.405516,271,mobile_wallet,delivered,2026-06-20T17:41:37+06:00,True
USR091,01000000091,Demo User 091,FP0001478,2026-06-22T08:43:12+06:00,Dhaka Biryani Demo,Biryani,Farmgate,23.758742,90.387825,1733,mobile_wallet,in_progress,2026-06-22T11:06:12+06:00,True
USR091,01000000091,Demo User 091,FP0001489,2026-06-24T17:20:41+06:00,Chicken Express Demo,Fast Food,Farmgate,23.753883,90.392098,1530,mobile_wallet,delivered,2026-06-24T18:32:41+06:00,True
USR091,01000000091,Demo User 091,FP0001482,2026-07-04T08:19:48+06:00,Thai Kitchen Demo,Thai,Mohakhali,23.779929,90.404079,1455,mobile_wallet,delivered,2026-07-04T10:49:48+06:00,True
USR091,01000000091,Demo User 091,FP0001488,2026-07-14T21:34:43+06:00,Burger Lab Demo,Burgers,Wari,23.725739,90.413138,1427,card,cancelled,2026-07-14T22:46:43+06:00,True
USR091,01000000091,Demo User 091,FP0001481,2026-07-27T11:25:17+06:00,Thai Kitchen Demo,Thai,Wari,23.718046,90.411146,1009,card,delivered,2026-07-27T13:26:17+06:00,True
USR092,01000000092,Demo User 092,FP0001505,2026-02-15T19:36:59+06:00,Chicken Express Demo,Fast Food,Badda,23.780915,90.421025,499,mobile_wallet,delivered,2026-02-15T20:11:59+06:00,True
USR092,01000000092,Demo User 092,FP0001497,2026-02-19T15:48:33+06:00,Dhaka Biryani Demo,Biryani,Mirpur,23.824381,90.363232,671,cash,delivered,2026-02-19T17:02:33+06:00,True
USR092,01000000092,Demo User 092,FP0001492,2026-03-12T15:26:24+06:00,Chicken Express Demo,Fast Food,Tejgaon,23.758085,90.401065,1156,card,delivered,2026-03-12T16:02:24+06:00,True
USR092,01000000092,Demo User 092,FP0001503,2026-03-24T06:31:10+06:00,Thai Kitchen Demo,Thai,Farmgate,23.758783,90.384349,726,mobile_wallet,cancelled,2026-03-24T09:05:10+06:00,True
USR092,01000000092,Demo User 092,FP0001499,2026-04-25T05:34:10+06:00,Thai Kitchen Demo,Thai,Uttara,23.869972,90.373492,556,card,delivered,2026-04-25T06:58:10+06:00,True
USR092,01000000092,Demo User 092,FP0001495,2026-05-14T08:16:04+06:00,Burger Lab Demo,Burgers,Shyamoli,23.771725,90.359735,1580,cash,delivered,2026-05-14T08:41:04+06:00,True
USR092,01000000092,Demo User 092,FP0001496,2026-05-16T11:25:29+06:00,Cafe Metro Demo,Cafe,Dhanmondi,23.752306,90.380202,1587,cash,delivered,2026-05-16T14:15:29+06:00,True
USR092,01000000092,Demo User 092,FP0001502,2026-05-17T08:06:50+06:00,Kebab House Demo,Kebab,Mirpur,23.827561,90.372266,1075,cash,delivered,2026-05-17T10:58:50+06:00,True
USR092,01000000092,Demo User 092,FP0001491,2026-05-27T12:35:16+06:00,Dhaka Biryani Demo,Biryani,Mohakhali,23.78627,90.403771,1106,mobile_wallet,delivered,2026-05-27T15:08:16+06:00,True
USR092,01000000092,Demo User 092,FP0001500,2026-06-08T21:41:56+06:00,Thai Kitchen Demo,Thai,Tejgaon,23.758945,90.399324,1459,mobile_wallet,delivered,2026-06-09T00:24:56+06:00,True
USR092,01000000092,Demo User 092,FP0001494,2026-06-21T20:03:36+06:00,Pizza Corner Demo,Pizza,Motijheel,23.738663,90.413842,1786,cash,delivered,2026-06-21T23:03:36+06:00,True
USR092,01000000092,Demo User 092,FP0001498,2026-06-30T07:45:00+06:00,Thai Kitchen Demo,Thai,Banani,23.787069,90.413117,603,card,delivered,2026-06-30T08:14:00+06:00,True
USR092,01000000092,Demo User 092,FP0001504,2026-07-01T20:04:17+06:00,Pizza Corner Demo,Pizza,Pallabi,23.829805,90.356823,454,card,delivered,2026-07-01T21:41:17+06:00,True
USR092,01000000092,Demo User 092,FP0001493,2026-07-15T12:41:19+06:00,Chicken Express Demo,Fast Food,Mirpur,23.825375,90.362879,1476,mobile_wallet,delivered,2026-07-15T13:04:19+06:00,True
USR092,01000000092,Demo User 092,FP0001501,2026-07-30T11:34:49+06:00,Kebab House Demo,Kebab,Motijheel,23.730717,90.420435,915,cash,refunded,2026-07-30T14:34:49+06:00,True
USR093,01000000093,Demo User 093,FP0001513,2026-02-18T15:40:48+06:00,Chicken Express Demo,Fast Food,Banani,23.791624,90.399699,1080,card,delivered,2026-02-18T18:22:48+06:00,True
USR093,01000000093,Demo User 093,FP0001506,2026-02-25T14:21:48+06:00,Cafe Metro Demo,Cafe,Dhanmondi,23.745235,90.375617,641,card,delivered,2026-02-25T17:06:48+06:00,True
USR093,01000000093,Demo User 093,FP0001507,2026-03-15T05:58:13+06:00,Burger Lab Demo,Burgers,Mirpur,23.815143,90.366755,1361,mobile_wallet,delivered,2026-03-15T06:42:13+06:00,True
USR093,01000000093,Demo User 093,FP0001511,2026-03-22T04:27:10+06:00,Rice & Curry Demo,Bangla,Mohammadpur,23.762371,90.361453,886,card,cancelled,2026-03-22T05:10:10+06:00,True
USR093,01000000093,Demo User 093,FP0001510,2026-03-23T03:47:10+06:00,Thai Kitchen Demo,Thai,Mirpur,23.816452,90.364578,1580,mobile_wallet,delivered,2026-03-23T04:18:10+06:00,True
USR093,01000000093,Demo User 093,FP0001512,2026-04-02T23:51:53+06:00,Burger Lab Demo,Burgers,Gulshan,23.787935,90.405851,618,cash,delivered,2026-04-03T01:36:53+06:00,True
USR093,01000000093,Demo User 093,FP0001509,2026-05-02T21:32:34+06:00,Chicken Express Demo,Fast Food,Mohammadpur,23.773155,90.357638,1458,cash,delivered,2026-05-02T22:28:34+06:00,True
USR093,01000000093,Demo User 093,FP0001516,2026-05-08T23:27:45+06:00,Thai Kitchen Demo,Thai,Banani,23.795184,90.406614,330,card,cancelled,2026-05-09T01:23:45+06:00,True
USR093,01000000093,Demo User 093,FP0001515,2026-07-13T07:32:09+06:00,Pizza Corner Demo,Pizza,Tejgaon,23.757261,90.38654,1105,mobile_wallet,delivered,2026-07-13T08:11:09+06:00,True
USR093,01000000093,Demo User 093,FP0001514,2026-07-20T17:32:53+06:00,Burger Lab Demo,Burgers,Rampura,23.764575,90.414957,1504,card,cancelled,2026-07-20T17:58:53+06:00,True
USR093,01000000093,Demo User 093,FP0001508,2026-07-28T16:52:31+06:00,Cafe Metro Demo,Cafe,Rampura,23.758107,90.415993,1106,cash,delivered,2026-07-28T18:22:31+06:00,True
USR094,01000000094,Demo User 094,FP0001530,2026-02-19T14:50:43+06:00,Rice & Curry Demo,Bangla,Rampura,23.761148,90.422966,1688,mobile_wallet,delivered,2026-02-19T16:29:43+06:00,True
USR094,01000000094,Demo User 094,FP0001535,2026-03-16T21:45:07+06:00,Kebab House Demo,Kebab,Pallabi,23.826173,90.357759,764,cash,delivered,2026-03-16T22:27:07+06:00,True
USR094,01000000094,Demo User 094,FP0001525,2026-03-23T12:11:23+06:00,Kebab House Demo,Kebab,Mirpur,23.822251,90.370523,962,cash,cancelled,2026-03-23T12:55:23+06:00,True
USR094,01000000094,Demo User 094,FP0001533,2026-03-25T08:27:08+06:00,Pizza Corner Demo,Pizza,Bashundhara,23.810418,90.423463,809,card,delivered,2026-03-25T10:57:08+06:00,True
USR094,01000000094,Demo User 094,FP0001527,2026-04-07T16:59:25+06:00,Kebab House Demo,Kebab,Tejgaon,23.759409,90.391502,1708,mobile_wallet,delivered,2026-04-07T18:40:25+06:00,True
USR094,01000000094,Demo User 094,FP0001522,2026-04-17T02:25:04+06:00,Dhaka Biryani Demo,Biryani,Old Dhaka,23.70337,90.408561,692,mobile_wallet,refunded,2026-04-17T05:23:04+06:00,True
USR094,01000000094,Demo User 094,FP0001524,2026-06-01T03:28:19+06:00,Chicken Express Demo,Fast Food,Pallabi,23.826372,90.371705,873,mobile_wallet,delivered,2026-06-01T04:12:19+06:00,True
USR094,01000000094,Demo User 094,FP0001523,2026-06-02T21:25:21+06:00,Thai Kitchen Demo,Thai,Banani,23.796367,90.403222,576,cash,delivered,2026-06-02T22:17:21+06:00,True
USR094,01000000094,Demo User 094,FP0001520,2026-06-05T18:23:37+06:00,Pizza Corner Demo,Pizza,Shyamoli,23.776124,90.359022,1305,cash,delivered,2026-06-05T20:54:37+06:00,True
USR094,01000000094,Demo User 094,FP0001519,2026-06-10T03:32:45+06:00,Rice & Curry Demo,Bangla,Motijheel,23.739603,90.418109,1161,mobile_wallet,delivered,2026-06-10T06:20:45+06:00,True
USR094,01000000094,Demo User 094,FP0001526,2026-06-20T09:40:40+06:00,Thai Kitchen Demo,Thai,Pallabi,23.831054,90.365174,1102,card,cancelled,2026-06-20T12:34:40+06:00,True
USR094,01000000094,Demo User 094,FP0001528,2026-06-24T13:26:17+06:00,Rice & Curry Demo,Bangla,Bashundhara,23.818192,90.427797,1421,mobile_wallet,delivered,2026-06-24T14:31:17+06:00,True
USR094,01000000094,Demo User 094,FP0001532,2026-07-08T14:58:45+06:00,Dhaka Biryani Demo,Biryani,Khilgaon,23.753169,90.423004,610,mobile_wallet,delivered,2026-07-08T16:35:45+06:00,True
USR094,01000000094,Demo User 094,FP0001517,2026-07-10T15:13:49+06:00,Chicken Express Demo,Fast Food,Bashundhara,23.81886,90.428745,401,mobile_wallet,delivered,2026-07-10T16:04:49+06:00,True
USR094,01000000094,Demo User 094,FP0001518,2026-07-15T06:09:02+06:00,Thai Kitchen Demo,Thai,Shyamoli,23.77175,90.36202,1234,card,delivered,2026-07-15T06:56:02+06:00,True
USR094,01000000094,Demo User 094,FP0001531,2026-07-18T13:36:58+06:00,Cafe Metro Demo,Cafe,Shyamoli,23.772822,90.359202,699,mobile_wallet,delivered,2026-07-18T15:17:58+06:00,True
USR094,01000000094,Demo User 094,FP0001534,2026-07-28T04:48:17+06:00,Chicken Express Demo,Fast Food,Banani,23.799016,90.407085,804,card,delivered,2026-07-28T06:26:17+06:00,True
USR094,01000000094,Demo User 094,FP0001521,2026-08-06T12:00:05+06:00,Kebab House Demo,Kebab,Bashundhara,23.821435,90.420929,239,cash,delivered,2026-08-06T14:54:05+06:00,True
USR094,01000000094,Demo User 094,FP0001529,2026-08-09T07:07:23+06:00,Kebab House Demo,Kebab,Pallabi,23.833303,90.357285,384,cash,delivered,2026-08-09T08:09:23+06:00,True
USR095,01000000095,Demo User 095,FP0001550,2026-02-14T05:03:58+06:00,Pizza Corner Demo,Pizza,Banani,23.78703,90.399172,1026,mobile_wallet,delivered,2026-02-14T05:39:58+06:00,True
USR095,01000000095,Demo User 095,FP0001554,2026-03-03T19:00:23+06:00,Pizza Corner Demo,Pizza,Shyamoli,23.773232,90.360722,369,mobile_wallet,delivered,2026-03-03T19:38:23+06:00,True
USR095,01000000095,Demo User 095,FP0001537,2026-03-04T00:25:17+06:00,Chicken Express Demo,Fast Food,Mohakhali,23.785205,90.391502,1374,mobile_wallet,delivered,2026-03-04T03:03:17+06:00,True
USR095,01000000095,Demo User 095,FP0001539,2026-03-10T18:06:38+06:00,Rice & Curry Demo,Bangla,Shyamoli,23.772672,90.361485,1431,mobile_wallet,delivered,2026-03-10T18:35:38+06:00,True
USR095,01000000095,Demo User 095,FP0001540,2026-03-27T22:00:55+06:00,Thai Kitchen Demo,Thai,Pallabi,23.825729,90.371827,1366,mobile_wallet,delivered,2026-03-27T23:43:55+06:00,True
USR095,01000000095,Demo User 095,FP0001542,2026-04-21T05:03:42+06:00,Chicken Express Demo,Fast Food,Motijheel,23.727174,90.423918,950,mobile_wallet,delivered,2026-04-21T06:37:42+06:00,True
USR095,01000000095,Demo User 095,FP0001549,2026-05-03T17:43:26+06:00,Dhaka Biryani Demo,Biryani,Mirpur,23.829401,90.367615,766,card,delivered,2026-05-03T19:21:26+06:00,True
USR095,01000000095,Demo User 095,FP0001544,2026-05-17T14:51:37+06:00,Chicken Express Demo,Fast Food,Dhanmondi,23.753905,90.383186,880,cash,delivered,2026-05-17T16:36:37+06:00,True
USR095,01000000095,Demo User 095,FP0001556,2026-05-18T17:44:48+06:00,Chicken Express Demo,Fast Food,Badda,23.784935,90.421557,881,card,delivered,2026-05-18T19:19:48+06:00,True
USR095,01000000095,Demo User 095,FP0001548,2026-05-19T05:53:29+06:00,Pizza Corner Demo,Pizza,Old Dhaka,23.717512,90.404574,198,mobile_wallet,delivered,2026-05-19T06:27:29+06:00,True
USR095,01000000095,Demo User 095,FP0001541,2026-05-21T04:19:09+06:00,Burger Lab Demo,Burgers,Khilgaon,23.744058,90.432596,1404,cash,delivered,2026-05-21T05:16:09+06:00,True
USR095,01000000095,Demo User 095,FP0001536,2026-05-28T13:48:28+06:00,Chicken Express Demo,Fast Food,Farmgate,23.756073,90.39365,1043,mobile_wallet,delivered,2026-05-28T15:07:28+06:00,True
USR095,01000000095,Demo User 095,FP0001538,2026-06-07T17:01:00+06:00,Burger Lab Demo,Burgers,Old Dhaka,23.710564,90.408533,473,cash,in_progress,2026-06-07T18:01:00+06:00,True
USR095,01000000095,Demo User 095,FP0001547,2026-06-11T23:35:03+06:00,Burger Lab Demo,Burgers,Old Dhaka,23.715611,90.414842,429,card,delivered,2026-06-12T02:34:03+06:00,True
USR095,01000000095,Demo User 095,FP0001551,2026-06-18T12:14:13+06:00,Pizza Corner Demo,Pizza,Farmgate,23.75507,90.394892,1780,cash,cancelled,2026-06-18T13:40:13+06:00,True
USR095,01000000095,Demo User 095,FP0001555,2026-06-23T07:37:28+06:00,Pizza Corner Demo,Pizza,Wari,23.711338,90.425108,1041,cash,delivered,2026-06-23T09:03:28+06:00,True
USR095,01000000095,Demo User 095,FP0001546,2026-07-05T11:32:30+06:00,Thai Kitchen Demo,Thai,Mohakhali,23.777491,90.39911,299,card,delivered,2026-07-05T14:18:30+06:00,True
USR095,01000000095,Demo User 095,FP0001543,2026-07-27T18:15:03+06:00,Chicken Express Demo,Fast Food,Tejgaon,23.760251,90.399046,953,card,delivered,2026-07-27T20:37:03+06:00,True
USR095,01000000095,Demo User 095,FP0001552,2026-07-31T14:17:20+06:00,Dhaka Biryani Demo,Biryani,Dhanmondi,23.746116,90.376148,793,cash,delivered,2026-07-31T16:16:20+06:00,True
USR095,01000000095,Demo User 095,FP0001545,2026-08-03T02:48:00+06:00,Dhaka Biryani Demo,Biryani,Badda,23.78724,90.433784,1328,card,in_progress,2026-08-03T04:00:00+06:00,True
USR095,01000000095,Demo User 095,FP0001553,2026-08-08T01:34:41+06:00,Kebab House Demo,Kebab,Mohammadpur,23.767361,90.365376,1223,card,delivered,2026-08-08T03:55:41+06:00,True
USR096,01000000096,Demo User 096,FP0001572,2026-03-03T16:27:46+06:00,Burger Lab Demo,Burgers,Motijheel,23.731859,90.422405,1236,card,delivered,2026-03-03T19:03:46+06:00,True
USR096,01000000096,Demo User 096,FP0001575,2026-03-07T11:11:47+06:00,Chicken Express Demo,Fast Food,Gulshan,23.79013,90.411852,189,card,delivered,2026-03-07T12:27:47+06:00,True
USR096,01000000096,Demo User 096,FP0001561,2026-03-23T11:27:44+06:00,Chicken Express Demo,Fast Food,Dhanmondi,23.740886,90.372688,1289,cash,delivered,2026-03-23T14:07:44+06:00,True
USR096,01000000096,Demo User 096,FP0001559,2026-04-10T23:41:53+06:00,Thai Kitchen Demo,Thai,Gulshan,23.795508,90.402847,625,cash,delivered,2026-04-11T00:47:53+06:00,True
USR096,01000000096,Demo User 096,FP0001558,2026-04-17T07:26:46+06:00,Pizza Corner Demo,Pizza,Tejgaon,23.766231,90.389654,648,card,delivered,2026-04-17T08:09:46+06:00,True
USR096,01000000096,Demo User 096,FP0001573,2026-04-17T07:58:55+06:00,Pizza Corner Demo,Pizza,Rampura,23.767168,90.418078,240,cash,delivered,2026-04-17T08:38:55+06:00,True
USR096,01000000096,Demo User 096,FP0001570,2026-04-27T16:13:05+06:00,Kebab House Demo,Kebab,Mohammadpur,23.763699,90.361586,1154,mobile_wallet,delivered,2026-04-27T16:34:05+06:00,True
USR096,01000000096,Demo User 096,FP0001564,2026-05-01T02:17:03+06:00,Burger Lab Demo,Burgers,Badda,23.773412,90.423362,643,mobile_wallet,delivered,2026-05-01T03:40:03+06:00,True
USR096,01000000096,Demo User 096,FP0001574,2026-05-20T03:54:52+06:00,Dhaka Biryani Demo,Biryani,Khilgaon,23.75783,90.417663,1681,mobile_wallet,delivered,2026-05-20T04:32:52+06:00,True
USR096,01000000096,Demo User 096,FP0001563,2026-05-24T17:51:53+06:00,Cafe Metro Demo,Cafe,Old Dhaka,23.710981,90.409674,369,cash,delivered,2026-05-24T19:45:53+06:00,True
USR096,01000000096,Demo User 096,FP0001571,2026-05-29T23:45:54+06:00,Burger Lab Demo,Burgers,Motijheel,23.740325,90.418085,1529,cash,delivered,2026-05-30T01:28:54+06:00,True
USR096,01000000096,Demo User 096,FP0001560,2026-05-31T05:23:27+06:00,Chicken Express Demo,Fast Food,Mirpur,23.815166,90.362235,899,card,delivered,2026-05-31T06:46:27+06:00,True
USR096,01000000096,Demo User 096,FP0001562,2026-06-05T21:27:19+06:00,Thai Kitchen Demo,Thai,Gulshan,23.799615,90.408009,1016,mobile_wallet,delivered,2026-06-05T23:50:19+06:00,True
USR096,01000000096,Demo User 096,FP0001568,2026-06-06T22:39:59+06:00,Cafe Metro Demo,Cafe,Bashundhara,23.822584,90.427523,1637,card,delivered,2026-06-06T23:40:59+06:00,True
USR096,01000000096,Demo User 096,FP0001569,2026-06-19T15:22:11+06:00,Chicken Express Demo,Fast Food,Motijheel,23.73022,90.423751,472,cash,delivered,2026-06-19T18:18:11+06:00,True
USR096,01000000096,Demo User 096,FP0001557,2026-06-24T03:53:31+06:00,Pizza Corner Demo,Pizza,Mohammadpur,23.768196,90.35547,1762,cash,delivered,2026-06-24T04:26:31+06:00,True
USR096,01000000096,Demo User 096,FP0001565,2026-06-27T18:20:31+06:00,Burger Lab Demo,Burgers,Bashundhara,23.820011,90.421772,975,cash,delivered,2026-06-27T20:59:31+06:00,True
USR096,01000000096,Demo User 096,FP0001576,2026-06-28T23:42:40+06:00,Rice & Curry Demo,Bangla,Khilgaon,23.743708,90.424761,1787,mobile_wallet,delivered,2026-06-29T02:20:40+06:00,True
USR096,01000000096,Demo User 096,FP0001566,2026-07-09T09:33:57+06:00,Chicken Express Demo,Fast Food,Motijheel,23.735601,90.416863,491,cash,delivered,2026-07-09T10:39:57+06:00,True
USR096,01000000096,Demo User 096,FP0001567,2026-07-14T09:15:09+06:00,Chicken Express Demo,Fast Food,Wari,23.722163,90.419567,653,mobile_wallet,delivered,2026-07-14T12:00:09+06:00,True
USR097,01000000097,Demo User 097,FP0001586,2026-02-10T13:19:22+06:00,Chicken Express Demo,Fast Food,Mohakhali,23.779528,90.406096,1382,card,delivered,2026-02-10T14:11:22+06:00,True
USR097,01000000097,Demo User 097,FP0001585,2026-02-12T10:16:41+06:00,Burger Lab Demo,Burgers,Pallabi,23.821739,90.370785,1380,card,cancelled,2026-02-12T10:44:41+06:00,True
USR097,01000000097,Demo User 097,FP0001592,2026-02-26T21:53:14+06:00,Chicken Express Demo,Fast Food,Farmgate,23.75842,90.397657,993,card,delivered,2026-02-26T23:20:14+06:00,True
USR097,01000000097,Demo User 097,FP0001590,2026-03-07T22:54:56+06:00,Kebab House Demo,Kebab,Motijheel,23.726093,90.418452,1441,card,delivered,2026-03-08T00:31:56+06:00,True
USR097,01000000097,Demo User 097,FP0001577,2026-04-01T04:35:30+06:00,Thai Kitchen Demo,Thai,Farmgate,23.751947,90.395389,805,card,delivered,2026-04-01T06:59:30+06:00,True
USR097,01000000097,Demo User 097,FP0001589,2026-04-08T12:03:42+06:00,Dhaka Biryani Demo,Biryani,Mohakhali,23.785978,90.402338,1358,cash,delivered,2026-04-08T12:59:42+06:00,True
USR097,01000000097,Demo User 097,FP0001583,2026-04-24T21:44:50+06:00,Chicken Express Demo,Fast Food,Gulshan,23.796407,90.400537,964,cash,delivered,2026-04-24T23:30:50+06:00,True
USR097,01000000097,Demo User 097,FP0001591,2026-04-25T06:01:05+06:00,Thai Kitchen Demo,Thai,Khilgaon,23.755918,90.432255,764,card,delivered,2026-04-25T07:33:05+06:00,True
USR097,01000000097,Demo User 097,FP0001593,2026-04-27T06:13:38+06:00,Burger Lab Demo,Burgers,Mohakhali,23.788739,90.405898,1467,cash,delivered,2026-04-27T06:59:38+06:00,True
USR097,01000000097,Demo User 097,FP0001584,2026-05-13T02:42:37+06:00,Dhaka Biryani Demo,Biryani,Motijheel,23.729894,90.412733,580,mobile_wallet,delivered,2026-05-13T05:24:37+06:00,True
USR097,01000000097,Demo User 097,FP0001582,2026-05-22T06:48:29+06:00,Burger Lab Demo,Burgers,Wari,23.713076,90.413538,838,card,delivered,2026-05-22T07:36:29+06:00,True
USR097,01000000097,Demo User 097,FP0001588,2026-05-23T11:03:00+06:00,Kebab House Demo,Kebab,Wari,23.711842,90.414203,1094,cash,delivered,2026-05-23T11:47:00+06:00,True
USR097,01000000097,Demo User 097,FP0001587,2026-06-23T19:30:34+06:00,Kebab House Demo,Kebab,Wari,23.720385,90.414258,439,card,delivered,2026-06-23T22:18:34+06:00,True
USR097,01000000097,Demo User 097,FP0001580,2026-07-16T08:33:57+06:00,Chicken Express Demo,Fast Food,Pallabi,23.836071,90.359872,873,mobile_wallet,in_progress,2026-07-16T10:41:57+06:00,True
USR097,01000000097,Demo User 097,FP0001578,2026-07-18T12:05:27+06:00,Kebab House Demo,Kebab,Farmgate,23.759056,90.387359,239,cash,delivered,2026-07-18T12:50:27+06:00,True
USR097,01000000097,Demo User 097,FP0001581,2026-07-21T14:27:11+06:00,Cafe Metro Demo,Cafe,Banani,23.78901,90.410801,848,mobile_wallet,delivered,2026-07-21T16:16:11+06:00,True
USR097,01000000097,Demo User 097,FP0001579,2026-07-26T18:30:29+06:00,Dhaka Biryani Demo,Biryani,Mirpur,23.830137,90.360691,475,cash,delivered,2026-07-26T20:29:29+06:00,True
USR098,01000000098,Demo User 098,FP0001607,2026-02-23T23:59:21+06:00,Dhaka Biryani Demo,Biryani,Dhanmondi,23.751011,90.376106,394,cash,delivered,2026-02-24T01:51:21+06:00,True
USR098,01000000098,Demo User 098,FP0001595,2026-03-08T21:06:59+06:00,Kebab House Demo,Kebab,Rampura,23.761015,90.423619,800,card,delivered,2026-03-08T22:24:59+06:00,True
USR098,01000000098,Demo User 098,FP0001602,2026-03-16T08:24:39+06:00,Chicken Express Demo,Fast Food,Badda,23.788312,90.434393,1265,mobile_wallet,delivered,2026-03-16T08:49:39+06:00,True
USR098,01000000098,Demo User 098,FP0001608,2026-03-22T00:00:21+06:00,Kebab House Demo,Kebab,Wari,23.712561,90.424231,1199,mobile_wallet,in_progress,2026-03-22T02:07:21+06:00,True
USR098,01000000098,Demo User 098,FP0001601,2026-03-24T15:17:40+06:00,Thai Kitchen Demo,Thai,Mirpur,23.818742,90.372017,1714,cash,delivered,2026-03-24T16:19:40+06:00,True
USR098,01000000098,Demo User 098,FP0001599,2026-04-05T15:29:50+06:00,Rice & Curry Demo,Bangla,Mohakhali,23.781853,90.398904,1443,card,delivered,2026-04-05T16:37:50+06:00,True
USR098,01000000098,Demo User 098,FP0001594,2026-04-06T04:22:38+06:00,Thai Kitchen Demo,Thai,Rampura,23.761313,90.427305,1654,mobile_wallet,delivered,2026-04-06T04:42:38+06:00,True
USR098,01000000098,Demo User 098,FP0001600,2026-04-13T00:37:52+06:00,Dhaka Biryani Demo,Biryani,Wari,23.721904,90.410833,691,mobile_wallet,cancelled,2026-04-13T01:06:52+06:00,True
USR098,01000000098,Demo User 098,FP0001597,2026-04-13T13:14:28+06:00,Dhaka Biryani Demo,Biryani,Pallabi,23.833104,90.371779,611,card,delivered,2026-04-13T13:38:28+06:00,True
USR098,01000000098,Demo User 098,FP0001605,2026-05-24T22:05:34+06:00,Kebab House Demo,Kebab,Mohammadpur,23.767375,90.363378,1298,cash,delivered,2026-05-24T23:10:34+06:00,True
USR098,01000000098,Demo User 098,FP0001604,2026-07-02T06:45:57+06:00,Pizza Corner Demo,Pizza,Bashundhara,23.815701,90.425019,1482,cash,delivered,2026-07-02T08:31:57+06:00,True
USR098,01000000098,Demo User 098,FP0001603,2026-07-07T14:10:15+06:00,Cafe Metro Demo,Cafe,Shyamoli,23.779587,90.366144,1025,card,delivered,2026-07-07T17:08:15+06:00,True
USR098,01000000098,Demo User 098,FP0001596,2026-07-21T17:50:57+06:00,Chicken Express Demo,Fast Food,Wari,23.722589,90.415064,1756,cash,delivered,2026-07-21T20:43:57+06:00,True
USR098,01000000098,Demo User 098,FP0001606,2026-07-25T06:01:50+06:00,Kebab House Demo,Kebab,Farmgate,23.752401,90.39191,632,mobile_wallet,delivered,2026-07-25T07:38:50+06:00,True
USR098,01000000098,Demo User 098,FP0001598,2026-07-26T07:08:00+06:00,Kebab House Demo,Kebab,Motijheel,23.728109,90.416208,215,card,refunded,2026-07-26T10:08:00+06:00,True
USR099,01000000099,Demo User 099,FP0001609,2026-02-22T12:56:48+06:00,Chicken Express Demo,Fast Food,Mohammadpur,23.771289,90.356431,185,mobile_wallet,delivered,2026-02-22T13:39:48+06:00,True
USR099,01000000099,Demo User 099,FP0001621,2026-03-03T02:55:42+06:00,Pizza Corner Demo,Pizza,Mohammadpur,23.769675,90.359259,1508,cash,delivered,2026-03-03T04:10:42+06:00,True
USR099,01000000099,Demo User 099,FP0001616,2026-03-14T09:00:23+06:00,Burger Lab Demo,Burgers,Tejgaon,23.763615,90.394357,1749,card,delivered,2026-03-14T10:21:23+06:00,True
USR099,01000000099,Demo User 099,FP0001610,2026-03-15T08:17:58+06:00,Dhaka Biryani Demo,Biryani,Mirpur,23.825217,90.370932,1663,mobile_wallet,delivered,2026-03-15T10:43:58+06:00,True
USR099,01000000099,Demo User 099,FP0001618,2026-03-28T13:00:26+06:00,Thai Kitchen Demo,Thai,Old Dhaka,23.711153,90.407219,1583,mobile_wallet,delivered,2026-03-28T13:30:26+06:00,True
USR099,01000000099,Demo User 099,FP0001615,2026-04-14T03:51:33+06:00,Pizza Corner Demo,Pizza,Pallabi,23.835327,90.363871,813,cash,delivered,2026-04-14T05:06:33+06:00,True
USR099,01000000099,Demo User 099,FP0001619,2026-05-10T11:43:56+06:00,Kebab House Demo,Kebab,Dhanmondi,23.744955,90.374012,1371,mobile_wallet,cancelled,2026-05-10T12:40:56+06:00,True
USR099,01000000099,Demo User 099,FP0001614,2026-05-11T11:39:40+06:00,Pizza Corner Demo,Pizza,Mohammadpur,23.771348,90.361638,235,mobile_wallet,delivered,2026-05-11T13:19:40+06:00,True
USR099,01000000099,Demo User 099,FP0001617,2026-06-07T02:31:56+06:00,Dhaka Biryani Demo,Biryani,Mohakhali,23.776454,90.396431,342,mobile_wallet,delivered,2026-06-07T03:50:56+06:00,True
USR099,01000000099,Demo User 099,FP0001611,2026-06-08T15:32:51+06:00,Kebab House Demo,Kebab,Banani,23.798259,90.400806,1391,mobile_wallet,delivered,2026-06-08T18:00:51+06:00,True
USR099,01000000099,Demo User 099,FP0001620,2026-06-14T16:41:49+06:00,Pizza Corner Demo,Pizza,Gulshan,23.799913,90.409798,1711,card,delivered,2026-06-14T17:23:49+06:00,True
USR099,01000000099,Demo User 099,FP0001612,2026-06-20T04:03:01+06:00,Thai Kitchen Demo,Thai,Mohammadpur,23.772511,90.364804,536,card,delivered,2026-06-20T05:00:01+06:00,True
USR099,01000000099,Demo User 099,FP0001613,2026-07-02T02:25:50+06:00,Pizza Corner Demo,Pizza,Dhanmondi,23.738567,90.377278,1517,card,delivered,2026-07-02T02:51:50+06:00,True
USR099,01000000099,Demo User 099,FP0001622,2026-07-13T03:39:19+06:00,Chicken Express Demo,Fast Food,Bashundhara,23.822198,90.429401,1305,cash,delivered,2026-07-13T04:31:19+06:00,True
USR100,01000000100,Demo User 100,FP0001624,2026-02-19T16:07:45+06:00,Pizza Corner Demo,Pizza,Khilgaon,23.746365,90.427277,607,card,delivered,2026-02-19T16:42:45+06:00,True
USR100,01000000100,Demo User 100,FP0001625,2026-03-20T23:00:55+06:00,Thai Kitchen Demo,Thai,Farmgate,23.755783,90.382604,381,cash,delivered,2026-03-21T01:10:55+06:00,True
USR100,01000000100,Demo User 100,FP0001632,2026-04-15T03:16:41+06:00,Pizza Corner Demo,Pizza,Mohammadpur,23.765771,90.357346,431,cash,delivered,2026-04-15T05:02:41+06:00,True
USR100,01000000100,Demo User 100,FP0001627,2026-04-18T08:56:24+06:00,Cafe Metro Demo,Cafe,Motijheel,23.728234,90.422249,1750,card,delivered,2026-04-18T11:34:24+06:00,True
USR100,01000000100,Demo User 100,FP0001631,2026-04-19T22:05:09+06:00,Kebab House Demo,Kebab,Gulshan,23.796161,90.414892,470,cash,in_progress,2026-04-19T23:07:09+06:00,True
USR100,01000000100,Demo User 100,FP0001633,2026-05-10T19:54:02+06:00,Cafe Metro Demo,Cafe,Motijheel,23.725277,90.409496,476,cash,delivered,2026-05-10T22:30:02+06:00,True
USR100,01000000100,Demo User 100,FP0001634,2026-05-16T23:37:12+06:00,Dhaka Biryani Demo,Biryani,Mohakhali,23.77793,90.403915,186,cash,delivered,2026-05-17T00:14:12+06:00,True
USR100,01000000100,Demo User 100,FP0001623,2026-05-22T01:20:51+06:00,Dhaka Biryani Demo,Biryani,Wari,23.711769,90.415265,1761,card,delivered,2026-05-22T03:49:51+06:00,True
USR100,01000000100,Demo User 100,FP0001628,2026-05-23T05:10:46+06:00,Dhaka Biryani Demo,Biryani,Farmgate,23.754323,90.393325,1787,cash,delivered,2026-05-23T07:22:46+06:00,True
USR100,01000000100,Demo User 100,FP0001635,2026-06-06T14:59:00+06:00,Pizza Corner Demo,Pizza,Old Dhaka,23.708987,90.399575,1226,cash,refunded,2026-06-06T15:53:00+06:00,True
USR100,01000000100,Demo User 100,FP0001637,2026-06-29T02:38:41+06:00,Burger Lab Demo,Burgers,Mohammadpur,23.75874,90.36316,370,card,delivered,2026-06-29T05:24:41+06:00,True
USR100,01000000100,Demo User 100,FP0001626,2026-07-13T22:08:54+06:00,Burger Lab Demo,Burgers,Bashundhara,23.811462,90.431212,1279,mobile_wallet,cancelled,2026-07-13T23:03:54+06:00,True
USR100,01000000100,Demo User 100,FP0001636,2026-07-19T20:19:15+06:00,Pizza Corner Demo,Pizza,Shyamoli,23.773108,90.369901,1475,card,delivered,2026-07-19T20:39:15+06:00,True
USR100,01000000100,Demo User 100,FP0001629,2026-07-20T00:14:16+06:00,Chicken Express Demo,Fast Food,Pallabi,23.828344,90.359035,293,card,delivered,2026-07-20T03:12:16+06:00,True
USR100,01000000100,Demo User 100,FP0001630,2026-07-21T12:41:30+06:00,Burger Lab Demo,Burgers,Badda,23.781053,90.43188,515,cash,in_progress,2026-07-21T13:28:30+06:00,True
