user_id,phone,customer_name,parcel_id,user_role,booking_time,parcel_type,pickup_area,pickup_lat,pickup_lon,delivery_area,delivery_lat,delivery_lon,delivery_charge_bdt,parcel_status,source_updated_at,synthetic
USR001,01000000001,Demo User 001,PC0000003,sender,2026-02-18T21:24:13+06:00,medium_parcel,Uttara,23.878634,90.377679,Mirpur,23.819989,90.368154,134,delivered,2026-02-22T23:24:13+06:00,True
USR001,01000000001,Demo User 001,PC0000005,receiver,2026-04-09T02:51:38+06:00,large_parcel,Bashundhara,23.814521,90.430579,Mohammadpur,23.770347,90.353905,182,delivered,2026-04-09T04:51:38+06:00,True
USR001,01000000001,Demo User 001,PC0000006,receiver,2026-05-09T03:23:22+06:00,large_parcel,Rampura,23.766479,90.418322,Badda,23.775454,90.42193,163,delivered,2026-05-09T09:23:22+06:00,True
USR001,01000000001,Demo User 001,PC0000007,receiver,2026-05-27T00:00:01+06:00,medium_parcel,Bashundhara,23.821598,90.43095,Badda,23.78677,90.421758,283,delivered,2026-05-30T07:00:01+06:00,True
USR001,01000000001,Demo User 001,PC0000001,sender,2026-06-13T05:05:46+06:00,small_parcel,Gulshan,23.78841,90.400766,Farmgate,23.752022,90.383962,134,delivered,2026-06-14T17:05:46+06:00,True
USR001,01000000001,Demo User 001,PC0000002,receiver,2026-06-17T09:43:12+06:00,medium_parcel,Mohakhali,23.781839,90.402931,Tejgaon,23.769864,90.38915,172,cancelled,2026-06-20T19:43:12+06:00,True
USR001,01000000001,Demo User 001,PC0000004,sender,2026-08-03T14:12:12+06:00,medium_parcel,Uttara,23.877289,90.372385,Mirpur,23.826892,90.364153,94,delivered,2026-08-05T03:12:12+06:00,True
USR002,01000000002,Demo User 002,PC0000014,receiver,2026-02-21T06:28:55+06:00,large_parcel,Shyamoli,23.769998,90.370129,Old Dhaka,23.704883,90.412828,348,returned,2026-02-22T00:28:55+06:00,True
USR002,01000000002,Demo User 002,PC0000016,sender,2026-03-12T08:59:49+06:00,document,Old Dhaka,23.702588,90.408998,Tejgaon,23.759679,90.392122,73,in_transit,2026-03-13T06:59:49+06:00,True
USR002,01000000002,Demo User 002,PC0000010,receiver,2026-03-15T05:51:14+06:00,document,Mohakhali,23.783358,90.400133,Tejgaon,23.768,90.400025,298,delivered,2026-03-17T10:51:14+06:00,True
USR002,01000000002,Demo User 002,PC0000012,sender,2026-03-19T22:27:31+06:00,small_parcel,Pallabi,23.83439,90.37017,Wari,23.719182,90.414669,86,delivered,2026-03-20T21:27:31+06:00,True
USR002,01000000002,Demo User 002,PC0000018,receiver,2026-03-21T03:07:05+06:00,medium_parcel,Badda,23.773803,90.434376,Uttara,23.877907,90.384668,243,delivered,2026-03-24T22:07:05+06:00,True
USR002,01000000002,Demo User 002,PC0000009,sender,2026-03-26T18:02:09+06:00,document,Rampura,23.767263,90.417465,Badda,23.781724,90.423083,310,delivered,2026-03-28T03:02:09+06:00,True
USR002,01000000002,Demo User 002,PC0000011,receiver,2026-04-21T08:44:59+06:00,large_parcel,Bashundhara,23.809546,90.42884,Gulshan,23.793115,90.404021,199,in_transit,2026-04-25T17:44:59+06:00,True
USR002,01000000002,Demo User 002,PC0000015,receiver,2026-05-07T23:09:21+06:00,small_parcel,Badda,23.78554,90.426335,Old Dhaka,23.717178,90.405978,172,delivered,2026-05-10T04:09:21+06:00,True
USR002,01000000002,Demo User 002,PC0000019,receiver,2026-05-16T23:37:42+06:00,large_parcel,Mohammadpur,23.772342,90.360103,Khilgaon,23.749237,90.427575,155,delivered,2026-05-19T12:37:42+06:00,True
USR002,01000000002,Demo User 002,PC0000020,receiver,2026-05-23T20:43:28+06:00,medium_parcel,Motijheel,23.737135,90.420433,Uttara,23.87147,90.381159,281,delivered,2026-05-25T23:43:28+06:00,True
USR002,01000000002,Demo User 002,PC0000013,sender,2026-06-03T18:01:49+06:00,small_parcel,Pallabi,23.826579,90.365432,Uttara,23.875743,90.374422,317,delivered,2026-06-07T16:01:49+06:00,True
USR002,01000000002,Demo User 002,PC0000017,sender,2026-06-15T20:28:22+06:00,large_parcel,Bashundhara,23.818378,90.423424,Pallabi,23.828822,90.358263,213,delivered,2026-06-15T22:28:22+06:00,True
USR002,01000000002,Demo User 002,PC0000021,receiver,2026-06-24T01:15:39+06:00,large_parcel,Dhanmondi,23.743464,90.380895,Mohakhali,23.782711,90.394546,117,delivered,2026-06-27T13:15:39+06:00,True
USR002,01000000002,Demo User 002,PC0000008,receiver,2026-07-10T11:21:50+06:00,large_parcel,Bashundhara,23.807868,90.426991,Rampura,23.768637,90.418556,165,delivered,2026-07-14T06:21:50+06:00,True
USR003,01000000003,Demo User 003,PC0000031,receiver,2026-02-19T17:29:52+06:00,large_parcel,Tejgaon,23.770302,90.390144,Old Dhaka,23.703432,90.409917,182,delivered,2026-02-21T19:29:52+06:00,True
USR003,01000000003,Demo User 003,PC0000034,receiver,2026-02-23T05:51:37+06:00,medium_parcel,Gulshan,23.791275,90.41428,Uttara,23.871315,90.377636,173,delivered,2026-02-27T20:51:37+06:00,True
USR003,01000000003,Demo User 003,PC0000023,receiver,2026-03-03T18:38:51+06:00,small_parcel,Mohammadpur,23.767906,90.362213,Shyamoli,23.768564,90.36552,194,delivered,2026-03-07T01:38:51+06:00,True
USR003,01000000003,Demo User 003,PC0000025,receiver,2026-03-07T10:55:55+06:00,medium_parcel,Tejgaon,23.767043,90.390902,Bashundhara,23.807729,90.42094,253,cancelled,2026-03-09T01:55:55+06:00,True
USR003,01000000003,Demo User 003,PC0000022,sender,2026-03-20T22:19:49+06:00,large_parcel,Mohammadpur,23.770816,90.36121,Tejgaon,23.757211,90.39726,79,delivered,2026-03-24T01:19:49+06:00,True
USR003,01000000003,Demo User 003,PC0000026,receiver,2026-04-11T03:43:50+06:00,document,Uttara,23.880213,90.385595,Farmgate,23.763915,90.395798,311,delivered,2026-04-15T21:43:50+06:00,True
USR003,01000000003,Demo User 003,PC0000029,receiver,2026-04-14T10:27:25+06:00,small_parcel,Uttara,23.868732,90.381833,Gulshan,23.794882,90.403222,280,delivered,2026-04-15T03:27:25+06:00,True
USR003,01000000003,Demo User 003,PC0000032,receiver,2026-07-01T14:49:19+06:00,small_parcel,Mohakhali,23.78084,90.396552,Badda,23.773652,90.433846,121,delivered,2026-07-04T13:49:19+06:00,True
USR003,01000000003,Demo User 003,PC0000027,receiver,2026-07-11T17:13:47+06:00,large_parcel,Mohammadpur,23.767317,90.36133,Bashundhara,23.811763,90.429802,179,delivered,2026-07-15T14:13:47+06:00,True
USR003,01000000003,Demo User 003,PC0000035,sender,2026-07-19T16:38:03+06:00,medium_parcel,Mirpur,23.828912,90.365213,Motijheel,23.740798,90.414573,212,returned,2026-07-21T14:38:03+06:00,True
USR003,01000000003,Demo User 003,PC0000028,receiver,2026-08-01T15:19:20+06:00,large_parcel,Mohammadpur,23.7709,90.364986,Mohakhali,23.7866,90.391378,240,delivered,2026-08-04T11:19:20+06:00,True
USR003,01000000003,Demo User 003,PC0000024,receiver,2026-08-03T08:20:43+06:00,small_parcel,Khilgaon,23.742539,90.424478,Mohakhali,23.774821,90.403659,111,returned,2026-08-05T03:20:43+06:00,True
USR003,01000000003,Demo User 003,PC0000033,receiver,2026-08-07T16:11:05+06:00,large_parcel,Mohakhali,23.777368,90.390907,Mohammadpur,23.76276,90.351511,83,delivered,2026-08-08T19:11:05+06:00,True
USR003,01000000003,Demo User 003,PC0000030,receiver,2026-08-09T08:20:55+06:00,document,Gulshan,23.798767,90.415356,Farmgate,23.760822,90.387536,259,delivered,2026-08-09T23:59:59+06:00,True
USR004,01000000004,Demo User 004,PC0000040,receiver,2026-02-16T23:26:03+06:00,small_parcel,Khilgaon,23.750886,90.421383,Motijheel,23.733029,90.418737,231,delivered,2026-02-21T08:26:03+06:00,True
USR004,01000000004,Demo User 004,PC0000039,sender,2026-02-17T20:21:34+06:00,document,Dhanmondi,23.754211,90.371453,Motijheel,23.730943,90.412272,89,delivered,2026-02-20T03:21:34+06:00,True
USR004,01000000004,Demo User 004,PC0000038,sender,2026-03-03T13:00:43+06:00,small_parcel,Banani,23.792246,90.403036,Shyamoli,23.769265,90.370393,168,delivered,2026-03-07T21:00:43+06:00,True
USR004,01000000004,Demo User 004,PC0000046,receiver,2026-04-06T16:02:36+06:00,medium_parcel,Mirpur,23.82561,90.364613,Mohakhali,23.7755,90.405587,147,picked_up,2026-04-08T01:02:36+06:00,True
USR004,01000000004,Demo User 004,PC0000036,receiver,2026-04-20T14:35:19+06:00,document,Farmgate,23.765888,90.388748,Gulshan,23.795321,90.40889,180,delivered,2026-04-21T04:35:19+06:00,True
USR004,01000000004,Demo User 004,PC0000041,sender,2026-04-21T01:53:46+06:00,large_parcel,Banani,23.800717,90.414412,Pallabi,23.821846,90.359416,236,delivered,2026-04-21T05:53:46+06:00,True
USR004,01000000004,Demo User 004,PC0000045,receiver,2026-04-24T18:37:21+06:00,small_parcel,Old Dhaka,23.710008,90.414856,Badda,23.773847,90.426049,155,delivered,2026-04-28T04:37:21+06:00,True
USR004,01000000004,Demo User 004,PC0000043,sender,2026-05-17T07:42:49+06:00,small_parcel,Old Dhaka,23.705708,90.406468,Tejgaon,23.768821,90.394642,319,delivered,2026-05-21T02:42:49+06:00,True
USR004,01000000004,Demo User 004,PC0000042,receiver,2026-06-05T03:09:39+06:00,small_parcel,Rampura,23.760624,90.418693,Badda,23.784646,90.427678,258,picked_up,2026-06-06T18:09:39+06:00,True
USR004,01000000004,Demo User 004,PC0000047,receiver,2026-06-09T17:23:58+06:00,document,Mohakhali,23.778949,90.395176,Old Dhaka,23.703201,90.407341,92,returned,2026-06-10T19:23:58+06:00,True
USR004,01000000004,Demo User 004,PC0000044,receiver,2026-07-16T10:15:28+06:00,medium_parcel,Dhanmondi,23.738783,90.37862,Mirpur,23.815523,90.357657,220,delivered,2026-07-18T17:15:28+06:00,True
USR004,01000000004,Demo User 004,PC0000037,receiver,2026-07-16T18:01:17+06:00,document,Mohakhali,23.77411,90.400635,Khilgaon,23.748233,90.431591,241,delivered,2026-07-19T16:01:17+06:00,True
USR005,01000000005,Demo User 005,PC0000049,receiver,2026-02-12T02:41:28+06:00,document,Old Dhaka,23.715735,90.406507,Bashundhara,23.821565,90.423364,248,delivered,2026-02-13T01:41:28+06:00,True
USR005,01000000005,Demo User 005,PC0000052,receiver,2026-02-14T01:46:59+06:00,medium_parcel,Gulshan,23.793892,90.401991,Uttara,23.868294,90.373432,306,in_transit,2026-02-18T19:46:59+06:00,True
USR005,01000000005,Demo User 005,PC0000051,receiver,2026-02-23T02:38:32+06:00,small_parcel,Banani,23.796716,90.403472,Wari,23.726822,90.410733,146,delivered,2026-02-26T19:38:32+06:00,True
USR005,01000000005,Demo User 005,PC0000050,sender,2026-03-24T23:15:06+06:00,small_parcel,Mirpur,23.825485,90.362314,Motijheel,23.734858,90.416051,314,delivered,2026-03-27T06:15:06+06:00,True
USR005,01000000005,Demo User 005,PC0000048,sender,2026-04-04T13:45:59+06:00,large_parcel,Farmgate,23.754544,90.39165,Mirpur,23.825493,90.362173,169,delivered,2026-04-08T12:45:59+06:00,True
USR005,01000000005,Demo User 005,PC0000058,sender,2026-04-08T15:00:55+06:00,large_parcel,Bashundhara,23.81653,90.420028,Badda,23.777546,90.422953,330,delivered,2026-04-09T01:00:55+06:00,True
USR005,01000000005,Demo User 005,PC0000060,sender,2026-04-27T06:50:56+06:00,medium_parcel,Motijheel,23.736155,90.410651,Shyamoli,23.772932,90.369244,153,picked_up,2026-05-02T00:50:56+06:00,True
USR005,01000000005,Demo User 005,PC0000055,sender,2026-05-04T22:49:04+06:00,small_parcel,Uttara,23.872981,90.377189,Mirpur,23.824756,90.359466,136,delivered,2026-05-09T16:49:04+06:00,True
USR005,01000000005,Demo User 005,PC0000054,receiver,2026-05-05T07:57:01+06:00,small_parcel,Motijheel,23.725152,90.414724,Wari,23.717615,90.414063,334,picked_up,2026-05-08T15:57:01+06:00,True
USR005,01000000005,Demo User 005,PC0000059,sender,2026-05-10T01:31:47+06:00,document,Mohammadpur,23.763608,90.356969,Farmgate,23.761945,90.38469,191,delivered,2026-05-12T23:31:47+06:00,True
USR005,01000000005,Demo User 005,PC0000056,receiver,2026-06-03T03:44:39+06:00,document,Gulshan,23.800383,90.413239,Tejgaon,23.768379,90.398072,238,delivered,2026-06-05T07:44:39+06:00,True
USR005,01000000005,Demo User 005,PC0000053,receiver,2026-07-10T12:06:29+06:00,small_parcel,Rampura,23.760968,90.426875,Shyamoli,23.767114,90.373397,115,delivered,2026-07-14T20:06:29+06:00,True
USR005,01000000005,Demo User 005,PC0000057,sender,2026-08-02T05:10:09+06:00,large_parcel,Khilgaon,23.749133,90.431489,Wari,23.715945,90.41354,83,returned,2026-08-06T05:10:09+06:00,True
USR006,01000000006,Demo User 006,PC0000070,sender,2026-02-15T18:44:24+06:00,medium_parcel,Bashundhara,23.808815,90.424721,Pallabi,23.828288,90.369473,127,delivered,2026-02-17T23:44:24+06:00,True
USR006,01000000006,Demo User 006,PC0000069,receiver,2026-03-05T23:15:38+06:00,small_parcel,Uttara,23.881467,90.382316,Tejgaon,23.762494,90.392203,258,delivered,2026-03-10T05:15:38+06:00,True
USR006,01000000006,Demo User 006,PC0000065,receiver,2026-05-01T19:34:09+06:00,medium_parcel,Gulshan,23.787776,90.414747,Khilgaon,23.747779,90.430019,153,in_transit,2026-05-02T13:34:09+06:00,True
USR006,01000000006,Demo User 006,PC0000064,receiver,2026-05-28T13:32:21+06:00,medium_parcel,Shyamoli,23.772993,90.361725,Khilgaon,23.751899,90.42272,297,delivered,2026-06-01T10:32:21+06:00,True
USR006,01000000006,Demo User 006,PC0000066,receiver,2026-06-02T17:12:35+06:00,medium_parcel,Wari,23.715588,90.425434,Rampura,23.754521,90.413621,305,cancelled,2026-06-03T23:12:35+06:00,True
USR006,01000000006,Demo User 006,PC0000061,sender,2026-06-25T03:10:49+06:00,small_parcel,Shyamoli,23.778868,90.364778,Farmgate,23.766307,90.394499,306,delivered,2026-06-29T06:10:49+06:00,True
USR006,01000000006,Demo User 006,PC0000068,receiver,2026-07-12T08:12:32+06:00,small_parcel,Wari,23.722268,90.414587,Motijheel,23.733219,90.422012,229,delivered,2026-07-13T00:12:32+06:00,True
USR006,01000000006,Demo User 006,PC0000063,sender,2026-07-15T15:23:47+06:00,document,Pallabi,23.827804,90.358523,Uttara,23.874903,90.379592,256,delivered,2026-07-17T11:23:47+06:00,True
USR006,01000000006,Demo User 006,PC0000067,receiver,2026-07-19T06:05:52+06:00,small_parcel,Wari,23.716384,90.413597,Old Dhaka,23.70553,90.410651,181,delivered,2026-07-23T07:05:52+06:00,True
USR006,01000000006,Demo User 006,PC0000062,receiver,2026-08-06T22:19:40+06:00,small_parcel,Dhanmondi,23.746575,90.379783,Khilgaon,23.744055,90.43224,326,delivered,2026-08-09T23:59:59+06:00,True
USR007,01000000007,Demo User 007,PC0000078,receiver,2026-02-12T06:44:38+06:00,small_parcel,Khilgaon,23.744015,90.428343,Gulshan,23.797926,90.410739,251,delivered,2026-02-15T20:44:38+06:00,True
USR007,01000000007,Demo User 007,PC0000076,receiver,2026-04-03T00:43:21+06:00,large_parcel,Dhanmondi,23.749813,90.370926,Khilgaon,23.746645,90.418873,263,delivered,2026-04-06T05:43:21+06:00,True
USR007,01000000007,Demo User 007,PC0000079,sender,2026-04-08T02:34:53+06:00,medium_parcel,Banani,23.796446,90.403625,Tejgaon,23.762889,90.397124,104,delivered,2026-04-08T09:34:53+06:00,True
USR007,01000000007,Demo User 007,PC0000073,receiver,2026-04-23T10:17:32+06:00,document,Gulshan,23.794738,90.411889,Rampura,23.759571,90.413193,130,delivered,2026-04-24T04:17:32+06:00,True
USR007,01000000007,Demo User 007,PC0000074,receiver,2026-04-27T07:26:56+06:00,large_parcel,Mirpur,23.818578,90.359009,Farmgate,23.751148,90.390356,257,delivered,2026-04-30T15:26:56+06:00,True
USR007,01000000007,Demo User 007,PC0000071,receiver,2026-05-10T15:16:46+06:00,medium_parcel,Motijheel,23.727023,90.416399,Old Dhaka,23.705331,90.409016,310,delivered,2026-05-13T15:16:46+06:00,True
USR007,01000000007,Demo User 007,PC0000072,sender,2026-06-22T13:56:43+06:00,small_parcel,Gulshan,23.797766,90.40296,Badda,23.7756,90.423037,282,delivered,2026-06-24T17:56:43+06:00,True
USR007,01000000007,Demo User 007,PC0000075,sender,2026-06-29T08:46:58+06:00,document,Banani,23.78614,90.405275,Mohammadpur,23.770361,90.353183,114,returned,2026-07-02T00:46:58+06:00,True
USR007,01000000007,Demo User 007,PC0000080,receiver,2026-07-25T20:54:43+06:00,document,Mohammadpur,23.759883,90.354485,Gulshan,23.797795,90.406824,290,delivered,2026-07-30T11:54:43+06:00,True
USR007,01000000007,Demo User 007,PC0000077,receiver,2026-08-09T23:39:10+06:00,large_parcel,Gulshan,23.788998,90.405048,Bashundhara,23.816872,90.433099,178,cancelled,2026-08-09T23:59:59+06:00,True
USR008,01000000008,Demo User 008,PC0000090,receiver,2026-03-15T02:05:13+06:00,large_parcel,Farmgate,23.763146,90.388698,Uttara,23.872399,90.384726,158,delivered,2026-03-17T17:05:13+06:00,True
USR008,01000000008,Demo User 008,PC0000089,sender,2026-03-30T23:11:57+06:00,medium_parcel,Khilgaon,23.749523,90.431781,Mohammadpur,23.768633,90.36529,241,delivered,2026-04-02T02:11:57+06:00,True
USR008,01000000008,Demo User 008,PC0000083,receiver,2026-04-08T05:36:08+06:00,document,Dhanmondi,23.749905,90.382468,Mohammadpur,23.769936,90.359818,240,delivered,2026-04-11T09:36:08+06:00,True
USR008,01000000008,Demo User 008,PC0000085,sender,2026-05-01T09:19:16+06:00,medium_parcel,Mirpur,23.821384,90.371645,Motijheel,23.730965,90.419887,242,delivered,2026-05-02T05:19:16+06:00,True
USR008,01000000008,Demo User 008,PC0000087,sender,2026-05-25T00:52:19+06:00,large_parcel,Mohakhali,23.778663,90.398294,Khilgaon,23.751714,90.428456,217,in_transit,2026-05-26T13:52:19+06:00,True
USR008,01000000008,Demo User 008,PC0000091,sender,2026-06-05T15:00:21+06:00,medium_parcel,Mohammadpur,23.7699,90.361248,Badda,23.783421,90.41972,289,in_transit,2026-06-08T07:00:21+06:00,True
USR008,01000000008,Demo User 008,PC0000088,sender,2026-06-08T09:34:09+06:00,small_parcel,Farmgate,23.758442,90.38463,Uttara,23.879721,90.383282,339,delivered,2026-06-11T00:34:09+06:00,True
USR008,01000000008,Demo User 008,PC0000082,receiver,2026-06-22T14:40:58+06:00,small_parcel,Bashundhara,23.812796,90.421458,Shyamoli,23.781629,90.361117,150,delivered,2026-06-26T02:40:58+06:00,True
USR008,01000000008,Demo User 008,PC0000086,sender,2026-07-15T21:38:14+06:00,medium_parcel,Mirpur,23.82552,90.370309,Shyamoli,23.777287,90.364501,268,delivered,2026-07-18T02:38:14+06:00,True
USR008,01000000008,Demo User 008,PC0000084,receiver,2026-07-22T18:05:41+06:00,document,Tejgaon,23.763848,90.391101,Mohakhali,23.780462,90.402111,158,delivered,2026-07-22T22:05:41+06:00,True
USR008,01000000008,Demo User 008,PC0000081,receiver,2026-08-05T11:58:57+06:00,medium_parcel,Old Dhaka,23.713142,90.412257,Badda,23.774386,90.425706,342,returned,2026-08-06T20:58:57+06:00,True
USR009,01000000009,Demo User 009,PC0000097,sender,2026-03-03T13:51:45+06:00,large_parcel,Badda,23.779554,90.429906,Banani,23.798304,90.401327,142,delivered,2026-03-03T22:51:45+06:00,True
USR009,01000000009,Demo User 009,PC0000094,sender,2026-03-15T01:43:03+06:00,small_parcel,Rampura,23.765655,90.420799,Old Dhaka,23.713425,90.411167,78,delivered,2026-03-19T19:43:03+06:00,True
USR009,01000000009,Demo User 009,PC0000095,receiver,2026-03-24T09:28:47+06:00,document,Mohammadpur,23.759908,90.354079,Tejgaon,23.771302,90.388071,196,delivered,2026-03-28T10:28:47+06:00,True
USR009,01000000009,Demo User 009,PC0000093,sender,2026-06-23T17:49:05+06:00,small_parcel,Motijheel,23.740584,90.419047,Dhanmondi,23.75276,90.375922,292,cancelled,2026-06-25T22:49:05+06:00,True
USR009,01000000009,Demo User 009,PC0000096,sender,2026-07-26T04:36:11+06:00,small_parcel,Old Dhaka,23.702785,90.402441,Badda,23.779774,90.433775,185,delivered,2026-07-26T19:36:11+06:00,True
USR009,01000000009,Demo User 009,PC0000092,receiver,2026-08-02T14:02:00+06:00,document,Motijheel,23.729802,90.40966,Wari,23.716866,90.424761,65,delivered,2026-08-04T20:02:00+06:00,True
USR009,01000000009,Demo User 009,PC0000098,receiver,2026-08-04T07:50:02+06:00,small_parcel,Banani,23.78698,90.399273,Dhanmondi,23.753517,90.369039,337,cancelled,2026-08-08T20:50:02+06:00,True
USR010,01000000010,Demo User 010,PC0000103,receiver,2026-03-16T01:40:56+06:00,large_parcel,Rampura,23.759096,90.427806,Mohammadpur,23.769272,90.353104,90,delivered,2026-03-19T05:40:56+06:00,True
USR010,01000000010,Demo User 010,PC0000101,sender,2026-04-12T15:51:45+06:00,medium_parcel,Farmgate,23.761895,90.393245,Old Dhaka,23.707183,90.40004,179,delivered,2026-04-13T14:51:45+06:00,True
USR010,01000000010,Demo User 010,PC0000104,sender,2026-05-19T22:30:55+06:00,small_parcel,Motijheel,23.725417,90.415376,Shyamoli,23.775234,90.369478,287,delivered,2026-05-20T22:30:55+06:00,True
USR010,01000000010,Demo User 010,PC0000100,receiver,2026-05-22T07:52:48+06:00,medium_parcel,Badda,23.775683,90.426436,Gulshan,23.787295,90.410673,61,delivered,2026-05-26T07:52:48+06:00,True
USR010,01000000010,Demo User 010,PC0000102,receiver,2026-05-29T02:29:28+06:00,document,Mirpur,23.825039,90.363909,Motijheel,23.738999,90.413146,101,delivered,2026-05-31T17:29:28+06:00,True
USR010,01000000010,Demo User 010,PC0000099,sender,2026-07-19T19:16:13+06:00,small_parcel,Mirpur,23.814371,90.36532,Rampura,23.76343,90.416841,316,cancelled,2026-07-23T00:16:13+06:00,True
USR010,01000000010,Demo User 010,PC0000105,receiver,2026-08-07T18:19:33+06:00,small_parcel,Mohammadpur,23.77076,90.35093,Gulshan,23.797365,90.414521,164,delivered,2026-08-07T21:19:33+06:00,True
USR011,01000000011,Demo User 011,PC0000112,receiver,2026-02-17T06:00:15+06:00,small_parcel,Khilgaon,23.743242,90.424279,Old Dhaka,23.717869,90.408989,102,delivered,2026-02-18T23:00:15+06:00,True
USR011,01000000011,Demo User 011,PC0000108,receiver,2026-02-23T19:03:10+06:00,small_parcel,Mohammadpur,23.764263,90.366318,Uttara,23.882275,90.375457,227,delivered,2026-02-26T01:03:10+06:00,True
USR011,01000000011,Demo User 011,PC0000106,receiver,2026-03-12T02:36:03+06:00,document,Mohammadpur,23.759237,90.355071,Banani,23.787738,90.406556,215,delivered,2026-03-12T22:36:03+06:00,True
USR011,01000000011,Demo User 011,PC0000113,sender,2026-04-29T08:00:12+06:00,document,Farmgate,23.753641,90.393924,Bashundhara,23.822997,90.432567,237,delivered,2026-05-02T18:00:12+06:00,True
USR011,01000000011,Demo User 011,PC0000107,sender,2026-05-15T19:10:39+06:00,document,Mohammadpur,23.766715,90.354171,Pallabi,23.828434,90.366108,118,delivered,2026-05-17T23:10:39+06:00,True
USR011,01000000011,Demo User 011,PC0000109,sender,2026-06-17T00:44:14+06:00,small_parcel,Rampura,23.763793,90.420815,Mirpur,23.819398,90.369053,337,delivered,2026-06-21T11:44:14+06:00,True
USR011,01000000011,Demo User 011,PC0000111,receiver,2026-06-24T06:36:12+06:00,small_parcel,Mirpur,23.828871,90.373349,Khilgaon,23.754742,90.421057,63,delivered,2026-06-27T19:36:12+06:00,True
USR011,01000000011,Demo User 011,PC0000110,receiver,2026-07-01T07:24:46+06:00,medium_parcel,Tejgaon,23.762227,90.387069,Gulshan,23.792165,90.407089,97,delivered,2026-07-04T23:24:46+06:00,True
USR012,01000000012,Demo User 012,PC0000117,sender,2026-03-11T18:11:44+06:00,large_parcel,Tejgaon,23.762354,90.401543,Motijheel,23.738375,90.425198,300,delivered,2026-03-11T19:11:44+06:00,True
USR012,01000000012,Demo User 012,PC0000114,sender,2026-03-17T21:02:37+06:00,document,Gulshan,23.789324,90.4029,Khilgaon,23.746172,90.425331,282,delivered,2026-03-22T03:02:37+06:00,True
USR012,01000000012,Demo User 012,PC0000116,receiver,2026-03-25T11:49:58+06:00,medium_parcel,Gulshan,23.797742,90.412998,Pallabi,23.830122,90.358843,310,delivered,2026-03-27T10:49:58+06:00,True
USR012,01000000012,Demo User 012,PC0000121,receiver,2026-04-03T05:31:06+06:00,large_parcel,Tejgaon,23.767324,90.391821,Wari,23.722557,90.414941,266,delivered,2026-04-07T21:31:06+06:00,True
USR012,01000000012,Demo User 012,PC0000120,sender,2026-05-08T19:23:28+06:00,medium_parcel,Mirpur,23.82676,90.363677,Tejgaon,23.769815,90.397743,202,cancelled,2026-05-09T03:23:28+06:00,True
USR012,01000000012,Demo User 012,PC0000119,sender,2026-05-25T09:35:02+06:00,large_parcel,Tejgaon,23.756247,90.397387,Banani,23.79946,90.413651,268,cancelled,2026-05-27T15:35:02+06:00,True
USR012,01000000012,Demo User 012,PC0000122,receiver,2026-07-03T11:33:19+06:00,large_parcel,Dhanmondi,23.746987,90.369381,Badda,23.78401,90.420226,74,delivered,2026-07-06T10:33:19+06:00,True
USR012,01000000012,Demo User 012,PC0000118,sender,2026-07-23T05:59:07+06:00,medium_parcel,Banani,23.790474,90.408331,Dhanmondi,23.75093,90.382591,246,delivered,2026-07-25T02:59:07+06:00,True
USR012,01000000012,Demo User 012,PC0000115,receiver,2026-08-04T12:13:20+06:00,document,Pallabi,23.831674,90.358796,Old Dhaka,23.705598,90.403726,183,delivered,2026-08-06T19:13:20+06:00,True
USR013,01000000013,Demo User 013,PC0000127,receiver,2026-02-23T02:06:34+06:00,medium_parcel,Khilgaon,23.743055,90.419126,Shyamoli,23.776214,90.368881,314,delivered,2026-02-27T20:06:34+06:00,True
USR013,01000000013,Demo User 013,PC0000134,receiver,2026-03-03T02:27:39+06:00,document,Mirpur,23.824054,90.359833,Mohakhali,23.785658,90.405578,332,returned,2026-03-06T22:27:39+06:00,True
USR013,01000000013,Demo User 013,PC0000124,receiver,2026-03-04T08:56:23+06:00,medium_parcel,Shyamoli,23.766961,90.365122,Bashundhara,23.819754,90.428145,142,delivered,2026-03-09T03:56:23+06:00,True
USR013,01000000013,Demo User 013,PC0000133,receiver,2026-03-08T02:24:20+06:00,document,Mohakhali,23.779789,90.398275,Uttara,23.883096,90.375834,291,delivered,2026-03-08T11:24:20+06:00,True
USR013,01000000013,Demo User 013,PC0000129,receiver,2026-04-11T05:05:22+06:00,small_parcel,Badda,23.782493,90.419581,Old Dhaka,23.706869,90.399439,81,delivered,2026-04-11T20:05:22+06:00,True
USR013,01000000013,Demo User 013,PC0000130,sender,2026-04-26T21:52:49+06:00,large_parcel,Mohakhali,23.783967,90.397657,Gulshan,23.796322,90.414785,331,delivered,2026-04-29T05:52:49+06:00,True
USR013,01000000013,Demo User 013,PC0000123,sender,2026-04-28T11:18:33+06:00,large_parcel,Old Dhaka,23.713132,90.40546,Pallabi,23.831016,90.35908,134,delivered,2026-05-02T00:18:33+06:00,True
USR013,01000000013,Demo User 013,PC0000128,receiver,2026-05-05T10:32:11+06:00,small_parcel,Pallabi,23.825826,90.357971,Old Dhaka,23.714548,90.406082,140,delivered,2026-05-07T09:32:11+06:00,True
USR013,01000000013,Demo User 013,PC0000126,receiver,2026-06-17T02:02:20+06:00,large_parcel,Old Dhaka,23.717232,90.403303,Pallabi,23.829165,90.371052,236,delivered,2026-06-18T11:02:20+06:00,True
USR013,01000000013,Demo User 013,PC0000132,sender,2026-06-25T01:35:58+06:00,document,Mohammadpur,23.766088,90.355978,Dhanmondi,23.739621,90.372794,123,picked_up,2026-06-29T04:35:58+06:00,True
USR013,01000000013,Demo User 013,PC0000125,receiver,2026-06-29T23:06:07+06:00,large_parcel,Khilgaon,23.755322,90.423145,Uttara,23.872109,90.37648,135,delivered,2026-06-30T12:06:07+06:00,True
USR013,01000000013,Demo User 013,PC0000131,sender,2026-07-24T23:38:58+06:00,document,Dhanmondi,23.753675,90.376359,Pallabi,23.828446,90.369301,327,delivered,2026-07-27T02:38:58+06:00,True
USR014,01000000014,Demo User 014,PC0000137,sender,2026-03-16T01:31:58+06:00,large_parcel,Uttara,23.876201,90.38037,Old Dhaka,23.70962,90.4069,239,delivered,2026-03-16T05:31:58+06:00,True
USR014,01000000014,Demo User 014,PC0000140,sender,2026-03-16T20:33:15+06:00,medium_parcel,Old Dhaka,23.707203,90.40543,Rampura,23.75742,90.427043,245,returned,2026-03-20T12:33:15+06:00,True
USR014,01000000014,Demo User 014,PC0000139,sender,2026-04-02T16:52:09+06:00,large_parcel,Mohammadpur,23.762739,90.365567,Mirpur,23.829124,90.373065,292,delivered,2026-04-06T22:52:09+06:00,True
USR014,01000000014,Demo User 014,PC0000141,sender,2026-04-11T06:13:31+06:00,medium_parcel,Tejgaon,23.756893,90.387912,Gulshan,23.79962,90.408021,295,delivered,2026-04-15T14:13:31+06:00,True
USR014,01000000014,Demo User 014,PC0000138,sender,2026-06-16T06:49:35+06:00,small_parcel,Farmgate,23.754351,90.385464,Khilgaon,23.757071,90.420803,196,delivered,2026-06-20T14:49:35+06:00,True
USR014,01000000014,Demo User 014,PC0000135,receiver,2026-07-07T23:46:25+06:00,small_parcel,Khilgaon,23.748743,90.423854,Mirpur,23.82652,90.365405,110,in_transit,2026-07-08T21:46:25+06:00,True
USR014,01000000014,Demo User 014,PC0000136,sender,2026-08-06T12:38:16+06:00,document,Pallabi,23.835376,90.360423,Rampura,23.768283,90.422568,155,delivered,2026-08-08T19:38:16+06:00,True
USR015,01000000015,Demo User 015,PC0000143,receiver,2026-03-03T01:20:25+06:00,medium_parcel,Badda,23.777321,90.425648,Banani,23.788752,90.403483,350,delivered,2026-03-07T19:20:25+06:00,True
USR015,01000000015,Demo User 015,PC0000146,sender,2026-04-04T02:45:53+06:00,large_parcel,Dhanmondi,23.743876,90.382974,Wari,23.726866,90.413375,270,delivered,2026-04-07T18:45:53+06:00,True
USR015,01000000015,Demo User 015,PC0000147,receiver,2026-05-12T20:50:55+06:00,medium_parcel,Pallabi,23.821664,90.370399,Motijheel,23.736636,90.42502,134,picked_up,2026-05-17T11:50:55+06:00,True
USR015,01000000015,Demo User 015,PC0000145,sender,2026-05-18T09:29:48+06:00,medium_parcel,Pallabi,23.821118,90.358977,Wari,23.720687,90.415792,255,in_transit,2026-05-21T23:29:48+06:00,True
USR015,01000000015,Demo User 015,PC0000142,sender,2026-05-31T06:32:51+06:00,small_parcel,Pallabi,23.834715,90.366141,Old Dhaka,23.714477,90.413335,237,delivered,2026-06-01T16:32:51+06:00,True
USR015,01000000015,Demo User 015,PC0000144,receiver,2026-07-29T17:56:49+06:00,small_parcel,Wari,23.718104,90.410253,Motijheel,23.725665,90.415686,240,delivered,2026-08-03T14:56:49+06:00,True
USR016,01000000016,Demo User 016,PC0000151,receiver,2026-03-30T08:19:25+06:00,document,Motijheel,23.73288,90.422459,Rampura,23.765526,90.425948,259,delivered,2026-04-03T06:19:25+06:00,True
USR016,01000000016,Demo User 016,PC0000155,receiver,2026-04-06T17:03:16+06:00,document,Gulshan,23.788046,90.412074,Khilgaon,23.74398,90.424761,169,cancelled,2026-04-11T03:03:16+06:00,True
USR016,01000000016,Demo User 016,PC0000157,receiver,2026-04-29T00:17:36+06:00,small_parcel,Wari,23.726255,90.415094,Khilgaon,23.750547,90.420899,212,delivered,2026-05-01T06:17:36+06:00,True
USR016,01000000016,Demo User 016,PC0000150,receiver,2026-04-30T22:13:02+06:00,document,Motijheel,23.734417,90.413256,Gulshan,23.791551,90.4141,104,delivered,2026-05-04T14:13:02+06:00,True
USR016,01000000016,Demo User 016,PC0000154,sender,2026-05-11T18:15:16+06:00,small_parcel,Dhanmondi,23.738882,90.379979,Bashundhara,23.811457,90.427778,74,delivered,2026-05-11T19:15:16+06:00,True
USR016,01000000016,Demo User 016,PC0000158,sender,2026-05-18T16:46:20+06:00,document,Motijheel,23.738799,90.415251,Shyamoli,23.777847,90.362541,158,delivered,2026-05-22T00:46:20+06:00,True
USR016,01000000016,Demo User 016,PC0000159,receiver,2026-05-21T09:52:07+06:00,document,Banani,23.79931,90.409851,Khilgaon,23.745709,90.426933,212,delivered,2026-05-22T11:52:07+06:00,True
USR016,01000000016,Demo User 016,PC0000160,sender,2026-05-26T19:30:10+06:00,medium_parcel,Bashundhara,23.807445,90.424326,Banani,23.79621,90.401426,298,delivered,2026-05-28T22:30:10+06:00,True
USR016,01000000016,Demo User 016,PC0000152,receiver,2026-06-08T06:33:20+06:00,medium_parcel,Mirpur,23.816384,90.364121,Uttara,23.873028,90.375033,159,delivered,2026-06-09T18:33:20+06:00,True
USR016,01000000016,Demo User 016,PC0000156,receiver,2026-06-10T02:53:53+06:00,large_parcel,Badda,23.784254,90.434409,Rampura,23.76622,90.421143,345,delivered,2026-06-12T21:53:53+06:00,True
USR016,01000000016,Demo User 016,PC0000149,receiver,2026-06-27T00:13:39+06:00,large_parcel,Rampura,23.765982,90.42135,Bashundhara,23.819937,90.422479,246,delivered,2026-07-01T23:13:39+06:00,True
USR016,01000000016,Demo User 016,PC0000148,receiver,2026-07-09T18:25:57+06:00,medium_parcel,Motijheel,23.733967,90.419199,Tejgaon,23.760607,90.399114,335,delivered,2026-07-11T14:25:57+06:00,True
USR016,01000000016,Demo User 016,PC0000153,receiver,2026-07-09T21:21:25+06:00,document,Mohammadpur,23.762825,90.351165,Gulshan,23.789948,90.400864,214,delivered,2026-07-13T09:21:25+06:00,True
USR016,01000000016,Demo User 016,PC0000161,sender,2026-08-04T18:23:05+06:00,medium_parcel,Motijheel,23.739428,90.411742,Wari,23.722666,90.425142,148,delivered,2026-08-08T05:23:05+06:00,True
USR017,01000000017,Demo User 017,PC0000172,sender,2026-02-11T05:49:18+06:00,large_parcel,Old Dhaka,23.711166,90.405919,Dhanmondi,23.752612,90.379399,191,delivered,2026-02-13T21:49:18+06:00,True
USR017,01000000017,Demo User 017,PC0000163,receiver,2026-02-25T10:51:01+06:00,small_parcel,Motijheel,23.729404,90.413233,Banani,23.7922,90.407591,135,returned,2026-02-26T20:51:01+06:00,True
USR017,01000000017,Demo User 017,PC0000167,sender,2026-03-17T06:19:24+06:00,large_parcel,Rampura,23.757181,90.424235,Bashundhara,23.82143,90.425865,192,delivered,2026-03-18T21:19:24+06:00,True
USR017,01000000017,Demo User 017,PC0000166,sender,2026-04-05T23:41:34+06:00,large_parcel,Bashundhara,23.809464,90.428754,Farmgate,23.755979,90.383209,310,delivered,2026-04-06T09:41:34+06:00,True
USR017,01000000017,Demo User 017,PC0000173,receiver,2026-04-11T05:40:11+06:00,large_parcel,Mirpur,23.817732,90.372657,Gulshan,23.794873,90.415514,344,delivered,2026-04-15T22:40:11+06:00,True
USR017,01000000017,Demo User 017,PC0000168,sender,2026-04-23T21:26:31+06:00,medium_parcel,Badda,23.783979,90.430024,Mohakhali,23.775607,90.404203,147,delivered,2026-04-24T18:26:31+06:00,True
USR017,01000000017,Demo User 017,PC0000171,receiver,2026-05-08T18:56:55+06:00,document,Khilgaon,23.751006,90.426498,Pallabi,23.825589,90.367524,110,delivered,2026-05-09T08:56:55+06:00,True
USR017,01000000017,Demo User 017,PC0000170,receiver,2026-05-16T16:57:33+06:00,small_parcel,Uttara,23.878162,90.37792,Mohammadpur,23.761878,90.364478,65,in_transit,2026-05-17T10:57:33+06:00,True
USR017,01000000017,Demo User 017,PC0000165,receiver,2026-06-21T08:33:41+06:00,medium_parcel,Banani,23.796094,90.412636,Badda,23.773742,90.429803,200,delivered,2026-06-25T10:33:41+06:00,True
USR017,01000000017,Demo User 017,PC0000174,receiver,2026-06-26T06:53:26+06:00,small_parcel,Wari,23.711946,90.425551,Bashundhara,23.81078,90.433406,341,delivered,2026-06-26T19:53:26+06:00,True
USR017,01000000017,Demo User 017,PC0000175,receiver,2026-07-06T18:55:41+06:00,small_parcel,Shyamoli,23.779489,90.364873,Khilgaon,23.748486,90.427729,132,delivered,2026-07-09T16:55:41+06:00,True
USR017,01000000017,Demo User 017,PC0000169,sender,2026-07-08T19:37:31+06:00,document,Dhanmondi,23.742293,90.373863,Bashundhara,23.820719,90.428855,196,delivered,2026-07-12T22:37:31+06:00,True
USR017,01000000017,Demo User 017,PC0000164,sender,2026-07-21T23:30:15+06:00,small_parcel,Bashundhara,23.81235,90.418533,Motijheel,23.730749,90.422303,63,delivered,2026-07-24T01:30:15+06:00,True
USR017,01000000017,Demo User 017,PC0000162,receiver,2026-08-09T08:22:25+06:00,document,Dhanmondi,23.750943,90.372839,Motijheel,23.73172,90.412963,272,delivered,2026-08-09T13:22:25+06:00,True
USR018,01000000018,Demo User 018,PC0000189,receiver,2026-02-10T22:55:55+06:00,small_parcel,Tejgaon,23.77025,90.393978,Badda,23.780615,90.431593,116,in_transit,2026-02-12T17:55:55+06:00,True
USR018,01000000018,Demo User 018,PC0000182,receiver,2026-02-13T15:48:36+06:00,medium_parcel,Motijheel,23.738893,90.418867,Mirpur,23.827498,90.35964,88,in_transit,2026-02-16T03:48:36+06:00,True
USR018,01000000018,Demo User 018,PC0000180,receiver,2026-04-11T23:58:30+06:00,small_parcel,Banani,23.792158,90.412348,Gulshan,23.799174,90.415787,188,in_transit,2026-04-13T06:58:30+06:00,True
USR018,01000000018,Demo User 018,PC0000184,sender,2026-04-13T14:47:45+06:00,medium_parcel,Banani,23.794475,90.408695,Dhanmondi,23.745317,90.37166,72,returned,2026-04-18T13:47:45+06:00,True
USR018,01000000018,Demo User 018,PC0000177,sender,2026-04-20T20:13:54+06:00,large_parcel,Mohammadpur,23.761218,90.354692,Pallabi,23.822422,90.359262,149,returned,2026-04-25T01:13:54+06:00,True
USR018,01000000018,Demo User 018,PC0000179,sender,2026-04-22T15:31:32+06:00,large_parcel,Mirpur,23.814388,90.364687,Shyamoli,23.774861,90.360573,110,returned,2026-04-26T13:31:32+06:00,True
USR018,01000000018,Demo User 018,PC0000176,receiver,2026-04-23T08:38:56+06:00,medium_parcel,Mohakhali,23.787852,90.405396,Bashundhara,23.821418,90.429442,177,delivered,2026-04-26T08:38:56+06:00,True
USR018,01000000018,Demo User 018,PC0000183,receiver,2026-05-01T13:58:18+06:00,medium_parcel,Badda,23.785816,90.419654,Bashundhara,23.820274,90.425981,275,delivered,2026-05-05T13:58:18+06:00,True
USR018,01000000018,Demo User 018,PC0000181,receiver,2026-05-25T03:46:37+06:00,small_parcel,Bashundhara,23.813884,90.425163,Badda,23.77741,90.428998,132,delivered,2026-05-29T08:46:37+06:00,True
USR018,01000000018,Demo User 018,PC0000186,receiver,2026-06-04T21:24:37+06:00,medium_parcel,Shyamoli,23.772352,90.359427,Mohammadpur,23.758382,90.363064,246,delivered,2026-06-06T15:24:37+06:00,True
USR018,01000000018,Demo User 018,PC0000178,sender,2026-06-27T21:02:31+06:00,small_parcel,Mohammadpur,23.767225,90.361134,Mirpur,23.820769,90.359109,172,delivered,2026-06-29T04:02:31+06:00,True
USR018,01000000018,Demo User 018,PC0000185,receiver,2026-07-12T03:25:50+06:00,medium_parcel,Bashundhara,23.808784,90.426348,Uttara,23.871333,90.385909,291,delivered,2026-07-12T19:25:50+06:00,True
USR018,01000000018,Demo User 018,PC0000188,receiver,2026-07-19T10:27:56+06:00,medium_parcel,Khilgaon,23.752322,90.42362,Bashundhara,23.820785,90.432008,144,in_transit,2026-07-22T14:27:56+06:00,True
USR018,01000000018,Demo User 018,PC0000187,receiver,2026-08-05T08:33:10+06:00,medium_parcel,Uttara,23.879882,90.373071,Badda,23.773794,90.422926,179,delivered,2026-08-06T02:33:10+06:00,True
USR019,01000000019,Demo User 019,PC0000192,receiver,2026-04-14T03:28:43+06:00,small_parcel,Mohammadpur,23.759158,90.357453,Badda,23.775638,90.433298,166,picked_up,2026-04-15T12:28:43+06:00,True
USR019,01000000019,Demo User 019,PC0000195,receiver,2026-05-18T15:24:19+06:00,large_parcel,Wari,23.72058,90.417512,Badda,23.780152,90.421827,131,delivered,2026-05-19T10:24:19+06:00,True
USR019,01000000019,Demo User 019,PC0000190,sender,2026-05-22T06:24:14+06:00,large_parcel,Bashundhara,23.818123,90.421856,Mohammadpur,23.773493,90.356148,303,delivered,2026-05-25T16:24:14+06:00,True
USR019,01000000019,Demo User 019,PC0000191,sender,2026-05-22T08:38:48+06:00,small_parcel,Mirpur,23.818753,90.37168,Rampura,23.767418,90.426914,134,delivered,2026-05-22T13:38:48+06:00,True
USR019,01000000019,Demo User 019,PC0000196,sender,2026-05-29T04:06:52+06:00,large_parcel,Dhanmondi,23.752921,90.382088,Tejgaon,23.765025,90.389396,267,delivered,2026-06-01T21:06:52+06:00,True
USR019,01000000019,Demo User 019,PC0000193,receiver,2026-07-06T16:42:05+06:00,medium_parcel,Mirpur,23.828925,90.373195,Shyamoli,23.775203,90.371194,67,delivered,2026-07-10T21:42:05+06:00,True
USR019,01000000019,Demo User 019,PC0000194,receiver,2026-08-01T00:23:54+06:00,medium_parcel,Motijheel,23.727008,90.418942,Old Dhaka,23.710353,90.404356,252,delivered,2026-08-01T18:23:54+06:00,True
USR020,01000000020,Demo User 020,PC0000200,receiver,2026-03-14T00:47:38+06:00,large_parcel,Gulshan,23.794941,90.408367,Dhanmondi,23.73977,90.377558,325,delivered,2026-03-14T10:47:38+06:00,True
USR020,01000000020,Demo User 020,PC0000198,sender,2026-04-03T10:30:26+06:00,large_parcel,Wari,23.711871,90.422577,Bashundhara,23.819463,90.425425,109,delivered,2026-04-04T17:30:26+06:00,True
USR020,01000000020,Demo User 020,PC0000201,sender,2026-04-20T20:57:22+06:00,medium_parcel,Dhanmondi,23.744951,90.369754,Farmgate,23.763294,90.393671,74,picked_up,2026-04-22T13:57:22+06:00,True
USR020,01000000020,Demo User 020,PC0000199,sender,2026-04-24T05:13:11+06:00,document,Uttara,23.878648,90.37645,Mirpur,23.820201,90.371596,172,delivered,2026-04-27T16:13:11+06:00,True
USR020,01000000020,Demo User 020,PC0000197,sender,2026-04-30T14:38:29+06:00,small_parcel,Wari,23.713556,90.413947,Rampura,23.764276,90.413342,298,delivered,2026-05-04T16:38:29+06:00,True
USR020,01000000020,Demo User 020,PC0000202,receiver,2026-05-17T16:08:15+06:00,small_parcel,Mohakhali,23.782407,90.39944,Gulshan,23.797747,90.40366,86,delivered,2026-05-20T22:08:15+06:00,True
USR020,01000000020,Demo User 020,PC0000203,receiver,2026-07-06T03:47:10+06:00,document,Mohammadpur,23.768271,90.360013,Khilgaon,23.758042,90.428945,245,in_transit,2026-07-10T06:47:10+06:00,True
USR021,01000000021,Demo User 021,PC0000206,receiver,2026-02-17T07:48:38+06:00,medium_parcel,Badda,23.776848,90.430009,Shyamoli,23.770355,90.364622,198,delivered,2026-02-19T03:48:38+06:00,True
USR021,01000000021,Demo User 021,PC0000209,receiver,2026-03-23T05:31:30+06:00,document,Khilgaon,23.742976,90.425632,Old Dhaka,23.707603,90.405293,79,delivered,2026-03-24T08:31:30+06:00,True
USR021,01000000021,Demo User 021,PC0000204,sender,2026-04-12T19:12:51+06:00,medium_parcel,Badda,23.785001,90.4252,Mohammadpur,23.771514,90.362745,246,delivered,2026-04-14T12:12:51+06:00,True
USR021,01000000021,Demo User 021,PC0000205,sender,2026-06-23T19:51:01+06:00,document,Old Dhaka,23.715113,90.409413,Shyamoli,23.767456,90.371823,115,delivered,2026-06-25T02:51:01+06:00,True
USR021,01000000021,Demo User 021,PC0000208,sender,2026-07-12T08:31:07+06:00,large_parcel,Old Dhaka,23.715533,90.399922,Dhanmondi,23.743228,90.370908,197,delivered,2026-07-15T23:31:07+06:00,True
USR021,01000000021,Demo User 021,PC0000207,receiver,2026-07-28T07:16:15+06:00,large_parcel,Bashundhara,23.812587,90.431466,Mohammadpur,23.771726,90.353461,287,picked_up,2026-07-30T00:16:15+06:00,True
USR022,01000000022,Demo User 022,PC0000216,sender,2026-03-12T09:26:51+06:00,large_parcel,Tejgaon,23.765458,90.396181,Wari,23.725201,90.411295,216,delivered,2026-03-16T23:26:51+06:00,True
USR022,01000000022,Demo User 022,PC0000214,receiver,2026-03-26T21:39:18+06:00,medium_parcel,Gulshan,23.785742,90.400063,Bashundhara,23.818479,90.419335,137,delivered,2026-03-27T11:39:18+06:00,True
USR022,01000000022,Demo User 022,PC0000212,receiver,2026-04-04T03:14:54+06:00,large_parcel,Pallabi,23.833705,90.367941,Rampura,23.759959,90.413116,134,in_transit,2026-04-05T06:14:54+06:00,True
USR022,01000000022,Demo User 022,PC0000217,receiver,2026-04-16T16:25:52+06:00,medium_parcel,Uttara,23.873273,90.382706,Mirpur,23.816465,90.37175,262,delivered,2026-04-18T00:25:52+06:00,True
USR022,01000000022,Demo User 022,PC0000221,receiver,2026-05-03T11:28:36+06:00,document,Pallabi,23.821203,90.362577,Uttara,23.877313,90.377109,196,delivered,2026-05-08T07:28:36+06:00,True
USR022,01000000022,Demo User 022,PC0000210,sender,2026-05-11T03:09:14+06:00,small_parcel,Banani,23.79039,90.410867,Dhanmondi,23.742281,90.377067,245,delivered,2026-05-12T21:09:14+06:00,True
USR022,01000000022,Demo User 022,PC0000218,sender,2026-06-02T01:10:15+06:00,medium_parcel,Banani,23.793499,90.406991,Dhanmondi,23.745572,90.379451,90,picked_up,2026-06-05T14:10:15+06:00,True
USR022,01000000022,Demo User 022,PC0000211,sender,2026-06-05T08:14:10+06:00,large_parcel,Old Dhaka,23.713797,90.406595,Banani,23.79659,90.400816,98,delivered,2026-06-05T13:14:10+06:00,True
USR022,01000000022,Demo User 022,PC0000215,receiver,2026-06-09T16:02:19+06:00,small_parcel,Wari,23.72292,90.419826,Motijheel,23.731259,90.423873,194,delivered,2026-06-09T23:02:19+06:00,True
USR022,01000000022,Demo User 022,PC0000222,sender,2026-06-26T09:13:32+06:00,document,Farmgate,23.762494,90.386703,Old Dhaka,23.717398,90.401146,135,delivered,2026-06-27T13:13:32+06:00,True
USR022,01000000022,Demo User 022,PC0000213,receiver,2026-06-30T05:33:51+06:00,document,Badda,23.775684,90.425772,Motijheel,23.727276,90.416082,241,delivered,2026-07-01T05:33:51+06:00,True
USR022,01000000022,Demo User 022,PC0000220,receiver,2026-07-02T17:23:36+06:00,document,Mohammadpur,23.765434,90.365459,Old Dhaka,23.70788,90.407899,214,cancelled,2026-07-05T01:23:36+06:00,True
USR022,01000000022,Demo User 022,PC0000219,sender,2026-07-17T17:40:19+06:00,medium_parcel,Uttara,23.878346,90.372247,Motijheel,23.732683,90.412022,164,delivered,2026-07-21T02:40:19+06:00,True
USR023,01000000023,Demo User 023,PC0000231,sender,2026-02-11T18:35:13+06:00,document,Gulshan,23.792651,90.412685,Dhanmondi,23.75252,90.369118,195,delivered,2026-02-12T17:35:13+06:00,True
USR023,01000000023,Demo User 023,PC0000230,receiver,2026-03-06T02:56:46+06:00,large_parcel,Mohakhali,23.78757,90.39597,Uttara,23.871254,90.38199,135,delivered,2026-03-06T04:56:46+06:00,True
USR023,01000000023,Demo User 023,PC0000228,sender,2026-04-19T05:09:03+06:00,medium_parcel,Rampura,23.761757,90.418547,Dhanmondi,23.750856,90.377818,277,delivered,2026-04-21T13:09:03+06:00,True
USR023,01000000023,Demo User 023,PC0000223,receiver,2026-05-02T22:55:53+06:00,large_parcel,Gulshan,23.795817,90.409183,Shyamoli,23.768321,90.371694,62,delivered,2026-05-07T09:55:53+06:00,True
USR023,01000000023,Demo User 023,PC0000224,receiver,2026-05-08T19:20:24+06:00,medium_parcel,Tejgaon,23.769362,90.390926,Mirpur,23.826406,90.363,329,delivered,2026-05-13T00:20:24+06:00,True
USR023,01000000023,Demo User 023,PC0000225,receiver,2026-05-17T15:49:49+06:00,medium_parcel,Mohakhali,23.787636,90.396505,Uttara,23.878609,90.3864,280,in_transit,2026-05-21T22:49:49+06:00,True
USR023,01000000023,Demo User 023,PC0000227,receiver,2026-05-30T19:27:11+06:00,small_parcel,Tejgaon,23.762421,90.397785,Rampura,23.766332,90.424686,174,returned,2026-05-31T20:27:11+06:00,True
USR023,01000000023,Demo User 023,PC0000226,receiver,2026-06-01T12:15:19+06:00,medium_parcel,Badda,23.781612,90.426592,Dhanmondi,23.75285,90.372279,178,delivered,2026-06-04T16:15:19+06:00,True
USR023,01000000023,Demo User 023,PC0000229,receiver,2026-07-14T06:01:22+06:00,document,Motijheel,23.72862,90.41316,Farmgate,23.754825,90.387939,225,returned,2026-07-18T12:01:22+06:00,True
USR024,01000000024,Demo User 024,PC0000243,receiver,2026-02-28T23:09:11+06:00,medium_parcel,Rampura,23.761115,90.414209,Badda,23.776071,90.425014,282,delivered,2026-03-05T22:09:11+06:00,True
USR024,01000000024,Demo User 024,PC0000234,receiver,2026-03-05T01:15:13+06:00,small_parcel,Mohakhali,23.787367,90.405313,Mohammadpur,23.769094,90.363176,307,picked_up,2026-03-07T23:15:13+06:00,True
USR024,01000000024,Demo User 024,PC0000235,sender,2026-03-07T13:39:20+06:00,document,Rampura,23.763589,90.421689,Mirpur,23.81989,90.361773,295,in_transit,2026-03-10T08:39:20+06:00,True
USR024,01000000024,Demo User 024,PC0000232,receiver,2026-04-19T03:21:15+06:00,small_parcel,Badda,23.786165,90.423754,Banani,23.78879,90.406328,67,cancelled,2026-04-20T20:21:15+06:00,True
USR024,01000000024,Demo User 024,PC0000237,receiver,2026-04-19T06:35:56+06:00,document,Badda,23.77265,90.424583,Old Dhaka,23.713404,90.406778,142,delivered,2026-04-20T13:35:56+06:00,True
USR024,01000000024,Demo User 024,PC0000233,receiver,2026-04-23T19:28:10+06:00,medium_parcel,Rampura,23.759471,90.420918,Badda,23.78427,90.423154,128,picked_up,2026-04-27T00:28:10+06:00,True
USR024,01000000024,Demo User 024,PC0000242,sender,2026-04-27T01:28:20+06:00,large_parcel,Banani,23.799509,90.414338,Dhanmondi,23.74659,90.368833,68,delivered,2026-04-29T22:28:20+06:00,True
USR024,01000000024,Demo User 024,PC0000245,receiver,2026-05-11T12:34:21+06:00,small_parcel,Old Dhaka,23.71601,90.411278,Shyamoli,23.776852,90.357711,189,cancelled,2026-05-12T18:34:21+06:00,True
USR024,01000000024,Demo User 024,PC0000238,sender,2026-05-24T13:52:43+06:00,large_parcel,Uttara,23.881932,90.383514,Shyamoli,23.768076,90.370888,121,delivered,2026-05-27T12:52:43+06:00,True
USR024,01000000024,Demo User 024,PC0000240,sender,2026-05-31T00:50:44+06:00,large_parcel,Tejgaon,23.764593,90.397494,Pallabi,23.824915,90.363786,173,cancelled,2026-06-03T15:50:44+06:00,True
USR024,01000000024,Demo User 024,PC0000239,receiver,2026-06-22T17:33:15+06:00,small_parcel,Pallabi,23.833109,90.356221,Mohammadpur,23.765747,90.36242,192,delivered,2026-06-26T16:33:15+06:00,True
USR024,01000000024,Demo User 024,PC0000244,sender,2026-06-24T00:47:40+06:00,small_parcel,Wari,23.725167,90.425057,Old Dhaka,23.713329,90.407602,106,delivered,2026-06-26T12:47:40+06:00,True
USR024,01000000024,Demo User 024,PC0000241,receiver,2026-07-13T05:26:17+06:00,medium_parcel,Badda,23.773701,90.433745,Motijheel,23.727063,90.413976,212,picked_up,2026-07-13T06:26:17+06:00,True
USR024,01000000024,Demo User 024,PC0000236,sender,2026-07-19T19:28:26+06:00,large_parcel,Rampura,23.768261,90.41436,Dhanmondi,23.749825,90.369872,236,delivered,2026-07-24T08:28:26+06:00,True
USR025,01000000025,Demo User 025,PC0000256,receiver,2026-02-22T20:11:44+06:00,small_parcel,Old Dhaka,23.70886,90.407903,Mirpur,23.823365,90.359485,181,delivered,2026-02-23T08:11:44+06:00,True
USR025,01000000025,Demo User 025,PC0000259,sender,2026-02-24T00:28:59+06:00,medium_parcel,Khilgaon,23.75396,90.422663,Badda,23.777073,90.426407,231,delivered,2026-02-27T15:28:59+06:00,True
USR025,01000000025,Demo User 025,PC0000254,sender,2026-03-28T02:43:17+06:00,small_parcel,Bashundhara,23.810068,90.423319,Badda,23.784942,90.42548,222,delivered,2026-03-29T13:43:17+06:00,True
USR025,01000000025,Demo User 025,PC0000258,receiver,2026-04-06T03:45:54+06:00,large_parcel,Tejgaon,23.760857,90.393804,Wari,23.726214,90.409871,274,delivered,2026-04-07T20:45:54+06:00,True
USR025,01000000025,Demo User 025,PC0000257,receiver,2026-04-08T12:35:16+06:00,large_parcel,Pallabi,23.828996,90.369856,Mohakhali,23.775903,90.396761,95,cancelled,2026-04-13T09:35:16+06:00,True
USR025,01000000025,Demo User 025,PC0000250,receiver,2026-04-18T05:50:31+06:00,document,Badda,23.78815,90.429421,Pallabi,23.828971,90.36469,315,in_transit,2026-04-20T01:50:31+06:00,True
USR025,01000000025,Demo User 025,PC0000251,sender,2026-05-26T19:16:37+06:00,large_parcel,Shyamoli,23.768652,90.372174,Motijheel,23.735606,90.422602,69,delivered,2026-05-30T17:16:37+06:00,True
USR025,01000000025,Demo User 025,PC0000252,receiver,2026-06-15T15:34:34+06:00,small_parcel,Wari,23.711289,90.423318,Pallabi,23.823303,90.36522,303,delivered,2026-06-16T09:34:34+06:00,True
USR025,01000000025,Demo User 025,PC0000255,sender,2026-06-20T06:39:44+06:00,large_parcel,Mirpur,23.82662,90.365277,Mohammadpur,23.76403,90.350806,338,delivered,2026-06-20T23:39:44+06:00,True
USR025,01000000025,Demo User 025,PC0000253,receiver,2026-07-22T07:03:59+06:00,document,Pallabi,23.836071,90.360128,Mohammadpur,23.768975,90.359174,201,delivered,2026-07-23T10:03:59+06:00,True
USR025,01000000025,Demo User 025,PC0000246,sender,2026-07-23T05:46:53+06:00,document,Uttara,23.880574,90.384825,Shyamoli,23.778878,90.364139,70,delivered,2026-07-26T11:46:53+06:00,True
USR025,01000000025,Demo User 025,PC0000249,sender,2026-07-24T16:39:13+06:00,medium_parcel,Motijheel,23.725774,90.419535,Khilgaon,23.746425,90.431967,241,delivered,2026-07-25T22:39:13+06:00,True
USR025,01000000025,Demo User 025,PC0000248,sender,2026-07-26T13:37:53+06:00,medium_parcel,Rampura,23.764149,90.413925,Banani,23.797689,90.404679,311,picked_up,2026-07-30T15:37:53+06:00,True
USR025,01000000025,Demo User 025,PC0000247,receiver,2026-08-02T02:12:56+06:00,document,Tejgaon,23.768019,90.395835,Rampura,23.755579,90.415751,190,delivered,2026-08-03T06:12:56+06:00,True
USR026,01000000026,Demo User 026,PC0000265,sender,2026-02-17T04:09:49+06:00,document,Badda,23.776538,90.421681,Gulshan,23.799573,90.407014,186,delivered,2026-02-20T02:09:49+06:00,True
USR026,01000000026,Demo User 026,PC0000262,receiver,2026-02-26T00:23:42+06:00,document,Mohakhali,23.782817,90.392156,Khilgaon,23.751104,90.428435,164,delivered,2026-03-02T19:23:42+06:00,True
USR026,01000000026,Demo User 026,PC0000260,receiver,2026-03-11T11:35:55+06:00,small_parcel,Khilgaon,23.751992,90.422939,Old Dhaka,23.703323,90.399637,163,in_transit,2026-03-12T15:35:55+06:00,True
USR026,01000000026,Demo User 026,PC0000267,receiver,2026-03-14T02:44:57+06:00,large_parcel,Rampura,23.768643,90.422494,Shyamoli,23.778588,90.364449,79,delivered,2026-03-19T00:44:57+06:00,True
USR026,01000000026,Demo User 026,PC0000263,receiver,2026-03-16T14:16:35+06:00,medium_parcel,Farmgate,23.751291,90.384088,Banani,23.797961,90.3992,209,delivered,2026-03-18T14:16:35+06:00,True
USR026,01000000026,Demo User 026,PC0000266,receiver,2026-03-22T17:02:46+06:00,document,Shyamoli,23.779029,90.364346,Old Dhaka,23.709688,90.414664,172,picked_up,2026-03-25T11:02:46+06:00,True
USR026,01000000026,Demo User 026,PC0000270,receiver,2026-04-08T12:08:51+06:00,medium_parcel,Khilgaon,23.751385,90.417365,Wari,23.717724,90.41877,129,delivered,2026-04-09T00:08:51+06:00,True
USR026,01000000026,Demo User 026,PC0000261,sender,2026-04-15T23:25:45+06:00,document,Old Dhaka,23.704441,90.407935,Pallabi,23.833868,90.359503,248,delivered,2026-04-19T21:25:45+06:00,True
USR026,01000000026,Demo User 026,PC0000269,receiver,2026-04-22T01:36:07+06:00,document,Gulshan,23.795866,90.400559,Banani,23.791712,90.40052,163,delivered,2026-04-24T03:36:07+06:00,True
USR026,01000000026,Demo User 026,PC0000264,receiver,2026-07-12T23:47:17+06:00,large_parcel,Bashundhara,23.807235,90.426784,Uttara,23.872078,90.382645,114,delivered,2026-07-15T00:47:17+06:00,True
USR026,01000000026,Demo User 026,PC0000268,sender,2026-08-08T00:24:49+06:00,document,Wari,23.713559,90.413173,Khilgaon,23.749024,90.422349,158,delivered,2026-08-09T23:59:59+06:00,True
USR027,01000000027,Demo User 027,PC0000278,receiver,2026-03-21T18:29:27+06:00,medium_parcel,Mohammadpur,23.77126,90.360415,Mirpur,23.822604,90.370718,234,delivered,2026-03-21T21:29:27+06:00,True
USR027,01000000027,Demo User 027,PC0000274,receiver,2026-03-22T14:53:28+06:00,medium_parcel,Khilgaon,23.754581,90.428932,Mohammadpur,23.768241,90.355411,346,delivered,2026-03-22T20:53:28+06:00,True
USR027,01000000027,Demo User 027,PC0000271,sender,2026-04-03T06:44:12+06:00,large_parcel,Badda,23.774773,90.428556,Mohakhali,23.783937,90.398314,274,delivered,2026-04-03T19:44:12+06:00,True
USR027,01000000027,Demo User 027,PC0000276,receiver,2026-04-11T15:49:04+06:00,document,Badda,23.780543,90.422859,Pallabi,23.835932,90.359648,219,delivered,2026-04-13T05:49:04+06:00,True
USR027,01000000027,Demo User 027,PC0000272,sender,2026-04-26T23:58:31+06:00,document,Farmgate,23.757093,90.390264,Gulshan,23.788201,90.404029,319,delivered,2026-04-29T13:58:31+06:00,True
USR027,01000000027,Demo User 027,PC0000277,receiver,2026-06-24T02:21:14+06:00,medium_parcel,Banani,23.796672,90.403263,Mohakhali,23.777748,90.396772,241,delivered,2026-06-26T08:21:14+06:00,True
USR027,01000000027,Demo User 027,PC0000273,receiver,2026-07-06T10:19:25+06:00,large_parcel,Tejgaon,23.770573,90.400123,Mohammadpur,23.771461,90.35928,111,in_transit,2026-07-10T15:19:25+06:00,True
USR027,01000000027,Demo User 027,PC0000275,receiver,2026-07-14T20:06:11+06:00,medium_parcel,Mirpur,23.815384,90.36078,Tejgaon,23.77122,90.390749,154,delivered,2026-07-16T09:06:11+06:00,True
USR028,01000000028,Demo User 028,PC0000283,sender,2026-02-15T13:17:42+06:00,medium_parcel,Mohammadpur,23.758636,90.351146,Mirpur,23.820622,90.371536,100,delivered,2026-02-19T18:17:42+06:00,True
USR028,01000000028,Demo User 028,PC0000279,receiver,2026-02-20T19:04:45+06:00,small_parcel,Badda,23.778042,90.419647,Shyamoli,23.782111,90.366138,66,returned,2026-02-21T09:04:45+06:00,True
USR028,01000000028,Demo User 028,PC0000285,receiver,2026-03-01T07:18:52+06:00,document,Banani,23.796334,90.401431,Mohakhali,23.781856,90.405278,203,delivered,2026-03-03T05:18:52+06:00,True
USR028,01000000028,Demo User 028,PC0000290,sender,2026-03-16T23:25:43+06:00,document,Uttara,23.882833,90.378453,Wari,23.712283,90.421104,190,delivered,2026-03-21T19:25:43+06:00,True
USR028,01000000028,Demo User 028,PC0000292,receiver,2026-03-18T07:14:49+06:00,document,Tejgaon,23.757703,90.398035,Badda,23.772886,90.419232,238,delivered,2026-03-21T05:14:49+06:00,True
USR028,01000000028,Demo User 028,PC0000287,sender,2026-03-20T08:44:58+06:00,small_parcel,Motijheel,23.725162,90.424537,Pallabi,23.822822,90.36846,163,picked_up,2026-03-24T10:44:58+06:00,True
USR028,01000000028,Demo User 028,PC0000280,receiver,2026-03-24T05:19:42+06:00,document,Rampura,23.758933,90.42672,Motijheel,23.73178,90.416065,346,delivered,2026-03-29T00:19:42+06:00,True
USR028,01000000028,Demo User 028,PC0000293,sender,2026-04-09T11:01:54+06:00,large_parcel,Pallabi,23.830216,90.366711,Dhanmondi,23.740002,90.374269,195,delivered,2026-04-11T07:01:54+06:00,True
USR028,01000000028,Demo User 028,PC0000281,receiver,2026-04-12T14:43:23+06:00,small_parcel,Wari,23.717008,90.422428,Gulshan,23.791858,90.412741,349,delivered,2026-04-14T06:43:23+06:00,True
USR028,01000000028,Demo User 028,PC0000291,sender,2026-05-12T06:08:26+06:00,large_parcel,Dhanmondi,23.745849,90.373194,Wari,23.724479,90.42101,299,delivered,2026-05-13T04:08:26+06:00,True
USR028,01000000028,Demo User 028,PC0000284,receiver,2026-05-16T19:01:44+06:00,small_parcel,Shyamoli,23.782032,90.36486,Mohammadpur,23.768978,90.365689,202,returned,2026-05-19T02:01:44+06:00,True
USR028,01000000028,Demo User 028,PC0000286,sender,2026-05-20T22:05:02+06:00,large_parcel,Mohakhali,23.780678,90.402235,Pallabi,23.824149,90.359257,178,picked_up,2026-05-22T01:05:02+06:00,True
USR028,01000000028,Demo User 028,PC0000289,receiver,2026-07-18T14:38:33+06:00,small_parcel,Gulshan,23.788769,90.415226,Khilgaon,23.752052,90.427012,290,picked_up,2026-07-21T10:38:33+06:00,True
USR028,01000000028,Demo User 028,PC0000288,sender,2026-07-19T23:55:16+06:00,large_parcel,Mohakhali,23.777264,90.398777,Mirpur,23.829631,90.371527,254,delivered,2026-07-24T21:55:16+06:00,True
USR028,01000000028,Demo User 028,PC0000282,sender,2026-07-23T06:23:48+06:00,document,Wari,23.724469,90.423311,Motijheel,23.732423,90.414965,290,delivered,2026-07-26T10:23:48+06:00,True
USR029,01000000029,Demo User 029,PC0000303,receiver,2026-03-10T20:58:06+06:00,medium_parcel,Tejgaon,23.756469,90.394972,Gulshan,23.798627,90.403848,112,picked_up,2026-03-14T17:58:06+06:00,True
USR029,01000000029,Demo User 029,PC0000301,sender,2026-04-03T03:45:26+06:00,medium_parcel,Mirpur,23.815523,90.370749,Uttara,23.872929,90.376851,254,delivered,2026-04-04T17:45:26+06:00,True
USR029,01000000029,Demo User 029,PC0000295,receiver,2026-04-03T09:57:54+06:00,large_parcel,Khilgaon,23.749099,90.427161,Mohakhali,23.781857,90.401376,95,delivered,2026-04-07T17:57:54+06:00,True
USR029,01000000029,Demo User 029,PC0000297,sender,2026-04-28T21:15:09+06:00,document,Badda,23.776046,90.427955,Gulshan,23.784549,90.402781,282,delivered,2026-05-01T08:15:09+06:00,True
USR029,01000000029,Demo User 029,PC0000298,sender,2026-05-23T20:54:30+06:00,large_parcel,Motijheel,23.726716,90.417505,Pallabi,23.834311,90.362031,214,in_transit,2026-05-27T23:54:30+06:00,True
USR029,01000000029,Demo User 029,PC0000300,sender,2026-06-18T16:48:53+06:00,small_parcel,Motijheel,23.730856,90.413808,Uttara,23.875522,90.378285,111,delivered,2026-06-20T05:48:53+06:00,True
USR029,01000000029,Demo User 029,PC0000299,sender,2026-07-01T06:27:38+06:00,document,Tejgaon,23.765504,90.389125,Gulshan,23.789325,90.400929,120,in_transit,2026-07-02T03:27:38+06:00,True
USR029,01000000029,Demo User 029,PC0000304,receiver,2026-07-02T15:42:50+06:00,large_parcel,Bashundhara,23.819002,90.423675,Banani,23.795723,90.411303,138,delivered,2026-07-07T00:42:50+06:00,True
USR029,01000000029,Demo User 029,PC0000294,receiver,2026-07-11T00:11:02+06:00,document,Mohammadpur,23.769915,90.361656,Tejgaon,23.75626,90.399123,180,delivered,2026-07-11T01:11:02+06:00,True
USR029,01000000029,Demo User 029,PC0000296,receiver,2026-07-12T07:14:54+06:00,medium_parcel,Old Dhaka,23.71208,90.402873,Badda,23.778284,90.422859,269,delivered,2026-07-13T22:14:54+06:00,True
USR029,01000000029,Demo User 029,PC0000302,sender,2026-08-04T02:54:55+06:00,large_parcel,Khilgaon,23.74713,90.417996,Uttara,23.869894,90.377483,194,delivered,2026-08-05T03:54:55+06:00,True
USR030,01000000030,Demo User 030,PC0000312,sender,2026-02-11T10:25:44+06:00,document,Mohakhali,23.777991,90.39474,Wari,23.71947,90.425204,74,cancelled,2026-02-15T13:25:44+06:00,True
USR030,01000000030,Demo User 030,PC0000305,sender,2026-02-22T04:36:23+06:00,medium_parcel,Khilgaon,23.74741,90.420684,Banani,23.799246,90.404331,336,delivered,2026-02-25T15:36:23+06:00,True
USR030,01000000030,Demo User 030,PC0000315,receiver,2026-02-27T18:15:36+06:00,medium_parcel,Mohammadpur,23.772833,90.354166,Pallabi,23.83478,90.362924,282,delivered,2026-03-03T15:15:36+06:00,True
USR030,01000000030,Demo User 030,PC0000313,receiver,2026-03-28T19:10:47+06:00,small_parcel,Motijheel,23.732992,90.415734,Uttara,23.87287,90.38045,213,returned,2026-03-29T03:10:47+06:00,True
USR030,01000000030,Demo User 030,PC0000316,receiver,2026-04-25T10:46:11+06:00,medium_parcel,Old Dhaka,23.71087,90.407752,Farmgate,23.761317,90.392574,300,returned,2026-04-29T14:46:11+06:00,True
USR030,01000000030,Demo User 030,PC0000307,sender,2026-04-27T02:47:11+06:00,document,Wari,23.72573,90.420243,Mohammadpur,23.767723,90.352485,259,delivered,2026-04-30T14:47:11+06:00,True
USR030,01000000030,Demo User 030,PC0000311,receiver,2026-05-06T22:21:22+06:00,medium_parcel,Farmgate,23.76094,90.394718,Khilgaon,23.745756,90.430454,146,delivered,2026-05-08T17:21:22+06:00,True
USR030,01000000030,Demo User 030,PC0000309,sender,2026-06-06T09:19:23+06:00,small_parcel,Shyamoli,23.769013,90.369955,Dhanmondi,23.742418,90.378064,237,delivered,2026-06-08T21:19:23+06:00,True
USR030,01000000030,Demo User 030,PC0000310,receiver,2026-07-25T09:10:28+06:00,large_parcel,Dhanmondi,23.739836,90.372872,Badda,23.785889,90.421127,263,picked_up,2026-07-25T23:10:28+06:00,True
USR030,01000000030,Demo User 030,PC0000306,sender,2026-07-25T22:30:16+06:00,document,Khilgaon,23.749809,90.420745,Motijheel,23.737085,90.418684,210,delivered,2026-07-27T02:30:16+06:00,True
USR030,01000000030,Demo User 030,PC0000314,sender,2026-07-27T10:09:28+06:00,medium_parcel,Bashundhara,23.81552,90.425793,Motijheel,23.726897,90.410198,277,delivered,2026-07-31T12:09:28+06:00,True
USR030,01000000030,Demo User 030,PC0000308,sender,2026-08-06T13:13:14+06:00,small_parcel,Shyamoli,23.779397,90.363954,Tejgaon,23.766238,90.393076,328,delivered,2026-08-06T20:13:14+06:00,True
USR031,01000000031,Demo User 031,PC0000327,sender,2026-03-08T00:22:45+06:00,document,Mohakhali,23.774123,90.399926,Shyamoli,23.769056,90.365476,324,delivered,2026-03-09T12:22:45+06:00,True
USR031,01000000031,Demo User 031,PC0000320,receiver,2026-03-12T12:56:07+06:00,medium_parcel,Pallabi,23.823047,90.367439,Shyamoli,23.768897,90.369097,149,returned,2026-03-14T01:56:07+06:00,True
USR031,01000000031,Demo User 031,PC0000325,receiver,2026-05-09T12:44:02+06:00,large_parcel,Bashundhara,23.807978,90.424737,Old Dhaka,23.717718,90.409046,321,delivered,2026-05-13T14:44:02+06:00,True
USR031,01000000031,Demo User 031,PC0000322,receiver,2026-05-12T00:43:58+06:00,large_parcel,Banani,23.792248,90.407867,Uttara,23.87177,90.386673,253,delivered,2026-05-15T22:43:58+06:00,True
USR031,01000000031,Demo User 031,PC0000317,sender,2026-05-15T19:29:38+06:00,document,Pallabi,23.821221,90.363803,Old Dhaka,23.709144,90.413979,149,delivered,2026-05-16T11:29:38+06:00,True
USR031,01000000031,Demo User 031,PC0000321,sender,2026-06-15T17:56:46+06:00,small_parcel,Pallabi,23.826872,90.36768,Tejgaon,23.760792,90.387415,258,delivered,2026-06-18T12:56:46+06:00,True
USR031,01000000031,Demo User 031,PC0000324,sender,2026-06-16T18:14:09+06:00,medium_parcel,Badda,23.781913,90.423755,Khilgaon,23.750268,90.426795,115,delivered,2026-06-21T10:14:09+06:00,True
USR031,01000000031,Demo User 031,PC0000326,sender,2026-06-22T17:24:08+06:00,medium_parcel,Khilgaon,23.753668,90.430372,Pallabi,23.821661,90.367218,76,delivered,2026-06-23T22:24:08+06:00,True
USR031,01000000031,Demo User 031,PC0000318,receiver,2026-07-16T14:35:36+06:00,small_parcel,Pallabi,23.824251,90.359633,Farmgate,23.762878,90.390121,88,delivered,2026-07-21T06:35:36+06:00,True
USR031,01000000031,Demo User 031,PC0000319,sender,2026-08-04T23:20:13+06:00,small_parcel,Dhanmondi,23.747374,90.377367,Gulshan,23.791305,90.415547,123,delivered,2026-08-05T11:20:13+06:00,True
USR031,01000000031,Demo User 031,PC0000323,receiver,2026-08-07T15:06:01+06:00,document,Shyamoli,23.782203,90.363743,Rampura,23.763031,90.413153,335,delivered,2026-08-09T03:06:01+06:00,True
USR032,01000000032,Demo User 032,PC0000339,receiver,2026-02-21T04:40:56+06:00,document,Mohakhali,23.774542,90.392366,Khilgaon,23.746439,90.422894,279,returned,2026-02-23T06:40:56+06:00,True
USR032,01000000032,Demo User 032,PC0000337,sender,2026-03-14T00:50:25+06:00,document,Rampura,23.756867,90.425105,Badda,23.774598,90.421431,74,cancelled,2026-03-17T10:50:25+06:00,True
USR032,01000000032,Demo User 032,PC0000340,sender,2026-03-14T19:14:07+06:00,document,Bashundhara,23.817562,90.42219,Tejgaon,23.7714,90.400486,347,returned,2026-03-15T14:14:07+06:00,True
USR032,01000000032,Demo User 032,PC0000335,receiver,2026-03-28T00:25:58+06:00,large_parcel,Mohakhali,23.780549,90.393485,Old Dhaka,23.718357,90.411098,138,delivered,2026-03-31T17:25:58+06:00,True
USR032,01000000032,Demo User 032,PC0000331,sender,2026-04-01T10:53:27+06:00,small_parcel,Shyamoli,23.782349,90.361734,Khilgaon,23.752085,90.427265,344,delivered,2026-04-01T19:53:27+06:00,True
USR032,01000000032,Demo User 032,PC0000328,receiver,2026-04-21T10:34:14+06:00,medium_parcel,Mohammadpur,23.771773,90.354767,Farmgate,23.757152,90.387484,179,delivered,2026-04-24T03:34:14+06:00,True
USR032,01000000032,Demo User 032,PC0000332,receiver,2026-05-26T12:35:35+06:00,large_parcel,Old Dhaka,23.716539,90.402162,Mohammadpur,23.772957,90.353716,198,delivered,2026-05-27T20:35:35+06:00,True
USR032,01000000032,Demo User 032,PC0000338,sender,2026-06-08T22:12:48+06:00,medium_parcel,Farmgate,23.765473,90.388244,Shyamoli,23.781336,90.369959,231,returned,2026-06-13T16:12:48+06:00,True
USR032,01000000032,Demo User 032,PC0000330,receiver,2026-07-18T19:45:33+06:00,small_parcel,Farmgate,23.756463,90.38317,Banani,23.795764,90.406212,271,in_transit,2026-07-19T12:45:33+06:00,True
USR032,01000000032,Demo User 032,PC0000329,receiver,2026-07-26T19:38:41+06:00,medium_parcel,Motijheel,23.727791,90.419675,Rampura,23.763418,90.418884,262,delivered,2026-07-28T10:38:41+06:00,True
USR032,01000000032,Demo User 032,PC0000334,sender,2026-07-29T23:11:42+06:00,document,Old Dhaka,23.706949,90.399404,Mohammadpur,23.770241,90.364763,240,delivered,2026-08-03T13:11:42+06:00,True
USR032,01000000032,Demo User 032,PC0000336,receiver,2026-07-29T23:51:18+06:00,small_parcel,Mohammadpur,23.771508,90.355696,Pallabi,23.826315,90.364299,68,delivered,2026-08-02T09:51:18+06:00,True
USR032,01000000032,Demo User 032,PC0000333,receiver,2026-08-04T07:12:51+06:00,document,Uttara,23.869532,90.382342,Mohammadpur,23.771199,90.354225,325,delivered,2026-08-06T13:12:51+06:00,True
USR033,01000000033,Demo User 033,PC0000348,receiver,2026-03-12T05:03:52+06:00,small_parcel,Uttara,23.868514,90.383061,Wari,23.71236,90.409837,174,delivered,2026-03-16T04:03:52+06:00,True
USR033,01000000033,Demo User 033,PC0000342,receiver,2026-03-12T09:17:37+06:00,document,Motijheel,23.73171,90.415818,Mohakhali,23.777268,90.3913,291,in_transit,2026-03-15T09:17:37+06:00,True
USR033,01000000033,Demo User 033,PC0000351,sender,2026-03-20T06:12:26+06:00,large_parcel,Old Dhaka,23.708584,90.401443,Mohammadpur,23.769791,90.35203,174,delivered,2026-03-23T18:12:26+06:00,True
USR033,01000000033,Demo User 033,PC0000343,sender,2026-03-20T07:05:12+06:00,small_parcel,Motijheel,23.739376,90.423417,Khilgaon,23.747175,90.425954,263,delivered,2026-03-21T10:05:12+06:00,True
USR033,01000000033,Demo User 033,PC0000346,sender,2026-04-07T23:36:54+06:00,medium_parcel,Mohammadpur,23.769109,90.364739,Mohakhali,23.774259,90.391097,114,returned,2026-04-10T14:36:54+06:00,True
USR033,01000000033,Demo User 033,PC0000349,sender,2026-04-10T17:58:24+06:00,document,Mirpur,23.822494,90.372576,Pallabi,23.832511,90.35822,176,delivered,2026-04-12T06:58:24+06:00,True
USR033,01000000033,Demo User 033,PC0000350,sender,2026-04-26T17:34:16+06:00,document,Khilgaon,23.75585,90.422555,Banani,23.792407,90.409013,187,delivered,2026-05-01T05:34:16+06:00,True
USR033,01000000033,Demo User 033,PC0000344,sender,2026-05-21T20:40:18+06:00,large_parcel,Uttara,23.879451,90.3845,Gulshan,23.79728,90.411683,73,delivered,2026-05-23T04:40:18+06:00,True
USR033,01000000033,Demo User 033,PC0000347,sender,2026-05-29T02:28:49+06:00,large_parcel,Banani,23.789055,90.399566,Gulshan,23.799042,90.413931,261,delivered,2026-05-30T11:28:49+06:00,True
USR033,01000000033,Demo User 033,PC0000341,receiver,2026-06-22T11:54:42+06:00,document,Shyamoli,23.778603,90.362708,Khilgaon,23.755761,90.426242,182,delivered,2026-06-22T18:54:42+06:00,True
USR033,01000000033,Demo User 033,PC0000352,receiver,2026-07-13T02:17:31+06:00,small_parcel,Tejgaon,23.765106,90.394582,Uttara,23.87532,90.38719,332,delivered,2026-07-16T02:17:31+06:00,True
USR033,01000000033,Demo User 033,PC0000345,receiver,2026-07-30T18:35:15+06:00,large_parcel,Mohakhali,23.786297,90.396078,Mohammadpur,23.769432,90.35116,271,delivered,2026-08-02T10:35:15+06:00,True
USR034,01000000034,Demo User 034,PC0000353,sender,2026-03-26T19:06:54+06:00,document,Motijheel,23.735058,90.424521,Gulshan,23.786808,90.401878,137,delivered,2026-03-28T23:06:54+06:00,True
USR034,01000000034,Demo User 034,PC0000356,receiver,2026-04-20T15:40:40+06:00,document,Motijheel,23.73771,90.422906,Gulshan,23.787913,90.401996,205,delivered,2026-04-22T10:40:40+06:00,True
USR034,01000000034,Demo User 034,PC0000355,receiver,2026-05-02T03:43:51+06:00,medium_parcel,Banani,23.791122,90.403893,Farmgate,23.753964,90.394223,89,delivered,2026-05-06T01:43:51+06:00,True
USR034,01000000034,Demo User 034,PC0000358,receiver,2026-05-06T18:08:43+06:00,large_parcel,Bashundhara,23.820029,90.418152,Wari,23.724912,90.416566,235,delivered,2026-05-07T01:08:43+06:00,True
USR034,01000000034,Demo User 034,PC0000360,receiver,2026-05-07T05:33:18+06:00,document,Uttara,23.873641,90.381971,Shyamoli,23.769156,90.362261,92,returned,2026-05-10T03:33:18+06:00,True
USR034,01000000034,Demo User 034,PC0000361,receiver,2026-05-29T00:32:46+06:00,small_parcel,Gulshan,23.785407,90.409645,Mohammadpur,23.766228,90.364923,242,delivered,2026-05-31T00:32:46+06:00,True
USR034,01000000034,Demo User 034,PC0000357,sender,2026-06-04T14:52:07+06:00,document,Shyamoli,23.770621,90.372028,Mohakhali,23.775949,90.397003,63,delivered,2026-06-06T00:52:07+06:00,True
USR034,01000000034,Demo User 034,PC0000359,receiver,2026-06-25T11:33:45+06:00,small_parcel,Old Dhaka,23.70837,90.412162,Wari,23.718338,90.420542,131,returned,2026-06-26T19:33:45+06:00,True
USR034,01000000034,Demo User 034,PC0000354,sender,2026-07-04T13:20:41+06:00,large_parcel,Mirpur,23.817166,90.358965,Bashundhara,23.822881,90.419587,275,delivered,2026-07-08T10:20:41+06:00,True
USR034,01000000034,Demo User 034,PC0000362,sender,2026-07-22T21:02:49+06:00,document,Shyamoli,23.77052,90.363644,Dhanmondi,23.746962,90.372901,226,delivered,2026-07-23T12:02:49+06:00,True
USR035,01000000035,Demo User 035,PC0000367,receiver,2026-02-16T14:50:24+06:00,document,Wari,23.725778,90.417008,Mohakhali,23.778093,90.392037,323,delivered,2026-02-16T23:50:24+06:00,True
USR035,01000000035,Demo User 035,PC0000370,sender,2026-02-26T19:33:59+06:00,medium_parcel,Old Dhaka,23.70585,90.409393,Farmgate,23.757426,90.383386,294,delivered,2026-03-01T20:33:59+06:00,True
USR035,01000000035,Demo User 035,PC0000368,sender,2026-04-23T00:40:19+06:00,small_parcel,Rampura,23.758957,90.423015,Khilgaon,23.754674,90.432655,167,delivered,2026-04-27T11:40:19+06:00,True
USR035,01000000035,Demo User 035,PC0000364,receiver,2026-05-23T08:28:10+06:00,small_parcel,Old Dhaka,23.711934,90.413903,Mohakhali,23.773801,90.402773,230,delivered,2026-05-23T10:28:10+06:00,True
USR035,01000000035,Demo User 035,PC0000371,sender,2026-06-05T22:47:22+06:00,small_parcel,Old Dhaka,23.710795,90.40193,Tejgaon,23.759526,90.393373,230,cancelled,2026-06-09T14:47:22+06:00,True
USR035,01000000035,Demo User 035,PC0000366,receiver,2026-06-22T05:12:56+06:00,medium_parcel,Motijheel,23.735226,90.410292,Farmgate,23.7546,90.393554,344,returned,2026-06-24T04:12:56+06:00,True
USR035,01000000035,Demo User 035,PC0000365,receiver,2026-07-05T07:02:46+06:00,small_parcel,Farmgate,23.75316,90.384591,Mohakhali,23.788706,90.404418,303,delivered,2026-07-07T18:02:46+06:00,True
USR035,01000000035,Demo User 035,PC0000369,receiver,2026-07-10T22:05:04+06:00,medium_parcel,Uttara,23.869677,90.37268,Khilgaon,23.747512,90.417531,310,delivered,2026-07-11T15:05:04+06:00,True
USR035,01000000035,Demo User 035,PC0000363,receiver,2026-07-16T05:37:25+06:00,small_parcel,Dhanmondi,23.74608,90.382913,Farmgate,23.751026,90.38215,78,cancelled,2026-07-17T13:37:25+06:00,True
USR035,01000000035,Demo User 035,PC0000373,receiver,2026-07-25T19:03:59+06:00,small_parcel,Shyamoli,23.768351,90.363146,Bashundhara,23.810174,90.418084,126,delivered,2026-07-27T05:03:59+06:00,True
USR035,01000000035,Demo User 035,PC0000372,receiver,2026-08-07T00:07:04+06:00,document,Badda,23.788125,90.430834,Shyamoli,23.776322,90.35937,300,in_transit,2026-08-08T02:07:04+06:00,True
USR036,01000000036,Demo User 036,PC0000378,sender,2026-02-16T10:48:32+06:00,document,Banani,23.799737,90.411832,Badda,23.787831,90.423161,151,delivered,2026-02-18T21:48:32+06:00,True
USR036,01000000036,Demo User 036,PC0000383,receiver,2026-03-11T06:52:29+06:00,document,Old Dhaka,23.708051,90.413525,Mohammadpur,23.771171,90.360738,339,delivered,2026-03-12T13:52:29+06:00,True
USR036,01000000036,Demo User 036,PC0000377,sender,2026-03-19T17:32:02+06:00,small_parcel,Pallabi,23.83432,90.360986,Wari,23.72086,90.413738,102,cancelled,2026-03-23T11:32:02+06:00,True
USR036,01000000036,Demo User 036,PC0000376,receiver,2026-04-08T11:41:07+06:00,small_parcel,Gulshan,23.79849,90.4125,Tejgaon,23.760363,90.394519,276,in_transit,2026-04-10T19:41:07+06:00,True
USR036,01000000036,Demo User 036,PC0000382,receiver,2026-05-17T15:36:06+06:00,small_parcel,Badda,23.783779,90.421475,Tejgaon,23.770544,90.391195,279,delivered,2026-05-18T11:36:06+06:00,True
USR036,01000000036,Demo User 036,PC0000375,receiver,2026-05-19T08:20:13+06:00,small_parcel,Old Dhaka,23.705923,90.411039,Wari,23.726496,90.41995,79,delivered,2026-05-22T14:20:13+06:00,True
USR036,01000000036,Demo User 036,PC0000380,sender,2026-05-19T18:28:46+06:00,document,Gulshan,23.793424,90.410353,Mirpur,23.826687,90.35827,115,picked_up,2026-05-22T16:28:46+06:00,True
USR036,01000000036,Demo User 036,PC0000379,sender,2026-05-20T04:26:32+06:00,large_parcel,Mohammadpur,23.760503,90.360225,Uttara,23.874668,90.38329,241,picked_up,2026-05-21T17:26:32+06:00,True
USR036,01000000036,Demo User 036,PC0000381,receiver,2026-06-23T09:19:11+06:00,document,Uttara,23.871437,90.380639,Dhanmondi,23.741155,90.381434,131,delivered,2026-06-27T07:19:11+06:00,True
USR036,01000000036,Demo User 036,PC0000386,sender,2026-07-02T16:09:49+06:00,large_parcel,Uttara,23.875417,90.375298,Khilgaon,23.750416,90.43076,310,delivered,2026-07-02T18:09:49+06:00,True
USR036,01000000036,Demo User 036,PC0000384,sender,2026-07-19T19:15:28+06:00,medium_parcel,Rampura,23.763571,90.428166,Mohammadpur,23.761026,90.352579,99,delivered,2026-07-20T06:15:28+06:00,True
USR036,01000000036,Demo User 036,PC0000385,sender,2026-07-26T15:49:04+06:00,small_parcel,Dhanmondi,23.74171,90.370043,Old Dhaka,23.7075,90.411863,111,delivered,2026-07-31T05:49:04+06:00,True
USR036,01000000036,Demo User 036,PC0000374,receiver,2026-08-06T02:51:09+06:00,large_parcel,Uttara,23.873473,90.378036,Rampura,23.755211,90.419157,130,in_transit,2026-08-06T14:51:09+06:00,True
USR037,01000000037,Demo User 037,PC0000390,receiver,2026-03-16T09:22:08+06:00,large_parcel,Khilgaon,23.753502,90.425633,Farmgate,23.764936,90.395853,264,delivered,2026-03-17T08:22:08+06:00,True
USR037,01000000037,Demo User 037,PC0000394,receiver,2026-03-24T00:33:02+06:00,medium_parcel,Mohammadpur,23.765843,90.355476,Wari,23.717852,90.411948,253,in_transit,2026-03-24T04:33:02+06:00,True
USR037,01000000037,Demo User 037,PC0000391,sender,2026-04-09T11:47:22+06:00,medium_parcel,Gulshan,23.79165,90.414813,Banani,23.791056,90.406246,156,delivered,2026-04-13T18:47:22+06:00,True
USR037,01000000037,Demo User 037,PC0000397,sender,2026-05-02T01:15:39+06:00,small_parcel,Mohakhali,23.78103,90.395676,Khilgaon,23.754796,90.420704,81,in_transit,2026-05-06T08:15:39+06:00,True
USR037,01000000037,Demo User 037,PC0000396,sender,2026-05-17T17:02:45+06:00,medium_parcel,Tejgaon,23.764354,90.398056,Khilgaon,23.746248,90.417507,309,delivered,2026-05-21T21:02:45+06:00,True
USR037,01000000037,Demo User 037,PC0000395,sender,2026-05-20T17:21:54+06:00,document,Khilgaon,23.750641,90.421472,Shyamoli,23.780292,90.368838,82,delivered,2026-05-24T11:21:54+06:00,True
USR037,01000000037,Demo User 037,PC0000388,sender,2026-05-28T12:55:03+06:00,small_parcel,Dhanmondi,23.742429,90.375079,Wari,23.72573,90.423793,115,delivered,2026-05-30T04:55:03+06:00,True
USR037,01000000037,Demo User 037,PC0000392,receiver,2026-06-13T01:24:42+06:00,large_parcel,Bashundhara,23.807583,90.421315,Mohammadpur,23.769151,90.360742,323,delivered,2026-06-17T19:24:42+06:00,True
USR037,01000000037,Demo User 037,PC0000393,receiver,2026-06-29T01:28:17+06:00,document,Bashundhara,23.816452,90.428505,Shyamoli,23.769921,90.369668,120,delivered,2026-06-29T08:28:17+06:00,True
USR037,01000000037,Demo User 037,PC0000389,receiver,2026-07-14T20:41:09+06:00,document,Banani,23.791751,90.409526,Rampura,23.759141,90.422869,155,returned,2026-07-16T17:41:09+06:00,True
USR037,01000000037,Demo User 037,PC0000387,sender,2026-08-02T05:20:48+06:00,large_parcel,Gulshan,23.797197,90.409353,Badda,23.777709,90.428548,65,delivered,2026-08-03T10:20:48+06:00,True
USR038,01000000038,Demo User 038,PC0000398,receiver,2026-02-14T14:55:24+06:00,document,Dhanmondi,23.751959,90.376976,Pallabi,23.820552,90.364073,302,delivered,2026-02-19T10:55:24+06:00,True
USR038,01000000038,Demo User 038,PC0000406,receiver,2026-03-22T23:06:50+06:00,medium_parcel,Gulshan,23.78993,90.411668,Shyamoli,23.77288,90.36021,147,delivered,2026-03-26T23:06:50+06:00,True
USR038,01000000038,Demo User 038,PC0000399,sender,2026-05-03T23:49:40+06:00,large_parcel,Farmgate,23.755047,90.389358,Mohakhali,23.780612,90.400341,276,delivered,2026-05-06T03:49:40+06:00,True
USR038,01000000038,Demo User 038,PC0000400,receiver,2026-05-23T23:28:21+06:00,document,Mohakhali,23.788137,90.399399,Gulshan,23.799053,90.401818,60,picked_up,2026-05-26T08:28:21+06:00,True
USR038,01000000038,Demo User 038,PC0000401,sender,2026-06-01T23:17:46+06:00,document,Shyamoli,23.775019,90.357913,Old Dhaka,23.716255,90.410168,230,delivered,2026-06-05T10:17:46+06:00,True
USR038,01000000038,Demo User 038,PC0000407,receiver,2026-06-25T15:28:06+06:00,medium_parcel,Old Dhaka,23.709936,90.402208,Mohakhali,23.773853,90.400204,241,delivered,2026-06-30T05:28:06+06:00,True
USR038,01000000038,Demo User 038,PC0000402,sender,2026-06-29T06:30:48+06:00,small_parcel,Bashundhara,23.809398,90.431344,Mohakhali,23.78697,90.402502,315,delivered,2026-06-29T09:30:48+06:00,True
USR038,01000000038,Demo User 038,PC0000405,receiver,2026-07-13T12:17:21+06:00,large_parcel,Khilgaon,23.748228,90.419889,Shyamoli,23.769398,90.367488,117,picked_up,2026-07-14T06:17:21+06:00,True
USR038,01000000038,Demo User 038,PC0000403,sender,2026-07-23T01:49:04+06:00,small_parcel,Bashundhara,23.80758,90.421484,Rampura,23.764376,90.428123,247,cancelled,2026-07-27T03:49:04+06:00,True
USR038,01000000038,Demo User 038,PC0000404,sender,2026-08-03T08:39:35+06:00,small_parcel,Shyamoli,23.767378,90.366413,Rampura,23.761254,90.423304,284,delivered,2026-08-03T13:39:35+06:00,True
USR039,01000000039,Demo User 039,PC0000410,sender,2026-02-16T15:46:53+06:00,small_parcel,Dhanmondi,23.745436,90.378919,Mohakhali,23.786317,90.397743,297,picked_up,2026-02-20T15:46:53+06:00,True
USR039,01000000039,Demo User 039,PC0000413,receiver,2026-02-28T14:31:00+06:00,large_parcel,Badda,23.782294,90.423588,Tejgaon,23.756683,90.390326,130,delivered,2026-03-01T16:31:00+06:00,True
USR039,01000000039,Demo User 039,PC0000412,receiver,2026-03-31T01:12:14+06:00,large_parcel,Mohammadpur,23.76804,90.359102,Banani,23.791752,90.39886,195,delivered,2026-04-01T21:12:14+06:00,True
USR039,01000000039,Demo User 039,PC0000409,receiver,2026-04-02T05:40:19+06:00,small_parcel,Dhanmondi,23.747839,90.381165,Rampura,23.753108,90.422114,238,delivered,2026-04-04T22:40:19+06:00,True
USR039,01000000039,Demo User 039,PC0000408,receiver,2026-05-09T11:01:27+06:00,document,Tejgaon,23.760502,90.386179,Gulshan,23.794788,90.400305,310,picked_up,2026-05-12T02:01:27+06:00,True
USR039,01000000039,Demo User 039,PC0000411,receiver,2026-07-30T02:21:37+06:00,medium_parcel,Motijheel,23.725749,90.417679,Wari,23.714294,90.425105,211,delivered,2026-07-31T23:21:37+06:00,True
USR040,01000000040,Demo User 040,PC0000417,receiver,2026-02-25T17:47:41+06:00,document,Farmgate,23.75988,90.397225,Mohakhali,23.779739,90.400211,264,delivered,2026-02-28T09:47:41+06:00,True
USR040,01000000040,Demo User 040,PC0000421,sender,2026-04-15T11:23:44+06:00,small_parcel,Banani,23.79894,90.39914,Bashundhara,23.808277,90.421744,248,delivered,2026-04-18T16:23:44+06:00,True
USR040,01000000040,Demo User 040,PC0000414,sender,2026-04-24T14:45:27+06:00,large_parcel,Badda,23.776181,90.430198,Dhanmondi,23.753701,90.378168,318,delivered,2026-04-25T19:45:27+06:00,True
USR040,01000000040,Demo User 040,PC0000423,receiver,2026-05-08T01:16:56+06:00,large_parcel,Wari,23.726672,90.423835,Mohammadpur,23.762596,90.364022,117,delivered,2026-05-10T12:16:56+06:00,True
USR040,01000000040,Demo User 040,PC0000425,receiver,2026-05-30T16:46:38+06:00,large_parcel,Khilgaon,23.750729,90.432356,Bashundhara,23.815339,90.428597,309,delivered,2026-06-02T08:46:38+06:00,True
USR040,01000000040,Demo User 040,PC0000424,receiver,2026-06-03T10:39:45+06:00,small_parcel,Mohakhali,23.773161,90.40285,Badda,23.782622,90.434317,323,delivered,2026-06-05T20:39:45+06:00,True
USR040,01000000040,Demo User 040,PC0000416,receiver,2026-06-08T12:24:35+06:00,large_parcel,Farmgate,23.763163,90.383767,Pallabi,23.822208,90.369541,91,delivered,2026-06-10T10:24:35+06:00,True
USR040,01000000040,Demo User 040,PC0000415,receiver,2026-06-12T05:15:38+06:00,medium_parcel,Wari,23.716719,90.420718,Gulshan,23.798642,90.414544,98,delivered,2026-06-13T11:15:38+06:00,True
USR040,01000000040,Demo User 040,PC0000422,sender,2026-06-15T15:29:59+06:00,document,Tejgaon,23.759645,90.401331,Pallabi,23.826898,90.357011,93,delivered,2026-06-16T07:29:59+06:00,True
USR040,01000000040,Demo User 040,PC0000420,sender,2026-07-10T10:18:02+06:00,large_parcel,Dhanmondi,23.74893,90.380547,Tejgaon,23.76526,90.391858,79,delivered,2026-07-12T19:18:02+06:00,True
USR040,01000000040,Demo User 040,PC0000418,sender,2026-07-24T19:43:26+06:00,large_parcel,Tejgaon,23.756758,90.401398,Rampura,23.756152,90.419706,327,delivered,2026-07-29T02:43:26+06:00,True
USR040,01000000040,Demo User 040,PC0000419,sender,2026-08-07T09:10:39+06:00,large_parcel,Wari,23.716765,90.412573,Uttara,23.879127,90.376093,208,delivered,2026-08-09T14:10:39+06:00,True
USR041,01000000041,Demo User 041,PC0000440,sender,2026-02-15T01:16:38+06:00,small_parcel,Uttara,23.883465,90.372374,Dhanmondi,23.748381,90.380454,333,delivered,2026-02-20T00:16:38+06:00,True
USR041,01000000041,Demo User 041,PC0000436,receiver,2026-03-23T18:41:08+06:00,document,Uttara,23.875763,90.374116,Bashundhara,23.816809,90.428562,290,delivered,2026-03-27T16:41:08+06:00,True
USR041,01000000041,Demo User 041,PC0000431,sender,2026-03-25T17:42:22+06:00,medium_parcel,Dhanmondi,23.739407,90.382403,Gulshan,23.786813,90.412818,319,delivered,2026-03-26T14:42:22+06:00,True
USR041,01000000041,Demo User 041,PC0000439,receiver,2026-04-02T10:55:21+06:00,document,Badda,23.778344,90.426879,Mohammadpur,23.759254,90.36308,195,delivered,2026-04-05T14:55:21+06:00,True
USR041,01000000041,Demo User 041,PC0000435,receiver,2026-04-12T05:23:31+06:00,small_parcel,Shyamoli,23.775171,90.368852,Khilgaon,23.757448,90.430585,343,delivered,2026-04-13T19:23:31+06:00,True
USR041,01000000041,Demo User 041,PC0000430,receiver,2026-04-18T08:01:27+06:00,large_parcel,Dhanmondi,23.742623,90.370771,Farmgate,23.765322,90.386675,350,in_transit,2026-04-21T20:01:27+06:00,True
USR041,01000000041,Demo User 041,PC0000426,sender,2026-05-21T02:25:07+06:00,small_parcel,Motijheel,23.734055,90.410027,Tejgaon,23.761669,90.401646,185,delivered,2026-05-22T19:25:07+06:00,True
USR041,01000000041,Demo User 041,PC0000437,receiver,2026-06-28T00:37:31+06:00,document,Rampura,23.759921,90.418146,Banani,23.788378,90.410398,179,delivered,2026-07-01T14:37:31+06:00,True
USR041,01000000041,Demo User 041,PC0000428,sender,2026-07-03T08:52:49+06:00,medium_parcel,Old Dhaka,23.711896,90.412965,Mirpur,23.826108,90.36185,229,delivered,2026-07-07T22:52:49+06:00,True
USR041,01000000041,Demo User 041,PC0000434,sender,2026-07-05T08:00:33+06:00,small_parcel,Rampura,23.768567,90.414919,Uttara,23.882682,90.375778,175,delivered,2026-07-09T06:00:33+06:00,True
USR041,01000000041,Demo User 041,PC0000429,receiver,2026-07-19T19:46:22+06:00,document,Tejgaon,23.757503,90.390733,Motijheel,23.726924,90.417302,148,picked_up,2026-07-21T16:46:22+06:00,True
USR041,01000000041,Demo User 041,PC0000438,sender,2026-07-22T20:54:01+06:00,document,Mohakhali,23.786363,90.396232,Bashundhara,23.809282,90.421204,285,returned,2026-07-27T07:54:01+06:00,True
USR041,01000000041,Demo User 041,PC0000433,sender,2026-07-30T05:41:07+06:00,document,Mirpur,23.818905,90.372494,Motijheel,23.73766,90.418844,262,returned,2026-07-31T10:41:07+06:00,True
USR041,01000000041,Demo User 041,PC0000432,sender,2026-08-04T15:44:52+06:00,medium_parcel,Uttara,23.875265,90.381642,Wari,23.718646,90.415101,349,returned,2026-08-07T12:44:52+06:00,True
USR041,01000000041,Demo User 041,PC0000427,sender,2026-08-05T21:58:09+06:00,large_parcel,Motijheel,23.735789,90.419279,Tejgaon,23.76727,90.396132,202,delivered,2026-08-08T15:58:09+06:00,True
USR042,01000000042,Demo User 042,PC0000444,receiver,2026-03-04T08:04:16+06:00,document,Uttara,23.874179,90.37331,Farmgate,23.76634,90.392907,350,in_transit,2026-03-08T14:04:16+06:00,True
USR042,01000000042,Demo User 042,PC0000451,receiver,2026-03-11T17:06:42+06:00,medium_parcel,Old Dhaka,23.712446,90.401586,Badda,23.786264,90.419859,238,delivered,2026-03-11T22:06:42+06:00,True
USR042,01000000042,Demo User 042,PC0000442,receiver,2026-03-18T17:52:32+06:00,small_parcel,Farmgate,23.75197,90.388162,Old Dhaka,23.717868,90.413979,182,delivered,2026-03-22T20:52:32+06:00,True
USR042,01000000042,Demo User 042,PC0000452,sender,2026-03-19T20:54:51+06:00,medium_parcel,Badda,23.785707,90.432985,Mohammadpur,23.769833,90.351738,101,delivered,2026-03-22T23:54:51+06:00,True
USR042,01000000042,Demo User 042,PC0000445,sender,2026-04-22T10:12:06+06:00,document,Farmgate,23.757331,90.381969,Tejgaon,23.764601,90.397993,85,delivered,2026-04-24T21:12:06+06:00,True
USR042,01000000042,Demo User 042,PC0000449,sender,2026-06-15T04:03:26+06:00,document,Gulshan,23.800451,90.410589,Mirpur,23.825358,90.367045,159,delivered,2026-06-18T21:03:26+06:00,True
USR042,01000000042,Demo User 042,PC0000443,receiver,2026-06-30T17:50:36+06:00,document,Banani,23.800422,90.411545,Shyamoli,23.776579,90.361242,109,delivered,2026-06-30T20:50:36+06:00,True
USR042,01000000042,Demo User 042,PC0000448,receiver,2026-07-06T23:26:57+06:00,small_parcel,Khilgaon,23.74846,90.431708,Old Dhaka,23.714317,90.40685,313,in_transit,2026-07-11T23:26:57+06:00,True
USR042,01000000042,Demo User 042,PC0000441,sender,2026-07-08T01:51:48+06:00,document,Mirpur,23.820722,90.362547,Pallabi,23.82897,90.36097,143,delivered,2026-07-11T00:51:48+06:00,True
USR042,01000000042,Demo User 042,PC0000446,sender,2026-07-14T01:52:59+06:00,small_parcel,Farmgate,23.76454,90.388533,Mohakhali,23.773154,90.395189,237,delivered,2026-07-16T04:52:59+06:00,True
USR042,01000000042,Demo User 042,PC0000450,sender,2026-07-15T00:56:50+06:00,medium_parcel,Bashundhara,23.816955,90.42262,Motijheel,23.732809,90.423097,223,delivered,2026-07-19T03:56:50+06:00,True
USR042,01000000042,Demo User 042,PC0000447,sender,2026-07-15T06:17:24+06:00,large_parcel,Shyamoli,23.774256,90.367764,Mohammadpur,23.767668,90.364993,284,delivered,2026-07-16T12:17:24+06:00,True
USR043,01000000043,Demo User 043,PC0000457,sender,2026-02-21T21:30:40+06:00,document,Mirpur,23.830213,90.359518,Dhanmondi,23.749877,90.371678,341,returned,2026-02-23T16:30:40+06:00,True
USR043,01000000043,Demo User 043,PC0000464,sender,2026-03-03T13:14:26+06:00,medium_parcel,Old Dhaka,23.704525,90.404599,Rampura,23.758637,90.424399,296,delivered,2026-03-08T05:14:26+06:00,True
USR043,01000000043,Demo User 043,PC0000461,receiver,2026-03-12T01:45:37+06:00,small_parcel,Mirpur,23.826421,90.372552,Old Dhaka,23.713193,90.402708,336,delivered,2026-03-12T20:45:37+06:00,True
USR043,01000000043,Demo User 043,PC0000458,sender,2026-03-30T20:43:08+06:00,document,Farmgate,23.754119,90.382003,Gulshan,23.790808,90.405955,328,returned,2026-03-31T11:43:08+06:00,True
USR043,01000000043,Demo User 043,PC0000463,receiver,2026-04-08T02:10:57+06:00,medium_parcel,Banani,23.788976,90.40046,Motijheel,23.725199,90.422227,99,delivered,2026-04-08T05:10:57+06:00,True
USR043,01000000043,Demo User 043,PC0000459,receiver,2026-04-27T05:49:35+06:00,medium_parcel,Mirpur,23.819893,90.369628,Shyamoli,23.770117,90.364589,344,picked_up,2026-04-28T03:49:35+06:00,True
USR043,01000000043,Demo User 043,PC0000455,sender,2026-05-18T04:07:33+06:00,document,Wari,23.72617,90.425016,Mohakhali,23.786237,90.397629,169,delivered,2026-05-18T06:07:33+06:00,True
USR043,01000000043,Demo User 043,PC0000453,sender,2026-05-24T12:22:41+06:00,medium_parcel,Motijheel,23.734821,90.415996,Dhanmondi,23.74442,90.377219,102,delivered,2026-05-25T21:22:41+06:00,True
USR043,01000000043,Demo User 043,PC0000454,sender,2026-06-06T04:34:54+06:00,large_parcel,Badda,23.780024,90.420598,Mohakhali,23.781886,90.391003,100,delivered,2026-06-09T10:34:54+06:00,True
USR043,01000000043,Demo User 043,PC0000460,receiver,2026-07-08T04:41:48+06:00,medium_parcel,Gulshan,23.789011,90.410675,Farmgate,23.75803,90.382611,102,delivered,2026-07-13T01:41:48+06:00,True
USR043,01000000043,Demo User 043,PC0000456,sender,2026-07-18T11:58:59+06:00,large_parcel,Dhanmondi,23.743837,90.371311,Pallabi,23.83245,90.371562,113,delivered,2026-07-23T02:58:59+06:00,True
USR043,01000000043,Demo User 043,PC0000462,sender,2026-08-06T13:58:20+06:00,document,Uttara,23.876568,90.373807,Rampura,23.768129,90.414767,133,delivered,2026-08-09T23:59:59+06:00,True
USR044,01000000044,Demo User 044,PC0000470,sender,2026-02-10T20:05:37+06:00,small_parcel,Shyamoli,23.769033,90.362981,Tejgaon,23.757286,90.394362,85,delivered,2026-02-12T17:05:37+06:00,True
USR044,01000000044,Demo User 044,PC0000475,receiver,2026-03-12T20:03:37+06:00,small_parcel,Wari,23.71903,90.414636,Mohakhali,23.783535,90.405492,308,delivered,2026-03-16T01:03:37+06:00,True
USR044,01000000044,Demo User 044,PC0000468,receiver,2026-03-31T18:13:37+06:00,document,Farmgate,23.766707,90.394048,Uttara,23.872337,90.378239,297,delivered,2026-04-01T07:13:37+06:00,True
USR044,01000000044,Demo User 044,PC0000469,receiver,2026-04-02T16:48:00+06:00,medium_parcel,Badda,23.774812,90.428014,Pallabi,23.827039,90.360656,262,cancelled,2026-04-05T02:48:00+06:00,True
USR044,01000000044,Demo User 044,PC0000466,sender,2026-04-20T05:51:36+06:00,document,Farmgate,23.757457,90.39528,Khilgaon,23.752886,90.43181,107,delivered,2026-04-23T10:51:36+06:00,True
USR044,01000000044,Demo User 044,PC0000471,receiver,2026-04-28T15:21:52+06:00,document,Pallabi,23.821695,90.369304,Rampura,23.763558,90.424384,80,delivered,2026-04-29T20:21:52+06:00,True
USR044,01000000044,Demo User 044,PC0000472,sender,2026-05-04T05:11:39+06:00,medium_parcel,Shyamoli,23.77371,90.36973,Wari,23.724919,90.42067,282,delivered,2026-05-07T19:11:39+06:00,True
USR044,01000000044,Demo User 044,PC0000465,sender,2026-05-06T06:34:28+06:00,small_parcel,Badda,23.776406,90.421295,Motijheel,23.728205,90.421727,223,delivered,2026-05-06T08:34:28+06:00,True
USR044,01000000044,Demo User 044,PC0000474,sender,2026-05-08T19:31:56+06:00,medium_parcel,Uttara,23.875872,90.372645,Mohammadpur,23.761685,90.365801,261,delivered,2026-05-10T01:31:56+06:00,True
USR044,01000000044,Demo User 044,PC0000473,receiver,2026-05-09T03:43:14+06:00,small_parcel,Mohammadpur,23.766934,90.35498,Pallabi,23.823414,90.364415,203,delivered,2026-05-14T01:43:14+06:00,True
USR044,01000000044,Demo User 044,PC0000467,sender,2026-06-12T11:22:43+06:00,medium_parcel,Wari,23.718683,90.423844,Farmgate,23.752689,90.390823,343,delivered,2026-06-17T08:22:43+06:00,True
USR045,01000000045,Demo User 045,PC0000487,receiver,2026-02-13T11:22:32+06:00,document,Uttara,23.878922,90.377515,Motijheel,23.737103,90.416982,285,delivered,2026-02-18T03:22:32+06:00,True
USR045,01000000045,Demo User 045,PC0000477,receiver,2026-03-01T23:58:08+06:00,document,Gulshan,23.785479,90.401653,Shyamoli,23.767247,90.370711,195,delivered,2026-03-05T19:58:08+06:00,True
USR045,01000000045,Demo User 045,PC0000486,receiver,2026-03-04T10:53:18+06:00,document,Mohammadpur,23.765431,90.362626,Banani,23.795387,90.409644,265,delivered,2026-03-05T20:53:18+06:00,True
USR045,01000000045,Demo User 045,PC0000478,receiver,2026-04-21T10:50:02+06:00,medium_parcel,Khilgaon,23.751371,90.417029,Bashundhara,23.821849,90.426205,176,delivered,2026-04-25T08:50:02+06:00,True
USR045,01000000045,Demo User 045,PC0000482,sender,2026-04-24T00:53:49+06:00,small_parcel,Shyamoli,23.769273,90.361877,Mohakhali,23.787865,90.402857,294,delivered,2026-04-26T19:53:49+06:00,True
USR045,01000000045,Demo User 045,PC0000488,receiver,2026-06-05T05:51:19+06:00,large_parcel,Dhanmondi,23.750073,90.38053,Mirpur,23.82214,90.35888,266,delivered,2026-06-08T11:51:19+06:00,True
USR045,01000000045,Demo User 045,PC0000476,sender,2026-06-18T23:20:20+06:00,small_parcel,Mirpur,23.829908,90.369312,Badda,23.780663,90.428655,108,delivered,2026-06-19T12:20:20+06:00,True
USR045,01000000045,Demo User 045,PC0000479,sender,2026-06-24T08:15:58+06:00,small_parcel,Mirpur,23.823119,90.364259,Badda,23.773005,90.427515,96,delivered,2026-06-28T15:15:58+06:00,True
USR045,01000000045,Demo User 045,PC0000484,sender,2026-07-04T18:52:42+06:00,medium_parcel,Old Dhaka,23.70259,90.402808,Mohammadpur,23.767444,90.362802,156,delivered,2026-07-05T01:52:42+06:00,True
USR045,01000000045,Demo User 045,PC0000480,sender,2026-07-04T19:10:51+06:00,medium_parcel,Bashundhara,23.818583,90.431788,Old Dhaka,23.71226,90.412199,193,delivered,2026-07-09T07:10:51+06:00,True
USR045,01000000045,Demo User 045,PC0000481,sender,2026-07-20T18:41:16+06:00,large_parcel,Pallabi,23.831069,90.369712,Tejgaon,23.761044,90.396808,203,delivered,2026-07-23T16:41:16+06:00,True
USR045,01000000045,Demo User 045,PC0000483,receiver,2026-07-28T13:20:50+06:00,medium_parcel,Dhanmondi,23.75378,90.380069,Wari,23.717687,90.4211,123,delivered,2026-08-02T04:20:50+06:00,True
USR045,01000000045,Demo User 045,PC0000485,sender,2026-08-02T10:33:08+06:00,medium_parcel,Badda,23.774128,90.42243,Farmgate,23.765024,90.38955,226,delivered,2026-08-03T11:33:08+06:00,True
USR045,01000000045,Demo User 045,PC0000489,receiver,2026-08-04T09:27:52+06:00,small_parcel,Mohakhali,23.782268,90.397898,Farmgate,23.765196,90.382524,62,delivered,2026-08-06T13:27:52+06:00,True
USR046,01000000046,Demo User 046,PC0000497,sender,2026-02-20T23:13:38+06:00,document,Dhanmondi,23.75286,90.371843,Badda,23.775913,90.422844,243,delivered,2026-02-24T18:13:38+06:00,True
USR046,01000000046,Demo User 046,PC0000498,sender,2026-02-24T08:15:11+06:00,medium_parcel,Farmgate,23.765881,90.392557,Wari,23.717611,90.4197,134,delivered,2026-02-28T16:15:11+06:00,True
USR046,01000000046,Demo User 046,PC0000491,receiver,2026-03-10T09:31:52+06:00,large_parcel,Bashundhara,23.809879,90.433432,Uttara,23.877394,90.371914,237,in_transit,2026-03-13T13:31:52+06:00,True
USR046,01000000046,Demo User 046,PC0000494,receiver,2026-03-12T18:00:01+06:00,large_parcel,Dhanmondi,23.752393,90.377062,Uttara,23.882544,90.375901,114,returned,2026-03-14T12:00:01+06:00,True
USR046,01000000046,Demo User 046,PC0000496,receiver,2026-03-13T17:23:25+06:00,small_parcel,Pallabi,23.828968,90.356792,Banani,23.799099,90.408306,323,delivered,2026-03-18T16:23:25+06:00,True
USR046,01000000046,Demo User 046,PC0000499,receiver,2026-04-08T14:23:32+06:00,medium_parcel,Gulshan,23.790009,90.406929,Banani,23.790946,90.399053,309,delivered,2026-04-10T09:23:32+06:00,True
USR046,01000000046,Demo User 046,PC0000503,receiver,2026-04-09T11:00:40+06:00,small_parcel,Mohakhali,23.780576,90.401608,Shyamoli,23.776325,90.371757,294,delivered,2026-04-14T00:00:40+06:00,True
USR046,01000000046,Demo User 046,PC0000492,sender,2026-04-23T01:54:45+06:00,medium_parcel,Old Dhaka,23.714094,90.400942,Mohakhali,23.773359,90.403085,183,delivered,2026-04-25T12:54:45+06:00,True
USR046,01000000046,Demo User 046,PC0000502,sender,2026-05-01T16:01:21+06:00,document,Wari,23.720714,90.415906,Gulshan,23.787136,90.41233,105,delivered,2026-05-05T17:01:21+06:00,True
USR046,01000000046,Demo User 046,PC0000493,sender,2026-05-19T11:24:01+06:00,document,Gulshan,23.797297,90.410425,Khilgaon,23.746381,90.417424,132,delivered,2026-05-23T06:24:01+06:00,True
USR046,01000000046,Demo User 046,PC0000500,sender,2026-05-30T06:41:42+06:00,small_parcel,Tejgaon,23.765176,90.398096,Bashundhara,23.813889,90.424235,166,delivered,2026-05-30T14:41:42+06:00,True
USR046,01000000046,Demo User 046,PC0000490,sender,2026-06-07T13:29:08+06:00,small_parcel,Old Dhaka,23.704857,90.406698,Khilgaon,23.754064,90.423181,193,delivered,2026-06-09T06:29:08+06:00,True
USR046,01000000046,Demo User 046,PC0000495,sender,2026-06-12T16:47:43+06:00,document,Badda,23.775329,90.432253,Mohakhali,23.779164,90.401908,68,delivered,2026-06-14T05:47:43+06:00,True
USR046,01000000046,Demo User 046,PC0000501,sender,2026-07-29T01:36:55+06:00,medium_parcel,Badda,23.783567,90.431698,Shyamoli,23.777277,90.36952,209,delivered,2026-08-01T18:36:55+06:00,True
USR047,01000000047,Demo User 047,PC0000511,sender,2026-03-08T06:55:57+06:00,small_parcel,Farmgate,23.751721,90.388726,Old Dhaka,23.718211,90.413673,207,delivered,2026-03-08T21:55:57+06:00,True
USR047,01000000047,Demo User 047,PC0000509,receiver,2026-03-10T20:24:56+06:00,small_parcel,Bashundhara,23.820214,90.418773,Tejgaon,23.769258,90.397087,133,delivered,2026-03-13T18:24:56+06:00,True
USR047,01000000047,Demo User 047,PC0000505,receiver,2026-05-21T02:44:28+06:00,large_parcel,Old Dhaka,23.705087,90.403462,Rampura,23.758564,90.425243,292,delivered,2026-05-24T13:44:28+06:00,True
USR047,01000000047,Demo User 047,PC0000508,receiver,2026-05-21T14:08:41+06:00,document,Mohakhali,23.774992,90.39675,Wari,23.721676,90.42257,342,delivered,2026-05-25T07:08:41+06:00,True
USR047,01000000047,Demo User 047,PC0000510,receiver,2026-05-27T09:27:31+06:00,document,Tejgaon,23.769511,90.400472,Badda,23.786046,90.424602,156,delivered,2026-05-29T02:27:31+06:00,True
USR047,01000000047,Demo User 047,PC0000504,sender,2026-05-28T12:18:49+06:00,document,Gulshan,23.79558,90.399987,Uttara,23.879078,90.377424,193,delivered,2026-05-30T01:18:49+06:00,True
USR047,01000000047,Demo User 047,PC0000512,sender,2026-06-10T12:33:45+06:00,large_parcel,Rampura,23.761519,90.413534,Shyamoli,23.775489,90.358631,200,delivered,2026-06-14T17:33:45+06:00,True
USR047,01000000047,Demo User 047,PC0000506,receiver,2026-07-27T02:14:16+06:00,small_parcel,Mirpur,23.821784,90.372752,Uttara,23.870559,90.37885,178,delivered,2026-07-29T12:14:16+06:00,True
USR047,01000000047,Demo User 047,PC0000507,receiver,2026-08-05T17:28:38+06:00,medium_parcel,Shyamoli,23.779663,90.363696,Wari,23.715056,90.412051,332,returned,2026-08-07T06:28:38+06:00,True
USR048,01000000048,Demo User 048,PC0000522,sender,2026-03-12T17:42:44+06:00,medium_parcel,Mohammadpur,23.758055,90.365773,Rampura,23.765715,90.425797,105,picked_up,2026-03-13T03:42:44+06:00,True
USR048,01000000048,Demo User 048,PC0000523,sender,2026-03-25T15:19:48+06:00,medium_parcel,Gulshan,23.789197,90.406124,Badda,23.777789,90.426218,293,cancelled,2026-03-28T03:19:48+06:00,True
USR048,01000000048,Demo User 048,PC0000515,receiver,2026-04-01T06:45:00+06:00,small_parcel,Khilgaon,23.754291,90.424244,Mohakhali,23.774027,90.39797,190,in_transit,2026-04-02T14:45:00+06:00,True
USR048,01000000048,Demo User 048,PC0000520,sender,2026-04-16T07:42:34+06:00,large_parcel,Tejgaon,23.757603,90.398079,Dhanmondi,23.740158,90.376298,121,delivered,2026-04-17T11:42:34+06:00,True
USR048,01000000048,Demo User 048,PC0000513,sender,2026-04-20T06:30:12+06:00,small_parcel,Shyamoli,23.771735,90.36094,Mohakhali,23.783777,90.391273,319,returned,2026-04-21T22:30:12+06:00,True
USR048,01000000048,Demo User 048,PC0000516,receiver,2026-04-20T11:37:28+06:00,medium_parcel,Banani,23.788051,90.406962,Wari,23.711832,90.423976,64,delivered,2026-04-20T15:37:28+06:00,True
USR048,01000000048,Demo User 048,PC0000514,receiver,2026-05-02T19:32:42+06:00,document,Badda,23.784245,90.422318,Mirpur,23.81847,90.373144,114,delivered,2026-05-07T06:32:42+06:00,True
USR048,01000000048,Demo User 048,PC0000521,sender,2026-06-19T04:47:27+06:00,medium_parcel,Mirpur,23.828996,90.360909,Uttara,23.872689,90.386056,281,cancelled,2026-06-23T03:47:27+06:00,True
USR048,01000000048,Demo User 048,PC0000517,receiver,2026-07-07T06:17:19+06:00,medium_parcel,Shyamoli,23.776106,90.367288,Dhanmondi,23.749645,90.373003,102,delivered,2026-07-10T08:17:19+06:00,True
USR048,01000000048,Demo User 048,PC0000519,sender,2026-07-11T19:58:56+06:00,medium_parcel,Uttara,23.881831,90.379327,Khilgaon,23.745953,90.432462,333,delivered,2026-07-13T00:58:56+06:00,True
USR048,01000000048,Demo User 048,PC0000518,sender,2026-07-18T10:29:33+06:00,large_parcel,Wari,23.724603,90.41355,Mohakhali,23.776035,90.403925,283,in_transit,2026-07-22T07:29:33+06:00,True
USR049,01000000049,Demo User 049,PC0000525,receiver,2026-02-25T04:28:39+06:00,medium_parcel,Khilgaon,23.747088,90.421432,Uttara,23.880102,90.373481,184,in_transit,2026-02-28T03:28:39+06:00,True
USR049,01000000049,Demo User 049,PC0000527,receiver,2026-03-13T15:49:34+06:00,document,Bashundhara,23.818937,90.421161,Rampura,23.768364,90.426342,291,delivered,2026-03-14T03:49:34+06:00,True
USR049,01000000049,Demo User 049,PC0000524,receiver,2026-03-24T21:10:42+06:00,large_parcel,Mohammadpur,23.7603,90.363777,Banani,23.795592,90.408151,159,delivered,2026-03-29T17:10:42+06:00,True
USR049,01000000049,Demo User 049,PC0000526,receiver,2026-05-31T16:52:13+06:00,large_parcel,Dhanmondi,23.745996,90.376331,Rampura,23.761546,90.424933,314,in_transit,2026-06-03T21:52:13+06:00,True
USR049,01000000049,Demo User 049,PC0000528,receiver,2026-06-24T11:40:40+06:00,document,Badda,23.780444,90.432446,Old Dhaka,23.712727,90.412115,68,delivered,2026-06-28T17:40:40+06:00,True
USR049,01000000049,Demo User 049,PC0000529,receiver,2026-07-09T03:15:39+06:00,large_parcel,Pallabi,23.823856,90.36392,Uttara,23.874795,90.373586,75,in_transit,2026-07-10T22:15:39+06:00,True
USR050,01000000050,Demo User 050,PC0000532,sender,2026-03-13T17:26:39+06:00,medium_parcel,Tejgaon,23.759584,90.396519,Pallabi,23.835151,90.358107,317,in_transit,2026-03-17T17:26:39+06:00,True
USR050,01000000050,Demo User 050,PC0000535,sender,2026-03-14T21:47:36+06:00,document,Khilgaon,23.747098,90.418977,Farmgate,23.757312,90.395344,185,delivered,2026-03-16T18:47:36+06:00,True
USR050,01000000050,Demo User 050,PC0000534,receiver,2026-03-19T14:30:28+06:00,medium_parcel,Wari,23.719491,90.419668,Shyamoli,23.768818,90.364931,241,delivered,2026-03-21T07:30:28+06:00,True
USR050,01000000050,Demo User 050,PC0000539,sender,2026-04-01T02:24:25+06:00,document,Rampura,23.75749,90.427223,Old Dhaka,23.707388,90.409719,315,in_transit,2026-04-01T20:24:25+06:00,True
USR050,01000000050,Demo User 050,PC0000540,sender,2026-04-02T09:25:43+06:00,small_parcel,Mohammadpur,23.764596,90.365608,Mohakhali,23.780626,90.39422,63,delivered,2026-04-06T15:25:43+06:00,True
USR050,01000000050,Demo User 050,PC0000536,receiver,2026-04-08T10:59:41+06:00,small_parcel,Motijheel,23.733067,90.4235,Pallabi,23.825066,90.359012,73,delivered,2026-04-09T19:59:41+06:00,True
USR050,01000000050,Demo User 050,PC0000530,receiver,2026-04-11T23:56:09+06:00,small_parcel,Dhanmondi,23.751859,90.381357,Khilgaon,23.754409,90.43263,178,delivered,2026-04-15T03:56:09+06:00,True
USR050,01000000050,Demo User 050,PC0000542,receiver,2026-05-04T17:12:25+06:00,medium_parcel,Uttara,23.874357,90.374538,Khilgaon,23.755128,90.420922,219,delivered,2026-05-09T07:12:25+06:00,True
USR050,01000000050,Demo User 050,PC0000543,receiver,2026-05-18T21:12:55+06:00,document,Wari,23.711506,90.415978,Tejgaon,23.763816,90.39332,155,delivered,2026-05-23T05:12:55+06:00,True
USR050,01000000050,Demo User 050,PC0000533,sender,2026-05-21T23:14:21+06:00,small_parcel,Gulshan,23.795661,90.413259,Wari,23.723497,90.416777,221,delivered,2026-05-24T18:14:21+06:00,True
USR050,01000000050,Demo User 050,PC0000544,sender,2026-06-11T19:23:52+06:00,document,Mirpur,23.81542,90.360064,Mohakhali,23.773042,90.402238,82,delivered,2026-06-14T15:23:52+06:00,True
USR050,01000000050,Demo User 050,PC0000537,sender,2026-06-12T21:10:27+06:00,document,Mirpur,23.828529,90.359617,Old Dhaka,23.708491,90.406276,193,delivered,2026-06-16T07:10:27+06:00,True
USR050,01000000050,Demo User 050,PC0000538,sender,2026-07-04T02:56:17+06:00,medium_parcel,Khilgaon,23.749005,90.417388,Bashundhara,23.815996,90.428227,237,delivered,2026-07-07T11:56:17+06:00,True
USR050,01000000050,Demo User 050,PC0000531,receiver,2026-07-05T08:38:22+06:00,medium_parcel,Mirpur,23.818944,90.3716,Dhanmondi,23.742366,90.369453,70,picked_up,2026-07-08T11:38:22+06:00,True
USR050,01000000050,Demo User 050,PC0000541,receiver,2026-07-20T22:33:17+06:00,large_parcel,Khilgaon,23.754966,90.419662,Pallabi,23.833233,90.362938,250,delivered,2026-07-25T22:33:17+06:00,True
USR051,01000000051,Demo User 051,PC0000549,sender,2026-03-04T20:10:49+06:00,large_parcel,Khilgaon,23.744759,90.418749,Rampura,23.764224,90.424047,143,delivered,2026-03-09T13:10:49+06:00,True
USR051,01000000051,Demo User 051,PC0000551,sender,2026-03-22T00:16:52+06:00,small_parcel,Old Dhaka,23.70335,90.404211,Gulshan,23.788992,90.407039,83,delivered,2026-03-24T06:16:52+06:00,True
USR051,01000000051,Demo User 051,PC0000552,sender,2026-04-01T20:58:32+06:00,document,Banani,23.789052,90.413254,Wari,23.720589,90.425204,216,delivered,2026-04-06T12:58:32+06:00,True
USR051,01000000051,Demo User 051,PC0000547,sender,2026-04-16T00:34:11+06:00,document,Banani,23.793386,90.411038,Mirpur,23.816958,90.363953,155,delivered,2026-04-20T20:34:11+06:00,True
USR051,01000000051,Demo User 051,PC0000550,sender,2026-05-05T16:33:06+06:00,large_parcel,Mirpur,23.829933,90.37054,Mohakhali,23.786373,90.392606,164,delivered,2026-05-06T14:33:06+06:00,True
USR051,01000000051,Demo User 051,PC0000546,sender,2026-06-06T08:19:33+06:00,medium_parcel,Farmgate,23.756211,90.395454,Banani,23.794823,90.410259,218,picked_up,2026-06-07T08:19:33+06:00,True
USR051,01000000051,Demo User 051,PC0000555,sender,2026-06-09T12:04:18+06:00,small_parcel,Mirpur,23.829015,90.367003,Mohammadpur,23.76333,90.356955,78,delivered,2026-06-09T13:04:18+06:00,True
USR051,01000000051,Demo User 051,PC0000548,receiver,2026-06-15T17:18:57+06:00,document,Mohammadpur,23.760435,90.354789,Mirpur,23.827994,90.372757,332,delivered,2026-06-20T12:18:57+06:00,True
USR051,01000000051,Demo User 051,PC0000557,sender,2026-06-26T21:25:39+06:00,small_parcel,Khilgaon,23.749161,90.42183,Bashundhara,23.816722,90.432657,95,delivered,2026-06-27T13:25:39+06:00,True
USR051,01000000051,Demo User 051,PC0000554,receiver,2026-06-27T17:17:50+06:00,document,Wari,23.710941,90.410272,Rampura,23.760245,90.42359,150,delivered,2026-06-28T17:17:50+06:00,True
USR051,01000000051,Demo User 051,PC0000545,sender,2026-07-02T01:56:27+06:00,large_parcel,Gulshan,23.797954,90.411155,Shyamoli,23.78072,90.372014,99,delivered,2026-07-06T18:56:27+06:00,True
USR051,01000000051,Demo User 051,PC0000556,receiver,2026-08-02T10:55:27+06:00,small_parcel,Dhanmondi,23.745667,90.375358,Khilgaon,23.755817,90.426956,208,returned,2026-08-05T03:55:27+06:00,True
USR051,01000000051,Demo User 051,PC0000553,receiver,2026-08-03T06:18:18+06:00,document,Dhanmondi,23.745053,90.37624,Shyamoli,23.768938,90.366373,311,delivered,2026-08-06T01:18:18+06:00,True
USR052,01000000052,Demo User 052,PC0000569,receiver,2026-02-19T14:55:40+06:00,large_parcel,Tejgaon,23.760806,90.401123,Rampura,23.766084,90.418091,105,delivered,2026-02-20T07:55:40+06:00,True
USR052,01000000052,Demo User 052,PC0000563,receiver,2026-04-07T21:35:35+06:00,small_parcel,Bashundhara,23.811815,90.430159,Pallabi,23.826952,90.369783,336,delivered,2026-04-09T15:35:35+06:00,True
USR052,01000000052,Demo User 052,PC0000560,receiver,2026-04-13T12:13:56+06:00,large_parcel,Shyamoli,23.781626,90.359858,Dhanmondi,23.739013,90.37328,342,delivered,2026-04-17T02:13:56+06:00,True
USR052,01000000052,Demo User 052,PC0000568,receiver,2026-04-13T12:55:10+06:00,small_parcel,Badda,23.780545,90.425343,Uttara,23.870937,90.379858,284,delivered,2026-04-14T07:55:10+06:00,True
USR052,01000000052,Demo User 052,PC0000558,sender,2026-04-20T04:04:02+06:00,medium_parcel,Mirpur,23.815467,90.372074,Badda,23.784718,90.43373,189,delivered,2026-04-23T04:04:02+06:00,True
USR052,01000000052,Demo User 052,PC0000562,receiver,2026-05-17T03:11:25+06:00,medium_parcel,Gulshan,23.785749,90.411771,Pallabi,23.822452,90.368383,270,delivered,2026-05-20T04:11:25+06:00,True
USR052,01000000052,Demo User 052,PC0000565,receiver,2026-05-28T06:01:33+06:00,large_parcel,Banani,23.788307,90.407126,Bashundhara,23.813186,90.418852,116,delivered,2026-05-30T02:01:33+06:00,True
USR052,01000000052,Demo User 052,PC0000561,sender,2026-06-08T21:07:39+06:00,document,Shyamoli,23.770251,90.36242,Banani,23.797759,90.410292,136,delivered,2026-06-12T03:07:39+06:00,True
USR052,01000000052,Demo User 052,PC0000559,receiver,2026-06-18T22:30:40+06:00,medium_parcel,Motijheel,23.729594,90.414344,Banani,23.789023,90.407543,168,in_transit,2026-06-23T07:30:40+06:00,True
USR052,01000000052,Demo User 052,PC0000564,receiver,2026-06-22T06:10:05+06:00,document,Pallabi,23.831665,90.359856,Uttara,23.873362,90.381999,90,delivered,2026-06-24T16:10:05+06:00,True
USR052,01000000052,Demo User 052,PC0000566,sender,2026-07-15T00:06:54+06:00,large_parcel,Khilgaon,23.753615,90.426241,Motijheel,23.727678,90.414484,218,delivered,2026-07-19T23:06:54+06:00,True
USR052,01000000052,Demo User 052,PC0000570,receiver,2026-07-24T12:48:50+06:00,medium_parcel,Dhanmondi,23.740787,90.38213,Wari,23.717856,90.41729,139,delivered,2026-07-28T03:48:50+06:00,True
USR052,01000000052,Demo User 052,PC0000567,sender,2026-07-25T07:44:48+06:00,medium_parcel,Mohammadpur,23.763556,90.351916,Wari,23.719544,90.410421,184,delivered,2026-07-26T06:44:48+06:00,True
USR053,01000000053,Demo User 053,PC0000571,sender,2026-03-18T20:06:24+06:00,medium_parcel,Badda,23.776631,90.42429,Dhanmondi,23.744032,90.376651,216,delivered,2026-03-20T08:06:24+06:00,True
USR053,01000000053,Demo User 053,PC0000572,sender,2026-04-16T06:31:41+06:00,small_parcel,Rampura,23.766582,90.426974,Gulshan,23.799143,90.404319,345,delivered,2026-04-20T04:31:41+06:00,True
USR053,01000000053,Demo User 053,PC0000575,receiver,2026-05-03T18:55:48+06:00,large_parcel,Tejgaon,23.764303,90.386681,Old Dhaka,23.708364,90.412412,312,delivered,2026-05-08T02:55:48+06:00,True
USR053,01000000053,Demo User 053,PC0000576,receiver,2026-05-06T03:29:43+06:00,large_parcel,Wari,23.71265,90.416791,Tejgaon,23.756158,90.39458,345,in_transit,2026-05-09T05:29:43+06:00,True
USR053,01000000053,Demo User 053,PC0000577,receiver,2026-05-31T20:54:10+06:00,large_parcel,Bashundhara,23.82298,90.424039,Wari,23.721699,90.416762,136,delivered,2026-06-04T06:54:10+06:00,True
USR053,01000000053,Demo User 053,PC0000578,receiver,2026-06-10T06:41:14+06:00,document,Rampura,23.755739,90.420483,Old Dhaka,23.713406,90.413707,331,delivered,2026-06-13T09:41:14+06:00,True
USR053,01000000053,Demo User 053,PC0000573,sender,2026-07-17T02:07:11+06:00,medium_parcel,Uttara,23.869596,90.375919,Khilgaon,23.753337,90.429921,216,returned,2026-07-17T08:07:11+06:00,True
USR053,01000000053,Demo User 053,PC0000574,sender,2026-07-19T02:41:19+06:00,small_parcel,Wari,23.720063,90.410317,Shyamoli,23.781629,90.365671,242,delivered,2026-07-23T18:41:19+06:00,True
USR053,01000000053,Demo User 053,PC0000579,receiver,2026-07-29T14:21:30+06:00,document,Dhanmondi,23.745328,90.3684,Banani,23.79924,90.403227,73,delivered,2026-08-02T21:21:30+06:00,True
USR053,01000000053,Demo User 053,PC0000580,sender,2026-08-01T08:00:02+06:00,document,Mohakhali,23.788658,90.397322,Rampura,23.758174,90.424226,226,delivered,2026-08-03T16:00:02+06:00,True
USR054,01000000054,Demo User 054,PC0000581,sender,2026-02-22T00:44:26+06:00,medium_parcel,Tejgaon,23.761575,90.393597,Old Dhaka,23.715825,90.413348,168,delivered,2026-02-25T11:44:26+06:00,True
USR054,01000000054,Demo User 054,PC0000587,receiver,2026-03-13T02:44:57+06:00,small_parcel,Motijheel,23.737545,90.410452,Mirpur,23.823071,90.364403,153,delivered,2026-03-14T09:44:57+06:00,True
USR054,01000000054,Demo User 054,PC0000583,sender,2026-04-04T01:58:25+06:00,small_parcel,Motijheel,23.727684,90.41083,Banani,23.799046,90.411746,135,delivered,2026-04-05T20:58:25+06:00,True
USR054,01000000054,Demo User 054,PC0000584,receiver,2026-05-15T06:19:46+06:00,document,Shyamoli,23.770716,90.36292,Farmgate,23.762726,90.395924,294,delivered,2026-05-18T20:19:46+06:00,True
USR054,01000000054,Demo User 054,PC0000586,sender,2026-06-15T09:44:00+06:00,small_parcel,Bashundhara,23.807164,90.431847,Pallabi,23.83517,90.366334,67,delivered,2026-06-15T19:44:00+06:00,True
USR054,01000000054,Demo User 054,PC0000582,receiver,2026-07-03T03:01:48+06:00,medium_parcel,Mohammadpur,23.758972,90.350619,Khilgaon,23.75739,90.423547,182,delivered,2026-07-04T08:01:48+06:00,True
USR054,01000000054,Demo User 054,PC0000585,sender,2026-08-08T12:29:29+06:00,medium_parcel,Khilgaon,23.754715,90.427726,Shyamoli,23.774418,90.364063,253,delivered,2026-08-09T23:59:59+06:00,True
USR055,01000000055,Demo User 055,PC0000593,sender,2026-02-16T17:55:35+06:00,medium_parcel,Badda,23.781121,90.424772,Gulshan,23.794035,90.408984,94,delivered,2026-02-19T20:55:35+06:00,True
USR055,01000000055,Demo User 055,PC0000598,sender,2026-02-24T13:36:41+06:00,large_parcel,Shyamoli,23.771136,90.360388,Rampura,23.754206,90.42619,173,delivered,2026-02-26T16:36:41+06:00,True
USR055,01000000055,Demo User 055,PC0000589,receiver,2026-03-07T23:20:32+06:00,document,Farmgate,23.75773,90.38625,Mohakhali,23.782339,90.405006,329,delivered,2026-03-08T09:20:32+06:00,True
USR055,01000000055,Demo User 055,PC0000592,sender,2026-03-21T10:15:41+06:00,document,Gulshan,23.800386,90.405992,Uttara,23.873302,90.374898,319,in_transit,2026-03-21T23:15:41+06:00,True
USR055,01000000055,Demo User 055,PC0000591,sender,2026-03-31T15:59:04+06:00,medium_parcel,Khilgaon,23.743882,90.426261,Uttara,23.87489,90.382728,247,delivered,2026-04-02T23:59:04+06:00,True
USR055,01000000055,Demo User 055,PC0000602,sender,2026-06-06T11:31:34+06:00,large_parcel,Rampura,23.76428,90.419073,Tejgaon,23.762715,90.401147,71,returned,2026-06-08T09:31:34+06:00,True
USR055,01000000055,Demo User 055,PC0000601,sender,2026-06-08T12:40:55+06:00,large_parcel,Motijheel,23.727911,90.421045,Pallabi,23.828589,90.361883,169,in_transit,2026-06-08T16:40:55+06:00,True
USR055,01000000055,Demo User 055,PC0000600,sender,2026-06-15T05:40:20+06:00,medium_parcel,Pallabi,23.822762,90.371655,Dhanmondi,23.747659,90.382178,190,delivered,2026-06-20T02:40:20+06:00,True
USR055,01000000055,Demo User 055,PC0000590,sender,2026-06-15T22:22:24+06:00,large_parcel,Banani,23.796397,90.40582,Pallabi,23.820262,90.357855,138,delivered,2026-06-17T01:22:24+06:00,True
USR055,01000000055,Demo User 055,PC0000596,sender,2026-06-19T05:24:05+06:00,medium_parcel,Mohakhali,23.782413,90.404227,Motijheel,23.732211,90.421597,330,delivered,2026-06-19T11:24:05+06:00,True
USR055,01000000055,Demo User 055,PC0000599,sender,2026-06-25T09:30:00+06:00,medium_parcel,Shyamoli,23.769589,90.372809,Mohammadpur,23.767372,90.362339,143,delivered,2026-06-26T12:30:00+06:00,True
USR055,01000000055,Demo User 055,PC0000594,receiver,2026-07-03T01:14:44+06:00,medium_parcel,Rampura,23.757263,90.416669,Wari,23.719906,90.425497,162,delivered,2026-07-06T16:14:44+06:00,True
USR055,01000000055,Demo User 055,PC0000597,receiver,2026-07-13T00:46:52+06:00,large_parcel,Khilgaon,23.755182,90.426824,Badda,23.780295,90.421473,274,delivered,2026-07-15T05:46:52+06:00,True
USR055,01000000055,Demo User 055,PC0000595,sender,2026-07-17T12:19:33+06:00,large_parcel,Rampura,23.753492,90.420224,Old Dhaka,23.706562,90.410228,247,picked_up,2026-07-19T12:19:33+06:00,True
USR055,01000000055,Demo User 055,PC0000588,sender,2026-07-31T16:23:28+06:00,document,Wari,23.711595,90.413827,Banani,23.798271,90.401782,139,delivered,2026-08-04T13:23:28+06:00,True
USR056,01000000056,Demo User 056,PC0000603,receiver,2026-02-10T23:46:37+06:00,document,Shyamoli,23.777298,90.365056,Dhanmondi,23.745575,90.383892,216,in_transit,2026-02-15T17:46:37+06:00,True
USR056,01000000056,Demo User 056,PC0000608,sender,2026-02-15T20:22:57+06:00,document,Wari,23.723145,90.412655,Rampura,23.76073,90.423254,80,cancelled,2026-02-16T18:22:57+06:00,True
USR056,01000000056,Demo User 056,PC0000605,sender,2026-02-24T16:19:01+06:00,large_parcel,Dhanmondi,23.740821,90.378584,Banani,23.790978,90.41138,116,delivered,2026-02-27T03:19:01+06:00,True
USR056,01000000056,Demo User 056,PC0000604,sender,2026-02-27T19:19:26+06:00,medium_parcel,Gulshan,23.785704,90.4076,Dhanmondi,23.738983,90.36882,111,delivered,2026-02-28T00:19:26+06:00,True
USR056,01000000056,Demo User 056,PC0000607,receiver,2026-03-28T08:52:52+06:00,large_parcel,Uttara,23.877259,90.382152,Old Dhaka,23.704208,90.400628,343,delivered,2026-04-01T04:52:52+06:00,True
USR056,01000000056,Demo User 056,PC0000610,receiver,2026-04-05T13:08:19+06:00,small_parcel,Banani,23.792027,90.402335,Mohammadpur,23.773371,90.351763,163,delivered,2026-04-08T09:08:19+06:00,True
USR056,01000000056,Demo User 056,PC0000611,sender,2026-05-25T12:10:39+06:00,medium_parcel,Mohakhali,23.787481,90.391645,Tejgaon,23.76164,90.395623,128,delivered,2026-05-27T00:10:39+06:00,True
USR056,01000000056,Demo User 056,PC0000609,sender,2026-06-04T09:15:25+06:00,large_parcel,Wari,23.714511,90.425051,Old Dhaka,23.706623,90.410286,79,delivered,2026-06-09T04:15:25+06:00,True
USR056,01000000056,Demo User 056,PC0000606,sender,2026-07-23T20:41:39+06:00,large_parcel,Khilgaon,23.746807,90.427168,Gulshan,23.795046,90.413182,236,returned,2026-07-28T03:41:39+06:00,True
USR057,01000000057,Demo User 057,PC0000621,receiver,2026-02-17T06:25:44+06:00,large_parcel,Tejgaon,23.758991,90.387385,Uttara,23.879618,90.372022,203,picked_up,2026-02-17T09:25:44+06:00,True
USR057,01000000057,Demo User 057,PC0000615,sender,2026-02-27T01:14:00+06:00,large_parcel,Mohakhali,23.783771,90.392291,Tejgaon,23.762664,90.395367,127,delivered,2026-02-28T19:14:00+06:00,True
USR057,01000000057,Demo User 057,PC0000616,sender,2026-03-11T00:32:44+06:00,document,Old Dhaka,23.710122,90.411988,Banani,23.793579,90.4034,235,delivered,2026-03-11T02:32:44+06:00,True
USR057,01000000057,Demo User 057,PC0000613,receiver,2026-03-20T07:28:22+06:00,medium_parcel,Dhanmondi,23.750688,90.371068,Gulshan,23.785365,90.407254,282,delivered,2026-03-23T04:28:22+06:00,True
USR057,01000000057,Demo User 057,PC0000620,receiver,2026-04-16T15:02:10+06:00,medium_parcel,Shyamoli,23.776194,90.362949,Gulshan,23.788319,90.405981,115,returned,2026-04-18T20:02:10+06:00,True
USR057,01000000057,Demo User 057,PC0000623,sender,2026-04-27T03:51:21+06:00,large_parcel,Bashundhara,23.818144,90.423641,Shyamoli,23.767533,90.373603,270,returned,2026-05-01T02:51:21+06:00,True
USR057,01000000057,Demo User 057,PC0000618,sender,2026-05-08T20:19:07+06:00,large_parcel,Pallabi,23.823143,90.363337,Shyamoli,23.782238,90.372649,176,delivered,2026-05-11T06:19:07+06:00,True
USR057,01000000057,Demo User 057,PC0000612,receiver,2026-05-14T17:08:30+06:00,document,Badda,23.78737,90.420448,Pallabi,23.829763,90.367174,147,delivered,2026-05-18T09:08:30+06:00,True
USR057,01000000057,Demo User 057,PC0000614,receiver,2026-05-18T10:49:31+06:00,large_parcel,Shyamoli,23.778189,90.371141,Pallabi,23.824768,90.358205,101,delivered,2026-05-20T07:49:31+06:00,True
USR057,01000000057,Demo User 057,PC0000619,sender,2026-05-20T06:30:55+06:00,small_parcel,Tejgaon,23.761721,90.401154,Mirpur,23.818948,90.363941,111,delivered,2026-05-22T15:30:55+06:00,True
USR057,01000000057,Demo User 057,PC0000617,sender,2026-05-27T01:05:15+06:00,document,Motijheel,23.734576,90.421992,Mirpur,23.826585,90.372508,151,delivered,2026-06-01T01:05:15+06:00,True
USR057,01000000057,Demo User 057,PC0000622,receiver,2026-07-17T10:14:26+06:00,medium_parcel,Rampura,23.759594,90.418123,Wari,23.713391,90.416119,111,delivered,2026-07-22T09:14:26+06:00,True
USR058,01000000058,Demo User 058,PC0000633,sender,2026-02-12T23:06:08+06:00,medium_parcel,Pallabi,23.829064,90.371692,Old Dhaka,23.704411,90.411422,193,returned,2026-02-14T01:06:08+06:00,True
USR058,01000000058,Demo User 058,PC0000626,receiver,2026-03-14T00:25:19+06:00,large_parcel,Mirpur,23.824846,90.368366,Shyamoli,23.776412,90.371717,122,delivered,2026-03-17T23:25:19+06:00,True
USR058,01000000058,Demo User 058,PC0000631,sender,2026-04-15T15:22:25+06:00,medium_parcel,Mohammadpur,23.771524,90.360383,Bashundhara,23.819922,90.417768,165,cancelled,2026-04-18T06:22:25+06:00,True
USR058,01000000058,Demo User 058,PC0000627,receiver,2026-04-29T13:47:17+06:00,medium_parcel,Shyamoli,23.77163,90.361509,Dhanmondi,23.752425,90.368913,341,delivered,2026-05-04T01:47:17+06:00,True
USR058,01000000058,Demo User 058,PC0000632,receiver,2026-05-18T20:30:10+06:00,small_parcel,Badda,23.774211,90.426505,Wari,23.71966,90.418336,204,delivered,2026-05-20T09:30:10+06:00,True
USR058,01000000058,Demo User 058,PC0000630,sender,2026-05-31T08:52:11+06:00,small_parcel,Wari,23.714484,90.419571,Gulshan,23.790698,90.414379,98,in_transit,2026-06-01T19:52:11+06:00,True
USR058,01000000058,Demo User 058,PC0000628,sender,2026-06-06T05:38:43+06:00,document,Badda,23.78171,90.425147,Khilgaon,23.743448,90.419672,240,delivered,2026-06-06T22:38:43+06:00,True
USR058,01000000058,Demo User 058,PC0000629,sender,2026-06-19T15:29:51+06:00,large_parcel,Mohammadpur,23.770305,90.354115,Banani,23.788495,90.401556,311,delivered,2026-06-21T03:29:51+06:00,True
USR058,01000000058,Demo User 058,PC0000625,receiver,2026-06-21T09:12:46+06:00,large_parcel,Gulshan,23.790719,90.407851,Khilgaon,23.756695,90.422443,90,delivered,2026-06-25T19:12:46+06:00,True
USR058,01000000058,Demo User 058,PC0000624,receiver,2026-08-04T03:46:16+06:00,small_parcel,Gulshan,23.792965,90.407539,Old Dhaka,23.708142,90.411743,162,delivered,2026-08-05T07:46:16+06:00,True
USR059,01000000059,Demo User 059,PC0000641,receiver,2026-02-10T23:35:17+06:00,large_parcel,Motijheel,23.728375,90.419049,Mohammadpur,23.773385,90.361918,70,delivered,2026-02-12T17:35:17+06:00,True
USR059,01000000059,Demo User 059,PC0000636,sender,2026-03-15T09:54:53+06:00,document,Rampura,23.758481,90.425139,Mohakhali,23.773054,90.406598,186,delivered,2026-03-15T13:54:53+06:00,True
USR059,01000000059,Demo User 059,PC0000637,sender,2026-03-31T22:47:13+06:00,large_parcel,Tejgaon,23.769495,90.395505,Mirpur,23.827659,90.364804,188,delivered,2026-04-01T08:47:13+06:00,True
USR059,01000000059,Demo User 059,PC0000643,sender,2026-04-21T21:25:00+06:00,document,Tejgaon,23.766782,90.39179,Bashundhara,23.810632,90.427065,66,delivered,2026-04-26T13:25:00+06:00,True
USR059,01000000059,Demo User 059,PC0000638,sender,2026-04-23T02:14:09+06:00,large_parcel,Banani,23.789505,90.401776,Bashundhara,23.813073,90.422271,147,delivered,2026-04-24T14:14:09+06:00,True
USR059,01000000059,Demo User 059,PC0000639,sender,2026-04-28T08:38:48+06:00,document,Pallabi,23.835949,90.360131,Mohakhali,23.777998,90.395293,265,picked_up,2026-05-01T04:38:48+06:00,True
USR059,01000000059,Demo User 059,PC0000644,sender,2026-05-31T01:43:59+06:00,document,Uttara,23.872884,90.386383,Farmgate,23.763005,90.382998,186,delivered,2026-06-03T17:43:59+06:00,True
USR059,01000000059,Demo User 059,PC0000635,sender,2026-05-31T15:46:17+06:00,medium_parcel,Mohakhali,23.788592,90.404049,Old Dhaka,23.714798,90.410203,311,in_transit,2026-06-01T07:46:17+06:00,True
USR059,01000000059,Demo User 059,PC0000634,sender,2026-06-27T20:06:29+06:00,large_parcel,Dhanmondi,23.753584,90.372803,Pallabi,23.82548,90.362466,288,delivered,2026-06-30T05:06:29+06:00,True
USR059,01000000059,Demo User 059,PC0000642,sender,2026-07-06T03:47:34+06:00,small_parcel,Pallabi,23.829458,90.357242,Badda,23.782468,90.434087,240,returned,2026-07-10T10:47:34+06:00,True
USR059,01000000059,Demo User 059,PC0000640,sender,2026-07-08T18:04:06+06:00,medium_parcel,Dhanmondi,23.750212,90.370147,Rampura,23.765378,90.413763,323,returned,2026-07-10T14:04:06+06:00,True
USR060,01000000060,Demo User 060,PC0000647,sender,2026-02-12T06:13:01+06:00,document,Pallabi,23.835687,90.362513,Motijheel,23.730192,90.414786,104,delivered,2026-02-12T14:13:01+06:00,True
USR060,01000000060,Demo User 060,PC0000649,receiver,2026-04-27T19:36:01+06:00,document,Bashundhara,23.821546,90.432517,Tejgaon,23.770108,90.395366,272,delivered,2026-04-29T11:36:01+06:00,True
USR060,01000000060,Demo User 060,PC0000645,sender,2026-05-04T21:33:51+06:00,medium_parcel,Banani,23.795949,90.407624,Mohakhali,23.774472,90.404094,171,delivered,2026-05-09T00:33:51+06:00,True
USR060,01000000060,Demo User 060,PC0000651,sender,2026-07-15T13:05:28+06:00,medium_parcel,Mohakhali,23.772988,90.397067,Rampura,23.760412,90.422665,163,delivered,2026-07-17T16:05:28+06:00,True
USR060,01000000060,Demo User 060,PC0000648,receiver,2026-07-23T07:19:01+06:00,large_parcel,Mirpur,23.820438,90.360569,Mohammadpur,23.763228,90.365066,247,delivered,2026-07-27T00:19:01+06:00,True
USR060,01000000060,Demo User 060,PC0000650,receiver,2026-07-25T11:54:04+06:00,document,Uttara,23.874407,90.374219,Pallabi,23.828484,90.356394,187,picked_up,2026-07-30T08:54:04+06:00,True
USR060,01000000060,Demo User 060,PC0000646,receiver,2026-07-31T12:35:00+06:00,medium_parcel,Banani,23.797983,90.401708,Badda,23.775307,90.42999,265,delivered,2026-08-01T08:35:00+06:00,True
USR061,01000000061,Demo User 061,PC0000656,sender,2026-03-18T18:05:19+06:00,document,Wari,23.723847,90.418698,Pallabi,23.822119,90.362743,99,picked_up,2026-03-22T02:05:19+06:00,True
USR061,01000000061,Demo User 061,PC0000657,receiver,2026-04-13T21:36:00+06:00,large_parcel,Mirpur,23.828435,90.37042,Old Dhaka,23.703642,90.399601,263,returned,2026-04-14T16:36:00+06:00,True
USR061,01000000061,Demo User 061,PC0000655,sender,2026-04-18T06:37:28+06:00,medium_parcel,Pallabi,23.827275,90.363048,Mohakhali,23.785179,90.401471,116,delivered,2026-04-18T17:37:28+06:00,True
USR061,01000000061,Demo User 061,PC0000652,sender,2026-04-23T18:35:32+06:00,small_parcel,Gulshan,23.791048,90.412653,Dhanmondi,23.741822,90.375451,271,delivered,2026-04-27T14:35:32+06:00,True
USR061,01000000061,Demo User 061,PC0000659,sender,2026-05-08T06:41:55+06:00,document,Bashundhara,23.820578,90.422083,Banani,23.799777,90.408488,96,delivered,2026-05-08T21:41:55+06:00,True
USR061,01000000061,Demo User 061,PC0000661,receiver,2026-05-16T03:06:54+06:00,large_parcel,Banani,23.795448,90.404774,Badda,23.77831,90.426941,142,delivered,2026-05-18T17:06:54+06:00,True
USR061,01000000061,Demo User 061,PC0000658,receiver,2026-06-12T17:03:05+06:00,document,Rampura,23.760488,90.422747,Farmgate,23.751723,90.390814,269,delivered,2026-06-12T19:03:05+06:00,True
USR061,01000000061,Demo User 061,PC0000653,receiver,2026-06-15T21:49:44+06:00,large_parcel,Shyamoli,23.77512,90.370065,Old Dhaka,23.710944,90.405873,232,delivered,2026-06-17T07:49:44+06:00,True
USR061,01000000061,Demo User 061,PC0000660,receiver,2026-07-01T13:26:35+06:00,medium_parcel,Pallabi,23.827057,90.359901,Old Dhaka,23.71805,90.40855,74,delivered,2026-07-02T08:26:35+06:00,True
USR061,01000000061,Demo User 061,PC0000654,receiver,2026-07-14T15:40:28+06:00,large_parcel,Mirpur,23.81554,90.36452,Motijheel,23.735307,90.419789,291,in_transit,2026-07-16T22:40:28+06:00,True
USR062,01000000062,Demo User 062,PC0000669,receiver,2026-03-22T14:41:09+06:00,large_parcel,Uttara,23.872812,90.380664,Mohakhali,23.780282,90.391694,343,delivered,2026-03-23T02:41:09+06:00,True
USR062,01000000062,Demo User 062,PC0000668,receiver,2026-03-28T19:34:43+06:00,large_parcel,Shyamoli,23.771966,90.364012,Wari,23.719761,90.413875,100,delivered,2026-04-01T20:34:43+06:00,True
USR062,01000000062,Demo User 062,PC0000665,receiver,2026-04-13T11:37:02+06:00,large_parcel,Rampura,23.764456,90.420241,Motijheel,23.7311,90.42151,312,cancelled,2026-04-14T02:37:02+06:00,True
USR062,01000000062,Demo User 062,PC0000663,receiver,2026-04-20T04:08:24+06:00,document,Banani,23.80077,90.401613,Shyamoli,23.771477,90.368799,326,cancelled,2026-04-22T15:08:24+06:00,True
USR062,01000000062,Demo User 062,PC0000667,sender,2026-05-07T15:47:29+06:00,large_parcel,Banani,23.790555,90.413206,Rampura,23.765063,90.424154,147,delivered,2026-05-11T14:47:29+06:00,True
USR062,01000000062,Demo User 062,PC0000664,sender,2026-05-15T09:31:40+06:00,large_parcel,Badda,23.774956,90.429027,Wari,23.712378,90.425271,237,delivered,2026-05-18T10:31:40+06:00,True
USR062,01000000062,Demo User 062,PC0000666,sender,2026-05-26T14:56:22+06:00,medium_parcel,Badda,23.775635,90.426772,Shyamoli,23.775891,90.361259,128,delivered,2026-05-29T12:56:22+06:00,True
USR062,01000000062,Demo User 062,PC0000670,receiver,2026-06-01T09:10:16+06:00,large_parcel,Khilgaon,23.752663,90.426417,Shyamoli,23.767989,90.369315,339,delivered,2026-06-05T14:10:16+06:00,True
USR062,01000000062,Demo User 062,PC0000662,receiver,2026-06-29T01:47:06+06:00,document,Shyamoli,23.768341,90.365562,Rampura,23.764897,90.41679,145,cancelled,2026-07-03T17:47:06+06:00,True
USR063,01000000063,Demo User 063,PC0000674,receiver,2026-02-12T10:20:10+06:00,document,Tejgaon,23.768366,90.399105,Bashundhara,23.815475,90.427101,214,delivered,2026-02-15T03:20:10+06:00,True
USR063,01000000063,Demo User 063,PC0000679,receiver,2026-03-01T08:30:12+06:00,medium_parcel,Wari,23.711836,90.421048,Khilgaon,23.743066,90.432344,261,picked_up,2026-03-05T20:30:12+06:00,True
USR063,01000000063,Demo User 063,PC0000685,receiver,2026-03-02T06:52:42+06:00,large_parcel,Badda,23.786477,90.421947,Banani,23.798131,90.402779,154,delivered,2026-03-05T05:52:42+06:00,True
USR063,01000000063,Demo User 063,PC0000684,sender,2026-03-06T10:51:48+06:00,document,Mirpur,23.827141,90.371576,Rampura,23.763396,90.428176,233,in_transit,2026-03-09T14:51:48+06:00,True
USR063,01000000063,Demo User 063,PC0000672,sender,2026-03-11T16:34:36+06:00,small_parcel,Banani,23.794314,90.410198,Old Dhaka,23.71129,90.410913,311,in_transit,2026-03-15T00:34:36+06:00,True
USR063,01000000063,Demo User 063,PC0000678,receiver,2026-03-12T08:48:20+06:00,large_parcel,Tejgaon,23.767959,90.389968,Shyamoli,23.773307,90.36593,283,delivered,2026-03-13T06:48:20+06:00,True
USR063,01000000063,Demo User 063,PC0000673,receiver,2026-03-18T06:22:07+06:00,document,Shyamoli,23.78269,90.361625,Pallabi,23.82329,90.357425,61,delivered,2026-03-23T00:22:07+06:00,True
USR063,01000000063,Demo User 063,PC0000682,sender,2026-03-20T12:19:52+06:00,medium_parcel,Old Dhaka,23.705981,90.404811,Farmgate,23.764843,90.394319,220,returned,2026-03-20T16:19:52+06:00,True
USR063,01000000063,Demo User 063,PC0000681,receiver,2026-05-09T00:30:45+06:00,medium_parcel,Gulshan,23.792895,90.404399,Wari,23.720726,90.411114,290,delivered,2026-05-10T14:30:45+06:00,True
USR063,01000000063,Demo User 063,PC0000680,sender,2026-05-11T20:29:39+06:00,small_parcel,Old Dhaka,23.702403,90.404835,Rampura,23.755044,90.413763,184,in_transit,2026-05-12T06:29:39+06:00,True
USR063,01000000063,Demo User 063,PC0000677,sender,2026-05-14T16:34:05+06:00,large_parcel,Banani,23.791195,90.401921,Mirpur,23.828198,90.372372,273,delivered,2026-05-15T05:34:05+06:00,True
USR063,01000000063,Demo User 063,PC0000675,receiver,2026-05-15T09:05:51+06:00,large_parcel,Farmgate,23.765114,90.395217,Khilgaon,23.754074,90.417656,332,delivered,2026-05-19T07:05:51+06:00,True
USR063,01000000063,Demo User 063,PC0000671,receiver,2026-05-15T09:37:46+06:00,medium_parcel,Wari,23.718611,90.421975,Uttara,23.87238,90.384047,72,delivered,2026-05-18T01:37:46+06:00,True
USR063,01000000063,Demo User 063,PC0000683,receiver,2026-06-22T15:08:01+06:00,large_parcel,Dhanmondi,23.739598,90.382392,Mohammadpur,23.761316,90.363614,193,delivered,2026-06-25T19:08:01+06:00,True
USR063,01000000063,Demo User 063,PC0000676,receiver,2026-06-28T00:15:52+06:00,document,Gulshan,23.789071,90.403282,Dhanmondi,23.750866,90.370115,60,delivered,2026-07-01T05:15:52+06:00,True
USR064,01000000064,Demo User 064,PC0000686,sender,2026-03-01T03:09:06+06:00,large_parcel,Motijheel,23.732545,90.415759,Mirpur,23.826619,90.36925,233,returned,2026-03-06T01:09:06+06:00,True
USR064,01000000064,Demo User 064,PC0000687,receiver,2026-03-16T03:13:17+06:00,small_parcel,Uttara,23.874213,90.377042,Dhanmondi,23.75425,90.374952,112,in_transit,2026-03-18T10:13:17+06:00,True
USR064,01000000064,Demo User 064,PC0000695,sender,2026-03-16T12:48:10+06:00,small_parcel,Mirpur,23.822522,90.357453,Uttara,23.879121,90.383748,315,delivered,2026-03-20T11:48:10+06:00,True
USR064,01000000064,Demo User 064,PC0000690,sender,2026-03-29T04:14:38+06:00,document,Rampura,23.766325,90.427815,Mohakhali,23.781858,90.396279,343,delivered,2026-03-30T06:14:38+06:00,True
USR064,01000000064,Demo User 064,PC0000691,receiver,2026-04-02T20:07:17+06:00,small_parcel,Banani,23.796052,90.411458,Khilgaon,23.748181,90.424379,339,delivered,2026-04-07T19:07:17+06:00,True
USR064,01000000064,Demo User 064,PC0000698,sender,2026-04-11T03:05:18+06:00,document,Mohakhali,23.776622,90.400496,Motijheel,23.73223,90.411458,125,delivered,2026-04-13T17:05:18+06:00,True
USR064,01000000064,Demo User 064,PC0000688,receiver,2026-04-13T00:43:07+06:00,medium_parcel,Mohammadpur,23.771617,90.353888,Old Dhaka,23.715473,90.406279,104,delivered,2026-04-15T07:43:07+06:00,True
USR064,01000000064,Demo User 064,PC0000693,receiver,2026-04-13T12:27:02+06:00,document,Wari,23.723764,90.410101,Gulshan,23.786422,90.407203,308,delivered,2026-04-16T22:27:02+06:00,True
USR064,01000000064,Demo User 064,PC0000696,receiver,2026-04-26T10:39:50+06:00,document,Banani,23.793972,90.408884,Khilgaon,23.747684,90.423192,268,delivered,2026-04-27T06:39:50+06:00,True
USR064,01000000064,Demo User 064,PC0000697,sender,2026-05-01T22:28:07+06:00,large_parcel,Khilgaon,23.746216,90.43229,Pallabi,23.826462,90.358276,111,delivered,2026-05-06T10:28:07+06:00,True
USR064,01000000064,Demo User 064,PC0000689,sender,2026-06-06T07:57:54+06:00,small_parcel,Khilgaon,23.750269,90.421191,Farmgate,23.766052,90.383222,65,delivered,2026-06-07T03:57:54+06:00,True
USR064,01000000064,Demo User 064,PC0000694,sender,2026-06-23T23:38:03+06:00,small_parcel,Mohakhali,23.783528,90.40255,Tejgaon,23.758598,90.401679,216,delivered,2026-06-27T23:38:03+06:00,True
USR064,01000000064,Demo User 064,PC0000692,receiver,2026-07-10T22:13:36+06:00,large_parcel,Farmgate,23.753274,90.387342,Mirpur,23.829685,90.36254,177,delivered,2026-07-11T12:13:36+06:00,True
USR065,01000000065,Demo User 065,PC0000705,sender,2026-02-21T19:07:32+06:00,small_parcel,Khilgaon,23.749915,90.428387,Tejgaon,23.761303,90.397459,222,delivered,2026-02-24T18:07:32+06:00,True
USR065,01000000065,Demo User 065,PC0000708,sender,2026-03-02T05:10:09+06:00,document,Khilgaon,23.74424,90.430341,Wari,23.722627,90.419166,234,delivered,2026-03-03T08:10:09+06:00,True
USR065,01000000065,Demo User 065,PC0000701,receiver,2026-04-16T20:48:14+06:00,document,Bashundhara,23.823085,90.426745,Mohammadpur,23.762586,90.350824,183,in_transit,2026-04-21T06:48:14+06:00,True
USR065,01000000065,Demo User 065,PC0000709,receiver,2026-04-22T18:27:50+06:00,small_parcel,Banani,23.793653,90.414008,Khilgaon,23.752171,90.41914,63,delivered,2026-04-25T05:27:50+06:00,True
USR065,01000000065,Demo User 065,PC0000700,sender,2026-04-28T19:29:31+06:00,document,Uttara,23.878222,90.375697,Khilgaon,23.745343,90.424348,254,cancelled,2026-04-30T12:29:31+06:00,True
USR065,01000000065,Demo User 065,PC0000710,receiver,2026-05-07T04:29:29+06:00,small_parcel,Gulshan,23.797224,90.415279,Farmgate,23.752994,90.385154,316,delivered,2026-05-07T05:29:29+06:00,True
USR065,01000000065,Demo User 065,PC0000706,receiver,2026-05-08T21:04:36+06:00,medium_parcel,Mohakhali,23.781914,90.405446,Bashundhara,23.81311,90.421844,89,delivered,2026-05-12T19:04:36+06:00,True
USR065,01000000065,Demo User 065,PC0000703,sender,2026-06-16T03:25:05+06:00,medium_parcel,Shyamoli,23.780434,90.362681,Bashundhara,23.815937,90.430796,297,delivered,2026-06-16T15:25:05+06:00,True
USR065,01000000065,Demo User 065,PC0000699,receiver,2026-07-15T07:47:48+06:00,small_parcel,Khilgaon,23.753802,90.423758,Rampura,23.760549,90.418162,189,delivered,2026-07-16T11:47:48+06:00,True
USR065,01000000065,Demo User 065,PC0000711,sender,2026-07-18T15:40:19+06:00,document,Banani,23.797111,90.413727,Mohammadpur,23.773668,90.350988,119,delivered,2026-07-20T18:40:19+06:00,True
USR065,01000000065,Demo User 065,PC0000702,sender,2026-07-18T19:19:55+06:00,medium_parcel,Rampura,23.763187,90.418165,Badda,23.774972,90.425245,68,delivered,2026-07-22T16:19:55+06:00,True
USR065,01000000065,Demo User 065,PC0000707,receiver,2026-08-03T21:36:23+06:00,large_parcel,Tejgaon,23.76351,90.400336,Pallabi,23.820936,90.363374,228,delivered,2026-08-08T01:36:23+06:00,True
USR065,01000000065,Demo User 065,PC0000704,receiver,2026-08-07T01:39:46+06:00,medium_parcel,Rampura,23.763628,90.422195,Shyamoli,23.772675,90.358598,85,picked_up,2026-08-08T20:39:46+06:00,True
USR066,01000000066,Demo User 066,PC0000715,sender,2026-03-24T08:04:33+06:00,medium_parcel,Mohammadpur,23.767353,90.354433,Uttara,23.872141,90.383148,148,picked_up,2026-03-26T00:04:33+06:00,True
USR066,01000000066,Demo User 066,PC0000717,receiver,2026-05-04T05:18:41+06:00,document,Old Dhaka,23.713873,90.413552,Khilgaon,23.757104,90.42076,133,delivered,2026-05-05T05:18:41+06:00,True
USR066,01000000066,Demo User 066,PC0000716,sender,2026-05-22T12:15:50+06:00,large_parcel,Khilgaon,23.743201,90.417098,Old Dhaka,23.712796,90.41531,131,delivered,2026-05-27T08:15:50+06:00,True
USR066,01000000066,Demo User 066,PC0000713,receiver,2026-06-01T05:55:12+06:00,small_parcel,Bashundhara,23.807142,90.432486,Dhanmondi,23.746591,90.379383,231,delivered,2026-06-02T10:55:12+06:00,True
USR066,01000000066,Demo User 066,PC0000714,sender,2026-06-02T03:06:05+06:00,medium_parcel,Mohakhali,23.777684,90.393347,Dhanmondi,23.742328,90.376407,199,delivered,2026-06-06T13:06:05+06:00,True
USR066,01000000066,Demo User 066,PC0000712,sender,2026-06-30T09:33:41+06:00,medium_parcel,Wari,23.71486,90.419637,Shyamoli,23.771873,90.363868,322,delivered,2026-06-30T10:33:41+06:00,True
USR066,01000000066,Demo User 066,PC0000718,sender,2026-07-27T15:02:55+06:00,large_parcel,Badda,23.780946,90.421641,Mirpur,23.823528,90.370341,146,delivered,2026-07-28T12:02:55+06:00,True
USR067,01000000067,Demo User 067,PC0000729,sender,2026-03-15T08:59:05+06:00,medium_parcel,Wari,23.720182,90.415228,Mirpur,23.819002,90.362651,189,delivered,2026-03-17T20:59:05+06:00,True
USR067,01000000067,Demo User 067,PC0000723,receiver,2026-03-20T15:45:41+06:00,document,Khilgaon,23.751593,90.418751,Mohammadpur,23.76861,90.352863,114,delivered,2026-03-25T01:45:41+06:00,True
USR067,01000000067,Demo User 067,PC0000728,sender,2026-04-08T10:46:35+06:00,small_parcel,Wari,23.715862,90.417078,Farmgate,23.764222,90.395145,157,in_transit,2026-04-11T19:46:35+06:00,True
USR067,01000000067,Demo User 067,PC0000731,receiver,2026-04-24T12:56:25+06:00,medium_parcel,Farmgate,23.753945,90.385628,Bashundhara,23.818701,90.432087,312,delivered,2026-04-29T01:56:25+06:00,True
USR067,01000000067,Demo User 067,PC0000730,sender,2026-04-25T19:52:27+06:00,document,Pallabi,23.833485,90.362196,Badda,23.774547,90.421006,121,delivered,2026-04-27T08:52:27+06:00,True
USR067,01000000067,Demo User 067,PC0000721,receiver,2026-04-27T15:37:14+06:00,large_parcel,Bashundhara,23.818667,90.432045,Banani,23.790901,90.399561,268,delivered,2026-04-29T10:37:14+06:00,True
USR067,01000000067,Demo User 067,PC0000720,receiver,2026-04-30T03:23:26+06:00,large_parcel,Motijheel,23.731832,90.41068,Wari,23.717591,90.411196,77,delivered,2026-05-04T12:23:26+06:00,True
USR067,01000000067,Demo User 067,PC0000724,receiver,2026-05-15T03:14:35+06:00,small_parcel,Rampura,23.754982,90.427308,Farmgate,23.759736,90.385793,228,delivered,2026-05-17T01:14:35+06:00,True
USR067,01000000067,Demo User 067,PC0000719,receiver,2026-06-16T21:27:28+06:00,medium_parcel,Rampura,23.754685,90.422936,Wari,23.713544,90.411181,129,delivered,2026-06-20T13:27:28+06:00,True
USR067,01000000067,Demo User 067,PC0000722,sender,2026-06-24T04:24:30+06:00,document,Badda,23.782758,90.427597,Farmgate,23.753757,90.390445,266,cancelled,2026-06-28T06:24:30+06:00,True
USR067,01000000067,Demo User 067,PC0000726,sender,2026-07-11T11:22:34+06:00,large_parcel,Wari,23.71899,90.417489,Farmgate,23.754966,90.390968,347,delivered,2026-07-11T19:22:34+06:00,True
USR067,01000000067,Demo User 067,PC0000725,receiver,2026-07-13T07:43:15+06:00,medium_parcel,Mohammadpur,23.76348,90.352507,Mohakhali,23.780571,90.405621,228,delivered,2026-07-17T10:43:15+06:00,True
USR067,01000000067,Demo User 067,PC0000727,sender,2026-07-29T16:00:51+06:00,medium_parcel,Dhanmondi,23.749345,90.382427,Banani,23.789315,90.412442,202,delivered,2026-08-02T23:00:51+06:00,True
USR068,01000000068,Demo User 068,PC0000742,sender,2026-02-11T22:51:07+06:00,large_parcel,Motijheel,23.729856,90.420055,Gulshan,23.787322,90.401573,164,delivered,2026-02-12T03:51:07+06:00,True
USR068,01000000068,Demo User 068,PC0000743,sender,2026-03-02T17:32:33+06:00,medium_parcel,Khilgaon,23.74392,90.418732,Motijheel,23.731107,90.409796,144,delivered,2026-03-07T09:32:33+06:00,True
USR068,01000000068,Demo User 068,PC0000737,sender,2026-03-15T12:34:17+06:00,document,Motijheel,23.733659,90.416712,Tejgaon,23.764903,90.396444,279,delivered,2026-03-19T17:34:17+06:00,True
USR068,01000000068,Demo User 068,PC0000739,receiver,2026-03-18T00:58:53+06:00,document,Banani,23.797638,90.409866,Badda,23.782418,90.425803,107,cancelled,2026-03-19T05:58:53+06:00,True
USR068,01000000068,Demo User 068,PC0000735,sender,2026-04-18T17:12:50+06:00,document,Mohakhali,23.775799,90.404948,Rampura,23.763134,90.421308,244,delivered,2026-04-22T23:12:50+06:00,True
USR068,01000000068,Demo User 068,PC0000745,sender,2026-04-29T23:54:23+06:00,document,Mirpur,23.82854,90.361511,Motijheel,23.733212,90.422009,94,delivered,2026-05-03T22:54:23+06:00,True
USR068,01000000068,Demo User 068,PC0000736,receiver,2026-05-08T09:58:41+06:00,medium_parcel,Tejgaon,23.758936,90.388828,Mohakhali,23.775822,90.394801,287,delivered,2026-05-13T09:58:41+06:00,True
USR068,01000000068,Demo User 068,PC0000740,receiver,2026-05-16T14:50:54+06:00,medium_parcel,Rampura,23.757216,90.424058,Old Dhaka,23.703946,90.399961,277,delivered,2026-05-19T09:50:54+06:00,True
USR068,01000000068,Demo User 068,PC0000746,receiver,2026-05-26T06:45:34+06:00,small_parcel,Gulshan,23.797512,90.414747,Mohammadpur,23.762619,90.361053,276,delivered,2026-05-31T01:45:34+06:00,True
USR068,01000000068,Demo User 068,PC0000738,sender,2026-06-12T11:54:26+06:00,document,Old Dhaka,23.714552,90.405745,Mirpur,23.814978,90.360335,203,delivered,2026-06-13T03:54:26+06:00,True
USR068,01000000068,Demo User 068,PC0000734,receiver,2026-06-29T17:02:18+06:00,large_parcel,Motijheel,23.733523,90.422287,Uttara,23.876309,90.387493,70,delivered,2026-06-30T00:02:18+06:00,True
USR068,01000000068,Demo User 068,PC0000741,sender,2026-07-22T19:30:57+06:00,small_parcel,Farmgate,23.754337,90.38272,Badda,23.781261,90.425094,262,delivered,2026-07-24T07:30:57+06:00,True
USR068,01000000068,Demo User 068,PC0000732,sender,2026-07-27T11:36:57+06:00,document,Bashundhara,23.81069,90.41861,Mohammadpur,23.764824,90.363463,304,delivered,2026-08-01T11:36:57+06:00,True
USR068,01000000068,Demo User 068,PC0000733,sender,2026-07-28T07:14:32+06:00,document,Pallabi,23.835457,90.37158,Rampura,23.762724,90.415044,263,delivered,2026-07-29T17:14:32+06:00,True
USR068,01000000068,Demo User 068,PC0000744,receiver,2026-08-03T03:31:25+06:00,document,Farmgate,23.753234,90.392091,Wari,23.71139,90.416594,118,delivered,2026-08-06T14:31:25+06:00,True
USR069,01000000069,Demo User 069,PC0000748,receiver,2026-02-15T20:57:04+06:00,medium_parcel,Rampura,23.768098,90.426779,Uttara,23.86854,90.385478,140,delivered,2026-02-16T02:57:04+06:00,True
USR069,01000000069,Demo User 069,PC0000753,sender,2026-02-21T15:16:42+06:00,large_parcel,Tejgaon,23.757143,90.391099,Motijheel,23.735418,90.4164,235,delivered,2026-02-22T11:16:42+06:00,True
USR069,01000000069,Demo User 069,PC0000749,receiver,2026-02-28T20:32:00+06:00,large_parcel,Pallabi,23.828059,90.361721,Khilgaon,23.748297,90.431123,254,delivered,2026-03-03T08:32:00+06:00,True
USR069,01000000069,Demo User 069,PC0000750,receiver,2026-04-12T15:28:36+06:00,small_parcel,Wari,23.711852,90.415018,Shyamoli,23.780941,90.367078,162,picked_up,2026-04-15T15:28:36+06:00,True
USR069,01000000069,Demo User 069,PC0000751,sender,2026-04-16T01:19:55+06:00,document,Badda,23.781171,90.428721,Banani,23.796924,90.405306,310,cancelled,2026-04-20T03:19:55+06:00,True
USR069,01000000069,Demo User 069,PC0000747,receiver,2026-06-01T06:35:33+06:00,document,Gulshan,23.784573,90.405335,Old Dhaka,23.716716,90.413113,166,delivered,2026-06-01T07:35:33+06:00,True
USR069,01000000069,Demo User 069,PC0000752,sender,2026-07-10T14:57:07+06:00,document,Banani,23.791964,90.406283,Mohammadpur,23.75943,90.358548,266,delivered,2026-07-14T12:57:07+06:00,True
USR070,01000000070,Demo User 070,PC0000758,sender,2026-02-10T23:03:36+06:00,medium_parcel,Mohakhali,23.780938,90.397687,Uttara,23.875158,90.384499,247,delivered,2026-02-12T02:03:36+06:00,True
USR070,01000000070,Demo User 070,PC0000755,receiver,2026-04-14T05:16:48+06:00,medium_parcel,Gulshan,23.793931,90.407126,Motijheel,23.733205,90.409224,259,cancelled,2026-04-14T09:16:48+06:00,True
USR070,01000000070,Demo User 070,PC0000757,sender,2026-06-28T02:06:11+06:00,medium_parcel,Old Dhaka,23.714944,90.407316,Gulshan,23.796655,90.412744,236,in_transit,2026-07-01T22:06:11+06:00,True
USR070,01000000070,Demo User 070,PC0000759,receiver,2026-07-04T15:56:19+06:00,medium_parcel,Tejgaon,23.760533,90.387718,Uttara,23.881461,90.378852,161,delivered,2026-07-09T00:56:19+06:00,True
USR070,01000000070,Demo User 070,PC0000754,sender,2026-07-05T16:04:48+06:00,small_parcel,Motijheel,23.728372,90.414493,Mohammadpur,23.766006,90.35079,87,picked_up,2026-07-06T07:04:48+06:00,True
USR070,01000000070,Demo User 070,PC0000756,receiver,2026-07-28T19:36:36+06:00,document,Pallabi,23.834339,90.366755,Dhanmondi,23.74436,90.380171,248,delivered,2026-08-02T06:36:36+06:00,True
USR071,01000000071,Demo User 071,PC0000761,receiver,2026-02-17T07:33:40+06:00,medium_parcel,Bashundhara,23.8118,90.421204,Gulshan,23.799444,90.412564,189,picked_up,2026-02-21T14:33:40+06:00,True
USR071,01000000071,Demo User 071,PC0000762,receiver,2026-03-01T16:47:08+06:00,large_parcel,Dhanmondi,23.744744,90.372711,Mirpur,23.828116,90.368024,226,delivered,2026-03-05T06:47:08+06:00,True
USR071,01000000071,Demo User 071,PC0000767,sender,2026-04-01T14:51:40+06:00,small_parcel,Mohammadpur,23.771112,90.355789,Old Dhaka,23.702508,90.413392,350,returned,2026-04-01T15:51:40+06:00,True
USR071,01000000071,Demo User 071,PC0000768,sender,2026-04-07T01:50:33+06:00,document,Shyamoli,23.773207,90.358945,Wari,23.721535,90.411257,170,delivered,2026-04-11T16:50:33+06:00,True
USR071,01000000071,Demo User 071,PC0000766,sender,2026-04-09T22:28:45+06:00,medium_parcel,Motijheel,23.729697,90.416826,Old Dhaka,23.707924,90.405196,323,delivered,2026-04-13T13:28:45+06:00,True
USR071,01000000071,Demo User 071,PC0000760,receiver,2026-04-22T07:19:35+06:00,document,Badda,23.784594,90.426181,Motijheel,23.738274,90.419729,108,delivered,2026-04-26T06:19:35+06:00,True
USR071,01000000071,Demo User 071,PC0000765,sender,2026-06-09T06:22:01+06:00,medium_parcel,Mohammadpur,23.760404,90.353206,Wari,23.72612,90.411092,128,delivered,2026-06-13T15:22:01+06:00,True
USR071,01000000071,Demo User 071,PC0000763,receiver,2026-07-06T20:47:00+06:00,small_parcel,Tejgaon,23.762771,90.397909,Wari,23.714067,90.41206,246,returned,2026-07-08T00:47:00+06:00,True
USR071,01000000071,Demo User 071,PC0000764,sender,2026-07-21T07:04:21+06:00,medium_parcel,Mohakhali,23.776164,90.401094,Gulshan,23.789033,90.409822,164,delivered,2026-07-21T10:04:21+06:00,True
USR072,01000000072,Demo User 072,PC0000773,sender,2026-02-21T18:26:39+06:00,large_parcel,Badda,23.785064,90.420955,Mirpur,23.824991,90.365414,96,delivered,2026-02-22T14:26:39+06:00,True
USR072,01000000072,Demo User 072,PC0000772,receiver,2026-02-22T14:02:02+06:00,large_parcel,Shyamoli,23.773877,90.370957,Bashundhara,23.82054,90.422801,103,cancelled,2026-02-26T19:02:02+06:00,True
USR072,01000000072,Demo User 072,PC0000769,sender,2026-03-15T14:15:07+06:00,large_parcel,Mohakhali,23.786348,90.395231,Rampura,23.764441,90.414216,234,delivered,2026-03-18T07:15:07+06:00,True
USR072,01000000072,Demo User 072,PC0000770,sender,2026-04-27T22:23:38+06:00,medium_parcel,Motijheel,23.737103,90.410984,Khilgaon,23.757469,90.429802,164,delivered,2026-05-02T03:23:38+06:00,True
USR072,01000000072,Demo User 072,PC0000771,sender,2026-05-23T09:20:18+06:00,small_parcel,Banani,23.796111,90.408441,Pallabi,23.827708,90.356015,179,cancelled,2026-05-23T17:20:18+06:00,True
USR072,01000000072,Demo User 072,PC0000776,sender,2026-07-09T00:56:10+06:00,small_parcel,Dhanmondi,23.750542,90.368015,Uttara,23.880234,90.375046,93,delivered,2026-07-12T16:56:10+06:00,True
USR072,01000000072,Demo User 072,PC0000774,sender,2026-07-09T01:11:20+06:00,medium_parcel,Shyamoli,23.77483,90.369282,Uttara,23.879864,90.384809,85,delivered,2026-07-12T09:11:20+06:00,True
USR072,01000000072,Demo User 072,PC0000775,receiver,2026-07-19T12:40:58+06:00,small_parcel,Mirpur,23.828997,90.357959,Dhanmondi,23.749447,90.381541,200,delivered,2026-07-21T21:40:58+06:00,True
USR073,01000000073,Demo User 073,PC0000784,sender,2026-02-12T14:40:17+06:00,small_parcel,Farmgate,23.757752,90.384037,Badda,23.781317,90.42788,129,delivered,2026-02-15T04:40:17+06:00,True
USR073,01000000073,Demo User 073,PC0000779,sender,2026-02-13T12:30:00+06:00,small_parcel,Mohakhali,23.783719,90.392279,Mohammadpur,23.769569,90.363658,236,delivered,2026-02-17T23:30:00+06:00,True
USR073,01000000073,Demo User 073,PC0000780,receiver,2026-02-15T11:37:33+06:00,large_parcel,Tejgaon,23.764065,90.387697,Dhanmondi,23.745799,90.371154,306,delivered,2026-02-19T20:37:33+06:00,True
USR073,01000000073,Demo User 073,PC0000781,receiver,2026-04-25T16:51:39+06:00,large_parcel,Motijheel,23.725537,90.419675,Rampura,23.762235,90.414978,101,delivered,2026-04-26T07:51:39+06:00,True
USR073,01000000073,Demo User 073,PC0000785,receiver,2026-04-26T18:19:14+06:00,small_parcel,Mohammadpur,23.773096,90.365315,Shyamoli,23.773303,90.363813,143,delivered,2026-04-27T01:19:14+06:00,True
USR073,01000000073,Demo User 073,PC0000778,receiver,2026-05-31T15:56:34+06:00,medium_parcel,Badda,23.776113,90.421214,Khilgaon,23.755719,90.41876,165,delivered,2026-06-01T20:56:34+06:00,True
USR073,01000000073,Demo User 073,PC0000777,receiver,2026-06-10T05:39:44+06:00,medium_parcel,Pallabi,23.831794,90.35952,Gulshan,23.79445,90.401818,196,delivered,2026-06-13T12:39:44+06:00,True
USR073,01000000073,Demo User 073,PC0000782,receiver,2026-07-03T08:25:59+06:00,document,Mohakhali,23.773855,90.391802,Mohammadpur,23.766715,90.355423,153,delivered,2026-07-04T01:25:59+06:00,True
USR073,01000000073,Demo User 073,PC0000783,receiver,2026-07-08T05:21:54+06:00,large_parcel,Mohammadpur,23.760352,90.355643,Farmgate,23.751674,90.397385,153,cancelled,2026-07-11T03:21:54+06:00,True
USR074,01000000074,Demo User 074,PC0000794,receiver,2026-02-13T08:43:37+06:00,small_parcel,Motijheel,23.7366,90.421879,Mohakhali,23.778808,90.395643,214,delivered,2026-02-13T10:43:37+06:00,True
USR074,01000000074,Demo User 074,PC0000790,sender,2026-02-26T10:29:26+06:00,small_parcel,Mirpur,23.828141,90.363196,Mohakhali,23.774027,90.39375,331,delivered,2026-03-02T02:29:26+06:00,True
USR074,01000000074,Demo User 074,PC0000797,receiver,2026-03-03T14:13:56+06:00,medium_parcel,Gulshan,23.799149,90.411605,Bashundhara,23.811551,90.426832,287,delivered,2026-03-05T21:13:56+06:00,True
USR074,01000000074,Demo User 074,PC0000798,sender,2026-03-13T06:48:02+06:00,medium_parcel,Khilgaon,23.758154,90.43092,Mirpur,23.818296,90.362419,277,delivered,2026-03-16T03:48:02+06:00,True
USR074,01000000074,Demo User 074,PC0000786,sender,2026-03-20T23:39:36+06:00,small_parcel,Motijheel,23.737327,90.413063,Rampura,23.764918,90.418818,159,delivered,2026-03-25T23:39:36+06:00,True
USR074,01000000074,Demo User 074,PC0000788,sender,2026-03-24T21:14:48+06:00,small_parcel,Shyamoli,23.778702,90.370385,Mohakhali,23.782947,90.393964,300,delivered,2026-03-29T04:14:48+06:00,True
USR074,01000000074,Demo User 074,PC0000796,sender,2026-04-09T18:48:47+06:00,medium_parcel,Tejgaon,23.76911,90.401829,Uttara,23.882087,90.387077,90,delivered,2026-04-10T00:48:47+06:00,True
USR074,01000000074,Demo User 074,PC0000787,sender,2026-04-28T06:47:15+06:00,document,Bashundhara,23.817583,90.428053,Farmgate,23.760468,90.393056,313,delivered,2026-04-30T12:47:15+06:00,True
USR074,01000000074,Demo User 074,PC0000795,sender,2026-05-07T01:59:53+06:00,large_parcel,Wari,23.71341,90.421675,Dhanmondi,23.750113,90.376406,64,in_transit,2026-05-07T07:59:53+06:00,True
USR074,01000000074,Demo User 074,PC0000800,sender,2026-05-11T18:54:04+06:00,large_parcel,Pallabi,23.833987,90.367286,Rampura,23.761774,90.425801,310,cancelled,2026-05-14T05:54:04+06:00,True
USR074,01000000074,Demo User 074,PC0000791,sender,2026-05-17T08:34:57+06:00,large_parcel,Mohakhali,23.78478,90.398075,Rampura,23.767335,90.41324,78,cancelled,2026-05-18T11:34:57+06:00,True
USR074,01000000074,Demo User 074,PC0000793,sender,2026-05-22T00:20:54+06:00,large_parcel,Old Dhaka,23.713303,90.399427,Mohammadpur,23.773646,90.36002,263,delivered,2026-05-22T12:20:54+06:00,True
USR074,01000000074,Demo User 074,PC0000789,sender,2026-06-20T12:51:22+06:00,small_parcel,Rampura,23.763149,90.423313,Shyamoli,23.779511,90.360916,181,delivered,2026-06-22T13:51:22+06:00,True
USR074,01000000074,Demo User 074,PC0000792,receiver,2026-07-04T07:03:20+06:00,medium_parcel,Mohakhali,23.775986,90.396101,Tejgaon,23.759222,90.397033,93,cancelled,2026-07-08T14:03:20+06:00,True
USR074,01000000074,Demo User 074,PC0000799,receiver,2026-08-06T09:46:28+06:00,small_parcel,Farmgate,23.754272,90.394652,Mohakhali,23.774363,90.399557,262,delivered,2026-08-09T23:59:59+06:00,True
USR075,01000000075,Demo User 075,PC0000807,receiver,2026-03-21T09:18:08+06:00,large_parcel,Tejgaon,23.770105,90.394655,Badda,23.787775,90.422483,117,cancelled,2026-03-25T00:18:08+06:00,True
USR075,01000000075,Demo User 075,PC0000806,receiver,2026-03-27T06:37:19+06:00,document,Motijheel,23.725655,90.419427,Dhanmondi,23.750343,90.377914,97,delivered,2026-03-27T21:37:19+06:00,True
USR075,01000000075,Demo User 075,PC0000804,sender,2026-04-20T01:26:04+06:00,medium_parcel,Tejgaon,23.762679,90.39675,Dhanmondi,23.750915,90.373492,345,delivered,2026-04-20T16:26:04+06:00,True
USR075,01000000075,Demo User 075,PC0000803,sender,2026-04-21T10:15:53+06:00,document,Tejgaon,23.756306,90.40177,Mohakhali,23.788125,90.393794,181,delivered,2026-04-23T05:15:53+06:00,True
USR075,01000000075,Demo User 075,PC0000809,receiver,2026-04-28T08:07:45+06:00,document,Pallabi,23.82662,90.371739,Tejgaon,23.764574,90.386958,348,returned,2026-05-01T08:07:45+06:00,True
USR075,01000000075,Demo User 075,PC0000805,sender,2026-05-04T10:05:52+06:00,large_parcel,Motijheel,23.731117,90.413697,Khilgaon,23.742636,90.417733,297,delivered,2026-05-05T02:05:52+06:00,True
USR075,01000000075,Demo User 075,PC0000802,receiver,2026-05-19T10:35:55+06:00,medium_parcel,Motijheel,23.728956,90.417523,Uttara,23.877711,90.371986,276,delivered,2026-05-22T07:35:55+06:00,True
USR075,01000000075,Demo User 075,PC0000801,receiver,2026-05-22T03:12:46+06:00,medium_parcel,Badda,23.78813,90.427509,Motijheel,23.72745,90.420033,243,delivered,2026-05-27T01:12:46+06:00,True
USR075,01000000075,Demo User 075,PC0000808,receiver,2026-06-06T15:11:31+06:00,document,Badda,23.787982,90.422133,Bashundhara,23.822176,90.429494,203,delivered,2026-06-10T06:11:31+06:00,True
USR075,01000000075,Demo User 075,PC0000810,receiver,2026-06-13T22:04:32+06:00,large_parcel,Rampura,23.761317,90.41333,Dhanmondi,23.748291,90.376034,137,delivered,2026-06-14T09:04:32+06:00,True
USR076,01000000076,Demo User 076,PC0000822,receiver,2026-02-10T23:04:54+06:00,small_parcel,Mohammadpur,23.771127,90.351669,Old Dhaka,23.712564,90.407249,176,cancelled,2026-02-14T04:04:54+06:00,True
USR076,01000000076,Demo User 076,PC0000811,receiver,2026-03-09T03:04:50+06:00,medium_parcel,Uttara,23.877698,90.371536,Tejgaon,23.764511,90.401474,332,delivered,2026-03-10T00:04:50+06:00,True
USR076,01000000076,Demo User 076,PC0000824,sender,2026-03-22T08:10:57+06:00,large_parcel,Motijheel,23.730601,90.409642,Gulshan,23.792807,90.41197,295,delivered,2026-03-24T21:10:57+06:00,True
USR076,01000000076,Demo User 076,PC0000819,receiver,2026-03-26T18:32:44+06:00,small_parcel,Pallabi,23.824031,90.363935,Khilgaon,23.756087,90.423011,218,delivered,2026-03-28T01:32:44+06:00,True
USR076,01000000076,Demo User 076,PC0000823,receiver,2026-03-31T18:15:17+06:00,document,Bashundhara,23.820331,90.420593,Mohakhali,23.780767,90.403118,93,delivered,2026-04-03T02:15:17+06:00,True
USR076,01000000076,Demo User 076,PC0000814,receiver,2026-04-05T23:17:46+06:00,large_parcel,Wari,23.716666,90.41198,Khilgaon,23.743518,90.427132,106,returned,2026-04-10T18:17:46+06:00,True
USR076,01000000076,Demo User 076,PC0000825,receiver,2026-04-13T02:15:21+06:00,small_parcel,Gulshan,23.796542,90.409369,Badda,23.785406,90.423225,68,returned,2026-04-15T07:15:21+06:00,True
USR076,01000000076,Demo User 076,PC0000817,receiver,2026-04-30T18:47:16+06:00,medium_parcel,Wari,23.726342,90.414113,Shyamoli,23.772971,90.36851,88,delivered,2026-05-01T00:47:16+06:00,True
USR076,01000000076,Demo User 076,PC0000813,sender,2026-05-12T09:25:15+06:00,small_parcel,Rampura,23.75835,90.420126,Old Dhaka,23.711437,90.403353,217,delivered,2026-05-14T14:25:15+06:00,True
USR076,01000000076,Demo User 076,PC0000812,receiver,2026-05-16T16:32:28+06:00,medium_parcel,Motijheel,23.727623,90.414018,Mohammadpur,23.764955,90.352913,265,delivered,2026-05-20T12:32:28+06:00,True
USR076,01000000076,Demo User 076,PC0000821,sender,2026-05-22T03:38:02+06:00,medium_parcel,Farmgate,23.756525,90.385196,Pallabi,23.835941,90.363807,307,delivered,2026-05-23T00:38:02+06:00,True
USR076,01000000076,Demo User 076,PC0000815,receiver,2026-06-29T23:05:39+06:00,medium_parcel,Uttara,23.875464,90.373851,Khilgaon,23.745086,90.423166,339,delivered,2026-06-30T13:05:39+06:00,True
USR076,01000000076,Demo User 076,PC0000816,sender,2026-07-06T08:22:54+06:00,large_parcel,Motijheel,23.735897,90.415895,Mirpur,23.819783,90.360799,132,delivered,2026-07-07T10:22:54+06:00,True
USR076,01000000076,Demo User 076,PC0000820,sender,2026-08-01T09:17:34+06:00,medium_parcel,Shyamoli,23.773865,90.370358,Wari,23.712043,90.420672,329,delivered,2026-08-05T01:17:34+06:00,True
USR076,01000000076,Demo User 076,PC0000818,receiver,2026-08-04T07:05:08+06:00,document,Old Dhaka,23.716813,90.414513,Mohammadpur,23.759652,90.359592,90,delivered,2026-08-07T20:05:08+06:00,True
USR077,01000000077,Demo User 077,PC0000829,sender,2026-02-12T04:43:12+06:00,large_parcel,Wari,23.7239,90.421151,Mohammadpur,23.76534,90.360955,233,delivered,2026-02-12T12:43:12+06:00,True
USR077,01000000077,Demo User 077,PC0000833,receiver,2026-03-29T21:55:22+06:00,large_parcel,Tejgaon,23.765242,90.386473,Uttara,23.88276,90.382167,100,delivered,2026-04-03T04:55:22+06:00,True
USR077,01000000077,Demo User 077,PC0000832,receiver,2026-04-11T10:10:00+06:00,document,Shyamoli,23.782304,90.37251,Badda,23.786406,90.421071,176,in_transit,2026-04-12T22:10:00+06:00,True
USR077,01000000077,Demo User 077,PC0000827,sender,2026-04-14T23:09:38+06:00,large_parcel,Badda,23.773054,90.429365,Old Dhaka,23.710431,90.400667,143,delivered,2026-04-16T17:09:38+06:00,True
USR077,01000000077,Demo User 077,PC0000836,receiver,2026-04-19T22:07:48+06:00,medium_parcel,Badda,23.782464,90.420393,Mirpur,23.82199,90.367271,152,delivered,2026-04-24T19:07:48+06:00,True
USR077,01000000077,Demo User 077,PC0000834,receiver,2026-05-06T13:18:57+06:00,large_parcel,Gulshan,23.79982,90.401803,Motijheel,23.732912,90.409211,171,delivered,2026-05-09T13:18:57+06:00,True
USR077,01000000077,Demo User 077,PC0000838,sender,2026-05-14T05:17:41+06:00,document,Bashundhara,23.81205,90.420016,Mohakhali,23.78834,90.403889,289,delivered,2026-05-14T21:17:41+06:00,True
USR077,01000000077,Demo User 077,PC0000831,receiver,2026-06-08T03:35:09+06:00,small_parcel,Gulshan,23.799407,90.410125,Bashundhara,23.807876,90.423575,277,in_transit,2026-06-08T09:35:09+06:00,True
USR077,01000000077,Demo User 077,PC0000835,sender,2026-06-09T01:02:03+06:00,medium_parcel,Gulshan,23.799906,90.402701,Mirpur,23.816302,90.373044,275,picked_up,2026-06-10T19:02:03+06:00,True
USR077,01000000077,Demo User 077,PC0000830,sender,2026-07-05T00:06:28+06:00,medium_parcel,Shyamoli,23.779529,90.362635,Mohakhali,23.779216,90.406646,164,delivered,2026-07-05T01:06:28+06:00,True
USR077,01000000077,Demo User 077,PC0000828,receiver,2026-07-05T09:04:01+06:00,small_parcel,Shyamoli,23.76921,90.358638,Dhanmondi,23.751368,90.37979,289,delivered,2026-07-10T03:04:01+06:00,True
USR077,01000000077,Demo User 077,PC0000837,sender,2026-07-14T08:37:11+06:00,document,Khilgaon,23.742841,90.423486,Badda,23.773332,90.434506,67,delivered,2026-07-19T00:37:11+06:00,True
USR077,01000000077,Demo User 077,PC0000826,sender,2026-07-29T00:24:34+06:00,large_parcel,Pallabi,23.823837,90.36477,Shyamoli,23.77679,90.361257,319,delivered,2026-07-29T22:24:34+06:00,True
USR078,01000000078,Demo User 078,PC0000845,receiver,2026-02-23T08:18:14+06:00,small_parcel,Old Dhaka,23.712227,90.405958,Farmgate,23.762654,90.393822,304,delivered,2026-02-27T15:18:14+06:00,True
USR078,01000000078,Demo User 078,PC0000843,sender,2026-03-14T12:02:53+06:00,medium_parcel,Pallabi,23.828747,90.360543,Motijheel,23.728399,90.411798,136,delivered,2026-03-15T20:02:53+06:00,True
USR078,01000000078,Demo User 078,PC0000848,sender,2026-03-27T01:42:34+06:00,medium_parcel,Mirpur,23.825045,90.358514,Farmgate,23.754192,90.385931,75,delivered,2026-03-31T22:42:34+06:00,True
USR078,01000000078,Demo User 078,PC0000846,receiver,2026-03-30T17:20:07+06:00,large_parcel,Shyamoli,23.773443,90.362968,Bashundhara,23.821802,90.429882,195,delivered,2026-04-03T02:20:07+06:00,True
USR078,01000000078,Demo User 078,PC0000851,receiver,2026-04-10T04:14:05+06:00,small_parcel,Badda,23.781424,90.434358,Farmgate,23.75482,90.387302,227,delivered,2026-04-12T21:14:05+06:00,True
USR078,01000000078,Demo User 078,PC0000840,receiver,2026-04-22T19:21:08+06:00,small_parcel,Bashundhara,23.814523,90.427417,Mirpur,23.826005,90.363991,106,delivered,2026-04-27T14:21:08+06:00,True
USR078,01000000078,Demo User 078,PC0000850,receiver,2026-05-26T17:05:40+06:00,medium_parcel,Motijheel,23.725772,90.412824,Farmgate,23.753575,90.386336,177,delivered,2026-05-29T10:05:40+06:00,True
USR078,01000000078,Demo User 078,PC0000841,sender,2026-06-20T15:13:28+06:00,large_parcel,Pallabi,23.835538,90.367057,Shyamoli,23.779655,90.359138,235,delivered,2026-06-22T05:13:28+06:00,True
USR078,01000000078,Demo User 078,PC0000847,receiver,2026-06-22T07:48:26+06:00,medium_parcel,Tejgaon,23.761562,90.386073,Uttara,23.876048,90.377508,215,in_transit,2026-06-24T15:48:26+06:00,True
USR078,01000000078,Demo User 078,PC0000839,sender,2026-06-24T17:08:16+06:00,small_parcel,Mohammadpur,23.76311,90.351986,Pallabi,23.831177,90.367664,200,in_transit,2026-06-27T03:08:16+06:00,True
USR078,01000000078,Demo User 078,PC0000842,sender,2026-06-30T19:05:07+06:00,document,Wari,23.725508,90.422877,Mohakhali,23.781731,90.399562,219,delivered,2026-07-01T12:05:07+06:00,True
USR078,01000000078,Demo User 078,PC0000844,sender,2026-07-07T08:03:11+06:00,small_parcel,Khilgaon,23.753006,90.421398,Pallabi,23.827515,90.362902,69,delivered,2026-07-11T23:03:11+06:00,True
USR078,01000000078,Demo User 078,PC0000849,sender,2026-07-20T14:38:33+06:00,small_parcel,Tejgaon,23.770441,90.386248,Wari,23.71435,90.412763,181,delivered,2026-07-20T21:38:33+06:00,True
USR079,01000000079,Demo User 079,PC0000856,sender,2026-03-04T03:51:48+06:00,medium_parcel,Tejgaon,23.756438,90.4005,Khilgaon,23.74645,90.421314,210,delivered,2026-03-08T20:51:48+06:00,True
USR079,01000000079,Demo User 079,PC0000855,receiver,2026-04-23T10:55:47+06:00,medium_parcel,Mohammadpur,23.767992,90.358712,Bashundhara,23.809352,90.420598,154,picked_up,2026-04-27T23:55:47+06:00,True
USR079,01000000079,Demo User 079,PC0000853,sender,2026-04-24T00:22:26+06:00,small_parcel,Mohakhali,23.775056,90.398165,Mirpur,23.819729,90.363192,328,delivered,2026-04-28T06:22:26+06:00,True
USR079,01000000079,Demo User 079,PC0000854,receiver,2026-05-04T02:48:13+06:00,medium_parcel,Gulshan,23.800367,90.40118,Mohakhali,23.780372,90.400844,319,delivered,2026-05-05T00:48:13+06:00,True
USR079,01000000079,Demo User 079,PC0000852,receiver,2026-07-02T17:01:51+06:00,small_parcel,Mohakhali,23.781016,90.402726,Wari,23.720462,90.418691,350,delivered,2026-07-05T22:01:51+06:00,True
USR079,01000000079,Demo User 079,PC0000857,sender,2026-07-26T19:37:07+06:00,large_parcel,Bashundhara,23.807559,90.423654,Rampura,23.75363,90.426995,72,in_transit,2026-07-30T20:37:07+06:00,True
USR080,01000000080,Demo User 080,PC0000861,receiver,2026-02-23T05:38:41+06:00,medium_parcel,Banani,23.795549,90.40707,Shyamoli,23.773299,90.367724,210,delivered,2026-02-24T17:38:41+06:00,True
USR080,01000000080,Demo User 080,PC0000863,receiver,2026-03-26T13:46:14+06:00,document,Bashundhara,23.821238,90.419831,Banani,23.790499,90.407842,106,delivered,2026-03-31T00:46:14+06:00,True
USR080,01000000080,Demo User 080,PC0000859,sender,2026-06-07T11:55:56+06:00,document,Banani,23.801073,90.399596,Dhanmondi,23.740207,90.373696,79,delivered,2026-06-12T04:55:56+06:00,True
USR080,01000000080,Demo User 080,PC0000864,sender,2026-06-12T16:07:27+06:00,large_parcel,Mirpur,23.829462,90.362547,Uttara,23.874009,90.372199,121,delivered,2026-06-14T05:07:27+06:00,True
USR080,01000000080,Demo User 080,PC0000858,sender,2026-06-29T00:55:05+06:00,medium_parcel,Mohammadpur,23.768114,90.351183,Old Dhaka,23.709176,90.407466,74,delivered,2026-06-29T10:55:05+06:00,True
USR080,01000000080,Demo User 080,PC0000860,sender,2026-06-30T02:06:43+06:00,medium_parcel,Badda,23.78103,90.433972,Banani,23.793857,90.410657,125,delivered,2026-07-01T10:06:43+06:00,True
USR080,01000000080,Demo User 080,PC0000862,sender,2026-07-17T04:05:57+06:00,medium_parcel,Dhanmondi,23.748308,90.375902,Banani,23.796617,90.413371,168,delivered,2026-07-18T18:05:57+06:00,True
USR081,01000000081,Demo User 081,PC0000866,receiver,2026-02-15T00:33:14+06:00,small_parcel,Badda,23.780572,90.426406,Wari,23.717646,90.421292,315,delivered,2026-02-17T19:33:14+06:00,True
USR081,01000000081,Demo User 081,PC0000872,sender,2026-02-21T02:52:44+06:00,small_parcel,Mohakhali,23.78791,90.393602,Uttara,23.883486,90.371785,122,delivered,2026-02-25T16:52:44+06:00,True
USR081,01000000081,Demo User 081,PC0000867,receiver,2026-03-23T17:45:50+06:00,small_parcel,Farmgate,23.754813,90.391005,Mohammadpur,23.7638,90.356493,349,delivered,2026-03-25T10:45:50+06:00,True
USR081,01000000081,Demo User 081,PC0000877,receiver,2026-04-25T09:24:07+06:00,medium_parcel,Farmgate,23.76158,90.385438,Shyamoli,23.769929,90.369519,270,delivered,2026-04-27T02:24:07+06:00,True
USR081,01000000081,Demo User 081,PC0000868,sender,2026-04-28T13:21:58+06:00,medium_parcel,Mohakhali,23.784052,90.391763,Gulshan,23.796273,90.413557,150,cancelled,2026-05-03T12:21:58+06:00,True
USR081,01000000081,Demo User 081,PC0000871,receiver,2026-05-07T17:39:05+06:00,small_parcel,Banani,23.799952,90.399778,Bashundhara,23.810031,90.42316,269,delivered,2026-05-10T22:39:05+06:00,True
USR081,01000000081,Demo User 081,PC0000865,receiver,2026-05-26T08:35:22+06:00,document,Motijheel,23.737771,90.409411,Old Dhaka,23.712424,90.399878,268,delivered,2026-05-29T21:35:22+06:00,True
USR081,01000000081,Demo User 081,PC0000875,receiver,2026-07-02T07:09:17+06:00,small_parcel,Mohakhali,23.775566,90.401974,Rampura,23.766936,90.427181,334,delivered,2026-07-06T06:09:17+06:00,True
USR081,01000000081,Demo User 081,PC0000873,receiver,2026-07-07T09:21:02+06:00,medium_parcel,Badda,23.7727,90.425129,Banani,23.792602,90.40846,291,delivered,2026-07-11T21:21:02+06:00,True
USR081,01000000081,Demo User 081,PC0000874,receiver,2026-07-10T11:59:05+06:00,document,Khilgaon,23.742864,90.424671,Mohammadpur,23.760154,90.356858,199,delivered,2026-07-13T10:59:05+06:00,True
USR081,01000000081,Demo User 081,PC0000870,receiver,2026-07-15T04:33:51+06:00,medium_parcel,Mohakhali,23.785126,90.403235,Farmgate,23.76049,90.395461,146,delivered,2026-07-18T19:33:51+06:00,True
USR081,01000000081,Demo User 081,PC0000869,sender,2026-07-30T13:45:30+06:00,large_parcel,Uttara,23.883265,90.387411,Mohammadpur,23.771671,90.355542,328,delivered,2026-07-31T02:45:30+06:00,True
USR081,01000000081,Demo User 081,PC0000876,sender,2026-08-05T05:15:45+06:00,document,Wari,23.713933,90.413936,Banani,23.789063,90.400861,202,in_transit,2026-08-05T12:15:45+06:00,True
USR082,01000000082,Demo User 082,PC0000880,sender,2026-02-19T03:37:00+06:00,document,Badda,23.780714,90.430002,Motijheel,23.729278,90.41937,104,returned,2026-02-20T08:37:00+06:00,True
USR082,01000000082,Demo User 082,PC0000881,sender,2026-03-04T12:47:54+06:00,document,Old Dhaka,23.717088,90.402057,Rampura,23.757483,90.415074,191,returned,2026-03-07T08:47:54+06:00,True
USR082,01000000082,Demo User 082,PC0000878,receiver,2026-03-15T22:09:01+06:00,medium_parcel,Mohakhali,23.778424,90.403568,Farmgate,23.752575,90.382252,323,delivered,2026-03-16T01:09:01+06:00,True
USR082,01000000082,Demo User 082,PC0000882,receiver,2026-04-08T20:04:30+06:00,small_parcel,Mohakhali,23.78328,90.396405,Gulshan,23.786133,90.406308,325,in_transit,2026-04-08T21:04:30+06:00,True
USR082,01000000082,Demo User 082,PC0000883,receiver,2026-05-15T12:48:19+06:00,document,Motijheel,23.732991,90.424234,Mohakhali,23.787394,90.39208,110,delivered,2026-05-16T15:48:19+06:00,True
USR082,01000000082,Demo User 082,PC0000879,sender,2026-05-29T01:21:47+06:00,document,Mirpur,23.82131,90.365971,Dhanmondi,23.747908,90.373998,223,delivered,2026-06-02T02:21:47+06:00,True
USR082,01000000082,Demo User 082,PC0000884,sender,2026-06-01T05:35:45+06:00,document,Old Dhaka,23.710502,90.409991,Farmgate,23.752967,90.384538,317,in_transit,2026-06-03T01:35:45+06:00,True
USR083,01000000083,Demo User 083,PC0000886,receiver,2026-03-13T22:07:45+06:00,small_parcel,Rampura,23.763918,90.421266,Pallabi,23.820537,90.361909,135,picked_up,2026-03-17T21:07:45+06:00,True
USR083,01000000083,Demo User 083,PC0000888,sender,2026-04-19T01:25:18+06:00,small_parcel,Mohammadpur,23.769278,90.362495,Banani,23.790856,90.399287,143,delivered,2026-04-22T04:25:18+06:00,True
USR083,01000000083,Demo User 083,PC0000885,receiver,2026-05-29T17:36:03+06:00,medium_parcel,Rampura,23.761225,90.428221,Uttara,23.88361,90.379997,297,delivered,2026-05-31T20:36:03+06:00,True
USR083,01000000083,Demo User 083,PC0000887,receiver,2026-06-11T01:50:28+06:00,medium_parcel,Badda,23.782958,90.424715,Rampura,23.758408,90.423812,335,delivered,2026-06-14T01:50:28+06:00,True
USR083,01000000083,Demo User 083,PC0000889,sender,2026-06-26T11:05:42+06:00,small_parcel,Mohammadpur,23.766113,90.354574,Khilgaon,23.747812,90.422622,104,delivered,2026-06-27T23:05:42+06:00,True
USR083,01000000083,Demo User 083,PC0000891,sender,2026-07-02T07:59:01+06:00,small_parcel,Mirpur,23.825349,90.362625,Dhanmondi,23.746534,90.37056,219,delivered,2026-07-03T08:59:01+06:00,True
USR083,01000000083,Demo User 083,PC0000893,sender,2026-07-22T08:55:14+06:00,large_parcel,Dhanmondi,23.738881,90.368445,Gulshan,23.797415,90.400318,314,picked_up,2026-07-23T23:55:14+06:00,True
USR083,01000000083,Demo User 083,PC0000890,receiver,2026-07-31T13:59:27+06:00,small_parcel,Uttara,23.873331,90.386243,Mirpur,23.828491,90.361714,229,delivered,2026-08-03T22:59:27+06:00,True
USR083,01000000083,Demo User 083,PC0000892,sender,2026-08-07T05:28:35+06:00,document,Tejgaon,23.760023,90.392836,Gulshan,23.796244,90.415774,279,delivered,2026-08-09T23:59:59+06:00,True
USR084,01000000084,Demo User 084,PC0000895,receiver,2026-02-14T11:14:31+06:00,small_parcel,Banani,23.798207,90.401604,Uttara,23.869671,90.37167,255,delivered,2026-02-17T11:14:31+06:00,True
USR084,01000000084,Demo User 084,PC0000901,receiver,2026-03-13T02:13:44+06:00,small_parcel,Mirpur,23.823774,90.360431,Dhanmondi,23.751229,90.369828,94,delivered,2026-03-14T16:13:44+06:00,True
USR084,01000000084,Demo User 084,PC0000900,sender,2026-03-16T04:52:30+06:00,small_parcel,Dhanmondi,23.752592,90.38269,Tejgaon,23.769824,90.399485,248,delivered,2026-03-20T10:52:30+06:00,True
USR084,01000000084,Demo User 084,PC0000898,sender,2026-04-01T12:40:22+06:00,document,Tejgaon,23.7575,90.390478,Rampura,23.768311,90.41378,348,delivered,2026-04-04T04:40:22+06:00,True
USR084,01000000084,Demo User 084,PC0000896,sender,2026-04-29T07:44:33+06:00,small_parcel,Banani,23.800857,90.400014,Wari,23.725475,90.422645,73,returned,2026-04-30T11:44:33+06:00,True
USR084,01000000084,Demo User 084,PC0000902,receiver,2026-05-20T04:28:06+06:00,document,Dhanmondi,23.740055,90.368342,Old Dhaka,23.706132,90.409272,323,delivered,2026-05-21T14:28:06+06:00,True
USR084,01000000084,Demo User 084,PC0000894,sender,2026-06-08T08:32:02+06:00,document,Banani,23.797736,90.403293,Badda,23.781324,90.423334,278,cancelled,2026-06-11T01:32:02+06:00,True
USR084,01000000084,Demo User 084,PC0000903,sender,2026-06-09T22:58:20+06:00,large_parcel,Motijheel,23.732253,90.409784,Old Dhaka,23.704867,90.405595,228,returned,2026-06-12T04:58:20+06:00,True
USR084,01000000084,Demo User 084,PC0000897,receiver,2026-06-13T23:26:20+06:00,medium_parcel,Mohakhali,23.777127,90.398981,Wari,23.714341,90.423401,311,cancelled,2026-06-16T06:26:20+06:00,True
USR084,01000000084,Demo User 084,PC0000899,sender,2026-06-15T04:27:38+06:00,medium_parcel,Motijheel,23.740635,90.423594,Bashundhara,23.807381,90.427295,335,delivered,2026-06-20T01:27:38+06:00,True
USR084,01000000084,Demo User 084,PC0000904,receiver,2026-07-19T08:59:15+06:00,medium_parcel,Mirpur,23.818022,90.365456,Farmgate,23.761493,90.38487,315,in_transit,2026-07-20T14:59:15+06:00,True
USR085,01000000085,Demo User 085,PC0000907,receiver,2026-02-14T16:52:47+06:00,medium_parcel,Banani,23.790157,90.409646,Mohammadpur,23.758192,90.35756,149,delivered,2026-02-15T23:52:47+06:00,True
USR085,01000000085,Demo User 085,PC0000906,receiver,2026-02-17T01:46:21+06:00,large_parcel,Gulshan,23.795425,90.413379,Mohakhali,23.77457,90.397527,87,delivered,2026-02-21T22:46:21+06:00,True
USR085,01000000085,Demo User 085,PC0000910,receiver,2026-03-19T03:57:16+06:00,large_parcel,Farmgate,23.757685,90.385565,Wari,23.718001,90.425289,259,delivered,2026-03-23T00:57:16+06:00,True
USR085,01000000085,Demo User 085,PC0000911,receiver,2026-04-04T12:24:03+06:00,small_parcel,Uttara,23.878233,90.37211,Dhanmondi,23.743264,90.376682,348,delivered,2026-04-06T01:24:03+06:00,True
USR085,01000000085,Demo User 085,PC0000912,sender,2026-05-06T00:32:54+06:00,document,Shyamoli,23.771606,90.365163,Old Dhaka,23.706143,90.414811,342,delivered,2026-05-07T15:32:54+06:00,True
USR085,01000000085,Demo User 085,PC0000905,sender,2026-06-20T16:52:57+06:00,document,Gulshan,23.794754,90.411153,Uttara,23.873136,90.383627,226,cancelled,2026-06-24T04:52:57+06:00,True
USR085,01000000085,Demo User 085,PC0000909,sender,2026-06-27T02:39:37+06:00,document,Wari,23.714094,90.412585,Badda,23.778123,90.431891,247,delivered,2026-06-28T19:39:37+06:00,True
USR085,01000000085,Demo User 085,PC0000908,receiver,2026-06-29T10:29:05+06:00,document,Khilgaon,23.744823,90.420656,Old Dhaka,23.710384,90.409279,287,delivered,2026-06-29T17:29:05+06:00,True
USR085,01000000085,Demo User 085,PC0000914,receiver,2026-07-06T19:57:55+06:00,small_parcel,Farmgate,23.759207,90.384038,Badda,23.784095,90.426076,72,picked_up,2026-07-09T05:57:55+06:00,True
USR085,01000000085,Demo User 085,PC0000913,sender,2026-07-20T05:39:29+06:00,large_parcel,Old Dhaka,23.712404,90.412627,Mohakhali,23.780883,90.399559,302,delivered,2026-07-22T20:39:29+06:00,True
USR086,01000000086,Demo User 086,PC0000919,receiver,2026-03-11T07:14:19+06:00,document,Rampura,23.75643,90.423561,Banani,23.788408,90.414095,264,cancelled,2026-03-12T19:14:19+06:00,True
USR086,01000000086,Demo User 086,PC0000920,sender,2026-03-15T11:48:45+06:00,large_parcel,Old Dhaka,23.702838,90.414383,Rampura,23.758313,90.428592,342,delivered,2026-03-19T01:48:45+06:00,True
USR086,01000000086,Demo User 086,PC0000918,sender,2026-04-23T00:42:43+06:00,large_parcel,Mohakhali,23.783295,90.400326,Motijheel,23.731342,90.424641,224,delivered,2026-04-27T21:42:43+06:00,True
USR086,01000000086,Demo User 086,PC0000917,receiver,2026-06-06T11:40:42+06:00,large_parcel,Mohammadpur,23.760554,90.361279,Banani,23.788949,90.400043,257,cancelled,2026-06-06T21:40:42+06:00,True
USR086,01000000086,Demo User 086,PC0000915,sender,2026-07-07T21:42:38+06:00,document,Old Dhaka,23.711686,90.409137,Uttara,23.872633,90.377124,334,delivered,2026-07-11T12:42:38+06:00,True
USR086,01000000086,Demo User 086,PC0000916,receiver,2026-08-07T07:54:55+06:00,small_parcel,Wari,23.71525,90.414388,Rampura,23.765269,90.413055,178,delivered,2026-08-09T23:59:59+06:00,True
USR087,01000000087,Demo User 087,PC0000926,receiver,2026-02-10T14:57:22+06:00,document,Pallabi,23.825662,90.358935,Farmgate,23.765323,90.387615,245,delivered,2026-02-11T00:57:22+06:00,True
USR087,01000000087,Demo User 087,PC0000921,receiver,2026-03-06T12:36:16+06:00,document,Mirpur,23.830135,90.360059,Farmgate,23.758174,90.390897,104,in_transit,2026-03-11T08:36:16+06:00,True
USR087,01000000087,Demo User 087,PC0000922,receiver,2026-04-23T04:22:23+06:00,large_parcel,Old Dhaka,23.7101,90.411698,Mirpur,23.826385,90.366623,160,delivered,2026-04-26T14:22:23+06:00,True
USR087,01000000087,Demo User 087,PC0000924,sender,2026-04-23T19:46:41+06:00,document,Wari,23.713839,90.419949,Bashundhara,23.815491,90.422913,236,delivered,2026-04-28T09:46:41+06:00,True
USR087,01000000087,Demo User 087,PC0000923,receiver,2026-05-27T23:28:24+06:00,large_parcel,Badda,23.779334,90.419991,Mirpur,23.815814,90.362989,78,delivered,2026-06-01T15:28:24+06:00,True
USR087,01000000087,Demo User 087,PC0000925,receiver,2026-07-05T19:25:43+06:00,small_parcel,Tejgaon,23.758342,90.397187,Gulshan,23.789626,90.401154,174,delivered,2026-07-09T23:25:43+06:00,True
USR088,01000000088,Demo User 088,PC0000928,sender,2026-02-13T02:19:18+06:00,small_parcel,Farmgate,23.764985,90.383992,Shyamoli,23.767069,90.363946,86,picked_up,2026-02-14T17:19:18+06:00,True
USR088,01000000088,Demo User 088,PC0000927,sender,2026-02-24T11:05:41+06:00,large_parcel,Mirpur,23.829529,90.365153,Wari,23.722595,90.416365,267,delivered,2026-02-25T06:05:41+06:00,True
USR088,01000000088,Demo User 088,PC0000931,receiver,2026-03-09T14:28:28+06:00,large_parcel,Mohakhali,23.777347,90.405525,Pallabi,23.826786,90.37143,168,returned,2026-03-14T01:28:28+06:00,True
USR088,01000000088,Demo User 088,PC0000933,receiver,2026-03-28T04:42:19+06:00,small_parcel,Old Dhaka,23.709535,90.400441,Motijheel,23.739871,90.411136,282,picked_up,2026-03-28T18:42:19+06:00,True
USR088,01000000088,Demo User 088,PC0000932,receiver,2026-04-26T21:26:30+06:00,small_parcel,Uttara,23.871246,90.373501,Wari,23.718159,90.421497,273,delivered,2026-05-01T13:26:30+06:00,True
USR088,01000000088,Demo User 088,PC0000929,receiver,2026-07-08T05:44:07+06:00,medium_parcel,Mohammadpur,23.768401,90.357838,Tejgaon,23.764281,90.391456,160,delivered,2026-07-10T16:44:07+06:00,True
USR088,01000000088,Demo User 088,PC0000930,sender,2026-07-14T10:47:37+06:00,medium_parcel,Pallabi,23.82646,90.363729,Old Dhaka,23.708085,90.400119,110,returned,2026-07-14T14:47:37+06:00,True
USR089,01000000089,Demo User 089,PC0000938,receiver,2026-02-19T14:19:36+06:00,small_parcel,Mohakhali,23.774211,90.394015,Rampura,23.758214,90.415517,246,delivered,2026-02-19T18:19:36+06:00,True
USR089,01000000089,Demo User 089,PC0000941,sender,2026-03-18T18:58:48+06:00,document,Farmgate,23.7569,90.384854,Mirpur,23.824283,90.370624,292,delivered,2026-03-22T01:58:48+06:00,True
USR089,01000000089,Demo User 089,PC0000940,sender,2026-04-02T01:15:01+06:00,small_parcel,Banani,23.800344,90.408759,Old Dhaka,23.707442,90.407006,333,delivered,2026-04-04T16:15:01+06:00,True
USR089,01000000089,Demo User 089,PC0000934,sender,2026-04-12T23:18:18+06:00,document,Bashundhara,23.811168,90.419629,Mohammadpur,23.769868,90.359582,246,picked_up,2026-04-16T21:18:18+06:00,True
USR089,01000000089,Demo User 089,PC0000936,receiver,2026-05-14T20:04:39+06:00,large_parcel,Old Dhaka,23.713834,90.408366,Mohammadpur,23.762911,90.355666,127,picked_up,2026-05-16T01:04:39+06:00,True
USR089,01000000089,Demo User 089,PC0000935,receiver,2026-06-07T13:47:50+06:00,document,Banani,23.79076,90.409056,Khilgaon,23.755414,90.425469,246,delivered,2026-06-11T16:47:50+06:00,True
USR089,01000000089,Demo User 089,PC0000939,sender,2026-06-28T22:38:45+06:00,document,Farmgate,23.75864,90.395287,Khilgaon,23.744709,90.425353,286,cancelled,2026-06-29T09:38:45+06:00,True
USR089,01000000089,Demo User 089,PC0000937,receiver,2026-08-03T18:22:51+06:00,medium_parcel,Motijheel,23.735566,90.419453,Shyamoli,23.773025,90.358788,278,delivered,2026-08-04T16:22:51+06:00,True
USR089,01000000089,Demo User 089,PC0000942,sender,2026-08-09T16:46:14+06:00,small_parcel,Shyamoli,23.772863,90.372981,Wari,23.715872,90.41121,344,delivered,2026-08-09T23:59:59+06:00,True
USR090,01000000090,Demo User 090,PC0000945,sender,2026-02-15T21:51:05+06:00,small_parcel,Pallabi,23.829863,90.356759,Khilgaon,23.746624,90.419368,215,picked_up,2026-02-16T09:51:05+06:00,True
USR090,01000000090,Demo User 090,PC0000946,receiver,2026-04-02T13:09:59+06:00,small_parcel,Dhanmondi,23.741507,90.383301,Uttara,23.87086,90.382582,287,returned,2026-04-03T17:09:59+06:00,True
USR090,01000000090,Demo User 090,PC0000950,sender,2026-05-03T11:24:30+06:00,large_parcel,Farmgate,23.75407,90.393874,Mohammadpur,23.765946,90.3516,244,delivered,2026-05-05T19:24:30+06:00,True
USR090,01000000090,Demo User 090,PC0000948,receiver,2026-05-31T15:47:07+06:00,large_parcel,Old Dhaka,23.712671,90.41217,Khilgaon,23.748364,90.426205,119,delivered,2026-06-04T01:47:07+06:00,True
USR090,01000000090,Demo User 090,PC0000949,sender,2026-07-12T09:29:05+06:00,large_parcel,Pallabi,23.831896,90.359703,Farmgate,23.765939,90.393841,175,delivered,2026-07-16T00:29:05+06:00,True
USR090,01000000090,Demo User 090,PC0000944,receiver,2026-07-26T15:16:32+06:00,large_parcel,Gulshan,23.800197,90.409804,Rampura,23.756078,90.415258,323,delivered,2026-07-31T15:16:32+06:00,True
USR090,01000000090,Demo User 090,PC0000947,receiver,2026-08-03T09:40:21+06:00,document,Uttara,23.880424,90.381667,Rampura,23.765951,90.413368,145,delivered,2026-08-04T09:40:21+06:00,True
USR090,01000000090,Demo User 090,PC0000943,receiver,2026-08-08T21:23:08+06:00,small_parcel,Old Dhaka,23.71828,90.415313,Wari,23.710949,90.422897,271,delivered,2026-08-09T23:59:59+06:00,True
USR091,01000000091,Demo User 091,PC0000962,sender,2026-02-12T09:32:00+06:00,small_parcel,Badda,23.781177,90.424499,Mohammadpur,23.770512,90.35946,132,delivered,2026-02-14T15:32:00+06:00,True
USR091,01000000091,Demo User 091,PC0000960,sender,2026-02-14T16:53:38+06:00,large_parcel,Mirpur,23.816111,90.363282,Rampura,23.755183,90.418036,247,picked_up,2026-02-16T03:53:38+06:00,True
USR091,01000000091,Demo User 091,PC0000957,sender,2026-02-17T00:46:57+06:00,document,Shyamoli,23.768222,90.357757,Wari,23.720152,90.421593,348,delivered,2026-02-19T06:46:57+06:00,True
USR091,01000000091,Demo User 091,PC0000961,sender,2026-02-17T18:04:28+06:00,large_parcel,Mohakhali,23.781396,90.401447,Banani,23.793125,90.405758,346,delivered,2026-02-20T07:04:28+06:00,True
USR091,01000000091,Demo User 091,PC0000955,receiver,2026-02-28T05:44:08+06:00,medium_parcel,Pallabi,23.825232,90.362548,Khilgaon,23.75335,90.432636,331,delivered,2026-03-01T07:44:08+06:00,True
USR091,01000000091,Demo User 091,PC0000954,sender,2026-03-08T16:25:21+06:00,medium_parcel,Farmgate,23.760368,90.394176,Bashundhara,23.809738,90.422199,101,delivered,2026-03-08T21:25:21+06:00,True
USR091,01000000091,Demo User 091,PC0000953,receiver,2026-03-25T17:47:32+06:00,document,Gulshan,23.789183,90.404651,Mohakhali,23.779129,90.400427,111,delivered,2026-03-25T19:47:32+06:00,True
USR091,01000000091,Demo User 091,PC0000959,sender,2026-04-09T08:38:32+06:00,small_parcel,Dhanmondi,23.754009,90.377813,Wari,23.713319,90.416184,336,delivered,2026-04-11T03:38:32+06:00,True
USR091,01000000091,Demo User 091,PC0000958,sender,2026-05-07T20:53:34+06:00,small_parcel,Old Dhaka,23.708517,90.410328,Mirpur,23.817221,90.368936,60,delivered,2026-05-08T13:53:34+06:00,True
USR091,01000000091,Demo User 091,PC0000956,receiver,2026-06-06T23:56:33+06:00,large_parcel,Rampura,23.766873,90.422071,Uttara,23.871814,90.385818,245,delivered,2026-06-10T02:56:33+06:00,True
USR091,01000000091,Demo User 091,PC0000963,sender,2026-06-08T04:23:46+06:00,large_parcel,Pallabi,23.831436,90.36756,Tejgaon,23.766164,90.39749,79,delivered,2026-06-11T18:23:46+06:00,True
USR091,01000000091,Demo User 091,PC0000951,receiver,2026-06-10T07:40:14+06:00,large_parcel,Tejgaon,23.766938,90.386826,Dhanmondi,23.74725,90.369033,93,delivered,2026-06-13T04:40:14+06:00,True
USR091,01000000091,Demo User 091,PC0000952,sender,2026-06-27T13:37:19+06:00,large_parcel,Mohakhali,23.786631,90.401197,Uttara,23.872135,90.373463,197,delivered,2026-06-27T17:37:19+06:00,True
USR092,01000000092,Demo User 092,PC0000965,receiver,2026-05-04T07:23:45+06:00,medium_parcel,Banani,23.801104,90.410093,Uttara,23.878673,90.386147,325,delivered,2026-05-06T15:23:45+06:00,True
USR092,01000000092,Demo User 092,PC0000969,sender,2026-05-27T17:20:55+06:00,small_parcel,Uttara,23.875617,90.383609,Mirpur,23.815949,90.361197,211,delivered,2026-06-01T07:20:55+06:00,True
USR092,01000000092,Demo User 092,PC0000970,sender,2026-06-05T11:45:12+06:00,medium_parcel,Mirpur,23.826764,90.364122,Tejgaon,23.756545,90.396414,102,delivered,2026-06-06T15:45:12+06:00,True
USR092,01000000092,Demo User 092,PC0000968,sender,2026-06-23T19:26:02+06:00,small_parcel,Bashundhara,23.820307,90.420716,Khilgaon,23.757434,90.428558,138,delivered,2026-06-27T13:26:02+06:00,True
USR092,01000000092,Demo User 092,PC0000967,receiver,2026-07-19T14:38:23+06:00,document,Mirpur,23.821507,90.360899,Pallabi,23.825048,90.362245,257,delivered,2026-07-23T04:38:23+06:00,True
USR092,01000000092,Demo User 092,PC0000964,sender,2026-07-30T15:50:30+06:00,medium_parcel,Pallabi,23.834336,90.368099,Khilgaon,23.752122,90.426606,233,delivered,2026-08-01T14:50:30+06:00,True
USR092,01000000092,Demo User 092,PC0000966,sender,2026-08-02T14:31:22+06:00,document,Tejgaon,23.766464,90.39079,Farmgate,23.752428,90.386868,311,delivered,2026-08-06T18:31:22+06:00,True
USR093,01000000093,Demo User 093,PC0000979,sender,2026-02-12T16:32:45+06:00,small_parcel,Banani,23.800413,90.404844,Bashundhara,23.81943,90.430471,343,picked_up,2026-02-13T05:32:45+06:00,True
USR093,01000000093,Demo User 093,PC0000976,sender,2026-02-23T17:13:45+06:00,medium_parcel,Wari,23.719957,90.424334,Pallabi,23.827885,90.361694,78,delivered,2026-02-27T06:13:45+06:00,True
USR093,01000000093,Demo User 093,PC0000978,receiver,2026-03-05T21:46:55+06:00,document,Dhanmondi,23.741743,90.374665,Banani,23.798478,90.402832,327,delivered,2026-03-07T20:46:55+06:00,True
USR093,01000000093,Demo User 093,PC0000980,sender,2026-03-19T15:57:00+06:00,document,Badda,23.785876,90.426989,Old Dhaka,23.718091,90.412023,195,delivered,2026-03-22T16:57:00+06:00,True
USR093,01000000093,Demo User 093,PC0000973,sender,2026-03-31T01:49:20+06:00,medium_parcel,Shyamoli,23.766992,90.37176,Tejgaon,23.761394,90.389183,196,delivered,2026-04-02T04:49:20+06:00,True
USR093,01000000093,Demo User 093,PC0000975,sender,2026-04-10T12:44:41+06:00,document,Shyamoli,23.772047,90.362156,Farmgate,23.759519,90.396951,303,delivered,2026-04-10T20:44:41+06:00,True
USR093,01000000093,Demo User 093,PC0000971,sender,2026-05-04T14:47:18+06:00,document,Dhanmondi,23.740196,90.373133,Khilgaon,23.747299,90.421745,71,picked_up,2026-05-08T07:47:18+06:00,True
USR093,01000000093,Demo User 093,PC0000977,sender,2026-05-29T18:06:26+06:00,document,Mohammadpur,23.760914,90.35667,Farmgate,23.766527,90.392409,300,delivered,2026-06-01T10:06:26+06:00,True
USR093,01000000093,Demo User 093,PC0000972,receiver,2026-06-20T14:24:39+06:00,document,Motijheel,23.730153,90.419013,Tejgaon,23.761607,90.394214,311,delivered,2026-06-25T05:24:39+06:00,True
USR093,01000000093,Demo User 093,PC0000981,receiver,2026-07-11T17:10:25+06:00,small_parcel,Bashundhara,23.817694,90.424827,Dhanmondi,23.741644,90.373752,137,delivered,2026-07-16T12:10:25+06:00,True
USR093,01000000093,Demo User 093,PC0000974,sender,2026-07-19T16:08:04+06:00,medium_parcel,Shyamoli,23.779283,90.364181,Badda,23.777958,90.418736,101,returned,2026-07-21T22:08:04+06:00,True
USR094,01000000094,Demo User 094,PC0000992,receiver,2026-02-20T06:11:28+06:00,large_parcel,Shyamoli,23.778346,90.364219,Badda,23.78341,90.430967,319,delivered,2026-02-25T04:11:28+06:00,True
USR094,01000000094,Demo User 094,PC0000993,sender,2026-02-23T12:20:18+06:00,medium_parcel,Tejgaon,23.769947,90.393788,Bashundhara,23.821962,90.432704,85,cancelled,2026-02-24T03:20:18+06:00,True
USR094,01000000094,Demo User 094,PC0000994,sender,2026-02-25T23:20:44+06:00,document,Mohammadpur,23.771628,90.366103,Old Dhaka,23.702771,90.405831,320,delivered,2026-02-27T15:20:44+06:00,True
USR094,01000000094,Demo User 094,PC0000987,sender,2026-03-04T17:57:24+06:00,small_parcel,Bashundhara,23.820094,90.432718,Farmgate,23.761476,90.381768,346,delivered,2026-03-05T02:57:24+06:00,True
USR094,01000000094,Demo User 094,PC0000982,sender,2026-03-05T22:48:16+06:00,document,Bashundhara,23.80761,90.43,Dhanmondi,23.748874,90.370356,240,returned,2026-03-08T10:48:16+06:00,True
USR094,01000000094,Demo User 094,PC0000989,receiver,2026-03-18T15:31:09+06:00,small_parcel,Mohakhali,23.784514,90.39083,Old Dhaka,23.704993,90.402375,300,delivered,2026-03-20T10:31:09+06:00,True
USR094,01000000094,Demo User 094,PC0000988,sender,2026-04-02T09:59:11+06:00,medium_parcel,Pallabi,23.83215,90.359589,Shyamoli,23.770077,90.358208,227,returned,2026-04-05T00:59:11+06:00,True
USR094,01000000094,Demo User 094,PC0000990,receiver,2026-04-22T10:54:17+06:00,large_parcel,Shyamoli,23.781199,90.367698,Gulshan,23.79418,90.413316,228,delivered,2026-04-23T20:54:17+06:00,True
USR094,01000000094,Demo User 094,PC0000983,receiver,2026-04-27T03:54:20+06:00,medium_parcel,Dhanmondi,23.742219,90.380159,Banani,23.788564,90.404731,104,delivered,2026-04-30T13:54:20+06:00,True
USR094,01000000094,Demo User 094,PC0000984,receiver,2026-05-06T01:40:15+06:00,medium_parcel,Badda,23.775532,90.431706,Motijheel,23.738139,90.417256,282,delivered,2026-05-09T06:40:15+06:00,True
USR094,01000000094,Demo User 094,PC0000986,sender,2026-05-06T14:47:56+06:00,large_parcel,Mirpur,23.815452,90.372769,Rampura,23.760359,90.421513,189,returned,2026-05-09T14:47:56+06:00,True
USR094,01000000094,Demo User 094,PC0000985,sender,2026-06-22T02:58:27+06:00,small_parcel,Banani,23.787024,90.409699,Badda,23.772853,90.427179,322,picked_up,2026-06-26T02:58:27+06:00,True
USR094,01000000094,Demo User 094,PC0000991,receiver,2026-07-10T11:07:36+06:00,small_parcel,Badda,23.774259,90.429076,Mirpur,23.81527,90.364458,72,cancelled,2026-07-13T21:07:36+06:00,True
USR095,01000000095,Demo User 095,PC0000997,sender,2026-02-14T01:45:03+06:00,small_parcel,Shyamoli,23.777105,90.359016,Bashundhara,23.817719,90.43191,129,delivered,2026-02-17T03:45:03+06:00,True
USR095,01000000095,Demo User 095,PC0001003,sender,2026-02-15T05:14:08+06:00,document,Mohammadpur,23.770313,90.352326,Badda,23.78365,90.428079,271,returned,2026-02-18T01:14:08+06:00,True
USR095,01000000095,Demo User 095,PC0000999,sender,2026-03-01T17:36:22+06:00,large_parcel,Farmgate,23.762087,90.3866,Old Dhaka,23.711242,90.411091,87,delivered,2026-03-05T16:36:22+06:00,True
USR095,01000000095,Demo User 095,PC0001006,receiver,2026-03-12T18:39:44+06:00,document,Bashundhara,23.807369,90.430669,Rampura,23.763835,90.422449,310,delivered,2026-03-15T18:39:44+06:00,True
USR095,01000000095,Demo User 095,PC0001008,receiver,2026-03-25T00:25:52+06:00,small_parcel,Tejgaon,23.760621,90.391601,Mohammadpur,23.766232,90.3532,141,delivered,2026-03-25T02:25:52+06:00,True
USR095,01000000095,Demo User 095,PC0001000,sender,2026-03-29T03:27:02+06:00,small_parcel,Old Dhaka,23.715527,90.410671,Badda,23.777704,90.419862,71,delivered,2026-04-02T09:27:02+06:00,True
USR095,01000000095,Demo User 095,PC0001001,sender,2026-04-05T10:45:18+06:00,medium_parcel,Mohakhali,23.775758,90.394988,Rampura,23.762804,90.420602,337,delivered,2026-04-08T07:45:18+06:00,True
USR095,01000000095,Demo User 095,PC0001007,receiver,2026-04-18T00:13:21+06:00,large_parcel,Tejgaon,23.766847,90.388621,Bashundhara,23.811142,90.431843,299,cancelled,2026-04-22T23:13:21+06:00,True
USR095,01000000095,Demo User 095,PC0001005,sender,2026-05-13T11:16:11+06:00,document,Bashundhara,23.82076,90.420614,Tejgaon,23.758417,90.387997,123,delivered,2026-05-14T15:16:11+06:00,True
USR095,01000000095,Demo User 095,PC0001009,receiver,2026-05-14T05:38:01+06:00,large_parcel,Pallabi,23.826672,90.363105,Khilgaon,23.746202,90.424659,86,returned,2026-05-14T19:38:01+06:00,True
USR095,01000000095,Demo User 095,PC0000998,receiver,2026-05-17T17:39:23+06:00,large_parcel,Wari,23.72688,90.415413,Uttara,23.879802,90.373684,61,returned,2026-05-22T01:39:23+06:00,True
USR095,01000000095,Demo User 095,PC0001004,receiver,2026-05-25T21:54:22+06:00,large_parcel,Tejgaon,23.767756,90.400522,Pallabi,23.83425,90.365313,172,delivered,2026-05-27T20:54:22+06:00,True
USR095,01000000095,Demo User 095,PC0000995,receiver,2026-07-15T15:02:39+06:00,medium_parcel,Farmgate,23.766788,90.385434,Motijheel,23.727822,90.421668,256,delivered,2026-07-16T21:02:39+06:00,True
USR095,01000000095,Demo User 095,PC0000996,receiver,2026-07-27T18:20:22+06:00,small_parcel,Farmgate,23.765777,90.394908,Motijheel,23.732375,90.424273,87,delivered,2026-08-01T07:20:22+06:00,True
USR095,01000000095,Demo User 095,PC0001002,sender,2026-07-30T00:32:35+06:00,medium_parcel,Motijheel,23.728599,90.424378,Old Dhaka,23.70602,90.408074,313,delivered,2026-08-02T02:32:35+06:00,True
USR096,01000000096,Demo User 096,PC0001010,sender,2026-02-20T06:35:23+06:00,large_parcel,Shyamoli,23.767763,90.37191,Dhanmondi,23.753314,90.371469,66,returned,2026-02-20T19:35:23+06:00,True
USR096,01000000096,Demo User 096,PC0001016,receiver,2026-02-21T14:16:25+06:00,document,Uttara,23.879731,90.371598,Khilgaon,23.744168,90.418242,237,picked_up,2026-02-26T14:16:25+06:00,True
USR096,01000000096,Demo User 096,PC0001015,sender,2026-03-31T17:39:29+06:00,large_parcel,Bashundhara,23.817423,90.432567,Mohakhali,23.781324,90.396719,195,delivered,2026-04-05T08:39:29+06:00,True
USR096,01000000096,Demo User 096,PC0001012,receiver,2026-04-04T02:29:14+06:00,document,Mirpur,23.82999,90.364671,Pallabi,23.835507,90.364905,84,delivered,2026-04-06T20:29:14+06:00,True
USR096,01000000096,Demo User 096,PC0001014,receiver,2026-04-17T07:08:19+06:00,small_parcel,Uttara,23.868634,90.381289,Badda,23.783312,90.422448,159,delivered,2026-04-19T10:08:19+06:00,True
USR096,01000000096,Demo User 096,PC0001018,sender,2026-04-30T01:00:55+06:00,medium_parcel,Shyamoli,23.768848,90.367426,Wari,23.71789,90.412371,76,delivered,2026-05-03T21:00:55+06:00,True
USR096,01000000096,Demo User 096,PC0001017,sender,2026-06-19T08:20:19+06:00,medium_parcel,Tejgaon,23.761627,90.392104,Mohammadpur,23.76721,90.357953,122,in_transit,2026-06-24T05:20:19+06:00,True
USR096,01000000096,Demo User 096,PC0001011,receiver,2026-07-07T21:55:20+06:00,medium_parcel,Pallabi,23.824779,90.369673,Dhanmondi,23.752838,90.373177,324,delivered,2026-07-08T13:55:20+06:00,True
USR096,01000000096,Demo User 096,PC0001013,receiver,2026-07-23T11:39:33+06:00,large_parcel,Badda,23.786799,90.425608,Dhanmondi,23.741197,90.37171,340,returned,2026-07-27T08:39:33+06:00,True
USR097,01000000097,Demo User 097,PC0001025,receiver,2026-02-24T19:22:02+06:00,document,Wari,23.711648,90.416364,Rampura,23.753147,90.416806,204,delivered,2026-02-25T18:22:02+06:00,True
USR097,01000000097,Demo User 097,PC0001019,sender,2026-03-06T08:52:12+06:00,small_parcel,Motijheel,23.73672,90.412403,Old Dhaka,23.702921,90.413698,325,in_transit,2026-03-10T19:52:12+06:00,True
USR097,01000000097,Demo User 097,PC0001021,sender,2026-03-17T17:38:15+06:00,medium_parcel,Uttara,23.880344,90.380088,Mirpur,23.82017,90.370062,204,delivered,2026-03-19T15:38:15+06:00,True
USR097,01000000097,Demo User 097,PC0001024,sender,2026-04-01T08:15:59+06:00,medium_parcel,Badda,23.780222,90.427145,Mirpur,23.826763,90.361302,103,cancelled,2026-04-03T15:15:59+06:00,True
USR097,01000000097,Demo User 097,PC0001023,sender,2026-04-25T08:09:42+06:00,document,Shyamoli,23.774493,90.371835,Bashundhara,23.80907,90.418168,224,delivered,2026-04-25T20:09:42+06:00,True
USR097,01000000097,Demo User 097,PC0001026,receiver,2026-05-13T03:06:42+06:00,small_parcel,Dhanmondi,23.740532,90.378169,Badda,23.778178,90.428832,286,returned,2026-05-15T19:06:42+06:00,True
USR097,01000000097,Demo User 097,PC0001020,sender,2026-05-16T22:28:31+06:00,large_parcel,Tejgaon,23.762085,90.390915,Dhanmondi,23.743481,90.382814,298,delivered,2026-05-20T15:28:31+06:00,True
USR097,01000000097,Demo User 097,PC0001022,receiver,2026-06-18T07:05:45+06:00,large_parcel,Wari,23.719135,90.414461,Uttara,23.883349,90.373789,152,delivered,2026-06-20T12:05:45+06:00,True
USR098,01000000098,Demo User 098,PC0001032,receiver,2026-02-13T23:36:05+06:00,document,Rampura,23.753342,90.417448,Mohakhali,23.786804,90.393596,174,delivered,2026-02-14T02:36:05+06:00,True
USR098,01000000098,Demo User 098,PC0001037,receiver,2026-02-15T12:20:56+06:00,small_parcel,Old Dhaka,23.708628,90.401316,Khilgaon,23.757344,90.417444,267,delivered,2026-02-18T23:20:56+06:00,True
USR098,01000000098,Demo User 098,PC0001034,receiver,2026-02-28T10:24:40+06:00,document,Wari,23.716276,90.418671,Old Dhaka,23.712381,90.41376,285,returned,2026-03-02T18:24:40+06:00,True
USR098,01000000098,Demo User 098,PC0001028,receiver,2026-03-13T11:27:00+06:00,small_parcel,Shyamoli,23.77238,90.364079,Mirpur,23.823548,90.360545,108,delivered,2026-03-14T19:27:00+06:00,True
USR098,01000000098,Demo User 098,PC0001035,sender,2026-03-19T22:04:12+06:00,document,Mohakhali,23.773828,90.393428,Mohammadpur,23.760126,90.362972,179,delivered,2026-03-23T14:04:12+06:00,True
USR098,01000000098,Demo User 098,PC0001036,receiver,2026-04-21T12:33:50+06:00,document,Tejgaon,23.76169,90.397964,Mirpur,23.823316,90.365957,119,returned,2026-04-25T00:33:50+06:00,True
USR098,01000000098,Demo User 098,PC0001033,receiver,2026-05-13T19:51:34+06:00,small_parcel,Wari,23.71817,90.419395,Farmgate,23.762792,90.384207,172,delivered,2026-05-14T06:51:34+06:00,True
USR098,01000000098,Demo User 098,PC0001030,receiver,2026-05-14T03:22:13+06:00,large_parcel,Bashundhara,23.812305,90.43185,Rampura,23.764592,90.42243,331,in_transit,2026-05-16T00:22:13+06:00,True
USR098,01000000098,Demo User 098,PC0001031,receiver,2026-07-07T03:02:40+06:00,medium_parcel,Motijheel,23.73767,90.423952,Rampura,23.759098,90.425338,112,delivered,2026-07-07T21:02:40+06:00,True
USR098,01000000098,Demo User 098,PC0001029,receiver,2026-07-19T00:04:33+06:00,document,Motijheel,23.731529,90.422579,Wari,23.718676,90.414606,200,returned,2026-07-23T21:04:33+06:00,True
USR098,01000000098,Demo User 098,PC0001027,receiver,2026-07-28T23:17:53+06:00,document,Badda,23.781289,90.427557,Mohammadpur,23.769343,90.360952,261,delivered,2026-08-02T12:17:53+06:00,True
USR099,01000000099,Demo User 099,PC0001040,receiver,2026-02-18T19:14:16+06:00,document,Mirpur,23.817856,90.360683,Badda,23.785206,90.430702,85,returned,2026-02-19T09:14:16+06:00,True
USR099,01000000099,Demo User 099,PC0001039,receiver,2026-02-19T13:11:20+06:00,document,Old Dhaka,23.717943,90.40686,Rampura,23.758775,90.41639,307,delivered,2026-02-19T17:11:20+06:00,True
USR099,01000000099,Demo User 099,PC0001044,sender,2026-02-20T05:22:50+06:00,document,Wari,23.725046,90.425085,Banani,23.797597,90.403532,331,cancelled,2026-02-23T05:22:50+06:00,True
USR099,01000000099,Demo User 099,PC0001042,sender,2026-04-28T19:58:20+06:00,medium_parcel,Wari,23.717608,90.42268,Tejgaon,23.760032,90.395349,258,picked_up,2026-05-02T12:58:20+06:00,True
USR099,01000000099,Demo User 099,PC0001041,receiver,2026-06-12T01:33:51+06:00,small_parcel,Dhanmondi,23.740967,90.38105,Gulshan,23.796314,90.40323,151,delivered,2026-06-15T18:33:51+06:00,True
USR099,01000000099,Demo User 099,PC0001043,sender,2026-07-28T11:03:15+06:00,document,Pallabi,23.820632,90.3679,Tejgaon,23.759421,90.38922,346,delivered,2026-08-02T09:03:15+06:00,True
USR099,01000000099,Demo User 099,PC0001038,receiver,2026-08-08T07:16:47+06:00,document,Bashundhara,23.808758,90.432901,Pallabi,23.831421,90.366864,275,picked_up,2026-08-08T09:16:47+06:00,True
USR100,01000000100,Demo User 100,PC0001046,sender,2026-02-19T14:17:51+06:00,small_parcel,Banani,23.795597,90.401403,Pallabi,23.831141,90.364092,316,delivered,2026-02-21T23:17:51+06:00,True
USR100,01000000100,Demo User 100,PC0001055,sender,2026-03-18T11:50:07+06:00,large_parcel,Khilgaon,23.750367,90.426123,Bashundhara,23.807251,90.423136,341,delivered,2026-03-20T21:50:07+06:00,True
USR100,01000000100,Demo User 100,PC0001052,sender,2026-03-22T09:04:47+06:00,large_parcel,Old Dhaka,23.715151,90.413382,Uttara,23.878121,90.379569,317,delivered,2026-03-25T10:04:47+06:00,True
USR100,01000000100,Demo User 100,PC0001058,receiver,2026-03-22T18:33:24+06:00,medium_parcel,Pallabi,23.823284,90.371496,Mirpur,23.829478,90.359029,279,delivered,2026-03-24T10:33:24+06:00,True
USR100,01000000100,Demo User 100,PC0001048,receiver,2026-04-03T11:24:44+06:00,small_parcel,Banani,23.799562,90.412255,Gulshan,23.796438,90.399815,317,delivered,2026-04-05T07:24:44+06:00,True
USR100,01000000100,Demo User 100,PC0001054,receiver,2026-05-02T05:13:27+06:00,medium_parcel,Motijheel,23.7354,90.421648,Mirpur,23.825099,90.364549,196,delivered,2026-05-04T16:13:27+06:00,True
USR100,01000000100,Demo User 100,PC0001057,receiver,2026-05-17T12:17:07+06:00,medium_parcel,Khilgaon,23.75298,90.432157,Farmgate,23.760146,90.388963,333,delivered,2026-05-21T10:17:07+06:00,True
USR100,01000000100,Demo User 100,PC0001047,sender,2026-06-11T15:40:42+06:00,small_parcel,Bashundhara,23.815098,90.428141,Farmgate,23.751983,90.38401,332,returned,2026-06-14T10:40:42+06:00,True
USR100,01000000100,Demo User 100,PC0001056,sender,2026-07-01T02:41:20+06:00,large_parcel,Mirpur,23.827011,90.367194,Pallabi,23.820221,90.363404,100,delivered,2026-07-04T06:41:20+06:00,True
USR100,01000000100,Demo User 100,PC0001045,receiver,2026-07-03T18:34:03+06:00,small_parcel,Mirpur,23.825556,90.359414,Rampura,23.761805,90.420609,74,delivered,2026-07-04T20:34:03+06:00,True
USR100,01000000100,Demo User 100,PC0001051,sender,2026-07-04T18:07:05+06:00,medium_parcel,Pallabi,23.833109,90.371795,Shyamoli,23.777106,90.358984,306,delivered,2026-07-07T13:07:05+06:00,True
USR100,01000000100,Demo User 100,PC0001049,receiver,2026-07-16T19:37:22+06:00,medium_parcel,Pallabi,23.830464,90.361446,Mirpur,23.825498,90.364831,234,cancelled,2026-07-18T04:37:22+06:00,True
USR100,01000000100,Demo User 100,PC0001053,receiver,2026-08-09T11:20:49+06:00,small_parcel,Uttara,23.87643,90.37159,Banani,23.798647,90.399988,91,delivered,2026-08-09T17:20:49+06:00,True
USR100,01000000100,Demo User 100,PC0001050,receiver,2026-08-09T20:36:31+06:00,document,Banani,23.799502,90.414544,Bashundhara,23.815252,90.425769,228,delivered,2026-08-09T23:59:59+06:00,True
