index,user_id,phone,customer_name,trip_id,request_time,vehicle_type,pickup_area,pickup_lat,pickup_lon,dropoff_area,dropoff_lat,dropoff_lon,distance_km,duration_min,fare_bdt,trip_status,source_updated_at,synthetic,provider_name,rider_id,rider_name,rider_phone,rider_role,rider_vehicle_type,rider_vehicle_number,rider_joined_at,rider_rating,rider_status,rider_primary_area,rider_dataset_activity_count,rider_dataset_completed_count,rider_total_completed_activities,rider_first_activity_at,rider_last_activity_at
0,USR001,+8801584323851,Sanjida Khan,PTH-RIDE-0000001,2026-03-17T14:23:58+06:00,Car,Shyamoli,23.772142,90.357597,Mohammadpur,23.771343,90.364329,22.31,34,846,completed,2026-03-17T15:22:58+06:00,True,Pathao,PTH-DRV-009,Shakil Mahmud,8801713605120,driver,Car,Dhaka-Metro-GA-18-9142,2026-02-13,4.51,active,Wari,51,33,1315,2026-02-13T19:17:45+06:00,2026-08-09T23:46:24+06:00
1,USR001,+8801584323851,Sanjida Khan,PTH-RIDE-0000002,2026-02-11T19:34:53+06:00,Bike,Mirpur,23.823606,90.37196,Rampura,23.764865,90.42229,18.82,27,421,completed,2026-02-11T20:04:53+06:00,True,Pathao,PTH-DRV-006,Sohel Mia,8801413282469,driver,Bike,Dhaka-Metro-LA-42-7072,2023-11-20,4.46,active,Bashundhara,56,39,678,2026-02-11T19:34:53+06:00,2026-07-27T18:56:51+06:00
2,USR001,+8801584323851,Sanjida Khan,PTH-RIDE-0000003,2026-03-23T10:51:41+06:00,Car,Pallabi,23.833029,90.362351,Tejgaon,23.766411,90.385503,8.29,9,387,completed,2026-03-23T11:06:41+06:00,True,Pathao,PTH-DRV-014,Mehedi Hossain,8801466938163,driver,Car,Dhaka-Metro-GA-57-3382,2023-09-28,4.50,active,Farmgate,49,31,1649,2026-02-11T05:29:19+06:00,2026-08-07T22:28:04+06:00
3,USR001,+8801584323851,Sanjida Khan,PTH-RIDE-0000004,2026-03-19T19:34:54+06:00,Premium Car,Tejgaon,23.771242,90.389917,Motijheel,23.733686,90.412823,14.93,51,689,cancelled_by_user,2026-03-19T20:37:54+06:00,True,Pathao,PTH-DRV-017,Rubel Hossain,8801596800093,driver,Premium Car,Dhaka-Metro-GA-59-1389,2023-10-30,4.39,active,Dhanmondi,43,24,856,2026-02-13T21:12:16+06:00,2026-07-24T19:50:49+06:00
4,USR001,+8801584323851,Sanjida Khan,PTH-RIDE-0000005,2026-07-11T09:00:05+06:00,Premium Car,Badda,23.787275,90.433295,Mohakhali,23.770074,90.400763,4.47,57,392,completed,2026-07-11T10:19:05+06:00,True,Pathao,PTH-DRV-023,Al Amin Khan,8801354736696,driver,Premium Car,Dhaka-Metro-GA-39-9114,2023-07-25,4.89,active,Mohammadpur,44,34,437,2026-02-24T14:00:15+06:00,2026-08-10T04:16:51+06:00
5,USR001,+8801584323851,Sanjida Khan,PTH-RIDE-0000006,2026-03-05T22:23:11+06:00,Bike,Tejgaon,23.760848,90.386742,Rampura,23.765447,90.413693,15.61,78,309,completed,2026-03-06T00:06:11+06:00,True,Pathao,PTH-DRV-001,Nayeem Sarker,8801967036821,driver,Bike,Dhaka-Metro-LA-50-6184,2025-12-26,4.94,active,Tejgaon,58,41,819,2026-02-10T15:17:23+06:00,2026-08-09T07:35:51+06:00
6,USR001,+8801584323851,Sanjida Khan,PTH-RIDE-0000007,2026-06-22T15:46:04+06:00,Car,Motijheel,23.729835,90.418062,Rampura,23.754337,90.423314,8.48,75,350,completed,2026-06-22T17:09:04+06:00,True,Pathao,PTH-DRV-012,Sakib Mahmud,8801701651316,driver,Car,Dhaka-Metro-GA-26-4203,2025-11-08,4.74,active,Bashundhara,50,31,1374,2026-02-18T14:40:42+06:00,2026-08-10T20:12:47+06:00
7,USR001,+8801584323851,Sanjida Khan,PTH-RIDE-0000008,2026-05-07T15:16:02+06:00,Premium Car,Gulshan,23.796847,90.398986,Mohammadpur,23.768463,90.359713,20.27,15,892,completed,2026-05-07T15:49:02+06:00,True,Pathao,PTH-DRV-019,Tanvir Hossain,8801568844033,driver,Premium Car,Dhaka-Metro-GA-43-7960,2024-08-01,4.63,active,Gulshan,60,39,678,2026-02-13T02:57:39+06:00,2026-08-10T06:23:33+06:00
8,USR001,+8801584323851,Sanjida Khan,PTH-RIDE-0000009,2026-08-03T15:59:48+06:00,Premium Car,Badda,23.775643,90.428655,Mohammadpur,23.767082,90.353973,21.76,18,1040,completed,2026-08-03T16:29:48+06:00,True,Pathao,PTH-DRV-021,Shuvo Chowdhury,8801396729644,driver,Premium Car,Dhaka-Metro-GA-18-5728,2024-05-09,4.49,active,Mirpur,61,41,785,2026-02-10T13:58:31+06:00,2026-08-07T01:44:36+06:00
9,USR001,+8801584323851,Sanjida Khan,PTH-RIDE-0000010,2026-04-23T19:05:12+06:00,Bike,Uttara,23.882629,90.384841,Gulshan,23.785738,90.401086,5.99,50,236,completed,2026-04-23T20:12:12+06:00,True,Pathao,PTH-DRV-002,Sabbir Ali,8801715535227,driver,Bike,Dhaka-Metro-LA-43-4404,2024-01-15,4.70,active,Uttara,47,34,1379,2026-02-14T01:39:55+06:00,2026-08-09T11:23:20+06:00
10,USR001,+8801584323851,Sanjida Khan,PTH-RIDE-0000011,2026-05-19T18:24:47+06:00,Bike,Uttara,23.883685,90.371733,Motijheel,23.724608,90.422518,3.0,66,99,completed,2026-05-19T19:40:47+06:00,True,Pathao,PTH-DRV-002,Sabbir Ali,8801715535227,driver,Bike,Dhaka-Metro-LA-43-4404,2024-01-15,4.70,active,Uttara,47,34,1379,2026-02-14T01:39:55+06:00,2026-08-09T11:23:20+06:00
11,USR001,+8801584323851,Sanjida Khan,PTH-RIDE-0000012,2026-07-15T06:54:12+06:00,Car,Gulshan,23.796754,90.405332,Pallabi,23.823609,90.361057,10.3,47,432,completed,2026-07-15T07:46:12+06:00,True,Pathao,PTH-DRV-015,Sumon Ahmed,8801592246260,driver,Car,Dhaka-Metro-GA-47-2377,2024-09-19,4.91,temporarily_inactive,Gulshan,51,33,344,2026-02-20T06:37:41+06:00,2026-08-08T17:20:03+06:00
12,USR001,+8801584323851,Sanjida Khan,PTH-RIDE-0000013,2026-07-09T05:34:16+06:00,Car,Banani,23.788457,90.399905,Bashundhara,23.817834,90.421694,3.32,45,186,completed,2026-07-09T06:36:16+06:00,True,Pathao,PTH-DRV-011,Mamun Khan,8801426550582,driver,Car,Dhaka-Metro-GA-36-9704,2025-07-14,4.26,active,Banani,45,31,1368,2026-02-20T14:11:58+06:00,2026-08-06T12:43:24+06:00
13,USR001,+8801584323851,Sanjida Khan,PTH-RIDE-0000014,2026-02-26T06:37:11+06:00,Bike,Badda,23.784141,90.421971,Mohammadpur,23.775682,90.354681,20.93,75,419,cancelled_by_rider,2026-02-26T07:54:11+06:00,True,Pathao,PTH-DRV-004,Noman Islam,8801433479792,driver,Bike,Dhaka-Metro-LA-16-4147,2024-04-07,4.84,active,Badda,45,26,1163,2026-02-10T19:35:38+06:00,2026-08-06T22:59:51+06:00
14,USR001,+8801584323851,Sanjida Khan,PTH-RIDE-0000015,2026-04-30T13:26:01+06:00,Premium Car,Mohakhali,23.784823,90.398409,Rampura,23.769223,90.426045,20.84,45,991,completed,2026-04-30T14:29:01+06:00,True,Pathao,PTH-DRV-022,Rony Ahmed,8801406140466,driver,Premium Car,Dhaka-Metro-GA-14-3862,2024-03-08,4.36,active,Mohakhali,49,32,280,2026-02-19T05:07:42+06:00,2026-08-10T16:43:15+06:00
15,USR002,+8801757183416,Rakib Jahan,PTH-RIDE-0000016,2026-07-20T11:52:35+06:00,Bike,Khilgaon,23.744711,90.42108,Pallabi,23.832679,90.357721,15.36,74,359,completed,2026-07-20T13:22:35+06:00,True,Pathao,PTH-DRV-003,Emon Mollah,8801458656775,driver,Bike,Dhaka-Metro-LA-44-1806,2025-05-16,4.33,active,Wari,47,33,1457,2026-02-15T14:20:09+06:00,2026-08-05T18:34:40+06:00
16,USR002,+8801757183416,Rakib Jahan,PTH-RIDE-0000017,2026-06-23T01:00:07+06:00,Car,Banani,23.794402,90.403307,Dhanmondi,23.749681,90.38393,13.47,71,540,completed,2026-06-23T02:36:07+06:00,True,Pathao,PTH-DRV-011,Mamun Khan,8801426550582,driver,Car,Dhaka-Metro-GA-36-9704,2025-07-14,4.26,active,Banani,45,31,1368,2026-02-20T14:11:58+06:00,2026-08-06T12:43:24+06:00
17,USR002,+8801757183416,Rakib Jahan,PTH-RIDE-0000018,2026-05-23T03:18:19+06:00,Bike,Khilgaon,23.752466,90.427238,Rampura,23.767315,90.417891,13.9,39,279,cancelled_by_rider,2026-05-23T04:10:19+06:00,True,Pathao,PTH-DRV-002,Sabbir Ali,8801715535227,driver,Bike,Dhaka-Metro-LA-43-4404,2024-01-15,4.70,active,Uttara,47,34,1379,2026-02-14T01:39:55+06:00,2026-08-09T11:23:20+06:00
18,USR002,+8801757183416,Rakib Jahan,PTH-RIDE-0000019,2026-03-21T08:49:09+06:00,Car,Pallabi,23.822766,90.365358,Tejgaon,23.758881,90.388722,8.89,33,442,completed,2026-03-21T09:32:09+06:00,True,Pathao,PTH-DRV-012,Sakib Mahmud,8801701651316,driver,Car,Dhaka-Metro-GA-26-4203,2025-11-08,4.74,active,Bashundhara,50,31,1374,2026-02-18T14:40:42+06:00,2026-08-10T20:12:47+06:00
19,USR002,+8801757183416,Rakib Jahan,PTH-RIDE-0000020,2026-03-23T15:06:43+06:00,Premium Car,Banani,23.797792,90.407681,Gulshan,23.787445,90.407109,18.14,80,833,cancelled_by_user,2026-03-23T16:47:43+06:00,True,Pathao,PTH-DRV-022,Rony Ahmed,8801406140466,driver,Premium Car,Dhaka-Metro-GA-14-3862,2024-03-08,4.36,active,Mohakhali,49,32,280,2026-02-19T05:07:42+06:00,2026-08-10T16:43:15+06:00
20,USR002,+8801757183416,Rakib Jahan,PTH-RIDE-0000021,2026-05-28T03:50:07+06:00,Premium Car,Mirpur,23.823316,90.373809,Farmgate,23.751214,90.393047,15.51,46,781,completed,2026-05-28T04:46:07+06:00,True,Pathao,PTH-DRV-021,Shuvo Chowdhury,8801396729644,driver,Premium Car,Dhaka-Metro-GA-18-5728,2024-05-09,4.49,active,Mirpur,61,41,785,2026-02-10T13:58:31+06:00,2026-08-07T01:44:36+06:00
21,USR002,+8801757183416,Rakib Jahan,PTH-RIDE-0000022,2026-05-13T23:52:30+06:00,Premium Car,Gulshan,23.78449,90.407252,Motijheel,23.729542,90.416055,5.2,76,418,completed,2026-05-14T01:19:30+06:00,True,Pathao,PTH-DRV-019,Tanvir Hossain,8801568844033,driver,Premium Car,Dhaka-Metro-GA-43-7960,2024-08-01,4.63,active,Gulshan,60,39,678,2026-02-13T02:57:39+06:00,2026-08-10T06:23:33+06:00
22,USR002,+8801757183416,Rakib Jahan,PTH-RIDE-0000023,2026-02-19T05:07:42+06:00,Premium Car,Mohakhali,23.783152,90.398994,Bashundhara,23.822522,90.41667,9.42,65,576,completed,2026-02-19T06:23:42+06:00,True,Pathao,PTH-DRV-022,Rony Ahmed,8801406140466,driver,Premium Car,Dhaka-Metro-GA-14-3862,2024-03-08,4.36,active,Mohakhali,49,32,280,2026-02-19T05:07:42+06:00,2026-08-10T16:43:15+06:00
23,USR002,+8801757183416,Rakib Jahan,PTH-RIDE-0000024,2026-03-01T06:08:48+06:00,Car,Bashundhara,23.814486,90.422794,Mohammadpur,23.7675,90.358085,23.73,73,862,completed,2026-03-01T07:34:48+06:00,True,Pathao,PTH-DRV-012,Sakib Mahmud,8801701651316,driver,Car,Dhaka-Metro-GA-26-4203,2025-11-08,4.74,active,Bashundhara,50,31,1374,2026-02-18T14:40:42+06:00,2026-08-10T20:12:47+06:00
24,USR002,+8801757183416,Rakib Jahan,PTH-RIDE-0000025,2026-04-27T14:36:17+06:00,Bike,Uttara,23.873085,90.377115,Mohammadpur,23.77192,90.365433,1.91,57,60,completed,2026-04-27T15:49:17+06:00,True,Pathao,PTH-DRV-002,Sabbir Ali,8801715535227,driver,Bike,Dhaka-Metro-LA-43-4404,2024-01-15,4.70,active,Uttara,47,34,1379,2026-02-14T01:39:55+06:00,2026-08-09T11:23:20+06:00
25,USR002,+8801757183416,Rakib Jahan,PTH-RIDE-0000026,2026-04-18T06:38:02+06:00,Premium Car,Shyamoli,23.766132,90.363725,Badda,23.778178,90.430763,15.07,15,751,completed,2026-04-18T06:57:02+06:00,True,Pathao,PTH-DRV-019,Tanvir Hossain,8801568844033,driver,Premium Car,Dhaka-Metro-GA-43-7960,2024-08-01,4.63,active,Gulshan,60,39,678,2026-02-13T02:57:39+06:00,2026-08-10T06:23:33+06:00
26,USR002,+8801757183416,Rakib Jahan,PTH-RIDE-0000027,2026-07-24T20:38:17+06:00,Car,Wari,23.727196,90.412653,Mohakhali,23.771642,90.390877,16.91,45,625,completed,2026-07-24T21:25:17+06:00,True,Pathao,PTH-DRV-009,Shakil Mahmud,8801713605120,driver,Car,Dhaka-Metro-GA-18-9142,2026-02-13,4.51,active,Wari,51,33,1315,2026-02-13T19:17:45+06:00,2026-08-09T23:46:24+06:00
27,USR003,+8801354621115,Tania Islam,PTH-RIDE-0000028,2026-03-13T07:47:53+06:00,Car,Mohakhali,23.772291,90.39728,Farmgate,23.759334,90.392911,5.63,67,293,completed,2026-03-13T09:06:53+06:00,True,Pathao,PTH-DRV-010,Zahid Chowdhury,8801738695856,driver,Car,Dhaka-Metro-GA-12-2328,2024-05-16,4.86,active,Badda,44,28,403,2026-02-10T07:45:59+06:00,2026-08-10T20:38:42+06:00
28,USR003,+8801354621115,Tania Islam,PTH-RIDE-0000029,2026-05-28T01:13:51+06:00,Bike,Rampura,23.752998,90.416145,Motijheel,23.736712,90.410776,8.65,65,217,completed,2026-05-28T02:29:51+06:00,True,Pathao,PTH-DRV-006,Sohel Mia,8801413282469,driver,Bike,Dhaka-Metro-LA-42-7072,2023-11-20,4.46,active,Bashundhara,56,39,678,2026-02-11T19:34:53+06:00,2026-07-27T18:56:51+06:00
29,USR003,+8801354621115,Tania Islam,PTH-RIDE-0000030,2026-05-07T09:57:45+06:00,Car,Tejgaon,23.769607,90.387922,Farmgate,23.75597,90.380972,24.63,34,881,cancelled_by_user,2026-05-07T10:54:45+06:00,True,Pathao,PTH-DRV-009,Shakil Mahmud,8801713605120,driver,Car,Dhaka-Metro-GA-18-9142,2026-02-13,4.51,active,Wari,51,33,1315,2026-02-13T19:17:45+06:00,2026-08-09T23:46:24+06:00
30,USR003,+8801354621115,Tania Islam,PTH-RIDE-0000031,2026-02-20T06:37:41+06:00,Car,Mirpur,23.823667,90.361217,Shyamoli,23.780745,90.360024,1.78,30,181,completed,2026-02-20T07:27:41+06:00,True,Pathao,PTH-DRV-015,Sumon Ahmed,8801592246260,driver,Car,Dhaka-Metro-GA-47-2377,2024-09-19,4.91,temporarily_inactive,Gulshan,51,33,344,2026-02-20T06:37:41+06:00,2026-08-08T17:20:03+06:00
31,USR003,+8801354621115,Tania Islam,PTH-RIDE-0000032,2026-06-14T19:03:42+06:00,Premium Car,Old Dhaka,23.708106,90.407852,Mohammadpur,23.763994,90.357171,9.47,70,564,completed,2026-06-14T20:38:42+06:00,True,Pathao,PTH-DRV-019,Tanvir Hossain,8801568844033,driver,Premium Car,Dhaka-Metro-GA-43-7960,2024-08-01,4.63,active,Gulshan,60,39,678,2026-02-13T02:57:39+06:00,2026-08-10T06:23:33+06:00
32,USR003,+8801354621115,Tania Islam,PTH-RIDE-0000033,2026-08-02T20:56:10+06:00,Bike,Uttara,23.874384,90.381661,Pallabi,23.829792,90.36338,12.44,8,274,cancelled_by_rider,2026-08-02T21:20:10+06:00,True,Pathao,PTH-DRV-002,Sabbir Ali,8801715535227,driver,Bike,Dhaka-Metro-LA-43-4404,2024-01-15,4.70,active,Uttara,47,34,1379,2026-02-14T01:39:55+06:00,2026-08-09T11:23:20+06:00
33,USR003,+8801354621115,Tania Islam,PTH-RIDE-0000034,2026-06-12T19:56:00+06:00,Bike,Motijheel,23.729462,90.423598,Tejgaon,23.757463,90.394953,14.13,36,333,completed,2026-06-12T20:51:00+06:00,True,Pathao,PTH-DRV-002,Sabbir Ali,8801715535227,driver,Bike,Dhaka-Metro-LA-43-4404,2024-01-15,4.70,active,Uttara,47,34,1379,2026-02-14T01:39:55+06:00,2026-08-09T11:23:20+06:00
34,USR003,+8801354621115,Tania Islam,PTH-RIDE-0000035,2026-06-16T00:48:21+06:00,Bike,Mohakhali,23.771806,90.39895,Banani,23.788397,90.412302,12.43,41,325,completed,2026-06-16T01:53:21+06:00,True,Pathao,PTH-DRV-002,Sabbir Ali,8801715535227,driver,Bike,Dhaka-Metro-LA-43-4404,2024-01-15,4.70,active,Uttara,47,34,1379,2026-02-14T01:39:55+06:00,2026-08-09T11:23:20+06:00
35,USR003,+8801354621115,Tania Islam,PTH-RIDE-0000036,2026-07-21T19:43:31+06:00,Premium Car,Farmgate,23.751399,90.396684,Old Dhaka,23.715033,90.402291,16.41,42,799,completed,2026-07-21T20:30:31+06:00,True,Pathao,PTH-DRV-018,Riyad Khan,8801895144376,driver,Premium Car,Dhaka-Metro-GA-42-9702,2025-06-18,4.52,active,Farmgate,48,32,1798,2026-03-16T13:11:54+06:00,2026-08-10T14:18:39+06:00
36,USR003,+8801354621115,Tania Islam,PTH-RIDE-0000037,2026-04-23T04:50:21+06:00,Bike,Uttara,23.879938,90.381738,Mohammadpur,23.761976,90.350247,8.8,9,241,completed,2026-04-23T05:06:21+06:00,True,Pathao,PTH-DRV-002,Sabbir Ali,8801715535227,driver,Bike,Dhaka-Metro-LA-43-4404,2024-01-15,4.70,active,Uttara,47,34,1379,2026-02-14T01:39:55+06:00,2026-08-09T11:23:20+06:00
37,USR003,+8801354621115,Tania Islam,PTH-RIDE-0000038,2026-05-27T23:29:29+06:00,Premium Car,Gulshan,23.791937,90.398898,Dhanmondi,23.752861,90.371669,21.14,37,995,completed,2026-05-28T00:26:29+06:00,True,Pathao,PTH-DRV-019,Tanvir Hossain,8801568844033,driver,Premium Car,Dhaka-Metro-GA-43-7960,2024-08-01,4.63,active,Gulshan,60,39,678,2026-02-13T02:57:39+06:00,2026-08-10T06:23:33+06:00
38,USR003,+8801354621115,Tania Islam,PTH-RIDE-0000039,2026-04-26T13:23:06+06:00,Car,Shyamoli,23.781995,90.367388,Tejgaon,23.758477,90.385931,8.08,50,432,cancelled_by_user,2026-04-26T14:37:06+06:00,True,Pathao,PTH-DRV-010,Zahid Chowdhury,8801738695856,driver,Car,Dhaka-Metro-GA-12-2328,2024-05-16,4.86,active,Badda,44,28,403,2026-02-10T07:45:59+06:00,2026-08-10T20:38:42+06:00
39,USR003,+8801354621115,Tania Islam,PTH-RIDE-0000040,2026-06-04T10:56:31+06:00,Car,Tejgaon,23.758064,90.394064,Badda,23.787848,90.43117,20.85,16,797,completed,2026-06-04T11:26:31+06:00,True,Pathao,PTH-DRV-009,Shakil Mahmud,8801713605120,driver,Car,Dhaka-Metro-GA-18-9142,2026-02-13,4.51,active,Wari,51,33,1315,2026-02-13T19:17:45+06:00,2026-08-09T23:46:24+06:00
40,USR004,+8801569374252,Mim Rahman,PTH-RIDE-0000041,2026-02-12T21:20:28+06:00,Car,Motijheel,23.727899,90.42617,Badda,23.773397,90.426049,23.52,9,870,cancelled_by_user,2026-02-12T21:37:28+06:00,True,Pathao,PTH-DRV-013,Noman Sheikh,8801702482414,driver,Car,Dhaka-Metro-GA-32-1635,2024-02-24,4.40,active,Dhanmondi,57,37,919,2026-02-12T18:33:16+06:00,2026-08-07T07:51:54+06:00
41,USR004,+8801569374252,Mim Rahman,PTH-RIDE-0000042,2026-06-14T21:32:53+06:00,Bike,Banani,23.795144,90.403973,Shyamoli,23.767963,90.364469,10.7,8,309,completed,2026-06-14T22:05:53+06:00,True,Pathao,PTH-DRV-005,Mizan Hasan,8801356392834,driver,Bike,Dhaka-Metro-LA-18-8731,2023-05-02,4.42,active,Banani,52,34,1623,2026-02-15T11:45:22+06:00,2026-08-04T01:29:10+06:00
42,USR004,+8801569374252,Mim Rahman,PTH-RIDE-0000043,2026-02-27T08:34:34+06:00,Bike,Mirpur,23.821291,90.365314,Motijheel,23.727978,90.422936,17.46,38,377,cancelled_by_user,2026-02-27T09:29:34+06:00,True,Pathao,PTH-DRV-008,Al Amin Sarker,8801690558459,driver,Bike,Dhaka-Metro-LA-55-6224,2023-03-18,4.43,active,Farmgate,41,26,1395,2026-02-12T12:34:17+06:00,2026-08-07T03:04:20+06:00
43,USR004,+8801569374252,Mim Rahman,PTH-RIDE-0000044,2026-05-11T22:46:48+06:00,Bike,Farmgate,23.761457,90.380876,Khilgaon,23.749215,90.430871,18.77,64,461,completed,2026-05-12T00:14:48+06:00,True,Pathao,PTH-DRV-008,Al Amin Sarker,8801690558459,driver,Bike,Dhaka-Metro-LA-55-6224,2023-03-18,4.43,active,Farmgate,41,26,1395,2026-02-12T12:34:17+06:00,2026-08-07T03:04:20+06:00
44,USR004,+8801569374252,Mim Rahman,PTH-RIDE-0000045,2026-06-02T00:32:42+06:00,Bike,Mohammadpur,23.777336,90.354075,Mirpur,23.827976,90.36054,13.64,62,316,completed,2026-06-02T01:43:42+06:00,True,Pathao,PTH-DRV-005,Mizan Hasan,8801356392834,driver,Bike,Dhaka-Metro-LA-18-8731,2023-05-02,4.42,active,Banani,52,34,1623,2026-02-15T11:45:22+06:00,2026-08-04T01:29:10+06:00
45,USR004,+8801569374252,Mim Rahman,PTH-RIDE-0000046,2026-02-28T03:59:45+06:00,Bike,Bashundhara,23.816434,90.428039,Uttara,23.87477,90.385075,17.87,47,409,cancelled_by_user,2026-02-28T05:00:45+06:00,True,Pathao,PTH-DRV-006,Sohel Mia,8801413282469,driver,Bike,Dhaka-Metro-LA-42-7072,2023-11-20,4.46,active,Bashundhara,56,39,678,2026-02-11T19:34:53+06:00,2026-07-27T18:56:51+06:00
46,USR004,+8801569374252,Mim Rahman,PTH-RIDE-0000047,2026-02-17T07:27:13+06:00,Premium Car,Dhanmondi,23.745617,90.381792,Rampura,23.769101,90.418435,11.72,67,655,cancelled_by_user,2026-02-17T08:56:13+06:00,True,Pathao,PTH-DRV-017,Rubel Hossain,8801596800093,driver,Premium Car,Dhaka-Metro-GA-59-1389,2023-10-30,4.39,active,Dhanmondi,43,24,856,2026-02-13T21:12:16+06:00,2026-07-24T19:50:49+06:00
47,USR004,+8801569374252,Mim Rahman,PTH-RIDE-0000048,2026-06-21T10:33:43+06:00,Car,Tejgaon,23.770702,90.394071,Banani,23.796758,90.401041,2.38,22,210,completed,2026-06-21T11:16:43+06:00,True,Pathao,PTH-DRV-015,Sumon Ahmed,8801592246260,driver,Car,Dhaka-Metro-GA-47-2377,2024-09-19,4.91,temporarily_inactive,Gulshan,51,33,344,2026-02-20T06:37:41+06:00,2026-08-08T17:20:03+06:00
48,USR004,+8801569374252,Mim Rahman,PTH-RIDE-0000049,2026-06-08T11:45:53+06:00,Car,Banani,23.787872,90.40918,Motijheel,23.728421,90.414777,15.83,26,633,completed,2026-06-08T12:34:53+06:00,True,Pathao,PTH-DRV-011,Mamun Khan,8801426550582,driver,Car,Dhaka-Metro-GA-36-9704,2025-07-14,4.26,active,Banani,45,31,1368,2026-02-20T14:11:58+06:00,2026-08-06T12:43:24+06:00
49,USR004,+8801569374252,Mim Rahman,PTH-RIDE-0000050,2026-05-04T02:28:27+06:00,Car,Khilgaon,23.755093,90.427886,Tejgaon,23.757766,90.398668,11.57,30,437,completed,2026-05-04T03:16:27+06:00,True,Pathao,PTH-DRV-016,Imran Karim,8801417391915,driver,Car,Dhaka-Metro-GA-50-2706,2024-09-14,4.65,active,Khilgaon,43,28,1106,2026-02-13T07:06:14+06:00,2026-08-04T07:56:48+06:00
50,USR004,+8801569374252,Mim Rahman,PTH-RIDE-0000051,2026-07-15T16:05:58+06:00,Premium Car,Shyamoli,23.781792,90.364725,Mohammadpur,23.76091,90.365284,18.03,69,823,cancelled_by_user,2026-07-15T17:26:58+06:00,True,Pathao,PTH-DRV-021,Shuvo Chowdhury,8801396729644,driver,Premium Car,Dhaka-Metro-GA-18-5728,2024-05-09,4.49,active,Mirpur,61,41,785,2026-02-10T13:58:31+06:00,2026-08-07T01:44:36+06:00
51,USR005,+8801526187734,Anika Hossain,PTH-RIDE-0000052,2026-03-15T21:55:47+06:00,Car,Mirpur,23.815531,90.357648,Gulshan,23.793241,90.406133,19.59,45,694,cancelled_by_rider,2026-03-15T22:59:47+06:00,True,Pathao,PTH-DRV-013,Noman Sheikh,8801702482414,driver,Car,Dhaka-Metro-GA-32-1635,2024-02-24,4.40,active,Dhanmondi,57,37,919,2026-02-12T18:33:16+06:00,2026-08-07T07:51:54+06:00
52,USR005,+8801526187734,Anika Hossain,PTH-RIDE-0000053,2026-06-04T15:43:52+06:00,Car,Banani,23.793572,90.405918,Mohakhali,23.777784,90.39954,11.16,13,476,cancelled_by_user,2026-06-04T16:19:52+06:00,True,Pathao,PTH-DRV-011,Mamun Khan,8801426550582,driver,Car,Dhaka-Metro-GA-36-9704,2025-07-14,4.26,active,Banani,45,31,1368,2026-02-20T14:11:58+06:00,2026-08-06T12:43:24+06:00
53,USR005,+8801526187734,Anika Hossain,PTH-RIDE-0000054,2026-04-10T03:42:08+06:00,Car,Mirpur,23.823938,90.371697,Old Dhaka,23.705338,90.404658,4.09,43,293,completed,2026-04-10T04:50:08+06:00,True,Pathao,PTH-DRV-009,Shakil Mahmud,8801713605120,driver,Car,Dhaka-Metro-GA-18-9142,2026-02-13,4.51,active,Wari,51,33,1315,2026-02-13T19:17:45+06:00,2026-08-09T23:46:24+06:00
54,USR005,+8801526187734,Anika Hossain,PTH-RIDE-0000055,2026-06-06T05:47:34+06:00,Car,Dhanmondi,23.740706,90.379466,Banani,23.80036,90.403193,9.7,61,389,completed,2026-06-06T06:58:34+06:00,True,Pathao,PTH-DRV-013,Noman Sheikh,8801702482414,driver,Car,Dhaka-Metro-GA-32-1635,2024-02-24,4.40,active,Dhanmondi,57,37,919,2026-02-12T18:33:16+06:00,2026-08-07T07:51:54+06:00
55,USR005,+8801526187734,Anika Hossain,PTH-RIDE-0000056,2026-04-17T05:38:19+06:00,Premium Car,Gulshan,23.790007,90.414031,Pallabi,23.837935,90.359444,17.48,61,834,completed,2026-04-17T06:52:19+06:00,True,Pathao,PTH-DRV-019,Tanvir Hossain,8801568844033,driver,Premium Car,Dhaka-Metro-GA-43-7960,2024-08-01,4.63,active,Gulshan,60,39,678,2026-02-13T02:57:39+06:00,2026-08-10T06:23:33+06:00
56,USR005,+8801526187734,Anika Hossain,PTH-RIDE-0000057,2026-02-14T21:54:34+06:00,Bike,Shyamoli,23.769993,90.368454,Banani,23.80012,90.41425,7.08,65,172,cancelled_by_rider,2026-02-14T23:08:34+06:00,True,Pathao,PTH-DRV-006,Sohel Mia,8801413282469,driver,Bike,Dhaka-Metro-LA-42-7072,2023-11-20,4.46,active,Bashundhara,56,39,678,2026-02-11T19:34:53+06:00,2026-07-27T18:56:51+06:00
57,USR005,+8801526187734,Anika Hossain,PTH-RIDE-0000058,2026-02-18T03:31:52+06:00,Premium Car,Bashundhara,23.809502,90.434185,Khilgaon,23.758736,90.432904,5.02,56,412,cancelled_by_rider,2026-02-18T04:50:52+06:00,True,Pathao,PTH-DRV-020,Sabbir Mahmud,8801520665194,driver,Premium Car,Dhaka-Metro-GA-27-7652,2025-07-04,4.51,active,Khilgaon,46,33,891,2026-02-15T21:25:09+06:00,2026-08-09T14:56:20+06:00
58,USR005,+8801526187734,Anika Hossain,PTH-RIDE-0000059,2026-05-22T06:38:31+06:00,Bike,Rampura,23.754602,90.41682,Shyamoli,23.78009,90.357822,18.69,26,471,completed,2026-05-22T07:22:31+06:00,True,Pathao,PTH-DRV-007,Rafi Chowdhury,8801972545462,driver,Bike,Dhaka-Metro-LA-49-8611,2025-12-04,4.63,active,Dhanmondi,50,31,630,2026-02-16T20:14:06+06:00,2026-08-08T21:37:30+06:00
59,USR005,+8801526187734,Anika Hossain,PTH-RIDE-0000060,2026-08-01T05:38:44+06:00,Premium Car,Gulshan,23.795884,90.401809,Wari,23.727872,90.412735,16.18,23,739,cancelled_by_rider,2026-08-01T06:07:44+06:00,True,Pathao,PTH-DRV-019,Tanvir Hossain,8801568844033,driver,Premium Car,Dhaka-Metro-GA-43-7960,2024-08-01,4.63,active,Gulshan,60,39,678,2026-02-13T02:57:39+06:00,2026-08-10T06:23:33+06:00
60,USR005,+8801526187734,Anika Hossain,PTH-RIDE-0000061,2026-02-21T09:53:52+06:00,Bike,Pallabi,23.830796,90.369144,Mohammadpur,23.764554,90.35564,6.08,56,157,completed,2026-02-21T11:10:52+06:00,True,Pathao,PTH-DRV-003,Emon Mollah,8801458656775,driver,Bike,Dhaka-Metro-LA-44-1806,2025-05-16,4.33,active,Wari,47,33,1457,2026-02-15T14:20:09+06:00,2026-08-05T18:34:40+06:00
61,USR005,+8801526187734,Anika Hossain,PTH-RIDE-0000062,2026-05-10T10:00:29+06:00,Car,Gulshan,23.800865,90.399668,Bashundhara,23.808001,90.425531,6.46,70,337,completed,2026-05-10T11:22:29+06:00,True,Pathao,PTH-DRV-015,Sumon Ahmed,8801592246260,driver,Car,Dhaka-Metro-GA-47-2377,2024-09-19,4.91,temporarily_inactive,Gulshan,51,33,344,2026-02-20T06:37:41+06:00,2026-08-08T17:20:03+06:00
62,USR005,+8801526187734,Anika Hossain,PTH-RIDE-0000063,2026-02-16T13:51:18+06:00,Bike,Mohammadpur,23.766223,90.363117,Uttara,23.877994,90.375972,19.53,40,400,completed,2026-02-16T14:53:18+06:00,True,Pathao,PTH-DRV-006,Sohel Mia,8801413282469,driver,Bike,Dhaka-Metro-LA-42-7072,2023-11-20,4.46,active,Bashundhara,56,39,678,2026-02-11T19:34:53+06:00,2026-07-27T18:56:51+06:00
63,USR005,+8801526187734,Anika Hossain,PTH-RIDE-0000064,2026-06-16T09:52:34+06:00,Premium Car,Rampura,23.761673,90.424261,Farmgate,23.754207,90.389581,4.34,50,320,completed,2026-06-16T10:46:34+06:00,True,Pathao,PTH-DRV-024,Sabbir Mia,8801635920547,driver,Premium Car,Dhaka-Metro-GA-29-9550,2026-02-19,4.75,active,Motijheel,52,34,1609,2026-02-14T00:28:05+06:00,2026-08-06T16:02:46+06:00
64,USR005,+8801526187734,Anika Hossain,PTH-RIDE-0000065,2026-06-20T20:42:58+06:00,Car,Bashundhara,23.815083,90.433856,Rampura,23.761006,90.415738,6.33,59,284,cancelled_by_rider,2026-06-20T22:03:58+06:00,True,Pathao,PTH-DRV-012,Sakib Mahmud,8801701651316,driver,Car,Dhaka-Metro-GA-26-4203,2025-11-08,4.74,active,Bashundhara,50,31,1374,2026-02-18T14:40:42+06:00,2026-08-10T20:12:47+06:00
65,USR005,+8801526187734,Anika Hossain,PTH-RIDE-0000066,2026-08-06T08:24:53+06:00,Car,Wari,23.725358,90.423993,Shyamoli,23.766439,90.365495,8.59,8,426,completed,2026-08-06T08:34:53+06:00,True,Pathao,PTH-DRV-009,Shakil Mahmud,8801713605120,driver,Car,Dhaka-Metro-GA-18-9142,2026-02-13,4.51,active,Wari,51,33,1315,2026-02-13T19:17:45+06:00,2026-08-09T23:46:24+06:00
66,USR005,+8801526187734,Anika Hossain,PTH-RIDE-0000067,2026-06-07T08:01:56+06:00,Premium Car,Bashundhara,23.813324,90.421111,Banani,23.797581,90.414141,23.27,53,1004,cancelled_by_user,2026-06-07T09:02:56+06:00,True,Pathao,PTH-DRV-023,Al Amin Khan,8801354736696,driver,Premium Car,Dhaka-Metro-GA-39-9114,2023-07-25,4.89,active,Mohammadpur,44,34,437,2026-02-24T14:00:15+06:00,2026-08-10T04:16:51+06:00
67,USR006,+8801540236353,Sanjida Hasan,PTH-RIDE-0000068,2026-07-27T15:15:11+06:00,Premium Car,Rampura,23.75456,90.425728,Mohammadpur,23.775016,90.351865,18.59,32,890,cancelled_by_rider,2026-07-27T15:57:11+06:00,True,Pathao,PTH-DRV-019,Tanvir Hossain,8801568844033,driver,Premium Car,Dhaka-Metro-GA-43-7960,2024-08-01,4.63,active,Gulshan,60,39,678,2026-02-13T02:57:39+06:00,2026-08-10T06:23:33+06:00
68,USR006,+8801540236353,Sanjida Hasan,PTH-RIDE-0000069,2026-05-24T09:05:14+06:00,Bike,Banani,23.801764,90.413379,Old Dhaka,23.703634,90.403134,12.1,67,338,completed,2026-05-24T10:18:14+06:00,True,Pathao,PTH-DRV-005,Mizan Hasan,8801356392834,driver,Bike,Dhaka-Metro-LA-18-8731,2023-05-02,4.42,active,Banani,52,34,1623,2026-02-15T11:45:22+06:00,2026-08-04T01:29:10+06:00
69,USR006,+8801540236353,Sanjida Hasan,PTH-RIDE-0000070,2026-04-12T07:17:43+06:00,Premium Car,Old Dhaka,23.702604,90.408168,Shyamoli,23.772256,90.362168,8.79,71,546,cancelled_by_user,2026-04-12T08:42:43+06:00,True,Pathao,PTH-DRV-017,Rubel Hossain,8801596800093,driver,Premium Car,Dhaka-Metro-GA-59-1389,2023-10-30,4.39,active,Dhanmondi,43,24,856,2026-02-13T21:12:16+06:00,2026-07-24T19:50:49+06:00
70,USR006,+8801540236353,Sanjida Hasan,PTH-RIDE-0000071,2026-07-06T01:46:57+06:00,Bike,Mohammadpur,23.761826,90.362764,Pallabi,23.825633,90.368801,11.03,29,306,cancelled_by_rider,2026-07-06T02:40:57+06:00,True,Pathao,PTH-DRV-007,Rafi Chowdhury,8801972545462,driver,Bike,Dhaka-Metro-LA-49-8611,2025-12-04,4.63,active,Dhanmondi,50,31,630,2026-02-16T20:14:06+06:00,2026-08-08T21:37:30+06:00
71,USR006,+8801540236353,Sanjida Hasan,PTH-RIDE-0000072,2026-03-07T11:07:22+06:00,Car,Dhanmondi,23.750453,90.370743,Banani,23.798978,90.405971,14.42,73,579,completed,2026-03-07T12:32:22+06:00,True,Pathao,PTH-DRV-013,Noman Sheikh,8801702482414,driver,Car,Dhaka-Metro-GA-32-1635,2024-02-24,4.40,active,Dhanmondi,57,37,919,2026-02-12T18:33:16+06:00,2026-08-07T07:51:54+06:00
72,USR006,+8801540236353,Sanjida Hasan,PTH-RIDE-0000073,2026-03-31T08:07:25+06:00,Bike,Bashundhara,23.821831,90.423641,Rampura,23.77007,90.428323,6.85,65,189,completed,2026-03-31T09:20:25+06:00,True,Pathao,PTH-DRV-006,Sohel Mia,8801413282469,driver,Bike,Dhaka-Metro-LA-42-7072,2023-11-20,4.46,active,Bashundhara,56,39,678,2026-02-11T19:34:53+06:00,2026-07-27T18:56:51+06:00
73,USR006,+8801540236353,Sanjida Hasan,PTH-RIDE-0000074,2026-04-01T20:48:16+06:00,Premium Car,Wari,23.726301,90.410334,Uttara,23.884882,90.373004,21.34,12,948,cancelled_by_rider,2026-04-01T21:14:16+06:00,True,Pathao,PTH-DRV-022,Rony Ahmed,8801406140466,driver,Premium Car,Dhaka-Metro-GA-14-3862,2024-03-08,4.36,active,Mohakhali,49,32,280,2026-02-19T05:07:42+06:00,2026-08-10T16:43:15+06:00
74,USR006,+8801540236353,Sanjida Hasan,PTH-RIDE-0000075,2026-05-21T21:31:28+06:00,Bike,Gulshan,23.785567,90.407975,Shyamoli,23.778796,90.356897,3.55,10,144,completed,2026-05-21T21:55:28+06:00,True,Pathao,PTH-DRV-006,Sohel Mia,8801413282469,driver,Bike,Dhaka-Metro-LA-42-7072,2023-11-20,4.46,active,Bashundhara,56,39,678,2026-02-11T19:34:53+06:00,2026-07-27T18:56:51+06:00
75,USR007,+8801414017475,Sadia Chowdhury,PTH-RIDE-0000076,2026-06-23T18:22:08+06:00,Premium Car,Old Dhaka,23.709726,90.406878,Khilgaon,23.742074,90.425453,8.25,11,434,completed,2026-06-23T18:49:08+06:00,True,Pathao,PTH-DRV-024,Sabbir Mia,8801635920547,driver,Premium Car,Dhaka-Metro-GA-29-9550,2026-02-19,4.75,active,Motijheel,52,34,1609,2026-02-14T00:28:05+06:00,2026-08-06T16:02:46+06:00
76,USR007,+8801414017475,Sadia Chowdhury,PTH-RIDE-0000077,2026-04-26T13:32:55+06:00,Premium Car,Gulshan,23.800586,90.401843,Khilgaon,23.742656,90.422223,11.47,59,613,completed,2026-04-26T14:43:55+06:00,True,Pathao,PTH-DRV-019,Tanvir Hossain,8801568844033,driver,Premium Car,Dhaka-Metro-GA-43-7960,2024-08-01,4.63,active,Gulshan,60,39,678,2026-02-13T02:57:39+06:00,2026-08-10T06:23:33+06:00
77,USR007,+8801414017475,Sadia Chowdhury,PTH-RIDE-0000078,2026-02-22T14:48:10+06:00,Car,Farmgate,23.754485,90.396418,Mirpur,23.817987,90.369316,12.63,29,486,completed,2026-02-22T15:39:10+06:00,True,Pathao,PTH-DRV-014,Mehedi Hossain,8801466938163,driver,Car,Dhaka-Metro-GA-57-3382,2023-09-28,4.50,active,Farmgate,49,31,1649,2026-02-11T05:29:19+06:00,2026-08-07T22:28:04+06:00
78,USR007,+8801414017475,Sadia Chowdhury,PTH-RIDE-0000079,2026-06-15T03:56:35+06:00,Premium Car,Old Dhaka,23.719025,90.405945,Motijheel,23.741001,90.419176,23.36,9,1022,completed,2026-06-15T04:21:35+06:00,True,Pathao,PTH-DRV-022,Rony Ahmed,8801406140466,driver,Premium Car,Dhaka-Metro-GA-14-3862,2024-03-08,4.36,active,Mohakhali,49,32,280,2026-02-19T05:07:42+06:00,2026-08-10T16:43:15+06:00
79,USR007,+8801414017475,Sadia Chowdhury,PTH-RIDE-0000080,2026-07-21T06:26:15+06:00,Bike,Mirpur,23.829995,90.358035,Khilgaon,23.746337,90.436454,6.7,45,202,cancelled_by_user,2026-07-21T07:19:15+06:00,True,Pathao,PTH-DRV-001,Nayeem Sarker,8801967036821,driver,Bike,Dhaka-Metro-LA-50-6184,2025-12-26,4.94,active,Tejgaon,58,41,819,2026-02-10T15:17:23+06:00,2026-08-09T07:35:51+06:00
80,USR007,+8801414017475,Sadia Chowdhury,PTH-RIDE-0000081,2026-05-27T06:58:52+06:00,Premium Car,Mohakhali,23.77294,90.408054,Khilgaon,23.757683,90.424666,8.25,42,525,cancelled_by_rider,2026-05-27T08:03:52+06:00,True,Pathao,PTH-DRV-022,Rony Ahmed,8801406140466,driver,Premium Car,Dhaka-Metro-GA-14-3862,2024-03-08,4.36,active,Mohakhali,49,32,280,2026-02-19T05:07:42+06:00,2026-08-10T16:43:15+06:00
81,USR007,+8801414017475,Sadia Chowdhury,PTH-RIDE-0000082,2026-08-04T01:29:10+06:00,Bike,Rampura,23.769652,90.414655,Motijheel,23.73343,90.420159,22.2,56,467,completed,2026-08-04T02:30:10+06:00,True,Pathao,PTH-DRV-005,Mizan Hasan,8801356392834,driver,Bike,Dhaka-Metro-LA-18-8731,2023-05-02,4.42,active,Banani,52,34,1623,2026-02-15T11:45:22+06:00,2026-08-04T01:29:10+06:00
82,USR007,+8801414017475,Sadia Chowdhury,PTH-RIDE-0000083,2026-02-21T00:42:42+06:00,Premium Car,Gulshan,23.793767,90.403812,Mohammadpur,23.765361,90.364698,19.35,45,912,cancelled_by_user,2026-02-21T01:52:42+06:00,True,Pathao,PTH-DRV-019,Tanvir Hossain,8801568844033,driver,Premium Car,Dhaka-Metro-GA-43-7960,2024-08-01,4.63,active,Gulshan,60,39,678,2026-02-13T02:57:39+06:00,2026-08-10T06:23:33+06:00
83,USR007,+8801414017475,Sadia Chowdhury,PTH-RIDE-0000084,2026-04-08T18:50:09+06:00,Car,Gulshan,23.797765,90.404194,Uttara,23.87228,90.381401,10.71,20,430,cancelled_by_rider,2026-04-08T19:14:09+06:00,True,Pathao,PTH-DRV-015,Sumon Ahmed,8801592246260,driver,Car,Dhaka-Metro-GA-47-2377,2024-09-19,4.91,temporarily_inactive,Gulshan,51,33,344,2026-02-20T06:37:41+06:00,2026-08-08T17:20:03+06:00
84,USR007,+8801414017475,Sadia Chowdhury,PTH-RIDE-0000085,2026-05-16T03:09:35+06:00,Car,Khilgaon,23.755893,90.435025,Mirpur,23.819445,90.364577,6.11,58,348,cancelled_by_rider,2026-05-16T04:17:35+06:00,True,Pathao,PTH-DRV-016,Imran Karim,8801417391915,driver,Car,Dhaka-Metro-GA-50-2706,2024-09-14,4.65,active,Khilgaon,43,28,1106,2026-02-13T07:06:14+06:00,2026-08-04T07:56:48+06:00
85,USR008,+8801416261428,Imran Jahan,PTH-RIDE-0000086,2026-06-10T00:18:11+06:00,Bike,Uttara,23.880036,90.374579,Shyamoli,23.769255,90.364384,18.51,70,419,completed,2026-06-10T01:51:11+06:00,True,Pathao,PTH-DRV-002,Sabbir Ali,8801715535227,driver,Bike,Dhaka-Metro-LA-43-4404,2024-01-15,4.70,active,Uttara,47,34,1379,2026-02-14T01:39:55+06:00,2026-08-09T11:23:20+06:00
86,USR008,+8801416261428,Imran Jahan,PTH-RIDE-0000087,2026-04-08T22:39:00+06:00,Premium Car,Pallabi,23.831952,90.3631,Wari,23.719701,90.422496,1.57,65,199,cancelled_by_user,2026-04-08T23:54:00+06:00,True,Pathao,PTH-DRV-024,Sabbir Mia,8801635920547,driver,Premium Car,Dhaka-Metro-GA-29-9550,2026-02-19,4.75,active,Motijheel,52,34,1609,2026-02-14T00:28:05+06:00,2026-08-06T16:02:46+06:00
87,USR008,+8801416261428,Imran Jahan,PTH-RIDE-0000088,2026-03-24T05:41:41+06:00,Car,Shyamoli,23.766142,90.356341,Old Dhaka,23.706386,90.400542,9.75,31,396,completed,2026-03-24T06:31:41+06:00,True,Pathao,PTH-DRV-012,Sakib Mahmud,8801701651316,driver,Car,Dhaka-Metro-GA-26-4203,2025-11-08,4.74,active,Bashundhara,50,31,1374,2026-02-18T14:40:42+06:00,2026-08-10T20:12:47+06:00
88,USR008,+8801416261428,Imran Jahan,PTH-RIDE-0000089,2026-04-08T05:33:47+06:00,Bike,Shyamoli,23.772931,90.360108,Old Dhaka,23.70511,90.415265,23.93,62,474,cancelled_by_user,2026-04-08T06:51:47+06:00,True,Pathao,PTH-DRV-006,Sohel Mia,8801413282469,driver,Bike,Dhaka-Metro-LA-42-7072,2023-11-20,4.46,active,Bashundhara,56,39,678,2026-02-11T19:34:53+06:00,2026-07-27T18:56:51+06:00
89,USR008,+8801416261428,Imran Jahan,PTH-RIDE-0000090,2026-02-14T08:11:26+06:00,Bike,Old Dhaka,23.717208,90.411644,Uttara,23.882951,90.371875,16.35,20,422,completed,2026-02-14T08:51:26+06:00,True,Pathao,PTH-DRV-006,Sohel Mia,8801413282469,driver,Bike,Dhaka-Metro-LA-42-7072,2023-11-20,4.46,active,Bashundhara,56,39,678,2026-02-11T19:34:53+06:00,2026-07-27T18:56:51+06:00
90,USR008,+8801416261428,Imran Jahan,PTH-RIDE-0000091,2026-06-28T05:18:14+06:00,Bike,Dhanmondi,23.749545,90.378906,Motijheel,23.740487,90.413664,13.66,31,302,completed,2026-06-28T06:07:14+06:00,True,Pathao,PTH-DRV-007,Rafi Chowdhury,8801972545462,driver,Bike,Dhaka-Metro-LA-49-8611,2025-12-04,4.63,active,Dhanmondi,50,31,630,2026-02-16T20:14:06+06:00,2026-08-08T21:37:30+06:00
91,USR008,+8801416261428,Imran Jahan,PTH-RIDE-0000092,2026-08-08T17:20:03+06:00,Car,Mohakhali,23.780063,90.400671,Rampura,23.761262,90.419901,14.95,8,590,cancelled_by_user,2026-08-08T17:38:03+06:00,True,Pathao,PTH-DRV-015,Sumon Ahmed,8801592246260,driver,Car,Dhaka-Metro-GA-47-2377,2024-09-19,4.91,temporarily_inactive,Gulshan,51,33,344,2026-02-20T06:37:41+06:00,2026-08-08T17:20:03+06:00
92,USR008,+8801416261428,Imran Jahan,PTH-RIDE-0000093,2026-07-13T08:58:44+06:00,Car,Bashundhara,23.806768,90.423835,Gulshan,23.792114,90.401181,24.51,39,821,completed,2026-07-13T09:57:44+06:00,True,Pathao,PTH-DRV-012,Sakib Mahmud,8801701651316,driver,Car,Dhaka-Metro-GA-26-4203,2025-11-08,4.74,active,Bashundhara,50,31,1374,2026-02-18T14:40:42+06:00,2026-08-10T20:12:47+06:00
93,USR008,+8801416261428,Imran Jahan,PTH-RIDE-0000094,2026-04-06T05:01:56+06:00,Bike,Farmgate,23.754308,90.388621,Motijheel,23.734189,90.409692,18.12,32,396,completed,2026-04-06T05:51:56+06:00,True,Pathao,PTH-DRV-008,Al Amin Sarker,8801690558459,driver,Bike,Dhaka-Metro-LA-55-6224,2023-03-18,4.43,active,Farmgate,41,26,1395,2026-02-12T12:34:17+06:00,2026-08-07T03:04:20+06:00
94,USR008,+8801416261428,Imran Jahan,PTH-RIDE-0000095,2026-08-05T22:32:19+06:00,Premium Car,Banani,23.797326,90.405939,Mohakhali,23.785903,90.393256,21.87,63,1006,completed,2026-08-05T23:43:19+06:00,True,Pathao,PTH-DRV-018,Riyad Khan,8801895144376,driver,Premium Car,Dhaka-Metro-GA-42-9702,2025-06-18,4.52,active,Farmgate,48,32,1798,2026-03-16T13:11:54+06:00,2026-08-10T14:18:39+06:00
95,USR008,+8801416261428,Imran Jahan,PTH-RIDE-0000096,2026-07-31T08:20:29+06:00,Bike,Wari,23.722354,90.421319,Rampura,23.76347,90.42902,12.11,42,261,cancelled_by_user,2026-07-31T09:18:29+06:00,True,Pathao,PTH-DRV-003,Emon Mollah,8801458656775,driver,Bike,Dhaka-Metro-LA-44-1806,2025-05-16,4.33,active,Wari,47,33,1457,2026-02-15T14:20:09+06:00,2026-08-05T18:34:40+06:00
96,USR009,+8801912664313,Samira Jahan,PTH-RIDE-0000097,2026-04-02T11:11:51+06:00,Bike,Shyamoli,23.772376,90.367886,Mohakhali,23.774006,90.393335,24.09,51,514,completed,2026-04-02T12:16:51+06:00,True,Pathao,PTH-DRV-007,Rafi Chowdhury,8801972545462,driver,Bike,Dhaka-Metro-LA-49-8611,2025-12-04,4.63,active,Dhanmondi,50,31,630,2026-02-16T20:14:06+06:00,2026-08-08T21:37:30+06:00
97,USR009,+8801912664313,Samira Jahan,PTH-RIDE-0000098,2026-07-26T05:25:36+06:00,Car,Dhanmondi,23.74329,90.374551,Mohammadpur,23.766567,90.35463,7.09,54,396,completed,2026-07-26T06:42:36+06:00,True,Pathao,PTH-DRV-013,Noman Sheikh,8801702482414,driver,Car,Dhaka-Metro-GA-32-1635,2024-02-24,4.40,active,Dhanmondi,57,37,919,2026-02-12T18:33:16+06:00,2026-08-07T07:51:54+06:00
98,USR009,+8801912664313,Samira Jahan,PTH-RIDE-0000099,2026-04-28T08:44:24+06:00,Premium Car,Rampura,23.769804,90.423216,Uttara,23.871327,90.378702,6.53,38,476,completed,2026-04-28T09:43:24+06:00,True,Pathao,PTH-DRV-019,Tanvir Hossain,8801568844033,driver,Premium Car,Dhaka-Metro-GA-43-7960,2024-08-01,4.63,active,Gulshan,60,39,678,2026-02-13T02:57:39+06:00,2026-08-10T06:23:33+06:00
99,USR009,+8801912664313,Samira Jahan,PTH-RIDE-0000100,2026-04-10T16:36:52+06:00,Premium Car,Farmgate,23.756399,90.387521,Uttara,23.872217,90.371446,9.26,75,533,completed,2026-04-10T18:15:52+06:00,True,Pathao,PTH-DRV-018,Riyad Khan,8801895144376,driver,Premium Car,Dhaka-Metro-GA-42-9702,2025-06-18,4.52,active,Farmgate,48,32,1798,2026-03-16T13:11:54+06:00,2026-08-10T14:18:39+06:00
100,USR009,+8801912664313,Samira Jahan,PTH-RIDE-0000101,2026-06-17T14:46:26+06:00,Premium Car,Uttara,23.868134,90.376284,Old Dhaka,23.718652,90.403966,22.17,29,971,completed,2026-06-17T15:36:26+06:00,True,Pathao,PTH-DRV-019,Tanvir Hossain,8801568844033,driver,Premium Car,Dhaka-Metro-GA-43-7960,2024-08-01,4.63,active,Gulshan,60,39,678,2026-02-13T02:57:39+06:00,2026-08-10T06:23:33+06:00
101,USR009,+8801912664313,Samira Jahan,PTH-RIDE-0000102,2026-03-22T03:13:47+06:00,Premium Car,Rampura,23.759929,90.422294,Wari,23.723107,90.421084,15.61,26,754,completed,2026-03-22T04:01:47+06:00,True,Pathao,PTH-DRV-020,Sabbir Mahmud,8801520665194,driver,Premium Car,Dhaka-Metro-GA-27-7652,2025-07-04,4.51,active,Khilgaon,46,33,891,2026-02-15T21:25:09+06:00,2026-08-09T14:56:20+06:00
102,USR009,+8801912664313,Samira Jahan,PTH-RIDE-0000103,2026-04-26T10:44:34+06:00,Car,Mohammadpur,23.773147,90.352619,Banani,23.798867,90.403097,17.52,61,670,completed,2026-04-26T11:53:34+06:00,True,Pathao,PTH-DRV-014,Mehedi Hossain,8801466938163,driver,Car,Dhaka-Metro-GA-57-3382,2023-09-28,4.50,active,Farmgate,49,31,1649,2026-02-11T05:29:19+06:00,2026-08-07T22:28:04+06:00
103,USR009,+8801912664313,Samira Jahan,PTH-RIDE-0000104,2026-06-12T02:47:05+06:00,Car,Uttara,23.882553,90.370634,Wari,23.721154,90.413431,15.46,28,638,cancelled_by_rider,2026-06-12T03:26:05+06:00,True,Pathao,PTH-DRV-011,Mamun Khan,8801426550582,driver,Car,Dhaka-Metro-GA-36-9704,2025-07-14,4.26,active,Banani,45,31,1368,2026-02-20T14:11:58+06:00,2026-08-06T12:43:24+06:00
104,USR009,+8801912664313,Samira Jahan,PTH-RIDE-0000105,2026-03-21T23:16:57+06:00,Premium Car,Pallabi,23.83488,90.363617,Khilgaon,23.744053,90.420767,4.46,26,399,cancelled_by_user,2026-03-21T23:45:57+06:00,True,Pathao,PTH-DRV-018,Riyad Khan,8801895144376,driver,Premium Car,Dhaka-Metro-GA-42-9702,2025-06-18,4.52,active,Farmgate,48,32,1798,2026-03-16T13:11:54+06:00,2026-08-10T14:18:39+06:00
105,USR009,+8801912664313,Samira Jahan,PTH-RIDE-0000106,2026-07-30T04:46:33+06:00,Premium Car,Tejgaon,23.7667,90.394188,Banani,23.797238,90.398762,5.41,21,336,completed,2026-07-30T05:17:33+06:00,True,Pathao,PTH-DRV-019,Tanvir Hossain,8801568844033,driver,Premium Car,Dhaka-Metro-GA-43-7960,2024-08-01,4.63,active,Gulshan,60,39,678,2026-02-13T02:57:39+06:00,2026-08-10T06:23:33+06:00
106,USR010,+8801645545273,Nadia Uddin,PTH-RIDE-0000107,2026-05-09T15:43:02+06:00,Premium Car,Rampura,23.765058,90.427947,Banani,23.790513,90.403104,15.16,22,732,completed,2026-05-09T16:15:02+06:00,True,Pathao,PTH-DRV-017,Rubel Hossain,8801596800093,driver,Premium Car,Dhaka-Metro-GA-59-1389,2023-10-30,4.39,active,Dhanmondi,43,24,856,2026-02-13T21:12:16+06:00,2026-07-24T19:50:49+06:00
107,USR010,+8801645545273,Nadia Uddin,PTH-RIDE-0000108,2026-03-15T00:39:41+06:00,Bike,Uttara,23.871602,90.38253,Wari,23.716947,90.426377,1.59,24,72,completed,2026-03-15T01:11:41+06:00,True,Pathao,PTH-DRV-002,Sabbir Ali,8801715535227,driver,Bike,Dhaka-Metro-LA-43-4404,2024-01-15,4.70,active,Uttara,47,34,1379,2026-02-14T01:39:55+06:00,2026-08-09T11:23:20+06:00
108,USR010,+8801645545273,Nadia Uddin,PTH-RIDE-0000109,2026-06-11T15:44:29+06:00,Premium Car,Bashundhara,23.819003,90.418283,Khilgaon,23.752407,90.424928,12.59,46,657,cancelled_by_rider,2026-06-11T16:42:29+06:00,True,Pathao,PTH-DRV-018,Riyad Khan,8801895144376,driver,Premium Car,Dhaka-Metro-GA-42-9702,2025-06-18,4.52,active,Farmgate,48,32,1798,2026-03-16T13:11:54+06:00,2026-08-10T14:18:39+06:00
109,USR010,+8801645545273,Nadia Uddin,PTH-RIDE-0000110,2026-02-25T05:45:19+06:00,Bike,Gulshan,23.797601,90.412624,Tejgaon,23.770963,90.38845,23.77,33,523,cancelled_by_user,2026-02-25T06:32:19+06:00,True,Pathao,PTH-DRV-004,Noman Islam,8801433479792,driver,Bike,Dhaka-Metro-LA-16-4147,2024-04-07,4.84,active,Badda,45,26,1163,2026-02-10T19:35:38+06:00,2026-08-06T22:59:51+06:00
110,USR010,+8801645545273,Nadia Uddin,PTH-RIDE-0000111,2026-04-21T21:32:44+06:00,Car,Badda,23.779804,90.420536,Banani,23.795403,90.399416,2.89,29,186,completed,2026-04-21T22:23:44+06:00,True,Pathao,PTH-DRV-010,Zahid Chowdhury,8801738695856,driver,Car,Dhaka-Metro-GA-12-2328,2024-05-16,4.86,active,Badda,44,28,403,2026-02-10T07:45:59+06:00,2026-08-10T20:38:42+06:00
111,USR010,+8801645545273,Nadia Uddin,PTH-RIDE-0000112,2026-04-23T14:12:27+06:00,Car,Mirpur,23.818458,90.369022,Uttara,23.873879,90.379819,13.73,27,581,completed,2026-04-23T14:55:27+06:00,True,Pathao,PTH-DRV-010,Zahid Chowdhury,8801738695856,driver,Car,Dhaka-Metro-GA-12-2328,2024-05-16,4.86,active,Badda,44,28,403,2026-02-10T07:45:59+06:00,2026-08-10T20:38:42+06:00
112,USR010,+8801645545273,Nadia Uddin,PTH-RIDE-0000113,2026-08-07T07:34:47+06:00,Premium Car,Bashundhara,23.808365,90.429208,Dhanmondi,23.742641,90.37407,13.99,15,707,completed,2026-08-07T07:52:47+06:00,True,Pathao,PTH-DRV-023,Al Amin Khan,8801354736696,driver,Premium Car,Dhaka-Metro-GA-39-9114,2023-07-25,4.89,active,Mohammadpur,44,34,437,2026-02-24T14:00:15+06:00,2026-08-10T04:16:51+06:00
113,USR010,+8801645545273,Nadia Uddin,PTH-RIDE-0000114,2026-04-01T00:56:08+06:00,Bike,Khilgaon,23.74424,90.425522,Motijheel,23.732149,90.41205,15.16,54,311,completed,2026-04-01T01:55:08+06:00,True,Pathao,PTH-DRV-001,Nayeem Sarker,8801967036821,driver,Bike,Dhaka-Metro-LA-50-6184,2025-12-26,4.94,active,Tejgaon,58,41,819,2026-02-10T15:17:23+06:00,2026-08-09T07:35:51+06:00
114,USR010,+8801645545273,Nadia Uddin,PTH-RIDE-0000115,2026-08-09T14:56:20+06:00,Premium Car,Rampura,23.769603,90.420141,Khilgaon,23.742672,90.419792,3.22,32,331,cancelled_by_user,2026-08-09T15:48:20+06:00,True,Pathao,PTH-DRV-020,Sabbir Mahmud,8801520665194,driver,Premium Car,Dhaka-Metro-GA-27-7652,2025-07-04,4.51,active,Khilgaon,46,33,891,2026-02-15T21:25:09+06:00,2026-08-09T14:56:20+06:00
115,USR010,+8801645545273,Nadia Uddin,PTH-RIDE-0000116,2026-05-18T13:59:30+06:00,Car,Wari,23.717213,90.416012,Shyamoli,23.766407,90.361679,12.03,28,440,completed,2026-05-18T14:45:30+06:00,True,Pathao,PTH-DRV-009,Shakil Mahmud,8801713605120,driver,Car,Dhaka-Metro-GA-18-9142,2026-02-13,4.51,active,Wari,51,33,1315,2026-02-13T19:17:45+06:00,2026-08-09T23:46:24+06:00
116,USR010,+8801645545273,Nadia Uddin,PTH-RIDE-0000117,2026-02-25T03:03:23+06:00,Car,Farmgate,23.753392,90.395388,Old Dhaka,23.706151,90.404821,16.18,50,669,completed,2026-02-25T04:04:23+06:00,True,Pathao,PTH-DRV-014,Mehedi Hossain,8801466938163,driver,Car,Dhaka-Metro-GA-57-3382,2023-09-28,4.50,active,Farmgate,49,31,1649,2026-02-11T05:29:19+06:00,2026-08-07T22:28:04+06:00
117,USR010,+8801645545273,Nadia Uddin,PTH-RIDE-0000118,2026-02-26T12:39:29+06:00,Bike,Dhanmondi,23.749722,90.37174,Motijheel,23.736777,90.421055,15.66,44,341,cancelled_by_rider,2026-02-26T13:31:29+06:00,True,Pathao,PTH-DRV-007,Rafi Chowdhury,8801972545462,driver,Bike,Dhaka-Metro-LA-49-8611,2025-12-04,4.63,active,Dhanmondi,50,31,630,2026-02-16T20:14:06+06:00,2026-08-08T21:37:30+06:00
118,USR010,+8801645545273,Nadia Uddin,PTH-RIDE-0000119,2026-07-16T11:54:12+06:00,Car,Shyamoli,23.779325,90.365847,Wari,23.726443,90.424363,8.22,33,375,cancelled_by_rider,2026-07-16T12:43:12+06:00,True,Pathao,PTH-DRV-016,Imran Karim,8801417391915,driver,Car,Dhaka-Metro-GA-50-2706,2024-09-14,4.65,active,Khilgaon,43,28,1106,2026-02-13T07:06:14+06:00,2026-08-04T07:56:48+06:00
119,USR010,+8801645545273,Nadia Uddin,PTH-RIDE-0000120,2026-04-19T05:46:56+06:00,Car,Farmgate,23.763775,90.384098,Khilgaon,23.747898,90.432907,13.36,67,553,cancelled_by_rider,2026-04-19T06:56:56+06:00,True,Pathao,PTH-DRV-014,Mehedi Hossain,8801466938163,driver,Car,Dhaka-Metro-GA-57-3382,2023-09-28,4.50,active,Farmgate,49,31,1649,2026-02-11T05:29:19+06:00,2026-08-07T22:28:04+06:00
120,USR011,+8801667091759,Samira Mahmud,PTH-RIDE-0000121,2026-07-11T18:02:16+06:00,Car,Mirpur,23.818994,90.363269,Farmgate,23.757638,90.397641,17.81,44,651,completed,2026-07-11T18:55:16+06:00,True,Pathao,PTH-DRV-009,Shakil Mahmud,8801713605120,driver,Car,Dhaka-Metro-GA-18-9142,2026-02-13,4.51,active,Wari,51,33,1315,2026-02-13T19:17:45+06:00,2026-08-09T23:46:24+06:00
121,USR011,+8801667091759,Samira Mahmud,PTH-RIDE-0000122,2026-04-04T09:43:29+06:00,Bike,Shyamoli,23.772576,90.372904,Mohakhali,23.780762,90.391125,20.68,24,435,cancelled_by_user,2026-04-04T10:25:29+06:00,True,Pathao,PTH-DRV-005,Mizan Hasan,8801356392834,driver,Bike,Dhaka-Metro-LA-18-8731,2023-05-02,4.42,active,Banani,52,34,1623,2026-02-15T11:45:22+06:00,2026-08-04T01:29:10+06:00
122,USR011,+8801667091759,Samira Mahmud,PTH-RIDE-0000123,2026-06-20T05:12:09+06:00,Premium Car,Farmgate,23.750209,90.391139,Mohakhali,23.778729,90.392154,6.77,26,416,completed,2026-06-20T05:58:09+06:00,True,Pathao,PTH-DRV-018,Riyad Khan,8801895144376,driver,Premium Car,Dhaka-Metro-GA-42-9702,2025-06-18,4.52,active,Farmgate,48,32,1798,2026-03-16T13:11:54+06:00,2026-08-10T14:18:39+06:00
123,USR011,+8801667091759,Samira Mahmud,PTH-RIDE-0000124,2026-02-26T13:46:38+06:00,Premium Car,Mohammadpur,23.771471,90.356275,Old Dhaka,23.714654,90.407833,17.13,39,799,cancelled_by_rider,2026-02-26T14:32:38+06:00,True,Pathao,PTH-DRV-023,Al Amin Khan,8801354736696,driver,Premium Car,Dhaka-Metro-GA-39-9114,2023-07-25,4.89,active,Mohammadpur,44,34,437,2026-02-24T14:00:15+06:00,2026-08-10T04:16:51+06:00
124,USR011,+8801667091759,Samira Mahmud,PTH-RIDE-0000125,2026-07-22T05:36:17+06:00,Premium Car,Mohammadpur,23.762775,90.366757,Uttara,23.86806,90.371379,23.36,79,1109,completed,2026-07-22T07:15:17+06:00,True,Pathao,PTH-DRV-023,Al Amin Khan,8801354736696,driver,Premium Car,Dhaka-Metro-GA-39-9114,2023-07-25,4.89,active,Mohammadpur,44,34,437,2026-02-24T14:00:15+06:00,2026-08-10T04:16:51+06:00
125,USR011,+8801667091759,Samira Mahmud,PTH-RIDE-0000126,2026-05-02T04:40:11+06:00,Car,Motijheel,23.725582,90.425035,Khilgaon,23.74998,90.431071,12.48,79,504,completed,2026-05-02T06:19:11+06:00,True,Pathao,PTH-DRV-013,Noman Sheikh,8801702482414,driver,Car,Dhaka-Metro-GA-32-1635,2024-02-24,4.40,active,Dhanmondi,57,37,919,2026-02-12T18:33:16+06:00,2026-08-07T07:51:54+06:00
126,USR011,+8801667091759,Samira Mahmud,PTH-RIDE-0000127,2026-06-09T22:46:53+06:00,Bike,Bashundhara,23.815773,90.430736,Old Dhaka,23.718085,90.403926,19.01,52,371,completed,2026-06-09T23:55:53+06:00,True,Pathao,PTH-DRV-006,Sohel Mia,8801413282469,driver,Bike,Dhaka-Metro-LA-42-7072,2023-11-20,4.46,active,Bashundhara,56,39,678,2026-02-11T19:34:53+06:00,2026-07-27T18:56:51+06:00
127,USR011,+8801667091759,Samira Mahmud,PTH-RIDE-0000128,2026-05-08T16:10:09+06:00,Premium Car,Mohakhali,23.773777,90.393793,Farmgate,23.762292,90.382427,11.32,26,617,completed,2026-05-08T16:58:09+06:00,True,Pathao,PTH-DRV-022,Rony Ahmed,8801406140466,driver,Premium Car,Dhaka-Metro-GA-14-3862,2024-03-08,4.36,active,Mohakhali,49,32,280,2026-02-19T05:07:42+06:00,2026-08-10T16:43:15+06:00
128,USR011,+8801667091759,Samira Mahmud,PTH-RIDE-0000129,2026-04-03T05:10:44+06:00,Premium Car,Mohakhali,23.779874,90.403866,Dhanmondi,23.745872,90.376774,19.21,74,913,cancelled_by_rider,2026-04-03T06:49:44+06:00,True,Pathao,PTH-DRV-022,Rony Ahmed,8801406140466,driver,Premium Car,Dhaka-Metro-GA-14-3862,2024-03-08,4.36,active,Mohakhali,49,32,280,2026-02-19T05:07:42+06:00,2026-08-10T16:43:15+06:00
129,USR011,+8801667091759,Samira Mahmud,PTH-RIDE-0000130,2026-04-06T21:56:29+06:00,Car,Banani,23.793139,90.412686,Uttara,23.876013,90.381852,5.56,51,330,completed,2026-04-06T22:50:29+06:00,True,Pathao,PTH-DRV-011,Mamun Khan,8801426550582,driver,Car,Dhaka-Metro-GA-36-9704,2025-07-14,4.26,active,Banani,45,31,1368,2026-02-20T14:11:58+06:00,2026-08-06T12:43:24+06:00
130,USR011,+8801667091759,Samira Mahmud,PTH-RIDE-0000131,2026-06-06T05:09:13+06:00,Bike,Dhanmondi,23.743342,90.381307,Banani,23.802273,90.404691,9.88,19,243,cancelled_by_rider,2026-06-06T05:50:13+06:00,True,Pathao,PTH-DRV-007,Rafi Chowdhury,8801972545462,driver,Bike,Dhaka-Metro-LA-49-8611,2025-12-04,4.63,active,Dhanmondi,50,31,630,2026-02-16T20:14:06+06:00,2026-08-08T21:37:30+06:00
131,USR011,+8801667091759,Samira Mahmud,PTH-RIDE-0000132,2026-07-04T05:18:59+06:00,Premium Car,Badda,23.786377,90.419485,Gulshan,23.791848,90.411331,23.98,9,1069,completed,2026-07-04T05:41:59+06:00,True,Pathao,PTH-DRV-020,Sabbir Mahmud,8801520665194,driver,Premium Car,Dhaka-Metro-GA-27-7652,2025-07-04,4.51,active,Khilgaon,46,33,891,2026-02-15T21:25:09+06:00,2026-08-09T14:56:20+06:00
132,USR011,+8801667091759,Samira Mahmud,PTH-RIDE-0000133,2026-07-12T02:36:29+06:00,Car,Shyamoli,23.776031,90.368413,Rampura,23.768638,90.426535,7.95,74,351,completed,2026-07-12T04:06:29+06:00,True,Pathao,PTH-DRV-012,Sakib Mahmud,8801701651316,driver,Car,Dhaka-Metro-GA-26-4203,2025-11-08,4.74,active,Bashundhara,50,31,1374,2026-02-18T14:40:42+06:00,2026-08-10T20:12:47+06:00
133,USR012,+8801503416513,Siam Hasan,PTH-RIDE-0000134,2026-03-16T10:09:33+06:00,Premium Car,Motijheel,23.735982,90.421342,Pallabi,23.837844,90.372858,6.96,9,455,cancelled_by_rider,2026-03-16T10:23:33+06:00,True,Pathao,PTH-DRV-024,Sabbir Mia,8801635920547,driver,Premium Car,Dhaka-Metro-GA-29-9550,2026-02-19,4.75,active,Motijheel,52,34,1609,2026-02-14T00:28:05+06:00,2026-08-06T16:02:46+06:00
134,USR012,+8801503416513,Siam Hasan,PTH-RIDE-0000135,2026-08-04T16:49:40+06:00,Bike,Old Dhaka,23.714014,90.409787,Khilgaon,23.757663,90.429099,12.24,12,258,completed,2026-08-04T17:04:40+06:00,True,Pathao,PTH-DRV-007,Rafi Chowdhury,8801972545462,driver,Bike,Dhaka-Metro-LA-49-8611,2025-12-04,4.63,active,Dhanmondi,50,31,630,2026-02-16T20:14:06+06:00,2026-08-08T21:37:30+06:00
135,USR012,+8801503416513,Siam Hasan,PTH-RIDE-0000136,2026-03-17T06:32:33+06:00,Car,Rampura,23.752611,90.414014,Mohammadpur,23.760069,90.357249,12.39,27,493,completed,2026-03-17T07:01:33+06:00,True,Pathao,PTH-DRV-012,Sakib Mahmud,8801701651316,driver,Car,Dhaka-Metro-GA-26-4203,2025-11-08,4.74,active,Bashundhara,50,31,1374,2026-02-18T14:40:42+06:00,2026-08-10T20:12:47+06:00
136,USR012,+8801503416513,Siam Hasan,PTH-RIDE-0000137,2026-07-25T22:23:02+06:00,Bike,Rampura,23.755447,90.423632,Shyamoli,23.77978,90.358608,13.96,12,361,completed,2026-07-25T22:51:02+06:00,True,Pathao,PTH-DRV-003,Emon Mollah,8801458656775,driver,Bike,Dhaka-Metro-LA-44-1806,2025-05-16,4.33,active,Wari,47,33,1457,2026-02-15T14:20:09+06:00,2026-08-05T18:34:40+06:00
137,USR012,+8801503416513,Siam Hasan,PTH-RIDE-0000138,2026-05-03T23:32:08+06:00,Car,Old Dhaka,23.710455,90.415769,Uttara,23.881617,90.377666,16.89,13,654,completed,2026-05-04T00:05:08+06:00,True,Pathao,PTH-DRV-010,Zahid Chowdhury,8801738695856,driver,Car,Dhaka-Metro-GA-12-2328,2024-05-16,4.86,active,Badda,44,28,403,2026-02-10T07:45:59+06:00,2026-08-10T20:38:42+06:00
138,USR012,+8801503416513,Siam Hasan,PTH-RIDE-0000139,2026-07-10T07:05:49+06:00,Bike,Old Dhaka,23.707959,90.404578,Mirpur,23.825098,90.358276,13.22,71,329,completed,2026-07-10T08:22:49+06:00,True,Pathao,PTH-DRV-005,Mizan Hasan,8801356392834,driver,Bike,Dhaka-Metro-LA-18-8731,2023-05-02,4.42,active,Banani,52,34,1623,2026-02-15T11:45:22+06:00,2026-08-04T01:29:10+06:00
139,USR012,+8801503416513,Siam Hasan,PTH-RIDE-0000140,2026-07-05T03:05:13+06:00,Premium Car,Motijheel,23.726801,90.410871,Badda,23.786187,90.418027,10.96,52,536,cancelled_by_rider,2026-07-05T04:02:13+06:00,True,Pathao,PTH-DRV-024,Sabbir Mia,8801635920547,driver,Premium Car,Dhaka-Metro-GA-29-9550,2026-02-19,4.75,active,Motijheel,52,34,1609,2026-02-14T00:28:05+06:00,2026-08-06T16:02:46+06:00
140,USR012,+8801503416513,Siam Hasan,PTH-RIDE-0000141,2026-06-23T09:51:44+06:00,Bike,Shyamoli,23.767236,90.362624,Farmgate,23.750444,90.398268,17.42,52,379,cancelled_by_rider,2026-06-23T11:04:44+06:00,True,Pathao,PTH-DRV-005,Mizan Hasan,8801356392834,driver,Bike,Dhaka-Metro-LA-18-8731,2023-05-02,4.42,active,Banani,52,34,1623,2026-02-15T11:45:22+06:00,2026-08-04T01:29:10+06:00
141,USR012,+8801503416513,Siam Hasan,PTH-RIDE-0000142,2026-07-21T01:32:14+06:00,Bike,Banani,23.797148,90.405467,Shyamoli,23.776878,90.37258,12.38,64,255,cancelled_by_rider,2026-07-21T03:00:14+06:00,True,Pathao,PTH-DRV-005,Mizan Hasan,8801356392834,driver,Bike,Dhaka-Metro-LA-18-8731,2023-05-02,4.42,active,Banani,52,34,1623,2026-02-15T11:45:22+06:00,2026-08-04T01:29:10+06:00
142,USR012,+8801503416513,Siam Hasan,PTH-RIDE-0000143,2026-04-15T14:55:03+06:00,Bike,Khilgaon,23.7421,90.420943,Rampura,23.766405,90.427231,7.77,9,223,completed,2026-04-15T15:12:03+06:00,True,Pathao,PTH-DRV-001,Nayeem Sarker,8801967036821,driver,Bike,Dhaka-Metro-LA-50-6184,2025-12-26,4.94,active,Tejgaon,58,41,819,2026-02-10T15:17:23+06:00,2026-08-09T07:35:51+06:00
143,USR012,+8801503416513,Siam Hasan,PTH-RIDE-0000144,2026-02-22T06:56:19+06:00,Bike,Khilgaon,23.746701,90.423204,Pallabi,23.824653,90.367929,15.77,63,418,completed,2026-02-22T08:09:19+06:00,True,Pathao,PTH-DRV-004,Noman Islam,8801433479792,driver,Bike,Dhaka-Metro-LA-16-4147,2024-04-07,4.84,active,Badda,45,26,1163,2026-02-10T19:35:38+06:00,2026-08-06T22:59:51+06:00
144,USR012,+8801503416513,Siam Hasan,PTH-RIDE-0000145,2026-06-17T17:11:22+06:00,Premium Car,Wari,23.720125,90.409642,Rampura,23.753208,90.422594,9.47,56,589,completed,2026-06-17T18:18:22+06:00,True,Pathao,PTH-DRV-020,Sabbir Mahmud,8801520665194,driver,Premium Car,Dhaka-Metro-GA-27-7652,2025-07-04,4.51,active,Khilgaon,46,33,891,2026-02-15T21:25:09+06:00,2026-08-09T14:56:20+06:00
145,USR013,+8801357928509,Arif Sultana,PTH-RIDE-0000146,2026-05-08T20:22:16+06:00,Premium Car,Mirpur,23.816767,90.359746,Farmgate,23.760725,90.392362,15.16,43,719,completed,2026-05-08T21:29:16+06:00,True,Pathao,PTH-DRV-021,Shuvo Chowdhury,8801396729644,driver,Premium Car,Dhaka-Metro-GA-18-5728,2024-05-09,4.49,active,Mirpur,61,41,785,2026-02-10T13:58:31+06:00,2026-08-07T01:44:36+06:00
146,USR013,+8801357928509,Arif Sultana,PTH-RIDE-0000147,2026-03-28T21:41:43+06:00,Bike,Badda,23.778208,90.429515,Tejgaon,23.756126,90.385411,11.0,47,315,completed,2026-03-28T22:42:43+06:00,True,Pathao,PTH-DRV-004,Noman Islam,8801433479792,driver,Bike,Dhaka-Metro-LA-16-4147,2024-04-07,4.84,active,Badda,45,26,1163,2026-02-10T19:35:38+06:00,2026-08-06T22:59:51+06:00
147,USR013,+8801357928509,Arif Sultana,PTH-RIDE-0000148,2026-03-22T17:32:16+06:00,Car,Dhanmondi,23.737628,90.378587,Old Dhaka,23.71413,90.403984,11.81,37,506,completed,2026-03-22T18:30:16+06:00,True,Pathao,PTH-DRV-013,Noman Sheikh,8801702482414,driver,Car,Dhaka-Metro-GA-32-1635,2024-02-24,4.40,active,Dhanmondi,57,37,919,2026-02-12T18:33:16+06:00,2026-08-07T07:51:54+06:00
148,USR013,+8801357928509,Arif Sultana,PTH-RIDE-0000149,2026-04-27T18:26:32+06:00,Car,Bashundhara,23.807677,90.425452,Banani,23.802257,90.408993,24.91,30,837,cancelled_by_rider,2026-04-27T19:15:32+06:00,True,Pathao,PTH-DRV-012,Sakib Mahmud,8801701651316,driver,Car,Dhaka-Metro-GA-26-4203,2025-11-08,4.74,active,Bashundhara,50,31,1374,2026-02-18T14:40:42+06:00,2026-08-10T20:12:47+06:00
149,USR013,+8801357928509,Arif Sultana,PTH-RIDE-0000150,2026-06-14T19:51:56+06:00,Bike,Bashundhara,23.817594,90.431666,Shyamoli,23.772318,90.372419,1.66,18,156,cancelled_by_user,2026-06-14T20:25:56+06:00,True,Pathao,PTH-DRV-006,Sohel Mia,8801413282469,driver,Bike,Dhaka-Metro-LA-42-7072,2023-11-20,4.46,active,Bashundhara,56,39,678,2026-02-11T19:34:53+06:00,2026-07-27T18:56:51+06:00
150,USR013,+8801357928509,Arif Sultana,PTH-RIDE-0000151,2026-03-30T01:58:27+06:00,Car,Badda,23.775006,90.435207,Mirpur,23.819549,90.369818,24.88,57,887,completed,2026-03-30T02:57:27+06:00,True,Pathao,PTH-DRV-010,Zahid Chowdhury,8801738695856,driver,Car,Dhaka-Metro-GA-12-2328,2024-05-16,4.86,active,Badda,44,28,403,2026-02-10T07:45:59+06:00,2026-08-10T20:38:42+06:00
151,USR013,+8801357928509,Arif Sultana,PTH-RIDE-0000152,2026-06-30T02:28:00+06:00,Car,Banani,23.787193,90.39786,Mohakhali,23.780802,90.407831,17.82,10,697,cancelled_by_user,2026-06-30T02:46:00+06:00,True,Pathao,PTH-DRV-011,Mamun Khan,8801426550582,driver,Car,Dhaka-Metro-GA-36-9704,2025-07-14,4.26,active,Banani,45,31,1368,2026-02-20T14:11:58+06:00,2026-08-06T12:43:24+06:00
152,USR013,+8801357928509,Arif Sultana,PTH-RIDE-0000153,2026-04-19T11:16:18+06:00,Premium Car,Pallabi,23.828837,90.372486,Shyamoli,23.780382,90.364418,16.91,52,788,completed,2026-04-19T12:20:18+06:00,True,Pathao,PTH-DRV-023,Al Amin Khan,8801354736696,driver,Premium Car,Dhaka-Metro-GA-39-9114,2023-07-25,4.89,active,Mohammadpur,44,34,437,2026-02-24T14:00:15+06:00,2026-08-10T04:16:51+06:00
153,USR013,+8801357928509,Arif Sultana,PTH-RIDE-0000154,2026-05-09T21:38:31+06:00,Bike,Shyamoli,23.774806,90.373525,Wari,23.723667,90.411926,23.35,73,504,completed,2026-05-09T23:06:31+06:00,True,Pathao,PTH-DRV-005,Mizan Hasan,8801356392834,driver,Bike,Dhaka-Metro-LA-18-8731,2023-05-02,4.42,active,Banani,52,34,1623,2026-02-15T11:45:22+06:00,2026-08-04T01:29:10+06:00
154,USR014,+8801787913695,Anika Karim,PTH-RIDE-0000155,2026-06-16T23:02:07+06:00,Bike,Khilgaon,23.754768,90.43615,Uttara,23.876687,90.37494,19.64,77,388,completed,2026-06-17T00:24:07+06:00,True,Pathao,PTH-DRV-006,Sohel Mia,8801413282469,driver,Bike,Dhaka-Metro-LA-42-7072,2023-11-20,4.46,active,Bashundhara,56,39,678,2026-02-11T19:34:53+06:00,2026-07-27T18:56:51+06:00
155,USR014,+8801787913695,Anika Karim,PTH-RIDE-0000156,2026-06-29T16:21:48+06:00,Car,Uttara,23.869467,90.385383,Pallabi,23.8362,90.368961,18.23,28,629,cancelled_by_user,2026-06-29T16:58:48+06:00,True,Pathao,PTH-DRV-009,Shakil Mahmud,8801713605120,driver,Car,Dhaka-Metro-GA-18-9142,2026-02-13,4.51,active,Wari,51,33,1315,2026-02-13T19:17:45+06:00,2026-08-09T23:46:24+06:00
156,USR014,+8801787913695,Anika Karim,PTH-RIDE-0000157,2026-06-30T19:07:49+06:00,Bike,Motijheel,23.726366,90.410411,Banani,23.791084,90.407047,15.66,51,323,completed,2026-06-30T20:09:49+06:00,True,Pathao,PTH-DRV-005,Mizan Hasan,8801356392834,driver,Bike,Dhaka-Metro-LA-18-8731,2023-05-02,4.42,active,Banani,52,34,1623,2026-02-15T11:45:22+06:00,2026-08-04T01:29:10+06:00
157,USR014,+8801787913695,Anika Karim,PTH-RIDE-0000158,2026-02-27T04:02:20+06:00,Car,Mohammadpur,23.769141,90.362141,Dhanmondi,23.746727,90.377693,9.4,37,430,completed,2026-02-27T05:04:20+06:00,True,Pathao,PTH-DRV-014,Mehedi Hossain,8801466938163,driver,Car,Dhaka-Metro-GA-57-3382,2023-09-28,4.50,active,Farmgate,49,31,1649,2026-02-11T05:29:19+06:00,2026-08-07T22:28:04+06:00
158,USR014,+8801787913695,Anika Karim,PTH-RIDE-0000159,2026-08-04T06:26:48+06:00,Bike,Dhanmondi,23.743385,90.378377,Uttara,23.88177,90.38414,5.51,54,128,completed,2026-08-04T07:44:48+06:00,True,Pathao,PTH-DRV-007,Rafi Chowdhury,8801972545462,driver,Bike,Dhaka-Metro-LA-49-8611,2025-12-04,4.63,active,Dhanmondi,50,31,630,2026-02-16T20:14:06+06:00,2026-08-08T21:37:30+06:00
159,USR014,+8801787913695,Anika Karim,PTH-RIDE-0000160,2026-04-21T18:15:48+06:00,Car,Tejgaon,23.760285,90.395712,Farmgate,23.765548,90.38426,5.35,11,254,completed,2026-04-21T18:39:48+06:00,True,Pathao,PTH-DRV-014,Mehedi Hossain,8801466938163,driver,Car,Dhaka-Metro-GA-57-3382,2023-09-28,4.50,active,Farmgate,49,31,1649,2026-02-11T05:29:19+06:00,2026-08-07T22:28:04+06:00
160,USR014,+8801787913695,Anika Karim,PTH-RIDE-0000161,2026-07-25T01:36:44+06:00,Bike,Dhanmondi,23.749349,90.384455,Wari,23.728671,90.42495,13.32,78,336,cancelled_by_rider,2026-07-25T03:04:44+06:00,True,Pathao,PTH-DRV-007,Rafi Chowdhury,8801972545462,driver,Bike,Dhaka-Metro-LA-49-8611,2025-12-04,4.63,active,Dhanmondi,50,31,630,2026-02-16T20:14:06+06:00,2026-08-08T21:37:30+06:00
161,USR014,+8801787913695,Anika Karim,PTH-RIDE-0000162,2026-03-09T04:16:43+06:00,Premium Car,Old Dhaka,23.716728,90.415034,Dhanmondi,23.748744,90.380125,8.97,77,502,completed,2026-03-09T05:49:43+06:00,True,Pathao,PTH-DRV-019,Tanvir Hossain,8801568844033,driver,Premium Car,Dhaka-Metro-GA-43-7960,2024-08-01,4.63,active,Gulshan,60,39,678,2026-02-13T02:57:39+06:00,2026-08-10T06:23:33+06:00
162,USR014,+8801787913695,Anika Karim,PTH-RIDE-0000163,2026-05-03T05:59:46+06:00,Premium Car,Dhanmondi,23.752329,90.383122,Mohammadpur,23.763651,90.362907,11.75,13,667,cancelled_by_rider,2026-05-03T06:30:46+06:00,True,Pathao,PTH-DRV-017,Rubel Hossain,8801596800093,driver,Premium Car,Dhaka-Metro-GA-59-1389,2023-10-30,4.39,active,Dhanmondi,43,24,856,2026-02-13T21:12:16+06:00,2026-07-24T19:50:49+06:00
163,USR014,+8801787913695,Anika Karim,PTH-RIDE-0000164,2026-05-22T07:38:17+06:00,Premium Car,Motijheel,23.735102,90.411495,Uttara,23.877294,90.386245,17.28,56,804,cancelled_by_user,2026-05-22T08:37:17+06:00,True,Pathao,PTH-DRV-024,Sabbir Mia,8801635920547,driver,Premium Car,Dhaka-Metro-GA-29-9550,2026-02-19,4.75,active,Motijheel,52,34,1609,2026-02-14T00:28:05+06:00,2026-08-06T16:02:46+06:00
164,USR014,+8801787913695,Anika Karim,PTH-RIDE-0000165,2026-07-12T00:32:24+06:00,Bike,Khilgaon,23.744762,90.434509,Mohakhali,23.784271,90.401853,20.68,15,499,completed,2026-07-12T01:05:24+06:00,True,Pathao,PTH-DRV-008,Al Amin Sarker,8801690558459,driver,Bike,Dhaka-Metro-LA-55-6224,2023-03-18,4.43,active,Farmgate,41,26,1395,2026-02-12T12:34:17+06:00,2026-08-07T03:04:20+06:00
165,USR014,+8801787913695,Anika Karim,PTH-RIDE-0000166,2026-03-26T20:09:23+06:00,Premium Car,Gulshan,23.790336,90.414401,Bashundhara,23.816415,90.429525,17.23,12,807,cancelled_by_user,2026-03-26T20:24:23+06:00,True,Pathao,PTH-DRV-019,Tanvir Hossain,8801568844033,driver,Premium Car,Dhaka-Metro-GA-43-7960,2024-08-01,4.63,active,Gulshan,60,39,678,2026-02-13T02:57:39+06:00,2026-08-10T06:23:33+06:00
166,USR014,+8801787913695,Anika Karim,PTH-RIDE-0000167,2026-05-22T21:24:18+06:00,Car,Mirpur,23.828051,90.370532,Motijheel,23.729855,90.419599,23.25,35,840,completed,2026-05-22T22:16:18+06:00,True,Pathao,PTH-DRV-016,Imran Karim,8801417391915,driver,Car,Dhaka-Metro-GA-50-2706,2024-09-14,4.65,active,Khilgaon,43,28,1106,2026-02-13T07:06:14+06:00,2026-08-04T07:56:48+06:00
167,USR014,+8801787913695,Anika Karim,PTH-RIDE-0000168,2026-02-10T07:45:59+06:00,Car,Badda,23.774046,90.419456,Bashundhara,23.810532,90.423879,23.59,39,833,cancelled_by_rider,2026-02-10T08:48:59+06:00,True,Pathao,PTH-DRV-010,Zahid Chowdhury,8801738695856,driver,Car,Dhaka-Metro-GA-12-2328,2024-05-16,4.86,active,Badda,44,28,403,2026-02-10T07:45:59+06:00,2026-08-10T20:38:42+06:00
168,USR014,+8801787913695,Anika Karim,PTH-RIDE-0000169,2026-03-23T00:25:54+06:00,Car,Badda,23.779765,90.426156,Rampura,23.765327,90.416796,18.11,80,652,completed,2026-03-23T01:55:54+06:00,True,Pathao,PTH-DRV-010,Zahid Chowdhury,8801738695856,driver,Car,Dhaka-Metro-GA-12-2328,2024-05-16,4.86,active,Badda,44,28,403,2026-02-10T07:45:59+06:00,2026-08-10T20:38:42+06:00
169,USR015,+8801807655276,Tanvir Rahman,PTH-RIDE-0000170,2026-07-12T09:41:05+06:00,Premium Car,Dhanmondi,23.751289,90.368808,Banani,23.798469,90.403428,4.56,14,341,cancelled_by_user,2026-07-12T10:08:05+06:00,True,Pathao,PTH-DRV-017,Rubel Hossain,8801596800093,driver,Premium Car,Dhaka-Metro-GA-59-1389,2023-10-30,4.39,active,Dhanmondi,43,24,856,2026-02-13T21:12:16+06:00,2026-07-24T19:50:49+06:00
170,USR015,+8801807655276,Tanvir Rahman,PTH-RIDE-0000171,2026-07-16T05:54:55+06:00,Premium Car,Banani,23.785782,90.402295,Shyamoli,23.768867,90.358047,10.23,39,550,cancelled_by_rider,2026-07-16T06:41:55+06:00,True,Pathao,PTH-DRV-018,Riyad Khan,8801895144376,driver,Premium Car,Dhaka-Metro-GA-42-9702,2025-06-18,4.52,active,Farmgate,48,32,1798,2026-03-16T13:11:54+06:00,2026-08-10T14:18:39+06:00
171,USR015,+8801807655276,Tanvir Rahman,PTH-RIDE-0000172,2026-05-08T07:08:56+06:00,Bike,Banani,23.794649,90.414758,Mirpur,23.816857,90.374096,23.65,23,485,completed,2026-05-08T07:56:56+06:00,True,Pathao,PTH-DRV-005,Mizan Hasan,8801356392834,driver,Bike,Dhaka-Metro-LA-18-8731,2023-05-02,4.42,active,Banani,52,34,1623,2026-02-15T11:45:22+06:00,2026-08-04T01:29:10+06:00
172,USR015,+8801807655276,Tanvir Rahman,PTH-RIDE-0000173,2026-04-27T02:38:20+06:00,Car,Shyamoli,23.773089,90.361026,Pallabi,23.835543,90.373681,20.44,55,802,completed,2026-04-27T03:46:20+06:00,True,Pathao,PTH-DRV-012,Sakib Mahmud,8801701651316,driver,Car,Dhaka-Metro-GA-26-4203,2025-11-08,4.74,active,Bashundhara,50,31,1374,2026-02-18T14:40:42+06:00,2026-08-10T20:12:47+06:00
173,USR015,+8801807655276,Tanvir Rahman,PTH-RIDE-0000174,2026-07-02T09:31:37+06:00,Premium Car,Mohammadpur,23.767345,90.352878,Mohakhali,23.782637,90.402717,12.43,54,697,completed,2026-07-02T10:34:37+06:00,True,Pathao,PTH-DRV-023,Al Amin Khan,8801354736696,driver,Premium Car,Dhaka-Metro-GA-39-9114,2023-07-25,4.89,active,Mohammadpur,44,34,437,2026-02-24T14:00:15+06:00,2026-08-10T04:16:51+06:00
174,USR015,+8801807655276,Tanvir Rahman,PTH-RIDE-0000175,2026-03-04T12:28:07+06:00,Car,Motijheel,23.739562,90.424997,Pallabi,23.836058,90.369392,6.1,13,278,completed,2026-03-04T12:48:07+06:00,True,Pathao,PTH-DRV-015,Sumon Ahmed,8801592246260,driver,Car,Dhaka-Metro-GA-47-2377,2024-09-19,4.91,temporarily_inactive,Gulshan,51,33,344,2026-02-20T06:37:41+06:00,2026-08-08T17:20:03+06:00
175,USR015,+8801807655276,Tanvir Rahman,PTH-RIDE-0000176,2026-03-18T02:26:15+06:00,Premium Car,Rampura,23.760079,90.418285,Farmgate,23.758892,90.381106,18.91,51,875,completed,2026-03-18T03:40:15+06:00,True,Pathao,PTH-DRV-018,Riyad Khan,8801895144376,driver,Premium Car,Dhaka-Metro-GA-42-9702,2025-06-18,4.52,active,Farmgate,48,32,1798,2026-03-16T13:11:54+06:00,2026-08-10T14:18:39+06:00
176,USR015,+8801807655276,Tanvir Rahman,PTH-RIDE-0000177,2026-07-13T20:49:04+06:00,Bike,Gulshan,23.796587,90.413815,Motijheel,23.736882,90.417409,9.16,71,274,completed,2026-07-13T22:11:04+06:00,True,Pathao,PTH-DRV-002,Sabbir Ali,8801715535227,driver,Bike,Dhaka-Metro-LA-43-4404,2024-01-15,4.70,active,Uttara,47,34,1379,2026-02-14T01:39:55+06:00,2026-08-09T11:23:20+06:00
177,USR016,+8801566053876,Nusrat Karim,PTH-RIDE-0000178,2026-07-09T21:04:26+06:00,Premium Car,Badda,23.783399,90.431607,Mirpur,23.824773,90.37379,9.78,33,550,completed,2026-07-09T21:39:26+06:00,True,Pathao,PTH-DRV-019,Tanvir Hossain,8801568844033,driver,Premium Car,Dhaka-Metro-GA-43-7960,2024-08-01,4.63,active,Gulshan,60,39,678,2026-02-13T02:57:39+06:00,2026-08-10T06:23:33+06:00
178,USR016,+8801566053876,Nusrat Karim,PTH-RIDE-0000179,2026-07-10T22:40:30+06:00,Car,Mohakhali,23.77359,90.397282,Gulshan,23.790009,90.407116,19.29,78,664,completed,2026-07-11T00:18:30+06:00,True,Pathao,PTH-DRV-011,Mamun Khan,8801426550582,driver,Car,Dhaka-Metro-GA-36-9704,2025-07-14,4.26,active,Banani,45,31,1368,2026-02-20T14:11:58+06:00,2026-08-06T12:43:24+06:00
179,USR016,+8801566053876,Nusrat Karim,PTH-RIDE-0000180,2026-02-22T11:07:27+06:00,Bike,Farmgate,23.749034,90.397384,Khilgaon,23.753761,90.435518,19.36,8,456,cancelled_by_rider,2026-02-22T11:29:27+06:00,True,Pathao,PTH-DRV-008,Al Amin Sarker,8801690558459,driver,Bike,Dhaka-Metro-LA-55-6224,2023-03-18,4.43,active,Farmgate,41,26,1395,2026-02-12T12:34:17+06:00,2026-08-07T03:04:20+06:00
180,USR016,+8801566053876,Nusrat Karim,PTH-RIDE-0000181,2026-02-28T18:45:45+06:00,Car,Rampura,23.765404,90.414219,Motijheel,23.725303,90.416819,6.6,12,329,cancelled_by_rider,2026-02-28T19:05:45+06:00,True,Pathao,PTH-DRV-009,Shakil Mahmud,8801713605120,driver,Car,Dhaka-Metro-GA-18-9142,2026-02-13,4.51,active,Wari,51,33,1315,2026-02-13T19:17:45+06:00,2026-08-09T23:46:24+06:00
181,USR016,+8801566053876,Nusrat Karim,PTH-RIDE-0000182,2026-07-25T07:11:59+06:00,Premium Car,Uttara,23.869058,90.375322,Tejgaon,23.763675,90.399288,22.64,35,1084,completed,2026-07-25T07:53:59+06:00,True,Pathao,PTH-DRV-018,Riyad Khan,8801895144376,driver,Premium Car,Dhaka-Metro-GA-42-9702,2025-06-18,4.52,active,Farmgate,48,32,1798,2026-03-16T13:11:54+06:00,2026-08-10T14:18:39+06:00
182,USR016,+8801566053876,Nusrat Karim,PTH-RIDE-0000183,2026-05-14T07:30:35+06:00,Bike,Shyamoli,23.78185,90.372037,Khilgaon,23.755363,90.433086,14.58,79,395,completed,2026-05-14T08:56:35+06:00,True,Pathao,PTH-DRV-003,Emon Mollah,8801458656775,driver,Bike,Dhaka-Metro-LA-44-1806,2025-05-16,4.33,active,Wari,47,33,1457,2026-02-15T14:20:09+06:00,2026-08-05T18:34:40+06:00
183,USR016,+8801566053876,Nusrat Karim,PTH-RIDE-0000184,2026-03-12T22:29:34+06:00,Car,Tejgaon,23.761725,90.389029,Dhanmondi,23.73844,90.372199,9.3,55,438,cancelled_by_user,2026-03-12T23:32:34+06:00,True,Pathao,PTH-DRV-011,Mamun Khan,8801426550582,driver,Car,Dhaka-Metro-GA-36-9704,2025-07-14,4.26,active,Banani,45,31,1368,2026-02-20T14:11:58+06:00,2026-08-06T12:43:24+06:00
184,USR016,+8801566053876,Nusrat Karim,PTH-RIDE-0000185,2026-03-01T05:28:54+06:00,Bike,Khilgaon,23.742715,90.433058,Mohakhali,23.772126,90.408386,24.31,49,562,completed,2026-03-01T06:25:54+06:00,True,Pathao,PTH-DRV-003,Emon Mollah,8801458656775,driver,Bike,Dhaka-Metro-LA-44-1806,2025-05-16,4.33,active,Wari,47,33,1457,2026-02-15T14:20:09+06:00,2026-08-05T18:34:40+06:00
185,USR016,+8801566053876,Nusrat Karim,PTH-RIDE-0000186,2026-07-01T18:09:37+06:00,Bike,Motijheel,23.730065,90.408641,Gulshan,23.791537,90.41261,8.33,65,239,completed,2026-07-01T19:39:37+06:00,True,Pathao,PTH-DRV-005,Mizan Hasan,8801356392834,driver,Bike,Dhaka-Metro-LA-18-8731,2023-05-02,4.42,active,Banani,52,34,1623,2026-02-15T11:45:22+06:00,2026-08-04T01:29:10+06:00
186,USR016,+8801566053876,Nusrat Karim,PTH-RIDE-0000187,2026-05-05T20:25:18+06:00,Premium Car,Mirpur,23.825884,90.368645,Bashundhara,23.817257,90.418878,13.36,45,639,cancelled_by_user,2026-05-05T21:17:18+06:00,True,Pathao,PTH-DRV-021,Shuvo Chowdhury,8801396729644,driver,Premium Car,Dhaka-Metro-GA-18-5728,2024-05-09,4.49,active,Mirpur,61,41,785,2026-02-10T13:58:31+06:00,2026-08-07T01:44:36+06:00
187,USR016,+8801566053876,Nusrat Karim,PTH-RIDE-0000188,2026-04-12T05:38:56+06:00,Car,Banani,23.795553,90.404169,Dhanmondi,23.741054,90.384207,12.69,53,528,cancelled_by_rider,2026-04-12T06:50:56+06:00,True,Pathao,PTH-DRV-011,Mamun Khan,8801426550582,driver,Car,Dhaka-Metro-GA-36-9704,2025-07-14,4.26,active,Banani,45,31,1368,2026-02-20T14:11:58+06:00,2026-08-06T12:43:24+06:00
188,USR017,+8801485053811,Farzana Islam,PTH-RIDE-0000189,2026-04-07T20:14:50+06:00,Car,Old Dhaka,23.714574,90.402164,Badda,23.789312,90.431781,9.93,41,450,cancelled_by_rider,2026-04-07T21:01:50+06:00,True,Pathao,PTH-DRV-013,Noman Sheikh,8801702482414,driver,Car,Dhaka-Metro-GA-32-1635,2024-02-24,4.40,active,Dhanmondi,57,37,919,2026-02-12T18:33:16+06:00,2026-08-07T07:51:54+06:00
189,USR017,+8801485053811,Farzana Islam,PTH-RIDE-0000190,2026-06-27T03:55:15+06:00,Premium Car,Farmgate,23.761618,90.39366,Mohakhali,23.772425,90.394741,10.13,27,547,cancelled_by_user,2026-06-27T04:26:15+06:00,True,Pathao,PTH-DRV-018,Riyad Khan,8801895144376,driver,Premium Car,Dhaka-Metro-GA-42-9702,2025-06-18,4.52,active,Farmgate,48,32,1798,2026-03-16T13:11:54+06:00,2026-08-10T14:18:39+06:00
190,USR017,+8801485053811,Farzana Islam,PTH-RIDE-0000191,2026-07-02T15:57:36+06:00,Bike,Badda,23.788171,90.422251,Khilgaon,23.75455,90.428814,17.77,56,398,cancelled_by_user,2026-07-02T17:18:36+06:00,True,Pathao,PTH-DRV-004,Noman Islam,8801433479792,driver,Bike,Dhaka-Metro-LA-16-4147,2024-04-07,4.84,active,Badda,45,26,1163,2026-02-10T19:35:38+06:00,2026-08-06T22:59:51+06:00
191,USR017,+8801485053811,Farzana Islam,PTH-RIDE-0000192,2026-06-21T10:50:06+06:00,Car,Gulshan,23.789711,90.414965,Khilgaon,23.748319,90.425553,16.83,64,692,completed,2026-06-21T12:06:06+06:00,True,Pathao,PTH-DRV-015,Sumon Ahmed,8801592246260,driver,Car,Dhaka-Metro-GA-47-2377,2024-09-19,4.91,temporarily_inactive,Gulshan,51,33,344,2026-02-20T06:37:41+06:00,2026-08-08T17:20:03+06:00
192,USR017,+8801485053811,Farzana Islam,PTH-RIDE-0000193,2026-04-14T19:26:15+06:00,Bike,Farmgate,23.750724,90.387986,Tejgaon,23.769147,90.38827,18.97,67,414,cancelled_by_user,2026-04-14T20:49:15+06:00,True,Pathao,PTH-DRV-008,Al Amin Sarker,8801690558459,driver,Bike,Dhaka-Metro-LA-55-6224,2023-03-18,4.43,active,Farmgate,41,26,1395,2026-02-12T12:34:17+06:00,2026-08-07T03:04:20+06:00
193,USR017,+8801485053811,Farzana Islam,PTH-RIDE-0000194,2026-07-08T05:36:34+06:00,Premium Car,Tejgaon,23.758155,90.385457,Mirpur,23.825805,90.358699,11.16,75,545,cancelled_by_user,2026-07-08T06:54:34+06:00,True,Pathao,PTH-DRV-024,Sabbir Mia,8801635920547,driver,Premium Car,Dhaka-Metro-GA-29-9550,2026-02-19,4.75,active,Motijheel,52,34,1609,2026-02-14T00:28:05+06:00,2026-08-06T16:02:46+06:00
194,USR017,+8801485053811,Farzana Islam,PTH-RIDE-0000195,2026-04-14T02:19:33+06:00,Bike,Farmgate,23.749874,90.385092,Old Dhaka,23.719024,90.399227,4.97,20,145,completed,2026-04-14T02:57:33+06:00,True,Pathao,PTH-DRV-008,Al Amin Sarker,8801690558459,driver,Bike,Dhaka-Metro-LA-55-6224,2023-03-18,4.43,active,Farmgate,41,26,1395,2026-02-12T12:34:17+06:00,2026-08-07T03:04:20+06:00
195,USR017,+8801485053811,Farzana Islam,PTH-RIDE-0000196,2026-05-19T04:05:43+06:00,Premium Car,Farmgate,23.763858,90.386358,Mohakhali,23.771111,90.405178,24.85,56,1084,completed,2026-05-19T05:06:43+06:00,True,Pathao,PTH-DRV-018,Riyad Khan,8801895144376,driver,Premium Car,Dhaka-Metro-GA-42-9702,2025-06-18,4.52,active,Farmgate,48,32,1798,2026-03-16T13:11:54+06:00,2026-08-10T14:18:39+06:00
196,USR017,+8801485053811,Farzana Islam,PTH-RIDE-0000197,2026-04-13T08:56:45+06:00,Bike,Farmgate,23.751925,90.389049,Shyamoli,23.77681,90.363233,10.4,40,281,completed,2026-04-13T09:43:45+06:00,True,Pathao,PTH-DRV-008,Al Amin Sarker,8801690558459,driver,Bike,Dhaka-Metro-LA-55-6224,2023-03-18,4.43,active,Farmgate,41,26,1395,2026-02-12T12:34:17+06:00,2026-08-07T03:04:20+06:00
197,USR017,+8801485053811,Farzana Islam,PTH-RIDE-0000198,2026-07-05T15:49:32+06:00,Bike,Dhanmondi,23.754635,90.368229,Motijheel,23.736752,90.421349,11.49,8,323,completed,2026-07-05T16:11:32+06:00,True,Pathao,PTH-DRV-007,Rafi Chowdhury,8801972545462,driver,Bike,Dhaka-Metro-LA-49-8611,2025-12-04,4.63,active,Dhanmondi,50,31,630,2026-02-16T20:14:06+06:00,2026-08-08T21:37:30+06:00
198,USR017,+8801485053811,Farzana Islam,PTH-RIDE-0000199,2026-05-30T00:30:36+06:00,Bike,Pallabi,23.828887,90.368849,Old Dhaka,23.714526,90.404032,24.78,70,547,completed,2026-05-30T02:04:36+06:00,True,Pathao,PTH-DRV-004,Noman Islam,8801433479792,driver,Bike,Dhaka-Metro-LA-16-4147,2024-04-07,4.84,active,Badda,45,26,1163,2026-02-10T19:35:38+06:00,2026-08-06T22:59:51+06:00
199,USR017,+8801485053811,Farzana Islam,PTH-RIDE-0000200,2026-02-28T19:36:24+06:00,Premium Car,Pallabi,23.82447,90.364838,Bashundhara,23.810761,90.432562,15.76,62,730,completed,2026-02-28T20:45:24+06:00,True,Pathao,PTH-DRV-020,Sabbir Mahmud,8801520665194,driver,Premium Car,Dhaka-Metro-GA-27-7652,2025-07-04,4.51,active,Khilgaon,46,33,891,2026-02-15T21:25:09+06:00,2026-08-09T14:56:20+06:00
200,USR017,+8801485053811,Farzana Islam,PTH-RIDE-0000201,2026-05-15T11:10:13+06:00,Premium Car,Farmgate,23.75117,90.388564,Gulshan,23.783501,90.414711,6.85,34,408,completed,2026-05-15T11:54:13+06:00,True,Pathao,PTH-DRV-018,Riyad Khan,8801895144376,driver,Premium Car,Dhaka-Metro-GA-42-9702,2025-06-18,4.52,active,Farmgate,48,32,1798,2026-03-16T13:11:54+06:00,2026-08-10T14:18:39+06:00
201,USR017,+8801485053811,Farzana Islam,PTH-RIDE-0000202,2026-05-14T15:40:55+06:00,Bike,Wari,23.715243,90.417562,Khilgaon,23.748065,90.434442,24.43,34,515,completed,2026-05-14T16:33:55+06:00,True,Pathao,PTH-DRV-003,Emon Mollah,8801458656775,driver,Bike,Dhaka-Metro-LA-44-1806,2025-05-16,4.33,active,Wari,47,33,1457,2026-02-15T14:20:09+06:00,2026-08-05T18:34:40+06:00
202,USR018,+8801396253657,Naim Khan,PTH-RIDE-0000203,2026-04-03T07:00:57+06:00,Premium Car,Mohammadpur,23.777194,90.352597,Tejgaon,23.772491,90.399242,4.79,79,318,completed,2026-04-03T08:27:57+06:00,True,Pathao,PTH-DRV-023,Al Amin Khan,8801354736696,driver,Premium Car,Dhaka-Metro-GA-39-9114,2023-07-25,4.89,active,Mohammadpur,44,34,437,2026-02-24T14:00:15+06:00,2026-08-10T04:16:51+06:00
203,USR018,+8801396253657,Naim Khan,PTH-RIDE-0000204,2026-07-09T02:44:03+06:00,Premium Car,Mohakhali,23.769629,90.396065,Wari,23.718854,90.411729,20.09,67,985,completed,2026-07-09T03:55:03+06:00,True,Pathao,PTH-DRV-022,Rony Ahmed,8801406140466,driver,Premium Car,Dhaka-Metro-GA-14-3862,2024-03-08,4.36,active,Mohakhali,49,32,280,2026-02-19T05:07:42+06:00,2026-08-10T16:43:15+06:00
204,USR018,+8801396253657,Naim Khan,PTH-RIDE-0000205,2026-03-28T22:13:53+06:00,Premium Car,Khilgaon,23.753801,90.435347,Wari,23.720623,90.422861,20.65,80,1012,completed,2026-03-28T23:36:53+06:00,True,Pathao,PTH-DRV-020,Sabbir Mahmud,8801520665194,driver,Premium Car,Dhaka-Metro-GA-27-7652,2025-07-04,4.51,active,Khilgaon,46,33,891,2026-02-15T21:25:09+06:00,2026-08-09T14:56:20+06:00
205,USR018,+8801396253657,Naim Khan,PTH-RIDE-0000206,2026-06-26T09:47:47+06:00,Car,Dhanmondi,23.738291,90.374352,Banani,23.792947,90.413694,17.28,65,662,completed,2026-06-26T10:58:47+06:00,True,Pathao,PTH-DRV-013,Noman Sheikh,8801702482414,driver,Car,Dhaka-Metro-GA-32-1635,2024-02-24,4.40,active,Dhanmondi,57,37,919,2026-02-12T18:33:16+06:00,2026-08-07T07:51:54+06:00
206,USR018,+8801396253657,Naim Khan,PTH-RIDE-0000207,2026-08-03T19:12:19+06:00,Bike,Mohammadpur,23.761396,90.362091,Wari,23.719259,90.409792,9.28,55,193,completed,2026-08-03T20:12:19+06:00,True,Pathao,PTH-DRV-005,Mizan Hasan,8801356392834,driver,Bike,Dhaka-Metro-LA-18-8731,2023-05-02,4.42,active,Banani,52,34,1623,2026-02-15T11:45:22+06:00,2026-08-04T01:29:10+06:00
207,USR018,+8801396253657,Naim Khan,PTH-RIDE-0000208,2026-04-24T03:07:16+06:00,Premium Car,Mohakhali,23.770324,90.391594,Dhanmondi,23.751436,90.384528,22.04,62,977,cancelled_by_user,2026-04-24T04:12:16+06:00,True,Pathao,PTH-DRV-022,Rony Ahmed,8801406140466,driver,Premium Car,Dhaka-Metro-GA-14-3862,2024-03-08,4.36,active,Mohakhali,49,32,280,2026-02-19T05:07:42+06:00,2026-08-10T16:43:15+06:00
208,USR018,+8801396253657,Naim Khan,PTH-RIDE-0000209,2026-08-03T14:11:18+06:00,Car,Old Dhaka,23.704619,90.414783,Wari,23.725251,90.417008,15.58,40,593,cancelled_by_rider,2026-08-03T15:10:18+06:00,True,Pathao,PTH-DRV-015,Sumon Ahmed,8801592246260,driver,Car,Dhaka-Metro-GA-47-2377,2024-09-19,4.91,temporarily_inactive,Gulshan,51,33,344,2026-02-20T06:37:41+06:00,2026-08-08T17:20:03+06:00
209,USR018,+8801396253657,Naim Khan,PTH-RIDE-0000210,2026-04-28T05:03:20+06:00,Bike,Mohammadpur,23.77323,90.360641,Gulshan,23.796863,90.401137,9.69,70,277,cancelled_by_rider,2026-04-28T06:20:20+06:00,True,Pathao,PTH-DRV-006,Sohel Mia,8801413282469,driver,Bike,Dhaka-Metro-LA-42-7072,2023-11-20,4.46,active,Bashundhara,56,39,678,2026-02-11T19:34:53+06:00,2026-07-27T18:56:51+06:00
210,USR018,+8801396253657,Naim Khan,PTH-RIDE-0000211,2026-03-23T10:56:48+06:00,Bike,Badda,23.789076,90.422787,Bashundhara,23.81724,90.42106,12.71,52,306,completed,2026-03-23T11:50:48+06:00,True,Pathao,PTH-DRV-004,Noman Islam,8801433479792,driver,Bike,Dhaka-Metro-LA-16-4147,2024-04-07,4.84,active,Badda,45,26,1163,2026-02-10T19:35:38+06:00,2026-08-06T22:59:51+06:00
211,USR018,+8801396253657,Naim Khan,PTH-RIDE-0000212,2026-08-09T07:35:51+06:00,Bike,Tejgaon,23.759529,90.384618,Khilgaon,23.757497,90.419789,24.84,73,556,completed,2026-08-09T09:03:51+06:00,True,Pathao,PTH-DRV-001,Nayeem Sarker,8801967036821,driver,Bike,Dhaka-Metro-LA-50-6184,2025-12-26,4.94,active,Tejgaon,58,41,819,2026-02-10T15:17:23+06:00,2026-08-09T07:35:51+06:00
212,USR018,+8801396253657,Naim Khan,PTH-RIDE-0000213,2026-03-31T00:47:24+06:00,Bike,Mohakhali,23.773543,90.396824,Banani,23.78809,90.405485,7.31,18,170,cancelled_by_user,2026-03-31T01:13:24+06:00,True,Pathao,PTH-DRV-006,Sohel Mia,8801413282469,driver,Bike,Dhaka-Metro-LA-42-7072,2023-11-20,4.46,active,Bashundhara,56,39,678,2026-02-11T19:34:53+06:00,2026-07-27T18:56:51+06:00
213,USR018,+8801396253657,Naim Khan,PTH-RIDE-0000214,2026-07-28T13:47:47+06:00,Car,Shyamoli,23.766369,90.37134,Badda,23.789581,90.420689,22.71,40,852,completed,2026-07-28T14:31:47+06:00,True,Pathao,PTH-DRV-010,Zahid Chowdhury,8801738695856,driver,Car,Dhaka-Metro-GA-12-2328,2024-05-16,4.86,active,Badda,44,28,403,2026-02-10T07:45:59+06:00,2026-08-10T20:38:42+06:00
214,USR018,+8801396253657,Naim Khan,PTH-RIDE-0000215,2026-07-22T19:32:07+06:00,Premium Car,Khilgaon,23.744046,90.422468,Banani,23.79518,90.400085,6.58,9,391,cancelled_by_user,2026-07-22T19:48:07+06:00,True,Pathao,PTH-DRV-020,Sabbir Mahmud,8801520665194,driver,Premium Car,Dhaka-Metro-GA-27-7652,2025-07-04,4.51,active,Khilgaon,46,33,891,2026-02-15T21:25:09+06:00,2026-08-09T14:56:20+06:00
215,USR019,+8801759980555,Tanjim Uddin,PTH-RIDE-0000216,2026-07-10T00:14:57+06:00,Premium Car,Old Dhaka,23.704342,90.416188,Wari,23.717736,90.411373,1.97,65,204,completed,2026-07-10T01:28:57+06:00,True,Pathao,PTH-DRV-024,Sabbir Mia,8801635920547,driver,Premium Car,Dhaka-Metro-GA-29-9550,2026-02-19,4.75,active,Motijheel,52,34,1609,2026-02-14T00:28:05+06:00,2026-08-06T16:02:46+06:00
216,USR019,+8801759980555,Tanjim Uddin,PTH-RIDE-0000217,2026-02-28T03:37:25+06:00,Premium Car,Badda,23.781161,90.434237,Old Dhaka,23.704504,90.403463,17.37,75,833,completed,2026-02-28T04:54:25+06:00,True,Pathao,PTH-DRV-024,Sabbir Mia,8801635920547,driver,Premium Car,Dhaka-Metro-GA-29-9550,2026-02-19,4.75,active,Motijheel,52,34,1609,2026-02-14T00:28:05+06:00,2026-08-06T16:02:46+06:00
217,USR019,+8801759980555,Tanjim Uddin,PTH-RIDE-0000218,2026-06-05T21:59:17+06:00,Car,Mirpur,23.826749,90.37014,Badda,23.773895,90.43333,23.79,35,826,completed,2026-06-05T22:55:17+06:00,True,Pathao,PTH-DRV-009,Shakil Mahmud,8801713605120,driver,Car,Dhaka-Metro-GA-18-9142,2026-02-13,4.51,active,Wari,51,33,1315,2026-02-13T19:17:45+06:00,2026-08-09T23:46:24+06:00
218,USR019,+8801759980555,Tanjim Uddin,PTH-RIDE-0000219,2026-05-11T14:12:48+06:00,Bike,Shyamoli,23.780108,90.367514,Gulshan,23.79089,90.413568,10.2,62,251,completed,2026-05-11T15:23:48+06:00,True,Pathao,PTH-DRV-006,Sohel Mia,8801413282469,driver,Bike,Dhaka-Metro-LA-42-7072,2023-11-20,4.46,active,Bashundhara,56,39,678,2026-02-11T19:34:53+06:00,2026-07-27T18:56:51+06:00
219,USR019,+8801759980555,Tanjim Uddin,PTH-RIDE-0000220,2026-04-18T19:31:42+06:00,Premium Car,Pallabi,23.831953,90.360518,Uttara,23.874311,90.385182,1.56,57,263,cancelled_by_rider,2026-04-18T20:49:42+06:00,True,Pathao,PTH-DRV-020,Sabbir Mahmud,8801520665194,driver,Premium Car,Dhaka-Metro-GA-27-7652,2025-07-04,4.51,active,Khilgaon,46,33,891,2026-02-15T21:25:09+06:00,2026-08-09T14:56:20+06:00
220,USR019,+8801759980555,Tanjim Uddin,PTH-RIDE-0000221,2026-07-24T09:16:46+06:00,Car,Badda,23.781599,90.433894,Mirpur,23.824874,90.373668,13.52,24,588,completed,2026-07-24T09:47:46+06:00,True,Pathao,PTH-DRV-010,Zahid Chowdhury,8801738695856,driver,Car,Dhaka-Metro-GA-12-2328,2024-05-16,4.86,active,Badda,44,28,403,2026-02-10T07:45:59+06:00,2026-08-10T20:38:42+06:00
221,USR019,+8801759980555,Tanjim Uddin,PTH-RIDE-0000222,2026-07-21T23:34:37+06:00,Car,Motijheel,23.724178,90.416691,Mohammadpur,23.766909,90.35193,2.67,39,219,cancelled_by_user,2026-07-22T00:35:37+06:00,True,Pathao,PTH-DRV-013,Noman Sheikh,8801702482414,driver,Car,Dhaka-Metro-GA-32-1635,2024-02-24,4.40,active,Dhanmondi,57,37,919,2026-02-12T18:33:16+06:00,2026-08-07T07:51:54+06:00
222,USR019,+8801759980555,Tanjim Uddin,PTH-RIDE-0000223,2026-04-26T07:16:52+06:00,Bike,Khilgaon,23.74444,90.420622,Old Dhaka,23.704576,90.410165,3.2,79,82,completed,2026-04-26T08:54:52+06:00,True,Pathao,PTH-DRV-004,Noman Islam,8801433479792,driver,Bike,Dhaka-Metro-LA-16-4147,2024-04-07,4.84,active,Badda,45,26,1163,2026-02-10T19:35:38+06:00,2026-08-06T22:59:51+06:00
223,USR019,+8801759980555,Tanjim Uddin,PTH-RIDE-0000224,2026-07-07T17:22:13+06:00,Car,Wari,23.722056,90.410912,Old Dhaka,23.714361,90.401148,9.73,53,373,completed,2026-07-07T18:26:13+06:00,True,Pathao,PTH-DRV-009,Shakil Mahmud,8801713605120,driver,Car,Dhaka-Metro-GA-18-9142,2026-02-13,4.51,active,Wari,51,33,1315,2026-02-13T19:17:45+06:00,2026-08-09T23:46:24+06:00
224,USR019,+8801759980555,Tanjim Uddin,PTH-RIDE-0000225,2026-05-21T16:22:53+06:00,Premium Car,Bashundhara,23.821571,90.427523,Badda,23.789221,90.428824,14.57,75,695,cancelled_by_user,2026-05-21T17:41:53+06:00,True,Pathao,PTH-DRV-023,Al Amin Khan,8801354736696,driver,Premium Car,Dhaka-Metro-GA-39-9114,2023-07-25,4.89,active,Mohammadpur,44,34,437,2026-02-24T14:00:15+06:00,2026-08-10T04:16:51+06:00
225,USR019,+8801759980555,Tanjim Uddin,PTH-RIDE-0000226,2026-06-13T17:58:12+06:00,Bike,Dhanmondi,23.742977,90.371183,Gulshan,23.789115,90.409397,16.71,10,394,completed,2026-06-13T18:12:12+06:00,True,Pathao,PTH-DRV-007,Rafi Chowdhury,8801972545462,driver,Bike,Dhaka-Metro-LA-49-8611,2025-12-04,4.63,active,Dhanmondi,50,31,630,2026-02-16T20:14:06+06:00,2026-08-08T21:37:30+06:00
226,USR019,+8801759980555,Tanjim Uddin,PTH-RIDE-0000227,2026-06-11T05:31:58+06:00,Car,Shyamoli,23.77876,90.368004,Mirpur,23.819439,90.368879,22.52,13,792,cancelled_by_user,2026-06-11T05:52:58+06:00,True,Pathao,PTH-DRV-010,Zahid Chowdhury,8801738695856,driver,Car,Dhaka-Metro-GA-12-2328,2024-05-16,4.86,active,Badda,44,28,403,2026-02-10T07:45:59+06:00,2026-08-10T20:38:42+06:00
227,USR019,+8801759980555,Tanjim Uddin,PTH-RIDE-0000228,2026-03-11T05:26:03+06:00,Car,Mohammadpur,23.771989,90.352758,Mirpur,23.815983,90.36587,3.54,49,267,completed,2026-03-11T06:22:03+06:00,True,Pathao,PTH-DRV-011,Mamun Khan,8801426550582,driver,Car,Dhaka-Metro-GA-36-9704,2025-07-14,4.26,active,Banani,45,31,1368,2026-02-20T14:11:58+06:00,2026-08-06T12:43:24+06:00
228,USR019,+8801759980555,Tanjim Uddin,PTH-RIDE-0000229,2026-03-14T23:20:16+06:00,Bike,Old Dhaka,23.701486,90.406006,Khilgaon,23.755463,90.423383,23.81,15,475,cancelled_by_user,2026-03-14T23:51:16+06:00,True,Pathao,PTH-DRV-008,Al Amin Sarker,8801690558459,driver,Bike,Dhaka-Metro-LA-55-6224,2023-03-18,4.43,active,Farmgate,41,26,1395,2026-02-12T12:34:17+06:00,2026-08-07T03:04:20+06:00
229,USR019,+8801759980555,Tanjim Uddin,PTH-RIDE-0000230,2026-06-27T23:53:37+06:00,Premium Car,Mirpur,23.82901,90.36302,Tejgaon,23.766266,90.39919,17.8,20,813,completed,2026-06-28T00:31:37+06:00,True,Pathao,PTH-DRV-021,Shuvo Chowdhury,8801396729644,driver,Premium Car,Dhaka-Metro-GA-18-5728,2024-05-09,4.49,active,Mirpur,61,41,785,2026-02-10T13:58:31+06:00,2026-08-07T01:44:36+06:00
230,USR020,+8801394446203,Nadia Chowdhury,PTH-RIDE-0000231,2026-08-03T00:57:46+06:00,Bike,Mirpur,23.824429,90.362241,Mohakhali,23.777464,90.391635,17.09,47,402,completed,2026-08-03T01:51:46+06:00,True,Pathao,PTH-DRV-001,Nayeem Sarker,8801967036821,driver,Bike,Dhaka-Metro-LA-50-6184,2025-12-26,4.94,active,Tejgaon,58,41,819,2026-02-10T15:17:23+06:00,2026-08-09T07:35:51+06:00
231,USR020,+8801394446203,Nadia Chowdhury,PTH-RIDE-0000232,2026-03-30T06:47:12+06:00,Car,Tejgaon,23.755066,90.38306,Mirpur,23.827855,90.367297,2.77,58,202,cancelled_by_user,2026-03-30T08:09:12+06:00,True,Pathao,PTH-DRV-011,Mamun Khan,8801426550582,driver,Car,Dhaka-Metro-GA-36-9704,2025-07-14,4.26,active,Banani,45,31,1368,2026-02-20T14:11:58+06:00,2026-08-06T12:43:24+06:00
232,USR020,+8801394446203,Nadia Chowdhury,PTH-RIDE-0000233,2026-06-14T11:06:41+06:00,Premium Car,Farmgate,23.749619,90.398522,Uttara,23.870439,90.373144,10.48,18,594,completed,2026-06-14T11:33:41+06:00,True,Pathao,PTH-DRV-018,Riyad Khan,8801895144376,driver,Premium Car,Dhaka-Metro-GA-42-9702,2025-06-18,4.52,active,Farmgate,48,32,1798,2026-03-16T13:11:54+06:00,2026-08-10T14:18:39+06:00
233,USR020,+8801394446203,Nadia Chowdhury,PTH-RIDE-0000234,2026-06-26T08:22:54+06:00,Car,Pallabi,23.829358,90.364662,Motijheel,23.739589,90.40886,24.9,53,885,cancelled_by_user,2026-06-26T09:28:54+06:00,True,Pathao,PTH-DRV-015,Sumon Ahmed,8801592246260,driver,Car,Dhaka-Metro-GA-47-2377,2024-09-19,4.91,temporarily_inactive,Gulshan,51,33,344,2026-02-20T06:37:41+06:00,2026-08-08T17:20:03+06:00
234,USR020,+8801394446203,Nadia Chowdhury,PTH-RIDE-0000235,2026-03-13T20:46:44+06:00,Bike,Motijheel,23.738716,90.413519,Badda,23.772577,90.428886,4.12,50,156,completed,2026-03-13T21:53:44+06:00,True,Pathao,PTH-DRV-002,Sabbir Ali,8801715535227,driver,Bike,Dhaka-Metro-LA-43-4404,2024-01-15,4.70,active,Uttara,47,34,1379,2026-02-14T01:39:55+06:00,2026-08-09T11:23:20+06:00
235,USR020,+8801394446203,Nadia Chowdhury,PTH-RIDE-0000236,2026-06-15T04:27:36+06:00,Premium Car,Banani,23.798756,90.409914,Old Dhaka,23.705888,90.404449,8.05,27,529,completed,2026-06-15T05:17:36+06:00,True,Pathao,PTH-DRV-022,Rony Ahmed,8801406140466,driver,Premium Car,Dhaka-Metro-GA-14-3862,2024-03-08,4.36,active,Mohakhali,49,32,280,2026-02-19T05:07:42+06:00,2026-08-10T16:43:15+06:00
236,USR020,+8801394446203,Nadia Chowdhury,PTH-RIDE-0000237,2026-04-03T10:49:12+06:00,Premium Car,Wari,23.714378,90.425406,Pallabi,23.834368,90.371253,5.99,51,440,cancelled_by_rider,2026-04-03T11:46:12+06:00,True,Pathao,PTH-DRV-018,Riyad Khan,8801895144376,driver,Premium Car,Dhaka-Metro-GA-42-9702,2025-06-18,4.52,active,Farmgate,48,32,1798,2026-03-16T13:11:54+06:00,2026-08-10T14:18:39+06:00
237,USR020,+8801394446203,Nadia Chowdhury,PTH-RIDE-0000238,2026-05-07T19:22:57+06:00,Premium Car,Rampura,23.767689,90.42105,Gulshan,23.791684,90.4054,24.9,21,1176,completed,2026-05-07T19:58:57+06:00,True,Pathao,PTH-DRV-019,Tanvir Hossain,8801568844033,driver,Premium Car,Dhaka-Metro-GA-43-7960,2024-08-01,4.63,active,Gulshan,60,39,678,2026-02-13T02:57:39+06:00,2026-08-10T06:23:33+06:00
238,USR020,+8801394446203,Nadia Chowdhury,PTH-RIDE-0000239,2026-03-04T06:56:51+06:00,Car,Uttara,23.876976,90.373559,Wari,23.726957,90.41516,8.41,25,412,cancelled_by_user,2026-03-04T07:23:51+06:00,True,Pathao,PTH-DRV-010,Zahid Chowdhury,8801738695856,driver,Car,Dhaka-Metro-GA-12-2328,2024-05-16,4.86,active,Badda,44,28,403,2026-02-10T07:45:59+06:00,2026-08-10T20:38:42+06:00
239,USR020,+8801394446203,Nadia Chowdhury,PTH-RIDE-0000240,2026-03-25T15:45:36+06:00,Premium Car,Rampura,23.755316,90.426086,Shyamoli,23.779883,90.369471,20.34,64,913,completed,2026-03-25T17:02:36+06:00,True,Pathao,PTH-DRV-023,Al Amin Khan,8801354736696,driver,Premium Car,Dhaka-Metro-GA-39-9114,2023-07-25,4.89,active,Mohammadpur,44,34,437,2026-02-24T14:00:15+06:00,2026-08-10T04:16:51+06:00
240,USR020,+8801394446203,Nadia Chowdhury,PTH-RIDE-0000241,2026-06-04T17:39:40+06:00,Bike,Old Dhaka,23.714343,90.409371,Wari,23.712811,90.423233,5.06,16,177,completed,2026-06-04T18:02:40+06:00,True,Pathao,PTH-DRV-002,Sabbir Ali,8801715535227,driver,Bike,Dhaka-Metro-LA-43-4404,2024-01-15,4.70,active,Uttara,47,34,1379,2026-02-14T01:39:55+06:00,2026-08-09T11:23:20+06:00
241,USR020,+8801394446203,Nadia Chowdhury,PTH-RIDE-0000242,2026-03-23T19:54:31+06:00,Bike,Farmgate,23.751037,90.398136,Mohakhali,23.770213,90.393795,3.06,30,143,completed,2026-03-23T20:37:31+06:00,True,Pathao,PTH-DRV-008,Al Amin Sarker,8801690558459,driver,Bike,Dhaka-Metro-LA-55-6224,2023-03-18,4.43,active,Farmgate,41,26,1395,2026-02-12T12:34:17+06:00,2026-08-07T03:04:20+06:00
242,USR020,+8801394446203,Nadia Chowdhury,PTH-RIDE-0000243,2026-03-27T18:58:21+06:00,Bike,Farmgate,23.757341,90.397558,Old Dhaka,23.703017,90.416012,4.73,13,182,completed,2026-03-27T19:28:21+06:00,True,Pathao,PTH-DRV-008,Al Amin Sarker,8801690558459,driver,Bike,Dhaka-Metro-LA-55-6224,2023-03-18,4.43,active,Farmgate,41,26,1395,2026-02-12T12:34:17+06:00,2026-08-07T03:04:20+06:00
243,USR020,+8801394446203,Nadia Chowdhury,PTH-RIDE-0000244,2026-06-29T18:37:03+06:00,Car,Khilgaon,23.75518,90.425204,Farmgate,23.749743,90.390109,3.25,19,270,completed,2026-06-29T19:12:03+06:00,True,Pathao,PTH-DRV-016,Imran Karim,8801417391915,driver,Car,Dhaka-Metro-GA-50-2706,2024-09-14,4.65,active,Khilgaon,43,28,1106,2026-02-13T07:06:14+06:00,2026-08-04T07:56:48+06:00
244,USR021,+8801643629810,Shanto Islam,PTH-RIDE-0000245,2026-04-28T18:08:17+06:00,Car,Khilgaon,23.745681,90.426316,Wari,23.72399,90.416915,5.02,28,339,completed,2026-04-28T18:59:17+06:00,True,Pathao,PTH-DRV-016,Imran Karim,8801417391915,driver,Car,Dhaka-Metro-GA-50-2706,2024-09-14,4.65,active,Khilgaon,43,28,1106,2026-02-13T07:06:14+06:00,2026-08-04T07:56:48+06:00
245,USR021,+8801643629810,Shanto Islam,PTH-RIDE-0000246,2026-06-05T15:40:27+06:00,Premium Car,Pallabi,23.829008,90.365157,Dhanmondi,23.754326,90.368988,11.39,14,623,completed,2026-06-05T16:13:27+06:00,True,Pathao,PTH-DRV-022,Rony Ahmed,8801406140466,driver,Premium Car,Dhaka-Metro-GA-14-3862,2024-03-08,4.36,active,Mohakhali,49,32,280,2026-02-19T05:07:42+06:00,2026-08-10T16:43:15+06:00
246,USR021,+8801643629810,Shanto Islam,PTH-RIDE-0000247,2026-06-25T17:06:05+06:00,Car,Wari,23.730521,90.414522,Pallabi,23.823071,90.35717,17.37,73,608,cancelled_by_user,2026-06-25T18:28:05+06:00,True,Pathao,PTH-DRV-009,Shakil Mahmud,8801713605120,driver,Car,Dhaka-Metro-GA-18-9142,2026-02-13,4.51,active,Wari,51,33,1315,2026-02-13T19:17:45+06:00,2026-08-09T23:46:24+06:00
247,USR021,+8801643629810,Shanto Islam,PTH-RIDE-0000248,2026-06-25T11:03:20+06:00,Premium Car,Bashundhara,23.814582,90.431635,Pallabi,23.834135,90.365134,8.06,70,496,completed,2026-06-25T12:29:20+06:00,True,Pathao,PTH-DRV-024,Sabbir Mia,8801635920547,driver,Premium Car,Dhaka-Metro-GA-29-9550,2026-02-19,4.75,active,Motijheel,52,34,1609,2026-02-14T00:28:05+06:00,2026-08-06T16:02:46+06:00
248,USR021,+8801643629810,Shanto Islam,PTH-RIDE-0000249,2026-05-27T23:52:57+06:00,Premium Car,Mohakhali,23.783179,90.398662,Wari,23.730782,90.413277,19.01,64,888,completed,2026-05-28T01:09:57+06:00,True,Pathao,PTH-DRV-022,Rony Ahmed,8801406140466,driver,Premium Car,Dhaka-Metro-GA-14-3862,2024-03-08,4.36,active,Mohakhali,49,32,280,2026-02-19T05:07:42+06:00,2026-08-10T16:43:15+06:00
249,USR021,+8801643629810,Shanto Islam,PTH-RIDE-0000250,2026-04-19T05:45:07+06:00,Premium Car,Gulshan,23.786912,90.412612,Mohakhali,23.782598,90.395415,7.29,39,498,cancelled_by_rider,2026-04-19T06:33:07+06:00,True,Pathao,PTH-DRV-019,Tanvir Hossain,8801568844033,driver,Premium Car,Dhaka-Metro-GA-43-7960,2024-08-01,4.63,active,Gulshan,60,39,678,2026-02-13T02:57:39+06:00,2026-08-10T06:23:33+06:00
250,USR021,+8801643629810,Shanto Islam,PTH-RIDE-0000251,2026-07-09T05:32:43+06:00,Premium Car,Bashundhara,23.806356,90.419954,Wari,23.72401,90.419886,7.62,78,517,cancelled_by_rider,2026-07-09T07:12:43+06:00,True,Pathao,PTH-DRV-022,Rony Ahmed,8801406140466,driver,Premium Car,Dhaka-Metro-GA-14-3862,2024-03-08,4.36,active,Mohakhali,49,32,280,2026-02-19T05:07:42+06:00,2026-08-10T16:43:15+06:00
251,USR021,+8801643629810,Shanto Islam,PTH-RIDE-0000252,2026-05-11T19:43:33+06:00,Car,Uttara,23.877684,90.385633,Rampura,23.754808,90.425577,4.78,69,228,cancelled_by_rider,2026-05-11T21:09:33+06:00,True,Pathao,PTH-DRV-013,Noman Sheikh,8801702482414,driver,Car,Dhaka-Metro-GA-32-1635,2024-02-24,4.40,active,Dhanmondi,57,37,919,2026-02-12T18:33:16+06:00,2026-08-07T07:51:54+06:00
252,USR021,+8801643629810,Shanto Islam,PTH-RIDE-0000253,2026-04-29T02:23:14+06:00,Premium Car,Old Dhaka,23.713543,90.39951,Dhanmondi,23.738039,90.376779,12.82,9,697,completed,2026-04-29T02:35:14+06:00,True,Pathao,PTH-DRV-020,Sabbir Mahmud,8801520665194,driver,Premium Car,Dhaka-Metro-GA-27-7652,2025-07-04,4.51,active,Khilgaon,46,33,891,2026-02-15T21:25:09+06:00,2026-08-09T14:56:20+06:00
253,USR021,+8801643629810,Shanto Islam,PTH-RIDE-0000254,2026-05-11T17:00:49+06:00,Premium Car,Old Dhaka,23.718638,90.407177,Khilgaon,23.758427,90.420091,20.61,23,978,cancelled_by_user,2026-05-11T17:42:49+06:00,True,Pathao,PTH-DRV-019,Tanvir Hossain,8801568844033,driver,Premium Car,Dhaka-Metro-GA-43-7960,2024-08-01,4.63,active,Gulshan,60,39,678,2026-02-13T02:57:39+06:00,2026-08-10T06:23:33+06:00
254,USR021,+8801643629810,Shanto Islam,PTH-RIDE-0000255,2026-05-13T06:31:48+06:00,Bike,Rampura,23.762511,90.418635,Shyamoli,23.771884,90.35863,11.28,13,330,cancelled_by_rider,2026-05-13T06:46:48+06:00,True,Pathao,PTH-DRV-008,Al Amin Sarker,8801690558459,driver,Bike,Dhaka-Metro-LA-55-6224,2023-03-18,4.43,active,Farmgate,41,26,1395,2026-02-12T12:34:17+06:00,2026-08-07T03:04:20+06:00
255,USR021,+8801643629810,Shanto Islam,PTH-RIDE-0000256,2026-03-28T15:14:09+06:00,Premium Car,Tejgaon,23.758986,90.386131,Old Dhaka,23.715389,90.401337,17.62,18,854,completed,2026-03-28T15:40:09+06:00,True,Pathao,PTH-DRV-018,Riyad Khan,8801895144376,driver,Premium Car,Dhaka-Metro-GA-42-9702,2025-06-18,4.52,active,Farmgate,48,32,1798,2026-03-16T13:11:54+06:00,2026-08-10T14:18:39+06:00
256,USR021,+8801643629810,Shanto Islam,PTH-RIDE-0000257,2026-08-06T15:50:52+06:00,Bike,Mohakhali,23.782418,90.397739,Bashundhara,23.818149,90.424251,10.09,13,277,cancelled_by_user,2026-08-06T16:17:52+06:00,True,Pathao,PTH-DRV-001,Nayeem Sarker,8801967036821,driver,Bike,Dhaka-Metro-LA-50-6184,2025-12-26,4.94,active,Tejgaon,58,41,819,2026-02-10T15:17:23+06:00,2026-08-09T07:35:51+06:00
257,USR021,+8801643629810,Shanto Islam,PTH-RIDE-0000258,2026-03-31T21:14:03+06:00,Bike,Pallabi,23.83383,90.36012,Motijheel,23.738445,90.422178,6.58,11,194,cancelled_by_user,2026-03-31T21:46:03+06:00,True,Pathao,PTH-DRV-005,Mizan Hasan,8801356392834,driver,Bike,Dhaka-Metro-LA-18-8731,2023-05-02,4.42,active,Banani,52,34,1623,2026-02-15T11:45:22+06:00,2026-08-04T01:29:10+06:00
258,USR022,+8801385714090,Nabil Mahmud,PTH-RIDE-0000259,2026-07-07T13:02:00+06:00,Car,Pallabi,23.821802,90.357602,Dhanmondi,23.752634,90.367027,8.93,72,410,completed,2026-07-07T14:18:00+06:00,True,Pathao,PTH-DRV-013,Noman Sheikh,8801702482414,driver,Car,Dhaka-Metro-GA-32-1635,2024-02-24,4.40,active,Dhanmondi,57,37,919,2026-02-12T18:33:16+06:00,2026-08-07T07:51:54+06:00
259,USR022,+8801385714090,Nabil Mahmud,PTH-RIDE-0000260,2026-03-20T14:34:13+06:00,Bike,Motijheel,23.727403,90.409581,Badda,23.77202,90.428912,15.77,68,416,completed,2026-03-20T15:49:13+06:00,True,Pathao,PTH-DRV-007,Rafi Chowdhury,8801972545462,driver,Bike,Dhaka-Metro-LA-49-8611,2025-12-04,4.63,active,Dhanmondi,50,31,630,2026-02-16T20:14:06+06:00,2026-08-08T21:37:30+06:00
260,USR022,+8801385714090,Nabil Mahmud,PTH-RIDE-0000261,2026-07-23T03:53:01+06:00,Bike,Khilgaon,23.752754,90.419411,Banani,23.791718,90.400485,20.23,35,445,completed,2026-07-23T04:48:01+06:00,True,Pathao,PTH-DRV-001,Nayeem Sarker,8801967036821,driver,Bike,Dhaka-Metro-LA-50-6184,2025-12-26,4.94,active,Tejgaon,58,41,819,2026-02-10T15:17:23+06:00,2026-08-09T07:35:51+06:00
261,USR022,+8801385714090,Nabil Mahmud,PTH-RIDE-0000262,2026-08-05T14:03:20+06:00,Premium Car,Khilgaon,23.743501,90.426498,Shyamoli,23.775658,90.357744,4.58,60,378,completed,2026-08-05T15:19:20+06:00,True,Pathao,PTH-DRV-020,Sabbir Mahmud,8801520665194,driver,Premium Car,Dhaka-Metro-GA-27-7652,2025-07-04,4.51,active,Khilgaon,46,33,891,2026-02-15T21:25:09+06:00,2026-08-09T14:56:20+06:00
262,USR022,+8801385714090,Nabil Mahmud,PTH-RIDE-0000263,2026-03-30T02:52:56+06:00,Car,Rampura,23.76436,90.427455,Khilgaon,23.75944,90.421847,10.76,27,466,completed,2026-03-30T03:40:56+06:00,True,Pathao,PTH-DRV-010,Zahid Chowdhury,8801738695856,driver,Car,Dhaka-Metro-GA-12-2328,2024-05-16,4.86,active,Badda,44,28,403,2026-02-10T07:45:59+06:00,2026-08-10T20:38:42+06:00
263,USR022,+8801385714090,Nabil Mahmud,PTH-RIDE-0000264,2026-03-09T23:47:55+06:00,Car,Mohakhali,23.784752,90.402201,Uttara,23.884691,90.381159,17.44,56,617,completed,2026-03-10T01:07:55+06:00,True,Pathao,PTH-DRV-012,Sakib Mahmud,8801701651316,driver,Car,Dhaka-Metro-GA-26-4203,2025-11-08,4.74,active,Bashundhara,50,31,1374,2026-02-18T14:40:42+06:00,2026-08-10T20:12:47+06:00
264,USR022,+8801385714090,Nabil Mahmud,PTH-RIDE-0000265,2026-03-16T16:18:09+06:00,Bike,Mirpur,23.817626,90.362992,Bashundhara,23.818362,90.425867,23.48,34,539,completed,2026-03-16T17:10:09+06:00,True,Pathao,PTH-DRV-001,Nayeem Sarker,8801967036821,driver,Bike,Dhaka-Metro-LA-50-6184,2025-12-26,4.94,active,Tejgaon,58,41,819,2026-02-10T15:17:23+06:00,2026-08-09T07:35:51+06:00
265,USR022,+8801385714090,Nabil Mahmud,PTH-RIDE-0000266,2026-07-09T20:07:08+06:00,Premium Car,Mohakhali,23.772553,90.39757,Mohammadpur,23.770237,90.355705,7.51,68,434,cancelled_by_user,2026-07-09T21:28:08+06:00,True,Pathao,PTH-DRV-022,Rony Ahmed,8801406140466,driver,Premium Car,Dhaka-Metro-GA-14-3862,2024-03-08,4.36,active,Mohakhali,49,32,280,2026-02-19T05:07:42+06:00,2026-08-10T16:43:15+06:00
266,USR022,+8801385714090,Nabil Mahmud,PTH-RIDE-0000267,2026-07-21T16:47:36+06:00,Premium Car,Bashundhara,23.809294,90.42436,Khilgaon,23.756722,90.431516,4.22,77,370,cancelled_by_user,2026-07-21T18:18:36+06:00,True,Pathao,PTH-DRV-022,Rony Ahmed,8801406140466,driver,Premium Car,Dhaka-Metro-GA-14-3862,2024-03-08,4.36,active,Mohakhali,49,32,280,2026-02-19T05:07:42+06:00,2026-08-10T16:43:15+06:00
267,USR022,+8801385714090,Nabil Mahmud,PTH-RIDE-0000268,2026-03-25T00:02:38+06:00,Bike,Pallabi,23.82425,90.359179,Wari,23.727817,90.419827,2.02,80,85,completed,2026-03-25T01:27:38+06:00,True,Pathao,PTH-DRV-004,Noman Islam,8801433479792,driver,Bike,Dhaka-Metro-LA-16-4147,2024-04-07,4.84,active,Badda,45,26,1163,2026-02-10T19:35:38+06:00,2026-08-06T22:59:51+06:00
268,USR022,+8801385714090,Nabil Mahmud,PTH-RIDE-0000269,2026-04-04T16:28:53+06:00,Premium Car,Mirpur,23.822105,90.370983,Bashundhara,23.823547,90.423931,24.8,13,1091,cancelled_by_rider,2026-04-04T16:59:53+06:00,True,Pathao,PTH-DRV-021,Shuvo Chowdhury,8801396729644,driver,Premium Car,Dhaka-Metro-GA-18-5728,2024-05-09,4.49,active,Mirpur,61,41,785,2026-02-10T13:58:31+06:00,2026-08-07T01:44:36+06:00
269,USR022,+8801385714090,Nabil Mahmud,PTH-RIDE-0000270,2026-03-01T20:07:45+06:00,Bike,Uttara,23.871102,90.376751,Mohakhali,23.779202,90.406988,6.94,44,180,cancelled_by_rider,2026-03-01T21:08:45+06:00,True,Pathao,PTH-DRV-002,Sabbir Ali,8801715535227,driver,Bike,Dhaka-Metro-LA-43-4404,2024-01-15,4.70,active,Uttara,47,34,1379,2026-02-14T01:39:55+06:00,2026-08-09T11:23:20+06:00
270,USR022,+8801385714090,Nabil Mahmud,PTH-RIDE-0000271,2026-04-04T04:34:00+06:00,Car,Motijheel,23.731645,90.418743,Dhanmondi,23.747772,90.367005,14.47,22,579,completed,2026-04-04T05:14:00+06:00,True,Pathao,PTH-DRV-014,Mehedi Hossain,8801466938163,driver,Car,Dhaka-Metro-GA-57-3382,2023-09-28,4.50,active,Farmgate,49,31,1649,2026-02-11T05:29:19+06:00,2026-08-07T22:28:04+06:00
271,USR022,+8801385714090,Nabil Mahmud,PTH-RIDE-0000272,2026-07-26T18:44:02+06:00,Premium Car,Tejgaon,23.757406,90.397229,Mohammadpur,23.770861,90.363646,20.95,18,983,completed,2026-07-26T19:24:02+06:00,True,Pathao,PTH-DRV-022,Rony Ahmed,8801406140466,driver,Premium Car,Dhaka-Metro-GA-14-3862,2024-03-08,4.36,active,Mohakhali,49,32,280,2026-02-19T05:07:42+06:00,2026-08-10T16:43:15+06:00
272,USR022,+8801385714090,Nabil Mahmud,PTH-RIDE-0000273,2026-05-02T04:53:22+06:00,Bike,Gulshan,23.793583,90.415548,Badda,23.774032,90.424862,6.7,9,159,completed,2026-05-02T05:21:22+06:00,True,Pathao,PTH-DRV-006,Sohel Mia,8801413282469,driver,Bike,Dhaka-Metro-LA-42-7072,2023-11-20,4.46,active,Bashundhara,56,39,678,2026-02-11T19:34:53+06:00,2026-07-27T18:56:51+06:00
273,USR023,+8801326177008,Touhid Islam,PTH-RIDE-0000274,2026-07-04T19:19:02+06:00,Car,Mohammadpur,23.769024,90.35335,Old Dhaka,23.713451,90.399626,13.26,65,585,cancelled_by_user,2026-07-04T20:27:02+06:00,True,Pathao,PTH-DRV-014,Mehedi Hossain,8801466938163,driver,Car,Dhaka-Metro-GA-57-3382,2023-09-28,4.50,active,Farmgate,49,31,1649,2026-02-11T05:29:19+06:00,2026-08-07T22:28:04+06:00
274,USR023,+8801326177008,Touhid Islam,PTH-RIDE-0000275,2026-07-09T07:59:24+06:00,Bike,Badda,23.784623,90.434801,Uttara,23.878045,90.37439,19.48,12,391,completed,2026-07-09T08:27:24+06:00,True,Pathao,PTH-DRV-004,Noman Islam,8801433479792,driver,Bike,Dhaka-Metro-LA-16-4147,2024-04-07,4.84,active,Badda,45,26,1163,2026-02-10T19:35:38+06:00,2026-08-06T22:59:51+06:00
275,USR023,+8801326177008,Touhid Islam,PTH-RIDE-0000276,2026-04-09T10:07:21+06:00,Premium Car,Rampura,23.754933,90.428305,Badda,23.786067,90.431789,13.18,46,632,completed,2026-04-09T11:13:21+06:00,True,Pathao,PTH-DRV-023,Al Amin Khan,8801354736696,driver,Premium Car,Dhaka-Metro-GA-39-9114,2023-07-25,4.89,active,Mohammadpur,44,34,437,2026-02-24T14:00:15+06:00,2026-08-10T04:16:51+06:00
276,USR023,+8801326177008,Touhid Islam,PTH-RIDE-0000277,2026-07-15T22:21:31+06:00,Car,Wari,23.715049,90.423128,Farmgate,23.750466,90.393503,18.86,36,665,completed,2026-07-15T23:15:31+06:00,True,Pathao,PTH-DRV-009,Shakil Mahmud,8801713605120,driver,Car,Dhaka-Metro-GA-18-9142,2026-02-13,4.51,active,Wari,51,33,1315,2026-02-13T19:17:45+06:00,2026-08-09T23:46:24+06:00
277,USR023,+8801326177008,Touhid Islam,PTH-RIDE-0000278,2026-06-30T08:38:22+06:00,Car,Mohakhali,23.776861,90.397625,Banani,23.788232,90.404868,11.36,18,464,completed,2026-06-30T08:58:22+06:00,True,Pathao,PTH-DRV-009,Shakil Mahmud,8801713605120,driver,Car,Dhaka-Metro-GA-18-9142,2026-02-13,4.51,active,Wari,51,33,1315,2026-02-13T19:17:45+06:00,2026-08-09T23:46:24+06:00
278,USR023,+8801326177008,Touhid Islam,PTH-RIDE-0000279,2026-03-13T22:25:56+06:00,Bike,Khilgaon,23.741508,90.43331,Old Dhaka,23.714653,90.415442,3.78,57,185,completed,2026-03-13T23:36:56+06:00,True,Pathao,PTH-DRV-002,Sabbir Ali,8801715535227,driver,Bike,Dhaka-Metro-LA-43-4404,2024-01-15,4.70,active,Uttara,47,34,1379,2026-02-14T01:39:55+06:00,2026-08-09T11:23:20+06:00
279,USR023,+8801326177008,Touhid Islam,PTH-RIDE-0000280,2026-05-25T03:59:16+06:00,Premium Car,Mirpur,23.82541,90.369071,Banani,23.798027,90.397729,2.58,27,313,completed,2026-05-25T04:50:16+06:00,True,Pathao,PTH-DRV-021,Shuvo Chowdhury,8801396729644,driver,Premium Car,Dhaka-Metro-GA-18-5728,2024-05-09,4.49,active,Mirpur,61,41,785,2026-02-10T13:58:31+06:00,2026-08-07T01:44:36+06:00
280,USR023,+8801326177008,Touhid Islam,PTH-RIDE-0000281,2026-06-18T16:27:05+06:00,Premium Car,Badda,23.77981,90.418374,Mohakhali,23.783784,90.407291,8.92,80,560,completed,2026-06-18T17:58:05+06:00,True,Pathao,PTH-DRV-017,Rubel Hossain,8801596800093,driver,Premium Car,Dhaka-Metro-GA-59-1389,2023-10-30,4.39,active,Dhanmondi,43,24,856,2026-02-13T21:12:16+06:00,2026-07-24T19:50:49+06:00
281,USR023,+8801326177008,Touhid Islam,PTH-RIDE-0000282,2026-08-04T16:10:30+06:00,Car,Farmgate,23.762215,90.389104,Bashundhara,23.81586,90.42585,14.01,25,569,completed,2026-08-04T16:40:30+06:00,True,Pathao,PTH-DRV-014,Mehedi Hossain,8801466938163,driver,Car,Dhaka-Metro-GA-57-3382,2023-09-28,4.50,active,Farmgate,49,31,1649,2026-02-11T05:29:19+06:00,2026-08-07T22:28:04+06:00
282,USR023,+8801326177008,Touhid Islam,PTH-RIDE-0000283,2026-05-31T05:02:18+06:00,Premium Car,Gulshan,23.786209,90.405805,Tejgaon,23.767381,90.397198,7.61,35,457,completed,2026-05-31T05:55:18+06:00,True,Pathao,PTH-DRV-019,Tanvir Hossain,8801568844033,driver,Premium Car,Dhaka-Metro-GA-43-7960,2024-08-01,4.63,active,Gulshan,60,39,678,2026-02-13T02:57:39+06:00,2026-08-10T06:23:33+06:00
283,USR023,+8801326177008,Touhid Islam,PTH-RIDE-0000284,2026-07-18T05:48:19+06:00,Premium Car,Banani,23.794137,90.410345,Tejgaon,23.767404,90.392634,18.19,63,919,completed,2026-07-18T06:58:19+06:00,True,Pathao,PTH-DRV-017,Rubel Hossain,8801596800093,driver,Premium Car,Dhaka-Metro-GA-59-1389,2023-10-30,4.39,active,Dhanmondi,43,24,856,2026-02-13T21:12:16+06:00,2026-07-24T19:50:49+06:00
284,USR023,+8801326177008,Touhid Islam,PTH-RIDE-0000285,2026-04-07T15:02:43+06:00,Car,Farmgate,23.761239,90.393837,Khilgaon,23.754965,90.425389,14.77,62,587,completed,2026-04-07T16:28:43+06:00,True,Pathao,PTH-DRV-014,Mehedi Hossain,8801466938163,driver,Car,Dhaka-Metro-GA-57-3382,2023-09-28,4.50,active,Farmgate,49,31,1649,2026-02-11T05:29:19+06:00,2026-08-07T22:28:04+06:00
285,USR023,+8801326177008,Touhid Islam,PTH-RIDE-0000286,2026-08-01T02:51:15+06:00,Car,Farmgate,23.76285,90.388801,Bashundhara,23.809246,90.426213,24.6,74,832,completed,2026-08-01T04:23:15+06:00,True,Pathao,PTH-DRV-014,Mehedi Hossain,8801466938163,driver,Car,Dhaka-Metro-GA-57-3382,2023-09-28,4.50,active,Farmgate,49,31,1649,2026-02-11T05:29:19+06:00,2026-08-07T22:28:04+06:00
286,USR023,+8801326177008,Touhid Islam,PTH-RIDE-0000287,2026-07-10T02:43:38+06:00,Bike,Rampura,23.761925,90.4285,Mirpur,23.826999,90.367296,13.08,26,302,completed,2026-07-10T03:16:38+06:00,True,Pathao,PTH-DRV-001,Nayeem Sarker,8801967036821,driver,Bike,Dhaka-Metro-LA-50-6184,2025-12-26,4.94,active,Tejgaon,58,41,819,2026-02-10T15:17:23+06:00,2026-08-09T07:35:51+06:00
287,USR023,+8801326177008,Touhid Islam,PTH-RIDE-0000288,2026-03-18T13:33:10+06:00,Bike,Shyamoli,23.779062,90.369497,Mirpur,23.814479,90.361013,8.75,74,259,completed,2026-03-18T14:53:10+06:00,True,Pathao,PTH-DRV-004,Noman Islam,8801433479792,driver,Bike,Dhaka-Metro-LA-16-4147,2024-04-07,4.84,active,Badda,45,26,1163,2026-02-10T19:35:38+06:00,2026-08-06T22:59:51+06:00
288,USR023,+8801326177008,Touhid Islam,PTH-RIDE-0000289,2026-02-20T12:49:55+06:00,Car,Motijheel,23.725346,90.415613,Bashundhara,23.81222,90.425757,11.72,69,514,completed,2026-02-20T14:10:55+06:00,True,Pathao,PTH-DRV-010,Zahid Chowdhury,8801738695856,driver,Car,Dhaka-Metro-GA-12-2328,2024-05-16,4.86,active,Badda,44,28,403,2026-02-10T07:45:59+06:00,2026-08-10T20:38:42+06:00
289,USR024,+8801803972985,Sanjida Chowdhury,PTH-RIDE-0000290,2026-04-21T06:33:55+06:00,Car,Mirpur,23.827998,90.364016,Mohammadpur,23.776272,90.351847,20.1,33,698,completed,2026-04-21T07:27:55+06:00,True,Pathao,PTH-DRV-016,Imran Karim,8801417391915,driver,Car,Dhaka-Metro-GA-50-2706,2024-09-14,4.65,active,Khilgaon,43,28,1106,2026-02-13T07:06:14+06:00,2026-08-04T07:56:48+06:00
290,USR024,+8801803972985,Sanjida Chowdhury,PTH-RIDE-0000291,2026-07-29T13:39:12+06:00,Premium Car,Wari,23.71951,90.418232,Pallabi,23.83628,90.357357,20.93,61,963,completed,2026-07-29T14:52:12+06:00,True,Pathao,PTH-DRV-018,Riyad Khan,8801895144376,driver,Premium Car,Dhaka-Metro-GA-42-9702,2025-06-18,4.52,active,Farmgate,48,32,1798,2026-03-16T13:11:54+06:00,2026-08-10T14:18:39+06:00
291,USR024,+8801803972985,Sanjida Chowdhury,PTH-RIDE-0000292,2026-08-06T15:15:28+06:00,Car,Pallabi,23.821226,90.368969,Badda,23.782635,90.429527,4.62,42,316,completed,2026-08-06T16:04:28+06:00,True,Pathao,PTH-DRV-014,Mehedi Hossain,8801466938163,driver,Car,Dhaka-Metro-GA-57-3382,2023-09-28,4.50,active,Farmgate,49,31,1649,2026-02-11T05:29:19+06:00,2026-08-07T22:28:04+06:00
292,USR024,+8801803972985,Sanjida Chowdhury,PTH-RIDE-0000293,2026-02-24T14:00:15+06:00,Premium Car,Old Dhaka,23.705949,90.404367,Rampura,23.756319,90.412202,10.63,9,544,completed,2026-02-24T14:27:15+06:00,True,Pathao,PTH-DRV-023,Al Amin Khan,8801354736696,driver,Premium Car,Dhaka-Metro-GA-39-9114,2023-07-25,4.89,active,Mohammadpur,44,34,437,2026-02-24T14:00:15+06:00,2026-08-10T04:16:51+06:00
293,USR024,+8801803972985,Sanjida Chowdhury,PTH-RIDE-0000294,2026-02-23T11:38:32+06:00,Premium Car,Tejgaon,23.75525,90.39363,Mohakhali,23.771585,90.405797,7.8,53,439,cancelled_by_rider,2026-02-23T12:48:32+06:00,True,Pathao,PTH-DRV-019,Tanvir Hossain,8801568844033,driver,Premium Car,Dhaka-Metro-GA-43-7960,2024-08-01,4.63,active,Gulshan,60,39,678,2026-02-13T02:57:39+06:00,2026-08-10T06:23:33+06:00
294,USR024,+8801803972985,Sanjida Chowdhury,PTH-RIDE-0000295,2026-02-22T06:20:57+06:00,Car,Old Dhaka,23.707146,90.402798,Mohammadpur,23.771436,90.367256,23.6,17,863,completed,2026-02-22T06:53:57+06:00,True,Pathao,PTH-DRV-009,Shakil Mahmud,8801713605120,driver,Car,Dhaka-Metro-GA-18-9142,2026-02-13,4.51,active,Wari,51,33,1315,2026-02-13T19:17:45+06:00,2026-08-09T23:46:24+06:00
295,USR024,+8801803972985,Sanjida Chowdhury,PTH-RIDE-0000296,2026-02-19T02:32:13+06:00,Car,Old Dhaka,23.718136,90.403047,Uttara,23.869066,90.376626,22.4,31,787,completed,2026-02-19T03:24:13+06:00,True,Pathao,PTH-DRV-009,Shakil Mahmud,8801713605120,driver,Car,Dhaka-Metro-GA-18-9142,2026-02-13,4.51,active,Wari,51,33,1315,2026-02-13T19:17:45+06:00,2026-08-09T23:46:24+06:00
296,USR024,+8801803972985,Sanjida Chowdhury,PTH-RIDE-0000297,2026-04-28T12:09:45+06:00,Premium Car,Dhanmondi,23.744901,90.381452,Gulshan,23.79376,90.399694,17.54,31,852,completed,2026-04-28T12:42:45+06:00,True,Pathao,PTH-DRV-017,Rubel Hossain,8801596800093,driver,Premium Car,Dhaka-Metro-GA-59-1389,2023-10-30,4.39,active,Dhanmondi,43,24,856,2026-02-13T21:12:16+06:00,2026-07-24T19:50:49+06:00
297,USR024,+8801803972985,Sanjida Chowdhury,PTH-RIDE-0000298,2026-08-07T03:04:20+06:00,Bike,Gulshan,23.789768,90.413469,Rampura,23.756783,90.426641,13.47,25,268,completed,2026-08-07T03:53:20+06:00,True,Pathao,PTH-DRV-008,Al Amin Sarker,8801690558459,driver,Bike,Dhaka-Metro-LA-55-6224,2023-03-18,4.43,active,Farmgate,41,26,1395,2026-02-12T12:34:17+06:00,2026-08-07T03:04:20+06:00
298,USR024,+8801803972985,Sanjida Chowdhury,PTH-RIDE-0000299,2026-06-03T04:28:06+06:00,Car,Bashundhara,23.811751,90.41683,Khilgaon,23.758593,90.429488,18.58,54,646,completed,2026-06-03T05:32:06+06:00,True,Pathao,PTH-DRV-012,Sakib Mahmud,8801701651316,driver,Car,Dhaka-Metro-GA-26-4203,2025-11-08,4.74,active,Bashundhara,50,31,1374,2026-02-18T14:40:42+06:00,2026-08-10T20:12:47+06:00
299,USR024,+8801803972985,Sanjida Chowdhury,PTH-RIDE-0000300,2026-04-28T04:11:06+06:00,Car,Mohammadpur,23.772693,90.358664,Wari,23.718352,90.408815,17.38,78,613,completed,2026-04-28T05:49:06+06:00,True,Pathao,PTH-DRV-012,Sakib Mahmud,8801701651316,driver,Car,Dhaka-Metro-GA-26-4203,2025-11-08,4.74,active,Bashundhara,50,31,1374,2026-02-18T14:40:42+06:00,2026-08-10T20:12:47+06:00
300,USR025,+8801328508768,Tanjim Sultana,PTH-RIDE-0000301,2026-03-28T04:16:06+06:00,Premium Car,Wari,23.714338,90.414128,Farmgate,23.763343,90.386851,5.28,16,399,cancelled_by_user,2026-03-28T04:45:06+06:00,True,Pathao,PTH-DRV-018,Riyad Khan,8801895144376,driver,Premium Car,Dhaka-Metro-GA-42-9702,2025-06-18,4.52,active,Farmgate,48,32,1798,2026-03-16T13:11:54+06:00,2026-08-10T14:18:39+06:00
301,USR025,+8801328508768,Tanjim Sultana,PTH-RIDE-0000302,2026-08-02T18:30:59+06:00,Bike,Khilgaon,23.75095,90.43257,Gulshan,23.793711,90.41216,6.31,64,141,cancelled_by_rider,2026-08-02T19:46:59+06:00,True,Pathao,PTH-DRV-008,Al Amin Sarker,8801690558459,driver,Bike,Dhaka-Metro-LA-55-6224,2023-03-18,4.43,active,Farmgate,41,26,1395,2026-02-12T12:34:17+06:00,2026-08-07T03:04:20+06:00
302,USR025,+8801328508768,Tanjim Sultana,PTH-RIDE-0000303,2026-03-16T02:39:04+06:00,Bike,Tejgaon,23.769132,90.384618,Farmgate,23.750096,90.398534,9.05,12,261,completed,2026-03-16T02:58:04+06:00,True,Pathao,PTH-DRV-001,Nayeem Sarker,8801967036821,driver,Bike,Dhaka-Metro-LA-50-6184,2025-12-26,4.94,active,Tejgaon,58,41,819,2026-02-10T15:17:23+06:00,2026-08-09T07:35:51+06:00
303,USR025,+8801328508768,Tanjim Sultana,PTH-RIDE-0000304,2026-05-19T13:40:34+06:00,Car,Mohakhali,23.786045,90.397282,Mirpur,23.821002,90.358178,23.28,21,823,completed,2026-05-19T14:17:34+06:00,True,Pathao,PTH-DRV-009,Shakil Mahmud,8801713605120,driver,Car,Dhaka-Metro-GA-18-9142,2026-02-13,4.51,active,Wari,51,33,1315,2026-02-13T19:17:45+06:00,2026-08-09T23:46:24+06:00
304,USR025,+8801328508768,Tanjim Sultana,PTH-RIDE-0000305,2026-05-15T10:07:12+06:00,Bike,Motijheel,23.741537,90.417216,Farmgate,23.753447,90.391059,3.96,12,167,completed,2026-05-15T10:24:12+06:00,True,Pathao,PTH-DRV-007,Rafi Chowdhury,8801972545462,driver,Bike,Dhaka-Metro-LA-49-8611,2025-12-04,4.63,active,Dhanmondi,50,31,630,2026-02-16T20:14:06+06:00,2026-08-08T21:37:30+06:00
305,USR025,+8801328508768,Tanjim Sultana,PTH-RIDE-0000306,2026-04-18T09:05:42+06:00,Bike,Mohakhali,23.77225,90.397509,Farmgate,23.766386,90.391174,21.36,67,440,cancelled_by_user,2026-04-18T10:15:42+06:00,True,Pathao,PTH-DRV-008,Al Amin Sarker,8801690558459,driver,Bike,Dhaka-Metro-LA-55-6224,2023-03-18,4.43,active,Farmgate,41,26,1395,2026-02-12T12:34:17+06:00,2026-08-07T03:04:20+06:00
306,USR025,+8801328508768,Tanjim Sultana,PTH-RIDE-0000307,2026-07-09T16:07:52+06:00,Car,Wari,23.730547,90.412205,Motijheel,23.728114,90.420604,14.31,28,551,completed,2026-07-09T16:47:52+06:00,True,Pathao,PTH-DRV-009,Shakil Mahmud,8801713605120,driver,Car,Dhaka-Metro-GA-18-9142,2026-02-13,4.51,active,Wari,51,33,1315,2026-02-13T19:17:45+06:00,2026-08-09T23:46:24+06:00
307,USR025,+8801328508768,Tanjim Sultana,PTH-RIDE-0000308,2026-03-03T15:07:24+06:00,Bike,Bashundhara,23.808838,90.424211,Gulshan,23.788525,90.410586,10.04,13,305,completed,2026-03-03T15:43:24+06:00,True,Pathao,PTH-DRV-006,Sohel Mia,8801413282469,driver,Bike,Dhaka-Metro-LA-42-7072,2023-11-20,4.46,active,Bashundhara,56,39,678,2026-02-11T19:34:53+06:00,2026-07-27T18:56:51+06:00
308,USR025,+8801328508768,Tanjim Sultana,PTH-RIDE-0000309,2026-03-26T17:25:26+06:00,Bike,Gulshan,23.799807,90.399278,Motijheel,23.730659,90.423985,8.83,23,196,cancelled_by_rider,2026-03-26T18:13:26+06:00,True,Pathao,PTH-DRV-008,Al Amin Sarker,8801690558459,driver,Bike,Dhaka-Metro-LA-55-6224,2023-03-18,4.43,active,Farmgate,41,26,1395,2026-02-12T12:34:17+06:00,2026-08-07T03:04:20+06:00
309,USR025,+8801328508768,Tanjim Sultana,PTH-RIDE-0000310,2026-07-11T00:12:20+06:00,Premium Car,Dhanmondi,23.753743,90.3709,Shyamoli,23.773525,90.364166,4.5,68,363,completed,2026-07-11T01:26:20+06:00,True,Pathao,PTH-DRV-017,Rubel Hossain,8801596800093,driver,Premium Car,Dhaka-Metro-GA-59-1389,2023-10-30,4.39,active,Dhanmondi,43,24,856,2026-02-13T21:12:16+06:00,2026-07-24T19:50:49+06:00
310,USR025,+8801328508768,Tanjim Sultana,PTH-RIDE-0000311,2026-03-14T21:49:43+06:00,Premium Car,Mirpur,23.820176,90.368321,Bashundhara,23.811159,90.43291,14.06,62,707,cancelled_by_user,2026-03-14T23:16:43+06:00,True,Pathao,PTH-DRV-021,Shuvo Chowdhury,8801396729644,driver,Premium Car,Dhaka-Metro-GA-18-5728,2024-05-09,4.49,active,Mirpur,61,41,785,2026-02-10T13:58:31+06:00,2026-08-07T01:44:36+06:00
311,USR025,+8801328508768,Tanjim Sultana,PTH-RIDE-0000312,2026-04-11T01:12:08+06:00,Bike,Badda,23.787774,90.418114,Motijheel,23.72846,90.412239,17.2,62,412,completed,2026-04-11T02:38:08+06:00,True,Pathao,PTH-DRV-004,Noman Islam,8801433479792,driver,Bike,Dhaka-Metro-LA-16-4147,2024-04-07,4.84,active,Badda,45,26,1163,2026-02-10T19:35:38+06:00,2026-08-06T22:59:51+06:00
312,USR025,+8801328508768,Tanjim Sultana,PTH-RIDE-0000313,2026-06-04T04:16:00+06:00,Premium Car,Uttara,23.879279,90.373748,Dhanmondi,23.73827,90.378319,24.99,47,1149,cancelled_by_rider,2026-06-04T05:28:00+06:00,True,Pathao,PTH-DRV-024,Sabbir Mia,8801635920547,driver,Premium Car,Dhaka-Metro-GA-29-9550,2026-02-19,4.75,active,Motijheel,52,34,1609,2026-02-14T00:28:05+06:00,2026-08-06T16:02:46+06:00
313,USR025,+8801328508768,Tanjim Sultana,PTH-RIDE-0000314,2026-03-04T15:10:00+06:00,Bike,Wari,23.722343,90.414921,Motijheel,23.737937,90.414876,1.97,80,74,cancelled_by_rider,2026-03-04T16:43:00+06:00,True,Pathao,PTH-DRV-003,Emon Mollah,8801458656775,driver,Bike,Dhaka-Metro-LA-44-1806,2025-05-16,4.33,active,Wari,47,33,1457,2026-02-15T14:20:09+06:00,2026-08-05T18:34:40+06:00
314,USR026,+8801795919068,Imran Ahmed,PTH-RIDE-0000315,2026-04-23T03:10:34+06:00,Car,Mohammadpur,23.774139,90.365964,Khilgaon,23.748635,90.420742,18.76,74,689,completed,2026-04-23T04:37:34+06:00,True,Pathao,PTH-DRV-009,Shakil Mahmud,8801713605120,driver,Car,Dhaka-Metro-GA-18-9142,2026-02-13,4.51,active,Wari,51,33,1315,2026-02-13T19:17:45+06:00,2026-08-09T23:46:24+06:00
315,USR026,+8801795919068,Imran Ahmed,PTH-RIDE-0000316,2026-08-03T17:09:03+06:00,Car,Tejgaon,23.771721,90.389322,Bashundhara,23.816725,90.432382,6.44,54,301,completed,2026-08-03T18:20:03+06:00,True,Pathao,PTH-DRV-012,Sakib Mahmud,8801701651316,driver,Car,Dhaka-Metro-GA-26-4203,2025-11-08,4.74,active,Bashundhara,50,31,1374,2026-02-18T14:40:42+06:00,2026-08-10T20:12:47+06:00
316,USR026,+8801795919068,Imran Ahmed,PTH-RIDE-0000317,2026-02-22T10:22:01+06:00,Premium Car,Gulshan,23.801171,90.405747,Mohammadpur,23.760075,90.367599,6.52,45,383,completed,2026-02-22T11:13:01+06:00,True,Pathao,PTH-DRV-019,Tanvir Hossain,8801568844033,driver,Premium Car,Dhaka-Metro-GA-43-7960,2024-08-01,4.63,active,Gulshan,60,39,678,2026-02-13T02:57:39+06:00,2026-08-10T06:23:33+06:00
317,USR026,+8801795919068,Imran Ahmed,PTH-RIDE-0000318,2026-05-27T00:47:16+06:00,Premium Car,Farmgate,23.757077,90.38543,Dhanmondi,23.741509,90.383647,6.5,47,410,completed,2026-05-27T01:39:16+06:00,True,Pathao,PTH-DRV-018,Riyad Khan,8801895144376,driver,Premium Car,Dhaka-Metro-GA-42-9702,2025-06-18,4.52,active,Farmgate,48,32,1798,2026-03-16T13:11:54+06:00,2026-08-10T14:18:39+06:00
318,USR026,+8801795919068,Imran Ahmed,PTH-RIDE-0000319,2026-03-08T00:57:36+06:00,Premium Car,Shyamoli,23.768211,90.366918,Wari,23.721757,90.415917,17.16,13,881,cancelled_by_rider,2026-03-08T01:32:36+06:00,True,Pathao,PTH-DRV-017,Rubel Hossain,8801596800093,driver,Premium Car,Dhaka-Metro-GA-59-1389,2023-10-30,4.39,active,Dhanmondi,43,24,856,2026-02-13T21:12:16+06:00,2026-07-24T19:50:49+06:00
319,USR026,+8801795919068,Imran Ahmed,PTH-RIDE-0000320,2026-05-23T19:26:02+06:00,Car,Bashundhara,23.818996,90.428694,Badda,23.788662,90.420685,9.95,48,469,cancelled_by_user,2026-05-23T20:30:02+06:00,True,Pathao,PTH-DRV-012,Sakib Mahmud,8801701651316,driver,Car,Dhaka-Metro-GA-26-4203,2025-11-08,4.74,active,Bashundhara,50,31,1374,2026-02-18T14:40:42+06:00,2026-08-10T20:12:47+06:00
320,USR026,+8801795919068,Imran Ahmed,PTH-RIDE-0000321,2026-06-23T01:23:50+06:00,Bike,Badda,23.787917,90.431877,Mohammadpur,23.767025,90.360992,4.36,58,189,cancelled_by_user,2026-06-23T02:24:50+06:00,True,Pathao,PTH-DRV-004,Noman Islam,8801433479792,driver,Bike,Dhaka-Metro-LA-16-4147,2024-04-07,4.84,active,Badda,45,26,1163,2026-02-10T19:35:38+06:00,2026-08-06T22:59:51+06:00
321,USR026,+8801795919068,Imran Ahmed,PTH-RIDE-0000322,2026-07-06T08:19:12+06:00,Bike,Bashundhara,23.821392,90.427771,Uttara,23.873096,90.371402,15.51,49,379,completed,2026-07-06T09:21:12+06:00,True,Pathao,PTH-DRV-006,Sohel Mia,8801413282469,driver,Bike,Dhaka-Metro-LA-42-7072,2023-11-20,4.46,active,Bashundhara,56,39,678,2026-02-11T19:34:53+06:00,2026-07-27T18:56:51+06:00
322,USR026,+8801795919068,Imran Ahmed,PTH-RIDE-0000323,2026-05-28T02:44:11+06:00,Premium Car,Motijheel,23.738644,90.419425,Shyamoli,23.772508,90.3727,6.25,44,375,cancelled_by_user,2026-05-28T03:33:11+06:00,True,Pathao,PTH-DRV-024,Sabbir Mia,8801635920547,driver,Premium Car,Dhaka-Metro-GA-29-9550,2026-02-19,4.75,active,Motijheel,52,34,1609,2026-02-14T00:28:05+06:00,2026-08-06T16:02:46+06:00
323,USR027,+8801706292887,Rumana Ahmed,PTH-RIDE-0000324,2026-05-12T13:04:17+06:00,Premium Car,Farmgate,23.75951,90.384542,Old Dhaka,23.71436,90.410009,18.9,41,905,cancelled_by_user,2026-05-12T14:09:17+06:00,True,Pathao,PTH-DRV-018,Riyad Khan,8801895144376,driver,Premium Car,Dhaka-Metro-GA-42-9702,2025-06-18,4.52,active,Farmgate,48,32,1798,2026-03-16T13:11:54+06:00,2026-08-10T14:18:39+06:00
324,USR027,+8801706292887,Rumana Ahmed,PTH-RIDE-0000325,2026-06-27T15:02:50+06:00,Bike,Motijheel,23.731497,90.413384,Tejgaon,23.771784,90.382831,11.14,8,317,cancelled_by_rider,2026-06-27T15:26:50+06:00,True,Pathao,PTH-DRV-001,Nayeem Sarker,8801967036821,driver,Bike,Dhaka-Metro-LA-50-6184,2025-12-26,4.94,active,Tejgaon,58,41,819,2026-02-10T15:17:23+06:00,2026-08-09T07:35:51+06:00
325,USR027,+8801706292887,Rumana Ahmed,PTH-RIDE-0000326,2026-07-20T13:21:30+06:00,Premium Car,Bashundhara,23.812549,90.41938,Wari,23.727409,90.424982,12.67,80,615,cancelled_by_user,2026-07-20T15:00:30+06:00,True,Pathao,PTH-DRV-017,Rubel Hossain,8801596800093,driver,Premium Car,Dhaka-Metro-GA-59-1389,2023-10-30,4.39,active,Dhanmondi,43,24,856,2026-02-13T21:12:16+06:00,2026-07-24T19:50:49+06:00
326,USR027,+8801706292887,Rumana Ahmed,PTH-RIDE-0000327,2026-05-25T07:23:39+06:00,Bike,Gulshan,23.787671,90.404359,Mirpur,23.816921,90.369351,17.85,27,370,completed,2026-05-25T08:10:39+06:00,True,Pathao,PTH-DRV-003,Emon Mollah,8801458656775,driver,Bike,Dhaka-Metro-LA-44-1806,2025-05-16,4.33,active,Wari,47,33,1457,2026-02-15T14:20:09+06:00,2026-08-05T18:34:40+06:00
327,USR027,+8801706292887,Rumana Ahmed,PTH-RIDE-0000328,2026-05-11T15:43:43+06:00,Car,Badda,23.784239,90.418427,Bashundhara,23.811087,90.420086,14.16,29,557,cancelled_by_user,2026-05-11T16:30:43+06:00,True,Pathao,PTH-DRV-010,Zahid Chowdhury,8801738695856,driver,Car,Dhaka-Metro-GA-12-2328,2024-05-16,4.86,active,Badda,44,28,403,2026-02-10T07:45:59+06:00,2026-08-10T20:38:42+06:00
328,USR027,+8801706292887,Rumana Ahmed,PTH-RIDE-0000329,2026-07-12T18:11:22+06:00,Car,Wari,23.726256,90.424232,Shyamoli,23.76702,90.373894,6.43,36,273,cancelled_by_user,2026-07-12T19:03:22+06:00,True,Pathao,PTH-DRV-009,Shakil Mahmud,8801713605120,driver,Car,Dhaka-Metro-GA-18-9142,2026-02-13,4.51,active,Wari,51,33,1315,2026-02-13T19:17:45+06:00,2026-08-09T23:46:24+06:00
329,USR027,+8801706292887,Rumana Ahmed,PTH-RIDE-0000330,2026-08-03T17:03:09+06:00,Bike,Mohammadpur,23.776598,90.366935,Old Dhaka,23.704162,90.403853,17.55,22,413,completed,2026-08-03T17:37:09+06:00,True,Pathao,PTH-DRV-007,Rafi Chowdhury,8801972545462,driver,Bike,Dhaka-Metro-LA-49-8611,2025-12-04,4.63,active,Dhanmondi,50,31,630,2026-02-16T20:14:06+06:00,2026-08-08T21:37:30+06:00
330,USR027,+8801706292887,Rumana Ahmed,PTH-RIDE-0000331,2026-07-16T13:18:19+06:00,Car,Mohammadpur,23.768977,90.355669,Mohakhali,23.778804,90.398318,21.54,43,739,completed,2026-07-16T14:12:19+06:00,True,Pathao,PTH-DRV-011,Mamun Khan,8801426550582,driver,Car,Dhaka-Metro-GA-36-9704,2025-07-14,4.26,active,Banani,45,31,1368,2026-02-20T14:11:58+06:00,2026-08-06T12:43:24+06:00
331,USR027,+8801706292887,Rumana Ahmed,PTH-RIDE-0000332,2026-06-13T22:50:02+06:00,Car,Dhanmondi,23.740006,90.384656,Badda,23.773126,90.423612,8.73,78,372,cancelled_by_rider,2026-06-14T00:14:02+06:00,True,Pathao,PTH-DRV-013,Noman Sheikh,8801702482414,driver,Car,Dhaka-Metro-GA-32-1635,2024-02-24,4.40,active,Dhanmondi,57,37,919,2026-02-12T18:33:16+06:00,2026-08-07T07:51:54+06:00
332,USR027,+8801706292887,Rumana Ahmed,PTH-RIDE-0000333,2026-02-26T14:55:57+06:00,Car,Pallabi,23.823213,90.370131,Khilgaon,23.744437,90.435,21.75,28,825,completed,2026-02-26T15:47:57+06:00,True,Pathao,PTH-DRV-013,Noman Sheikh,8801702482414,driver,Car,Dhaka-Metro-GA-32-1635,2024-02-24,4.40,active,Dhanmondi,57,37,919,2026-02-12T18:33:16+06:00,2026-08-07T07:51:54+06:00
333,USR027,+8801706292887,Rumana Ahmed,PTH-RIDE-0000334,2026-05-07T07:45:14+06:00,Premium Car,Mohakhali,23.785296,90.396168,Mirpur,23.822157,90.361391,16.5,13,797,completed,2026-05-07T08:02:14+06:00,True,Pathao,PTH-DRV-022,Rony Ahmed,8801406140466,driver,Premium Car,Dhaka-Metro-GA-14-3862,2024-03-08,4.36,active,Mohakhali,49,32,280,2026-02-19T05:07:42+06:00,2026-08-10T16:43:15+06:00
334,USR027,+8801706292887,Rumana Ahmed,PTH-RIDE-0000335,2026-04-29T00:03:19+06:00,Car,Mirpur,23.81426,90.361216,Rampura,23.768794,90.412549,10.81,18,484,cancelled_by_user,2026-04-29T00:33:19+06:00,True,Pathao,PTH-DRV-012,Sakib Mahmud,8801701651316,driver,Car,Dhaka-Metro-GA-26-4203,2025-11-08,4.74,active,Bashundhara,50,31,1374,2026-02-18T14:40:42+06:00,2026-08-10T20:12:47+06:00
335,USR027,+8801706292887,Rumana Ahmed,PTH-RIDE-0000336,2026-05-02T23:34:20+06:00,Car,Farmgate,23.76361,90.389085,Wari,23.724951,90.409863,5.96,18,258,completed,2026-05-03T00:17:20+06:00,True,Pathao,PTH-DRV-014,Mehedi Hossain,8801466938163,driver,Car,Dhaka-Metro-GA-57-3382,2023-09-28,4.50,active,Farmgate,49,31,1649,2026-02-11T05:29:19+06:00,2026-08-07T22:28:04+06:00
336,USR027,+8801706292887,Rumana Ahmed,PTH-RIDE-0000337,2026-04-23T19:18:34+06:00,Premium Car,Tejgaon,23.770287,90.389365,Shyamoli,23.78167,90.363643,5.59,55,397,completed,2026-04-23T20:29:34+06:00,True,Pathao,PTH-DRV-020,Sabbir Mahmud,8801520665194,driver,Premium Car,Dhaka-Metro-GA-27-7652,2025-07-04,4.51,active,Khilgaon,46,33,891,2026-02-15T21:25:09+06:00,2026-08-09T14:56:20+06:00
337,USR028,+8801717722707,Raisa Sultana,PTH-RIDE-0000338,2026-04-08T18:44:24+06:00,Car,Rampura,23.756823,90.417599,Bashundhara,23.816261,90.422563,11.49,70,530,completed,2026-04-08T20:14:24+06:00,True,Pathao,PTH-DRV-013,Noman Sheikh,8801702482414,driver,Car,Dhaka-Metro-GA-32-1635,2024-02-24,4.40,active,Dhanmondi,57,37,919,2026-02-12T18:33:16+06:00,2026-08-07T07:51:54+06:00
338,USR028,+8801717722707,Raisa Sultana,PTH-RIDE-0000339,2026-07-27T03:42:49+06:00,Car,Banani,23.785177,90.399134,Shyamoli,23.777142,90.356573,6.85,73,369,cancelled_by_user,2026-07-27T05:01:49+06:00,True,Pathao,PTH-DRV-011,Mamun Khan,8801426550582,driver,Car,Dhaka-Metro-GA-36-9704,2025-07-14,4.26,active,Banani,45,31,1368,2026-02-20T14:11:58+06:00,2026-08-06T12:43:24+06:00
339,USR028,+8801717722707,Raisa Sultana,PTH-RIDE-0000340,2026-07-29T05:25:06+06:00,Premium Car,Wari,23.729434,90.423951,Motijheel,23.73378,90.413531,14.89,73,734,completed,2026-07-29T06:40:06+06:00,True,Pathao,PTH-DRV-021,Shuvo Chowdhury,8801396729644,driver,Premium Car,Dhaka-Metro-GA-18-5728,2024-05-09,4.49,active,Mirpur,61,41,785,2026-02-10T13:58:31+06:00,2026-08-07T01:44:36+06:00
340,USR028,+8801717722707,Raisa Sultana,PTH-RIDE-0000341,2026-06-06T00:08:41+06:00,Bike,Rampura,23.766705,90.414955,Badda,23.784489,90.425451,4.08,20,100,completed,2026-06-06T00:43:41+06:00,True,Pathao,PTH-DRV-001,Nayeem Sarker,8801967036821,driver,Bike,Dhaka-Metro-LA-50-6184,2025-12-26,4.94,active,Tejgaon,58,41,819,2026-02-10T15:17:23+06:00,2026-08-09T07:35:51+06:00
341,USR028,+8801717722707,Raisa Sultana,PTH-RIDE-0000342,2026-05-03T07:03:16+06:00,Bike,Badda,23.773854,90.429639,Mirpur,23.817247,90.370658,13.81,20,351,cancelled_by_user,2026-05-03T07:25:16+06:00,True,Pathao,PTH-DRV-004,Noman Islam,8801433479792,driver,Bike,Dhaka-Metro-LA-16-4147,2024-04-07,4.84,active,Badda,45,26,1163,2026-02-10T19:35:38+06:00,2026-08-06T22:59:51+06:00
342,USR028,+8801717722707,Raisa Sultana,PTH-RIDE-0000343,2026-07-10T17:42:12+06:00,Premium Car,Rampura,23.755711,90.420887,Motijheel,23.736635,90.425636,20.65,76,944,completed,2026-07-10T19:11:12+06:00,True,Pathao,PTH-DRV-021,Shuvo Chowdhury,8801396729644,driver,Premium Car,Dhaka-Metro-GA-18-5728,2024-05-09,4.49,active,Mirpur,61,41,785,2026-02-10T13:58:31+06:00,2026-08-07T01:44:36+06:00
343,USR028,+8801717722707,Raisa Sultana,PTH-RIDE-0000344,2026-06-25T03:50:39+06:00,Premium Car,Old Dhaka,23.715631,90.400243,Shyamoli,23.772543,90.363809,14.39,37,772,completed,2026-06-25T04:38:39+06:00,True,Pathao,PTH-DRV-021,Shuvo Chowdhury,8801396729644,driver,Premium Car,Dhaka-Metro-GA-18-5728,2024-05-09,4.49,active,Mirpur,61,41,785,2026-02-10T13:58:31+06:00,2026-08-07T01:44:36+06:00
344,USR028,+8801717722707,Raisa Sultana,PTH-RIDE-0000345,2026-06-03T06:51:43+06:00,Car,Banani,23.790482,90.400876,Old Dhaka,23.718997,90.400579,9.15,55,413,completed,2026-06-03T07:50:43+06:00,True,Pathao,PTH-DRV-011,Mamun Khan,8801426550582,driver,Car,Dhaka-Metro-GA-36-9704,2025-07-14,4.26,active,Banani,45,31,1368,2026-02-20T14:11:58+06:00,2026-08-06T12:43:24+06:00
345,USR029,+8801526609535,Saif Islam,PTH-RIDE-0000346,2026-02-22T20:28:02+06:00,Bike,Badda,23.77492,90.432937,Dhanmondi,23.754517,90.375983,3.45,72,171,cancelled_by_user,2026-02-22T21:52:02+06:00,True,Pathao,PTH-DRV-004,Noman Islam,8801433479792,driver,Bike,Dhaka-Metro-LA-16-4147,2024-04-07,4.84,active,Badda,45,26,1163,2026-02-10T19:35:38+06:00,2026-08-06T22:59:51+06:00
346,USR029,+8801526609535,Saif Islam,PTH-RIDE-0000347,2026-03-13T07:16:38+06:00,Bike,Rampura,23.757648,90.428247,Badda,23.786223,90.422035,6.45,44,179,cancelled_by_rider,2026-03-13T08:18:38+06:00,True,Pathao,PTH-DRV-007,Rafi Chowdhury,8801972545462,driver,Bike,Dhaka-Metro-LA-49-8611,2025-12-04,4.63,active,Dhanmondi,50,31,630,2026-02-16T20:14:06+06:00,2026-08-08T21:37:30+06:00
347,USR029,+8801526609535,Saif Islam,PTH-RIDE-0000348,2026-07-28T06:26:27+06:00,Car,Old Dhaka,23.713031,90.412193,Banani,23.801455,90.41253,21.08,66,715,completed,2026-07-28T07:42:27+06:00,True,Pathao,PTH-DRV-015,Sumon Ahmed,8801592246260,driver,Car,Dhaka-Metro-GA-47-2377,2024-09-19,4.91,temporarily_inactive,Gulshan,51,33,344,2026-02-20T06:37:41+06:00,2026-08-08T17:20:03+06:00
348,USR029,+8801526609535,Saif Islam,PTH-RIDE-0000349,2026-05-16T20:22:18+06:00,Bike,Bashundhara,23.808816,90.417438,Pallabi,23.835212,90.356461,12.27,64,251,completed,2026-05-16T21:46:18+06:00,True,Pathao,PTH-DRV-006,Sohel Mia,8801413282469,driver,Bike,Dhaka-Metro-LA-42-7072,2023-11-20,4.46,active,Bashundhara,56,39,678,2026-02-11T19:34:53+06:00,2026-07-27T18:56:51+06:00
349,USR029,+8801526609535,Saif Islam,PTH-RIDE-0000350,2026-06-15T19:49:46+06:00,Bike,Banani,23.789045,90.402795,Wari,23.730534,90.412995,13.56,57,307,completed,2026-06-15T20:55:46+06:00,True,Pathao,PTH-DRV-005,Mizan Hasan,8801356392834,driver,Bike,Dhaka-Metro-LA-18-8731,2023-05-02,4.42,active,Banani,52,34,1623,2026-02-15T11:45:22+06:00,2026-08-04T01:29:10+06:00
350,USR029,+8801526609535,Saif Islam,PTH-RIDE-0000351,2026-07-11T19:45:10+06:00,Car,Dhanmondi,23.754532,90.372241,Khilgaon,23.743059,90.427664,21.13,49,730,completed,2026-07-11T20:53:10+06:00,True,Pathao,PTH-DRV-013,Noman Sheikh,8801702482414,driver,Car,Dhaka-Metro-GA-32-1635,2024-02-24,4.40,active,Dhanmondi,57,37,919,2026-02-12T18:33:16+06:00,2026-08-07T07:51:54+06:00
351,USR029,+8801526609535,Saif Islam,PTH-RIDE-0000352,2026-08-01T02:59:16+06:00,Bike,Khilgaon,23.750125,90.434397,Badda,23.783657,90.43539,15.19,58,336,completed,2026-08-01T04:11:16+06:00,True,Pathao,PTH-DRV-002,Sabbir Ali,8801715535227,driver,Bike,Dhaka-Metro-LA-43-4404,2024-01-15,4.70,active,Uttara,47,34,1379,2026-02-14T01:39:55+06:00,2026-08-09T11:23:20+06:00
352,USR029,+8801526609535,Saif Islam,PTH-RIDE-0000353,2026-06-19T05:36:05+06:00,Bike,Motijheel,23.739123,90.425363,Banani,23.799856,90.400933,11.04,37,290,completed,2026-06-19T06:28:05+06:00,True,Pathao,PTH-DRV-002,Sabbir Ali,8801715535227,driver,Bike,Dhaka-Metro-LA-43-4404,2024-01-15,4.70,active,Uttara,47,34,1379,2026-02-14T01:39:55+06:00,2026-08-09T11:23:20+06:00
353,USR030,+8801462025102,Tanjim Mahmud,PTH-RIDE-0000354,2026-07-28T10:48:33+06:00,Car,Banani,23.802477,90.409472,Farmgate,23.762508,90.385853,5.98,12,335,completed,2026-07-28T11:09:33+06:00,True,Pathao,PTH-DRV-011,Mamun Khan,8801426550582,driver,Car,Dhaka-Metro-GA-36-9704,2025-07-14,4.26,active,Banani,45,31,1368,2026-02-20T14:11:58+06:00,2026-08-06T12:43:24+06:00
354,USR030,+8801462025102,Tanjim Mahmud,PTH-RIDE-0000355,2026-05-16T01:47:08+06:00,Premium Car,Uttara,23.875443,90.387717,Bashundhara,23.823186,90.426869,16.94,16,858,completed,2026-05-16T02:22:08+06:00,True,Pathao,PTH-DRV-020,Sabbir Mahmud,8801520665194,driver,Premium Car,Dhaka-Metro-GA-27-7652,2025-07-04,4.51,active,Khilgaon,46,33,891,2026-02-15T21:25:09+06:00,2026-08-09T14:56:20+06:00
355,USR030,+8801462025102,Tanjim Mahmud,PTH-RIDE-0000356,2026-06-19T01:06:42+06:00,Car,Uttara,23.872218,90.372048,Shyamoli,23.773271,90.37139,20.99,74,761,cancelled_by_rider,2026-06-19T02:26:42+06:00,True,Pathao,PTH-DRV-013,Noman Sheikh,8801702482414,driver,Car,Dhaka-Metro-GA-32-1635,2024-02-24,4.40,active,Dhanmondi,57,37,919,2026-02-12T18:33:16+06:00,2026-08-07T07:51:54+06:00
356,USR030,+8801462025102,Tanjim Mahmud,PTH-RIDE-0000357,2026-07-12T01:48:15+06:00,Car,Old Dhaka,23.708458,90.409078,Mohammadpur,23.769051,90.367221,10.91,71,481,completed,2026-07-12T03:13:15+06:00,True,Pathao,PTH-DRV-013,Noman Sheikh,8801702482414,driver,Car,Dhaka-Metro-GA-32-1635,2024-02-24,4.40,active,Dhanmondi,57,37,919,2026-02-12T18:33:16+06:00,2026-08-07T07:51:54+06:00
357,USR030,+8801462025102,Tanjim Mahmud,PTH-RIDE-0000358,2026-03-04T13:21:47+06:00,Premium Car,Badda,23.783328,90.431888,Uttara,23.877026,90.370504,22.11,69,963,completed,2026-03-04T14:49:47+06:00,True,Pathao,PTH-DRV-017,Rubel Hossain,8801596800093,driver,Premium Car,Dhaka-Metro-GA-59-1389,2023-10-30,4.39,active,Dhanmondi,43,24,856,2026-02-13T21:12:16+06:00,2026-07-24T19:50:49+06:00
358,USR030,+8801462025102,Tanjim Mahmud,PTH-RIDE-0000359,2026-07-30T18:01:24+06:00,Car,Rampura,23.754295,90.427003,Khilgaon,23.750877,90.436493,17.81,10,688,completed,2026-07-30T18:35:24+06:00,True,Pathao,PTH-DRV-015,Sumon Ahmed,8801592246260,driver,Car,Dhaka-Metro-GA-47-2377,2024-09-19,4.91,temporarily_inactive,Gulshan,51,33,344,2026-02-20T06:37:41+06:00,2026-08-08T17:20:03+06:00
359,USR030,+8801462025102,Tanjim Mahmud,PTH-RIDE-0000360,2026-05-11T15:06:32+06:00,Premium Car,Wari,23.714461,90.416435,Motijheel,23.727137,90.41718,19.11,73,933,completed,2026-05-11T16:27:32+06:00,True,Pathao,PTH-DRV-023,Al Amin Khan,8801354736696,driver,Premium Car,Dhaka-Metro-GA-39-9114,2023-07-25,4.89,active,Mohammadpur,44,34,437,2026-02-24T14:00:15+06:00,2026-08-10T04:16:51+06:00
360,USR030,+8801462025102,Tanjim Mahmud,PTH-RIDE-0000361,2026-07-27T22:42:09+06:00,Bike,Farmgate,23.751564,90.398196,Tejgaon,23.772712,90.389212,1.51,76,60,completed,2026-07-28T00:15:09+06:00,True,Pathao,PTH-DRV-008,Al Amin Sarker,8801690558459,driver,Bike,Dhaka-Metro-LA-55-6224,2023-03-18,4.43,active,Farmgate,41,26,1395,2026-02-12T12:34:17+06:00,2026-08-07T03:04:20+06:00
361,USR030,+8801462025102,Tanjim Mahmud,PTH-RIDE-0000362,2026-06-02T19:39:03+06:00,Premium Car,Tejgaon,23.756088,90.384022,Uttara,23.867249,90.379649,20.61,70,995,completed,2026-06-02T20:59:03+06:00,True,Pathao,PTH-DRV-024,Sabbir Mia,8801635920547,driver,Premium Car,Dhaka-Metro-GA-29-9550,2026-02-19,4.75,active,Motijheel,52,34,1609,2026-02-14T00:28:05+06:00,2026-08-06T16:02:46+06:00
362,USR030,+8801462025102,Tanjim Mahmud,PTH-RIDE-0000363,2026-06-22T19:49:53+06:00,Bike,Khilgaon,23.751687,90.423743,Mohammadpur,23.767051,90.357837,8.6,60,255,completed,2026-06-22T20:57:53+06:00,True,Pathao,PTH-DRV-007,Rafi Chowdhury,8801972545462,driver,Bike,Dhaka-Metro-LA-49-8611,2025-12-04,4.63,active,Dhanmondi,50,31,630,2026-02-16T20:14:06+06:00,2026-08-08T21:37:30+06:00
363,USR031,+8801444217372,Mahi Rahman,PTH-RIDE-0000364,2026-05-20T11:00:43+06:00,Premium Car,Farmgate,23.75422,90.393643,Mohakhali,23.779445,90.405959,7.47,8,428,completed,2026-05-20T11:15:43+06:00,True,Pathao,PTH-DRV-018,Riyad Khan,8801895144376,driver,Premium Car,Dhaka-Metro-GA-42-9702,2025-06-18,4.52,active,Farmgate,48,32,1798,2026-03-16T13:11:54+06:00,2026-08-10T14:18:39+06:00
364,USR031,+8801444217372,Mahi Rahman,PTH-RIDE-0000365,2026-05-19T17:01:43+06:00,Bike,Banani,23.799398,90.412601,Mohakhali,23.785284,90.397828,14.19,42,359,cancelled_by_rider,2026-05-19T17:55:43+06:00,True,Pathao,PTH-DRV-005,Mizan Hasan,8801356392834,driver,Bike,Dhaka-Metro-LA-18-8731,2023-05-02,4.42,active,Banani,52,34,1623,2026-02-15T11:45:22+06:00,2026-08-04T01:29:10+06:00
365,USR031,+8801444217372,Mahi Rahman,PTH-RIDE-0000366,2026-03-01T11:22:24+06:00,Car,Pallabi,23.831329,90.372863,Motijheel,23.728679,90.415692,3.12,39,192,completed,2026-03-01T12:17:24+06:00,True,Pathao,PTH-DRV-012,Sakib Mahmud,8801701651316,driver,Car,Dhaka-Metro-GA-26-4203,2025-11-08,4.74,active,Bashundhara,50,31,1374,2026-02-18T14:40:42+06:00,2026-08-10T20:12:47+06:00
366,USR031,+8801444217372,Mahi Rahman,PTH-RIDE-0000367,2026-02-15T21:25:09+06:00,Premium Car,Khilgaon,23.756979,90.423891,Tejgaon,23.764643,90.384626,14.21,80,685,cancelled_by_rider,2026-02-15T22:47:09+06:00,True,Pathao,PTH-DRV-020,Sabbir Mahmud,8801520665194,driver,Premium Car,Dhaka-Metro-GA-27-7652,2025-07-04,4.51,active,Khilgaon,46,33,891,2026-02-15T21:25:09+06:00,2026-08-09T14:56:20+06:00
367,USR031,+8801444217372,Mahi Rahman,PTH-RIDE-0000368,2026-06-25T07:41:40+06:00,Car,Mirpur,23.823158,90.357245,Old Dhaka,23.714378,90.399199,7.46,10,346,cancelled_by_rider,2026-06-25T07:55:40+06:00,True,Pathao,PTH-DRV-014,Mehedi Hossain,8801466938163,driver,Car,Dhaka-Metro-GA-57-3382,2023-09-28,4.50,active,Farmgate,49,31,1649,2026-02-11T05:29:19+06:00,2026-08-07T22:28:04+06:00
368,USR031,+8801444217372,Mahi Rahman,PTH-RIDE-0000369,2026-02-17T07:28:33+06:00,Premium Car,Khilgaon,23.745201,90.426841,Bashundhara,23.818833,90.429934,15.76,32,804,cancelled_by_rider,2026-02-17T08:16:33+06:00,True,Pathao,PTH-DRV-020,Sabbir Mahmud,8801520665194,driver,Premium Car,Dhaka-Metro-GA-27-7652,2025-07-04,4.51,active,Khilgaon,46,33,891,2026-02-15T21:25:09+06:00,2026-08-09T14:56:20+06:00
369,USR031,+8801444217372,Mahi Rahman,PTH-RIDE-0000370,2026-04-14T12:34:22+06:00,Bike,Banani,23.788344,90.399108,Uttara,23.868277,90.376923,21.59,70,518,completed,2026-04-14T14:02:22+06:00,True,Pathao,PTH-DRV-005,Mizan Hasan,8801356392834,driver,Bike,Dhaka-Metro-LA-18-8731,2023-05-02,4.42,active,Banani,52,34,1623,2026-02-15T11:45:22+06:00,2026-08-04T01:29:10+06:00
370,USR031,+8801444217372,Mahi Rahman,PTH-RIDE-0000371,2026-04-18T23:30:31+06:00,Car,Farmgate,23.766102,90.381543,Pallabi,23.828272,90.369896,22.52,22,832,cancelled_by_user,2026-04-18T23:54:31+06:00,True,Pathao,PTH-DRV-014,Mehedi Hossain,8801466938163,driver,Car,Dhaka-Metro-GA-57-3382,2023-09-28,4.50,active,Farmgate,49,31,1649,2026-02-11T05:29:19+06:00,2026-08-07T22:28:04+06:00
371,USR031,+8801444217372,Mahi Rahman,PTH-RIDE-0000372,2026-03-13T00:21:58+06:00,Car,Bashundhara,23.808884,90.434409,Pallabi,23.835902,90.36862,17.47,23,646,completed,2026-03-13T00:48:58+06:00,True,Pathao,PTH-DRV-012,Sakib Mahmud,8801701651316,driver,Car,Dhaka-Metro-GA-26-4203,2025-11-08,4.74,active,Bashundhara,50,31,1374,2026-02-18T14:40:42+06:00,2026-08-10T20:12:47+06:00
372,USR031,+8801444217372,Mahi Rahman,PTH-RIDE-0000373,2026-05-16T13:12:54+06:00,Bike,Pallabi,23.826772,90.361127,Motijheel,23.740759,90.414283,16.26,53,369,completed,2026-05-16T14:29:54+06:00,True,Pathao,PTH-DRV-001,Nayeem Sarker,8801967036821,driver,Bike,Dhaka-Metro-LA-50-6184,2025-12-26,4.94,active,Tejgaon,58,41,819,2026-02-10T15:17:23+06:00,2026-08-09T07:35:51+06:00
373,USR031,+8801444217372,Mahi Rahman,PTH-RIDE-0000374,2026-06-21T02:54:58+06:00,Car,Old Dhaka,23.703325,90.407482,Mirpur,23.825077,90.373044,20.79,49,787,completed,2026-06-21T04:07:58+06:00,True,Pathao,PTH-DRV-015,Sumon Ahmed,8801592246260,driver,Car,Dhaka-Metro-GA-47-2377,2024-09-19,4.91,temporarily_inactive,Gulshan,51,33,344,2026-02-20T06:37:41+06:00,2026-08-08T17:20:03+06:00
374,USR031,+8801444217372,Mahi Rahman,PTH-RIDE-0000375,2026-04-22T05:49:25+06:00,Bike,Khilgaon,23.741911,90.432577,Pallabi,23.83776,90.362151,5.5,80,202,cancelled_by_rider,2026-04-22T07:33:25+06:00,True,Pathao,PTH-DRV-007,Rafi Chowdhury,8801972545462,driver,Bike,Dhaka-Metro-LA-49-8611,2025-12-04,4.63,active,Dhanmondi,50,31,630,2026-02-16T20:14:06+06:00,2026-08-08T21:37:30+06:00
375,USR031,+8801444217372,Mahi Rahman,PTH-RIDE-0000376,2026-06-29T13:36:15+06:00,Bike,Mirpur,23.81816,90.370997,Gulshan,23.783792,90.40962,10.17,20,250,cancelled_by_rider,2026-06-29T14:07:15+06:00,True,Pathao,PTH-DRV-001,Nayeem Sarker,8801967036821,driver,Bike,Dhaka-Metro-LA-50-6184,2025-12-26,4.94,active,Tejgaon,58,41,819,2026-02-10T15:17:23+06:00,2026-08-09T07:35:51+06:00
376,USR031,+8801444217372,Mahi Rahman,PTH-RIDE-0000377,2026-07-22T05:59:20+06:00,Premium Car,Mirpur,23.827932,90.367846,Khilgaon,23.749707,90.422155,13.56,54,641,completed,2026-07-22T07:11:20+06:00,True,Pathao,PTH-DRV-021,Shuvo Chowdhury,8801396729644,driver,Premium Car,Dhaka-Metro-GA-18-5728,2024-05-09,4.49,active,Mirpur,61,41,785,2026-02-10T13:58:31+06:00,2026-08-07T01:44:36+06:00
377,USR031,+8801444217372,Mahi Rahman,PTH-RIDE-0000378,2026-07-31T12:11:28+06:00,Bike,Mohakhali,23.773231,90.396435,Banani,23.787823,90.412244,12.16,55,263,completed,2026-07-31T13:15:28+06:00,True,Pathao,PTH-DRV-007,Rafi Chowdhury,8801972545462,driver,Bike,Dhaka-Metro-LA-49-8611,2025-12-04,4.63,active,Dhanmondi,50,31,630,2026-02-16T20:14:06+06:00,2026-08-08T21:37:30+06:00
378,USR032,+8801535357252,Nafisa Khan,PTH-RIDE-0000379,2026-06-09T16:22:08+06:00,Bike,Mohammadpur,23.766506,90.363652,Dhanmondi,23.755016,90.38465,11.49,65,243,cancelled_by_rider,2026-06-09T17:47:08+06:00,True,Pathao,PTH-DRV-002,Sabbir Ali,8801715535227,driver,Bike,Dhaka-Metro-LA-43-4404,2024-01-15,4.70,active,Uttara,47,34,1379,2026-02-14T01:39:55+06:00,2026-08-09T11:23:20+06:00
379,USR032,+8801535357252,Nafisa Khan,PTH-RIDE-0000380,2026-06-06T07:27:47+06:00,Bike,Rampura,23.753505,90.413262,Mohammadpur,23.770976,90.352449,15.59,58,377,completed,2026-06-06T08:42:47+06:00,True,Pathao,PTH-DRV-006,Sohel Mia,8801413282469,driver,Bike,Dhaka-Metro-LA-42-7072,2023-11-20,4.46,active,Bashundhara,56,39,678,2026-02-11T19:34:53+06:00,2026-07-27T18:56:51+06:00
380,USR032,+8801535357252,Nafisa Khan,PTH-RIDE-0000381,2026-02-13T02:57:39+06:00,Premium Car,Gulshan,23.79682,90.410042,Motijheel,23.728808,90.419934,13.7,69,748,cancelled_by_user,2026-02-13T04:08:39+06:00,True,Pathao,PTH-DRV-019,Tanvir Hossain,8801568844033,driver,Premium Car,Dhaka-Metro-GA-43-7960,2024-08-01,4.63,active,Gulshan,60,39,678,2026-02-13T02:57:39+06:00,2026-08-10T06:23:33+06:00
381,USR032,+8801535357252,Nafisa Khan,PTH-RIDE-0000382,2026-03-09T13:18:35+06:00,Bike,Banani,23.799908,90.406359,Mohakhali,23.77744,90.399141,24.74,33,510,cancelled_by_user,2026-03-09T14:15:35+06:00,True,Pathao,PTH-DRV-005,Mizan Hasan,8801356392834,driver,Bike,Dhaka-Metro-LA-18-8731,2023-05-02,4.42,active,Banani,52,34,1623,2026-02-15T11:45:22+06:00,2026-08-04T01:29:10+06:00
382,USR032,+8801535357252,Nafisa Khan,PTH-RIDE-0000383,2026-04-25T18:57:45+06:00,Car,Mirpur,23.830426,90.35978,Dhanmondi,23.751208,90.371243,16.5,74,585,completed,2026-04-25T20:35:45+06:00,True,Pathao,PTH-DRV-015,Sumon Ahmed,8801592246260,driver,Car,Dhaka-Metro-GA-47-2377,2024-09-19,4.91,temporarily_inactive,Gulshan,51,33,344,2026-02-20T06:37:41+06:00,2026-08-08T17:20:03+06:00
383,USR032,+8801535357252,Nafisa Khan,PTH-RIDE-0000384,2026-07-03T18:36:39+06:00,Premium Car,Old Dhaka,23.717959,90.404331,Badda,23.789398,90.433253,17.69,52,860,cancelled_by_rider,2026-07-03T19:41:39+06:00,True,Pathao,PTH-DRV-020,Sabbir Mahmud,8801520665194,driver,Premium Car,Dhaka-Metro-GA-27-7652,2025-07-04,4.51,active,Khilgaon,46,33,891,2026-02-15T21:25:09+06:00,2026-08-09T14:56:20+06:00
384,USR032,+8801535357252,Nafisa Khan,PTH-RIDE-0000385,2026-05-07T20:52:05+06:00,Car,Dhanmondi,23.746567,90.368418,Mohammadpur,23.760741,90.353506,13.29,18,562,cancelled_by_user,2026-05-07T21:19:05+06:00,True,Pathao,PTH-DRV-013,Noman Sheikh,8801702482414,driver,Car,Dhaka-Metro-GA-32-1635,2024-02-24,4.40,active,Dhanmondi,57,37,919,2026-02-12T18:33:16+06:00,2026-08-07T07:51:54+06:00
385,USR032,+8801535357252,Nafisa Khan,PTH-RIDE-0000386,2026-08-10T14:18:39+06:00,Premium Car,Farmgate,23.764834,90.397651,Shyamoli,23.775311,90.359023,13.09,51,650,completed,2026-08-10T15:11:39+06:00,True,Pathao,PTH-DRV-018,Riyad Khan,8801895144376,driver,Premium Car,Dhaka-Metro-GA-42-9702,2025-06-18,4.52,active,Farmgate,48,32,1798,2026-03-16T13:11:54+06:00,2026-08-10T14:18:39+06:00
386,USR032,+8801535357252,Nafisa Khan,PTH-RIDE-0000387,2026-04-04T17:12:12+06:00,Car,Shyamoli,23.768714,90.356345,Uttara,23.873592,90.381855,6.78,46,283,cancelled_by_rider,2026-04-04T18:03:12+06:00,True,Pathao,PTH-DRV-016,Imran Karim,8801417391915,driver,Car,Dhaka-Metro-GA-50-2706,2024-09-14,4.65,active,Khilgaon,43,28,1106,2026-02-13T07:06:14+06:00,2026-08-04T07:56:48+06:00
387,USR032,+8801535357252,Nafisa Khan,PTH-RIDE-0000388,2026-05-09T05:52:54+06:00,Car,Wari,23.720794,90.410079,Mohakhali,23.769801,90.402164,10.97,21,431,cancelled_by_rider,2026-05-09T06:31:54+06:00,True,Pathao,PTH-DRV-009,Shakil Mahmud,8801713605120,driver,Car,Dhaka-Metro-GA-18-9142,2026-02-13,4.51,active,Wari,51,33,1315,2026-02-13T19:17:45+06:00,2026-08-09T23:46:24+06:00
388,USR032,+8801535357252,Nafisa Khan,PTH-RIDE-0000389,2026-06-05T12:01:41+06:00,Bike,Old Dhaka,23.708769,90.404492,Pallabi,23.828475,90.35994,6.93,48,215,cancelled_by_user,2026-06-05T13:14:41+06:00,True,Pathao,PTH-DRV-005,Mizan Hasan,8801356392834,driver,Bike,Dhaka-Metro-LA-18-8731,2023-05-02,4.42,active,Banani,52,34,1623,2026-02-15T11:45:22+06:00,2026-08-04T01:29:10+06:00
389,USR032,+8801535357252,Nafisa Khan,PTH-RIDE-0000390,2026-07-27T18:15:17+06:00,Premium Car,Farmgate,23.762832,90.397357,Badda,23.781737,90.426912,20.02,8,957,cancelled_by_rider,2026-07-27T18:25:17+06:00,True,Pathao,PTH-DRV-018,Riyad Khan,8801895144376,driver,Premium Car,Dhaka-Metro-GA-42-9702,2025-06-18,4.52,active,Farmgate,48,32,1798,2026-03-16T13:11:54+06:00,2026-08-10T14:18:39+06:00
390,USR032,+8801535357252,Nafisa Khan,PTH-RIDE-0000391,2026-03-17T06:46:11+06:00,Bike,Gulshan,23.797635,90.399947,Pallabi,23.82493,90.364069,7.68,34,264,completed,2026-03-17T07:32:11+06:00,True,Pathao,PTH-DRV-006,Sohel Mia,8801413282469,driver,Bike,Dhaka-Metro-LA-42-7072,2023-11-20,4.46,active,Bashundhara,56,39,678,2026-02-11T19:34:53+06:00,2026-07-27T18:56:51+06:00
391,USR033,+8801813484178,Priya Ahmed,PTH-RIDE-0000392,2026-04-01T14:53:27+06:00,Bike,Uttara,23.870116,90.378827,Mohammadpur,23.759872,90.35724,4.74,41,172,completed,2026-04-01T15:48:27+06:00,True,Pathao,PTH-DRV-002,Sabbir Ali,8801715535227,driver,Bike,Dhaka-Metro-LA-43-4404,2024-01-15,4.70,active,Uttara,47,34,1379,2026-02-14T01:39:55+06:00,2026-08-09T11:23:20+06:00
392,USR033,+8801813484178,Priya Ahmed,PTH-RIDE-0000393,2026-03-15T12:48:11+06:00,Premium Car,Motijheel,23.731488,90.42457,Pallabi,23.82702,90.361655,1.93,75,200,completed,2026-03-15T14:15:11+06:00,True,Pathao,PTH-DRV-024,Sabbir Mia,8801635920547,driver,Premium Car,Dhaka-Metro-GA-29-9550,2026-02-19,4.75,active,Motijheel,52,34,1609,2026-02-14T00:28:05+06:00,2026-08-06T16:02:46+06:00
393,USR033,+8801813484178,Priya Ahmed,PTH-RIDE-0000394,2026-06-05T13:50:17+06:00,Car,Tejgaon,23.760193,90.397318,Shyamoli,23.76678,90.367389,19.41,16,666,completed,2026-06-05T14:26:17+06:00,True,Pathao,PTH-DRV-015,Sumon Ahmed,8801592246260,driver,Car,Dhaka-Metro-GA-47-2377,2024-09-19,4.91,temporarily_inactive,Gulshan,51,33,344,2026-02-20T06:37:41+06:00,2026-08-08T17:20:03+06:00
394,USR033,+8801813484178,Priya Ahmed,PTH-RIDE-0000395,2026-06-07T05:14:10+06:00,Car,Gulshan,23.788472,90.402365,Mohammadpur,23.776985,90.356453,16.89,31,608,completed,2026-06-07T06:01:10+06:00,True,Pathao,PTH-DRV-015,Sumon Ahmed,8801592246260,driver,Car,Dhaka-Metro-GA-47-2377,2024-09-19,4.91,temporarily_inactive,Gulshan,51,33,344,2026-02-20T06:37:41+06:00,2026-08-08T17:20:03+06:00
395,USR033,+8801813484178,Priya Ahmed,PTH-RIDE-0000396,2026-03-26T20:52:40+06:00,Car,Mirpur,23.824075,90.362806,Shyamoli,23.766904,90.362007,16.82,19,637,completed,2026-03-26T21:28:40+06:00,True,Pathao,PTH-DRV-012,Sakib Mahmud,8801701651316,driver,Car,Dhaka-Metro-GA-26-4203,2025-11-08,4.74,active,Bashundhara,50,31,1374,2026-02-18T14:40:42+06:00,2026-08-10T20:12:47+06:00
396,USR033,+8801813484178,Priya Ahmed,PTH-RIDE-0000397,2026-05-05T00:08:43+06:00,Car,Shyamoli,23.770958,90.362418,Mohammadpur,23.764111,90.350348,17.64,65,692,completed,2026-05-05T01:23:43+06:00,True,Pathao,PTH-DRV-013,Noman Sheikh,8801702482414,driver,Car,Dhaka-Metro-GA-32-1635,2024-02-24,4.40,active,Dhanmondi,57,37,919,2026-02-12T18:33:16+06:00,2026-08-07T07:51:54+06:00
397,USR033,+8801813484178,Priya Ahmed,PTH-RIDE-0000398,2026-06-20T14:43:38+06:00,Car,Mohammadpur,23.771454,90.362498,Khilgaon,23.744175,90.421605,8.31,49,364,completed,2026-06-20T15:42:38+06:00,True,Pathao,PTH-DRV-016,Imran Karim,8801417391915,driver,Car,Dhaka-Metro-GA-50-2706,2024-09-14,4.65,active,Khilgaon,43,28,1106,2026-02-13T07:06:14+06:00,2026-08-04T07:56:48+06:00
398,USR033,+8801813484178,Priya Ahmed,PTH-RIDE-0000399,2026-07-19T17:51:10+06:00,Premium Car,Badda,23.776174,90.432375,Khilgaon,23.757769,90.425071,13.69,69,680,completed,2026-07-19T19:20:10+06:00,True,Pathao,PTH-DRV-023,Al Amin Khan,8801354736696,driver,Premium Car,Dhaka-Metro-GA-39-9114,2023-07-25,4.89,active,Mohammadpur,44,34,437,2026-02-24T14:00:15+06:00,2026-08-10T04:16:51+06:00
399,USR033,+8801813484178,Priya Ahmed,PTH-RIDE-0000400,2026-05-08T13:32:19+06:00,Premium Car,Rampura,23.768833,90.422692,Badda,23.782742,90.430145,5.06,50,385,completed,2026-05-08T14:47:19+06:00,True,Pathao,PTH-DRV-022,Rony Ahmed,8801406140466,driver,Premium Car,Dhaka-Metro-GA-14-3862,2024-03-08,4.36,active,Mohakhali,49,32,280,2026-02-19T05:07:42+06:00,2026-08-10T16:43:15+06:00
400,USR033,+8801813484178,Priya Ahmed,PTH-RIDE-0000401,2026-04-02T20:18:54+06:00,Premium Car,Bashundhara,23.821757,90.425057,Mohammadpur,23.765625,90.354043,14.61,59,719,completed,2026-04-02T21:28:54+06:00,True,Pathao,PTH-DRV-018,Riyad Khan,8801895144376,driver,Premium Car,Dhaka-Metro-GA-42-9702,2025-06-18,4.52,active,Farmgate,48,32,1798,2026-03-16T13:11:54+06:00,2026-08-10T14:18:39+06:00
401,USR033,+8801813484178,Priya Ahmed,PTH-RIDE-0000402,2026-03-11T08:40:00+06:00,Bike,Mohakhali,23.770299,90.405329,Dhanmondi,23.748686,90.383965,21.08,40,446,cancelled_by_rider,2026-03-11T09:25:00+06:00,True,Pathao,PTH-DRV-003,Emon Mollah,8801458656775,driver,Bike,Dhaka-Metro-LA-44-1806,2025-05-16,4.33,active,Wari,47,33,1457,2026-02-15T14:20:09+06:00,2026-08-05T18:34:40+06:00
402,USR033,+8801813484178,Priya Ahmed,PTH-RIDE-0000403,2026-04-24T20:00:14+06:00,Premium Car,Pallabi,23.835641,90.3618,Banani,23.794017,90.408125,20.65,51,968,completed,2026-04-24T21:02:14+06:00,True,Pathao,PTH-DRV-022,Rony Ahmed,8801406140466,driver,Premium Car,Dhaka-Metro-GA-14-3862,2024-03-08,4.36,active,Mohakhali,49,32,280,2026-02-19T05:07:42+06:00,2026-08-10T16:43:15+06:00
403,USR033,+8801813484178,Priya Ahmed,PTH-RIDE-0000404,2026-06-24T16:22:52+06:00,Bike,Shyamoli,23.766619,90.364334,Badda,23.787397,90.433791,2.47,21,100,completed,2026-06-24T17:08:52+06:00,True,Pathao,PTH-DRV-001,Nayeem Sarker,8801967036821,driver,Bike,Dhaka-Metro-LA-50-6184,2025-12-26,4.94,active,Tejgaon,58,41,819,2026-02-10T15:17:23+06:00,2026-08-09T07:35:51+06:00
404,USR034,+8801580160103,Sadia Mahmud,PTH-RIDE-0000405,2026-08-06T19:25:35+06:00,Car,Dhanmondi,23.750638,90.370372,Uttara,23.873482,90.378943,22.41,61,832,completed,2026-08-06T20:36:35+06:00,True,Pathao,PTH-DRV-013,Noman Sheikh,8801702482414,driver,Car,Dhaka-Metro-GA-32-1635,2024-02-24,4.40,active,Dhanmondi,57,37,919,2026-02-12T18:33:16+06:00,2026-08-07T07:51:54+06:00
405,USR034,+8801580160103,Sadia Mahmud,PTH-RIDE-0000406,2026-05-08T14:41:52+06:00,Premium Car,Mirpur,23.822017,90.35799,Shyamoli,23.782507,90.366597,4.08,15,341,completed,2026-05-08T15:15:52+06:00,True,Pathao,PTH-DRV-021,Shuvo Chowdhury,8801396729644,driver,Premium Car,Dhaka-Metro-GA-18-5728,2024-05-09,4.49,active,Mirpur,61,41,785,2026-02-10T13:58:31+06:00,2026-08-07T01:44:36+06:00
406,USR034,+8801580160103,Sadia Mahmud,PTH-RIDE-0000407,2026-06-06T13:18:06+06:00,Premium Car,Wari,23.717242,90.425174,Uttara,23.867484,90.380525,3.44,77,300,completed,2026-06-06T14:43:06+06:00,True,Pathao,PTH-DRV-017,Rubel Hossain,8801596800093,driver,Premium Car,Dhaka-Metro-GA-59-1389,2023-10-30,4.39,active,Dhanmondi,43,24,856,2026-02-13T21:12:16+06:00,2026-07-24T19:50:49+06:00
407,USR034,+8801580160103,Sadia Mahmud,PTH-RIDE-0000408,2026-03-25T22:33:03+06:00,Car,Wari,23.729585,90.414121,Banani,23.798715,90.398639,8.59,12,362,completed,2026-03-25T22:51:03+06:00,True,Pathao,PTH-DRV-009,Shakil Mahmud,8801713605120,driver,Car,Dhaka-Metro-GA-18-9142,2026-02-13,4.51,active,Wari,51,33,1315,2026-02-13T19:17:45+06:00,2026-08-09T23:46:24+06:00
408,USR034,+8801580160103,Sadia Mahmud,PTH-RIDE-0000409,2026-06-13T22:39:19+06:00,Car,Khilgaon,23.752278,90.433558,Wari,23.717453,90.416162,22.93,10,849,cancelled_by_rider,2026-06-13T23:05:19+06:00,True,Pathao,PTH-DRV-016,Imran Karim,8801417391915,driver,Car,Dhaka-Metro-GA-50-2706,2024-09-14,4.65,active,Khilgaon,43,28,1106,2026-02-13T07:06:14+06:00,2026-08-04T07:56:48+06:00
409,USR034,+8801580160103,Sadia Mahmud,PTH-RIDE-0000410,2026-05-27T05:46:17+06:00,Car,Shyamoli,23.772218,90.369251,Mohammadpur,23.763209,90.356034,6.04,78,332,cancelled_by_user,2026-05-27T07:20:17+06:00,True,Pathao,PTH-DRV-009,Shakil Mahmud,8801713605120,driver,Car,Dhaka-Metro-GA-18-9142,2026-02-13,4.51,active,Wari,51,33,1315,2026-02-13T19:17:45+06:00,2026-08-09T23:46:24+06:00
410,USR034,+8801580160103,Sadia Mahmud,PTH-RIDE-0000411,2026-05-14T13:46:43+06:00,Bike,Dhanmondi,23.737559,90.383795,Mohakhali,23.776296,90.404147,24.95,38,508,completed,2026-05-14T14:44:43+06:00,True,Pathao,PTH-DRV-007,Rafi Chowdhury,8801972545462,driver,Bike,Dhaka-Metro-LA-49-8611,2025-12-04,4.63,active,Dhanmondi,50,31,630,2026-02-16T20:14:06+06:00,2026-08-08T21:37:30+06:00
411,USR034,+8801580160103,Sadia Mahmud,PTH-RIDE-0000412,2026-02-24T03:55:41+06:00,Bike,Motijheel,23.733284,90.42291,Bashundhara,23.822352,90.423856,2.21,68,122,completed,2026-02-24T05:06:41+06:00,True,Pathao,PTH-DRV-006,Sohel Mia,8801413282469,driver,Bike,Dhaka-Metro-LA-42-7072,2023-11-20,4.46,active,Bashundhara,56,39,678,2026-02-11T19:34:53+06:00,2026-07-27T18:56:51+06:00
412,USR034,+8801580160103,Sadia Mahmud,PTH-RIDE-0000413,2026-07-27T18:50:13+06:00,Bike,Mohakhali,23.778479,90.39934,Uttara,23.869204,90.379881,20.76,45,503,cancelled_by_user,2026-07-27T20:00:13+06:00,True,Pathao,PTH-DRV-003,Emon Mollah,8801458656775,driver,Bike,Dhaka-Metro-LA-44-1806,2025-05-16,4.33,active,Wari,47,33,1457,2026-02-15T14:20:09+06:00,2026-08-05T18:34:40+06:00
413,USR034,+8801580160103,Sadia Mahmud,PTH-RIDE-0000414,2026-03-26T08:38:34+06:00,Car,Rampura,23.769386,90.4289,Banani,23.80042,90.413207,13.36,75,489,cancelled_by_user,2026-03-26T10:03:34+06:00,True,Pathao,PTH-DRV-009,Shakil Mahmud,8801713605120,driver,Car,Dhaka-Metro-GA-18-9142,2026-02-13,4.51,active,Wari,51,33,1315,2026-02-13T19:17:45+06:00,2026-08-09T23:46:24+06:00
414,USR034,+8801580160103,Sadia Mahmud,PTH-RIDE-0000415,2026-04-09T08:55:57+06:00,Car,Uttara,23.884188,90.383627,Mohammadpur,23.774911,90.361042,13.12,68,539,cancelled_by_rider,2026-04-09T10:28:57+06:00,True,Pathao,PTH-DRV-012,Sakib Mahmud,8801701651316,driver,Car,Dhaka-Metro-GA-26-4203,2025-11-08,4.74,active,Bashundhara,50,31,1374,2026-02-18T14:40:42+06:00,2026-08-10T20:12:47+06:00
415,USR034,+8801580160103,Sadia Mahmud,PTH-RIDE-0000416,2026-07-09T10:51:01+06:00,Bike,Wari,23.727258,90.426064,Gulshan,23.795536,90.404966,22.58,75,491,completed,2026-07-09T12:24:01+06:00,True,Pathao,PTH-DRV-003,Emon Mollah,8801458656775,driver,Bike,Dhaka-Metro-LA-44-1806,2025-05-16,4.33,active,Wari,47,33,1457,2026-02-15T14:20:09+06:00,2026-08-05T18:34:40+06:00
416,USR034,+8801580160103,Sadia Mahmud,PTH-RIDE-0000417,2026-08-03T00:50:33+06:00,Bike,Tejgaon,23.76635,90.384785,Pallabi,23.822319,90.369041,17.18,80,423,cancelled_by_user,2026-08-03T02:26:33+06:00,True,Pathao,PTH-DRV-001,Nayeem Sarker,8801967036821,driver,Bike,Dhaka-Metro-LA-50-6184,2025-12-26,4.94,active,Tejgaon,58,41,819,2026-02-10T15:17:23+06:00,2026-08-09T07:35:51+06:00
417,USR034,+8801580160103,Sadia Mahmud,PTH-RIDE-0000418,2026-03-04T11:38:27+06:00,Premium Car,Bashundhara,23.818851,90.427958,Mohammadpur,23.77429,90.350607,10.1,9,599,completed,2026-03-04T11:59:27+06:00,True,Pathao,PTH-DRV-022,Rony Ahmed,8801406140466,driver,Premium Car,Dhaka-Metro-GA-14-3862,2024-03-08,4.36,active,Mohakhali,49,32,280,2026-02-19T05:07:42+06:00,2026-08-10T16:43:15+06:00
418,USR034,+8801580160103,Sadia Mahmud,PTH-RIDE-0000419,2026-04-19T21:29:11+06:00,Car,Badda,23.776217,90.435629,Khilgaon,23.756423,90.435479,18.16,24,711,completed,2026-04-19T21:56:11+06:00,True,Pathao,PTH-DRV-010,Zahid Chowdhury,8801738695856,driver,Car,Dhaka-Metro-GA-12-2328,2024-05-16,4.86,active,Badda,44,28,403,2026-02-10T07:45:59+06:00,2026-08-10T20:38:42+06:00
419,USR035,+8801786507106,Imran Hasan,PTH-RIDE-0000420,2026-05-27T03:53:25+06:00,Premium Car,Dhanmondi,23.738036,90.382014,Khilgaon,23.752917,90.434754,11.48,80,580,completed,2026-05-27T05:22:25+06:00,True,Pathao,PTH-DRV-017,Rubel Hossain,8801596800093,driver,Premium Car,Dhaka-Metro-GA-59-1389,2023-10-30,4.39,active,Dhanmondi,43,24,856,2026-02-13T21:12:16+06:00,2026-07-24T19:50:49+06:00
420,USR035,+8801786507106,Imran Hasan,PTH-RIDE-0000421,2026-07-19T10:30:23+06:00,Car,Bashundhara,23.816172,90.420867,Badda,23.781169,90.432904,24.74,26,882,cancelled_by_rider,2026-07-19T11:15:23+06:00,True,Pathao,PTH-DRV-012,Sakib Mahmud,8801701651316,driver,Car,Dhaka-Metro-GA-26-4203,2025-11-08,4.74,active,Bashundhara,50,31,1374,2026-02-18T14:40:42+06:00,2026-08-10T20:12:47+06:00
421,USR035,+8801786507106,Imran Hasan,PTH-RIDE-0000422,2026-05-08T06:21:47+06:00,Bike,Wari,23.718437,90.416543,Dhanmondi,23.745954,90.369768,10.25,41,248,completed,2026-05-08T07:16:47+06:00,True,Pathao,PTH-DRV-003,Emon Mollah,8801458656775,driver,Bike,Dhaka-Metro-LA-44-1806,2025-05-16,4.33,active,Wari,47,33,1457,2026-02-15T14:20:09+06:00,2026-08-05T18:34:40+06:00
422,USR035,+8801786507106,Imran Hasan,PTH-RIDE-0000423,2026-05-07T06:04:40+06:00,Car,Pallabi,23.82299,90.366444,Mohammadpur,23.770181,90.363188,17.41,20,701,completed,2026-05-07T06:40:40+06:00,True,Pathao,PTH-DRV-013,Noman Sheikh,8801702482414,driver,Car,Dhaka-Metro-GA-32-1635,2024-02-24,4.40,active,Dhanmondi,57,37,919,2026-02-12T18:33:16+06:00,2026-08-07T07:51:54+06:00
423,USR035,+8801786507106,Imran Hasan,PTH-RIDE-0000424,2026-05-28T15:26:36+06:00,Bike,Dhanmondi,23.753268,90.377475,Mirpur,23.815128,90.36648,10.39,31,229,cancelled_by_user,2026-05-28T16:22:36+06:00,True,Pathao,PTH-DRV-007,Rafi Chowdhury,8801972545462,driver,Bike,Dhaka-Metro-LA-49-8611,2025-12-04,4.63,active,Dhanmondi,50,31,630,2026-02-16T20:14:06+06:00,2026-08-08T21:37:30+06:00
424,USR035,+8801786507106,Imran Hasan,PTH-RIDE-0000425,2026-03-08T13:28:29+06:00,Premium Car,Motijheel,23.724352,90.425954,Mirpur,23.831117,90.367044,22.39,72,1055,completed,2026-03-08T14:56:29+06:00,True,Pathao,PTH-DRV-024,Sabbir Mia,8801635920547,driver,Premium Car,Dhaka-Metro-GA-29-9550,2026-02-19,4.75,active,Motijheel,52,34,1609,2026-02-14T00:28:05+06:00,2026-08-06T16:02:46+06:00
425,USR035,+8801786507106,Imran Hasan,PTH-RIDE-0000426,2026-03-30T02:36:06+06:00,Premium Car,Dhanmondi,23.744588,90.384827,Tejgaon,23.758352,90.396637,17.26,69,833,cancelled_by_user,2026-03-30T04:01:06+06:00,True,Pathao,PTH-DRV-017,Rubel Hossain,8801596800093,driver,Premium Car,Dhaka-Metro-GA-59-1389,2023-10-30,4.39,active,Dhanmondi,43,24,856,2026-02-13T21:12:16+06:00,2026-07-24T19:50:49+06:00
426,USR035,+8801786507106,Imran Hasan,PTH-RIDE-0000427,2026-06-15T23:58:56+06:00,Premium Car,Dhanmondi,23.745544,90.367379,Farmgate,23.766367,90.381858,10.07,60,586,completed,2026-06-16T01:11:56+06:00,True,Pathao,PTH-DRV-017,Rubel Hossain,8801596800093,driver,Premium Car,Dhaka-Metro-GA-59-1389,2023-10-30,4.39,active,Dhanmondi,43,24,856,2026-02-13T21:12:16+06:00,2026-07-24T19:50:49+06:00
427,USR035,+8801786507106,Imran Hasan,PTH-RIDE-0000428,2026-07-07T00:58:22+06:00,Premium Car,Bashundhara,23.806552,90.433156,Gulshan,23.79074,90.416121,24.17,68,1077,completed,2026-07-07T02:14:22+06:00,True,Pathao,PTH-DRV-017,Rubel Hossain,8801596800093,driver,Premium Car,Dhaka-Metro-GA-59-1389,2023-10-30,4.39,active,Dhanmondi,43,24,856,2026-02-13T21:12:16+06:00,2026-07-24T19:50:49+06:00
428,USR035,+8801786507106,Imran Hasan,PTH-RIDE-0000429,2026-04-26T03:45:02+06:00,Car,Gulshan,23.798115,90.414219,Banani,23.802264,90.397984,17.99,16,688,cancelled_by_rider,2026-04-26T04:16:02+06:00,True,Pathao,PTH-DRV-015,Sumon Ahmed,8801592246260,driver,Car,Dhaka-Metro-GA-47-2377,2024-09-19,4.91,temporarily_inactive,Gulshan,51,33,344,2026-02-20T06:37:41+06:00,2026-08-08T17:20:03+06:00
429,USR036,+8801879457558,Rumana Islam,PTH-RIDE-0000430,2026-05-18T04:25:37+06:00,Car,Pallabi,23.824842,90.370029,Uttara,23.872357,90.385633,11.57,80,524,completed,2026-05-18T05:56:37+06:00,True,Pathao,PTH-DRV-016,Imran Karim,8801417391915,driver,Car,Dhaka-Metro-GA-50-2706,2024-09-14,4.65,active,Khilgaon,43,28,1106,2026-02-13T07:06:14+06:00,2026-08-04T07:56:48+06:00
430,USR036,+8801879457558,Rumana Islam,PTH-RIDE-0000431,2026-03-25T20:22:53+06:00,Bike,Gulshan,23.797716,90.405587,Badda,23.786422,90.430626,11.5,52,316,cancelled_by_rider,2026-03-25T21:38:53+06:00,True,Pathao,PTH-DRV-004,Noman Islam,8801433479792,driver,Bike,Dhaka-Metro-LA-16-4147,2024-04-07,4.84,active,Badda,45,26,1163,2026-02-10T19:35:38+06:00,2026-08-06T22:59:51+06:00
431,USR036,+8801879457558,Rumana Islam,PTH-RIDE-0000432,2026-04-23T05:43:22+06:00,Bike,Uttara,23.882369,90.386433,Khilgaon,23.743464,90.429655,21.76,38,462,cancelled_by_user,2026-04-23T06:39:22+06:00,True,Pathao,PTH-DRV-002,Sabbir Ali,8801715535227,driver,Bike,Dhaka-Metro-LA-43-4404,2024-01-15,4.70,active,Uttara,47,34,1379,2026-02-14T01:39:55+06:00,2026-08-09T11:23:20+06:00
432,USR036,+8801879457558,Rumana Islam,PTH-RIDE-0000433,2026-08-05T01:30:58+06:00,Car,Gulshan,23.783879,90.406534,Mirpur,23.816831,90.360371,18.25,12,712,cancelled_by_user,2026-08-05T01:51:58+06:00,True,Pathao,PTH-DRV-015,Sumon Ahmed,8801592246260,driver,Car,Dhaka-Metro-GA-47-2377,2024-09-19,4.91,temporarily_inactive,Gulshan,51,33,344,2026-02-20T06:37:41+06:00,2026-08-08T17:20:03+06:00
433,USR036,+8801879457558,Rumana Islam,PTH-RIDE-0000434,2026-05-12T13:25:21+06:00,Premium Car,Rampura,23.759995,90.416227,Dhanmondi,23.747432,90.380714,20.76,32,976,cancelled_by_rider,2026-05-12T14:17:21+06:00,True,Pathao,PTH-DRV-024,Sabbir Mia,8801635920547,driver,Premium Car,Dhaka-Metro-GA-29-9550,2026-02-19,4.75,active,Motijheel,52,34,1609,2026-02-14T00:28:05+06:00,2026-08-06T16:02:46+06:00
434,USR036,+8801879457558,Rumana Islam,PTH-RIDE-0000435,2026-04-15T12:16:35+06:00,Bike,Bashundhara,23.816368,90.424312,Old Dhaka,23.701457,90.408509,17.89,21,441,cancelled_by_user,2026-04-15T12:59:35+06:00,True,Pathao,PTH-DRV-006,Sohel Mia,8801413282469,driver,Bike,Dhaka-Metro-LA-42-7072,2023-11-20,4.46,active,Bashundhara,56,39,678,2026-02-11T19:34:53+06:00,2026-07-27T18:56:51+06:00
435,USR036,+8801879457558,Rumana Islam,PTH-RIDE-0000436,2026-06-14T03:45:39+06:00,Bike,Tejgaon,23.768211,90.382996,Uttara,23.878634,90.387849,7.08,48,205,completed,2026-06-14T04:56:39+06:00,True,Pathao,PTH-DRV-001,Nayeem Sarker,8801967036821,driver,Bike,Dhaka-Metro-LA-50-6184,2025-12-26,4.94,active,Tejgaon,58,41,819,2026-02-10T15:17:23+06:00,2026-08-09T07:35:51+06:00
436,USR036,+8801879457558,Rumana Islam,PTH-RIDE-0000437,2026-03-31T01:35:01+06:00,Bike,Farmgate,23.759163,90.397453,Gulshan,23.791986,90.406424,13.08,70,300,completed,2026-03-31T02:50:01+06:00,True,Pathao,PTH-DRV-008,Al Amin Sarker,8801690558459,driver,Bike,Dhaka-Metro-LA-55-6224,2023-03-18,4.43,active,Farmgate,41,26,1395,2026-02-12T12:34:17+06:00,2026-08-07T03:04:20+06:00
437,USR036,+8801879457558,Rumana Islam,PTH-RIDE-0000438,2026-04-27T10:54:15+06:00,Bike,Tejgaon,23.772338,90.389698,Mohakhali,23.769163,90.396465,21.0,35,513,cancelled_by_user,2026-04-27T11:51:15+06:00,True,Pathao,PTH-DRV-001,Nayeem Sarker,8801967036821,driver,Bike,Dhaka-Metro-LA-50-6184,2025-12-26,4.94,active,Tejgaon,58,41,819,2026-02-10T15:17:23+06:00,2026-08-09T07:35:51+06:00
438,USR036,+8801879457558,Rumana Islam,PTH-RIDE-0000439,2026-07-22T20:44:48+06:00,Car,Badda,23.78495,90.434955,Uttara,23.882386,90.379956,5.39,72,350,completed,2026-07-22T21:59:48+06:00,True,Pathao,PTH-DRV-010,Zahid Chowdhury,8801738695856,driver,Car,Dhaka-Metro-GA-12-2328,2024-05-16,4.86,active,Badda,44,28,403,2026-02-10T07:45:59+06:00,2026-08-10T20:38:42+06:00
439,USR036,+8801879457558,Rumana Islam,PTH-RIDE-0000440,2026-05-25T08:27:25+06:00,Premium Car,Motijheel,23.741268,90.424576,Khilgaon,23.7457,90.422053,22.98,12,1067,completed,2026-05-25T08:50:25+06:00,True,Pathao,PTH-DRV-024,Sabbir Mia,8801635920547,driver,Premium Car,Dhaka-Metro-GA-29-9550,2026-02-19,4.75,active,Motijheel,52,34,1609,2026-02-14T00:28:05+06:00,2026-08-06T16:02:46+06:00
440,USR037,+8801909160886,Farzana Sultana,PTH-RIDE-0000441,2026-04-09T10:24:35+06:00,Bike,Wari,23.713288,90.416468,Mohammadpur,23.759939,90.353226,10.9,77,276,completed,2026-04-09T11:45:35+06:00,True,Pathao,PTH-DRV-003,Emon Mollah,8801458656775,driver,Bike,Dhaka-Metro-LA-44-1806,2025-05-16,4.33,active,Wari,47,33,1457,2026-02-15T14:20:09+06:00,2026-08-05T18:34:40+06:00
441,USR037,+8801909160886,Farzana Sultana,PTH-RIDE-0000442,2026-03-12T10:24:14+06:00,Bike,Mirpur,23.829952,90.370008,Pallabi,23.837002,90.372782,22.61,48,493,completed,2026-03-12T11:14:14+06:00,True,Pathao,PTH-DRV-002,Sabbir Ali,8801715535227,driver,Bike,Dhaka-Metro-LA-43-4404,2024-01-15,4.70,active,Uttara,47,34,1379,2026-02-14T01:39:55+06:00,2026-08-09T11:23:20+06:00
442,USR037,+8801909160886,Farzana Sultana,PTH-RIDE-0000443,2026-07-23T04:23:18+06:00,Car,Pallabi,23.83296,90.370968,Banani,23.799603,90.412178,14.26,26,551,completed,2026-07-23T04:55:18+06:00,True,Pathao,PTH-DRV-016,Imran Karim,8801417391915,driver,Car,Dhaka-Metro-GA-50-2706,2024-09-14,4.65,active,Khilgaon,43,28,1106,2026-02-13T07:06:14+06:00,2026-08-04T07:56:48+06:00
443,USR037,+8801909160886,Farzana Sultana,PTH-RIDE-0000444,2026-02-19T12:07:08+06:00,Car,Motijheel,23.730393,90.409669,Mohakhali,23.771193,90.403517,24.64,61,820,completed,2026-02-19T13:27:08+06:00,True,Pathao,PTH-DRV-009,Shakil Mahmud,8801713605120,driver,Car,Dhaka-Metro-GA-18-9142,2026-02-13,4.51,active,Wari,51,33,1315,2026-02-13T19:17:45+06:00,2026-08-09T23:46:24+06:00
444,USR037,+8801909160886,Farzana Sultana,PTH-RIDE-0000445,2026-03-11T08:12:44+06:00,Car,Mirpur,23.831221,90.366952,Mohakhali,23.782849,90.391872,8.31,48,405,completed,2026-03-11T09:23:44+06:00,True,Pathao,PTH-DRV-013,Noman Sheikh,8801702482414,driver,Car,Dhaka-Metro-GA-32-1635,2024-02-24,4.40,active,Dhanmondi,57,37,919,2026-02-12T18:33:16+06:00,2026-08-07T07:51:54+06:00
445,USR037,+8801909160886,Farzana Sultana,PTH-RIDE-0000446,2026-05-06T15:05:48+06:00,Car,Motijheel,23.735786,90.412868,Mirpur,23.824072,90.371021,3.65,16,214,completed,2026-05-06T15:39:48+06:00,True,Pathao,PTH-DRV-009,Shakil Mahmud,8801713605120,driver,Car,Dhaka-Metro-GA-18-9142,2026-02-13,4.51,active,Wari,51,33,1315,2026-02-13T19:17:45+06:00,2026-08-09T23:46:24+06:00
446,USR037,+8801909160886,Farzana Sultana,PTH-RIDE-0000447,2026-04-16T09:46:55+06:00,Bike,Banani,23.800957,90.408943,Shyamoli,23.768909,90.366791,22.14,22,512,completed,2026-04-16T10:13:55+06:00,True,Pathao,PTH-DRV-005,Mizan Hasan,8801356392834,driver,Bike,Dhaka-Metro-LA-18-8731,2023-05-02,4.42,active,Banani,52,34,1623,2026-02-15T11:45:22+06:00,2026-08-04T01:29:10+06:00
447,USR037,+8801909160886,Farzana Sultana,PTH-RIDE-0000448,2026-05-09T10:21:41+06:00,Bike,Pallabi,23.823096,90.365153,Tejgaon,23.755715,90.395802,21.87,29,424,completed,2026-05-09T11:14:41+06:00,True,Pathao,PTH-DRV-006,Sohel Mia,8801413282469,driver,Bike,Dhaka-Metro-LA-42-7072,2023-11-20,4.46,active,Bashundhara,56,39,678,2026-02-11T19:34:53+06:00,2026-07-27T18:56:51+06:00
448,USR037,+8801909160886,Farzana Sultana,PTH-RIDE-0000449,2026-02-17T16:07:58+06:00,Bike,Pallabi,23.832677,90.357265,Khilgaon,23.751845,90.429042,7.55,15,202,completed,2026-02-17T16:42:58+06:00,True,Pathao,PTH-DRV-002,Sabbir Ali,8801715535227,driver,Bike,Dhaka-Metro-LA-43-4404,2024-01-15,4.70,active,Uttara,47,34,1379,2026-02-14T01:39:55+06:00,2026-08-09T11:23:20+06:00
449,USR037,+8801909160886,Farzana Sultana,PTH-RIDE-0000450,2026-05-20T01:20:26+06:00,Bike,Bashundhara,23.812218,90.425159,Old Dhaka,23.71441,90.400288,19.03,10,476,completed,2026-05-20T01:53:26+06:00,True,Pathao,PTH-DRV-006,Sohel Mia,8801413282469,driver,Bike,Dhaka-Metro-LA-42-7072,2023-11-20,4.46,active,Bashundhara,56,39,678,2026-02-11T19:34:53+06:00,2026-07-27T18:56:51+06:00
450,USR037,+8801909160886,Farzana Sultana,PTH-RIDE-0000451,2026-04-08T12:11:29+06:00,Bike,Mohakhali,23.776913,90.399117,Pallabi,23.826723,90.360091,13.02,38,346,completed,2026-04-08T13:14:29+06:00,True,Pathao,PTH-DRV-008,Al Amin Sarker,8801690558459,driver,Bike,Dhaka-Metro-LA-55-6224,2023-03-18,4.43,active,Farmgate,41,26,1395,2026-02-12T12:34:17+06:00,2026-08-07T03:04:20+06:00
451,USR038,+8801312595905,Arif Islam,PTH-RIDE-0000452,2026-02-22T20:59:47+06:00,Car,Shyamoli,23.773704,90.37318,Wari,23.717143,90.418921,2.38,41,242,cancelled_by_rider,2026-02-22T21:50:47+06:00,True,Pathao,PTH-DRV-012,Sakib Mahmud,8801701651316,driver,Car,Dhaka-Metro-GA-26-4203,2025-11-08,4.74,active,Bashundhara,50,31,1374,2026-02-18T14:40:42+06:00,2026-08-10T20:12:47+06:00
452,USR038,+8801312595905,Arif Islam,PTH-RIDE-0000453,2026-06-26T00:48:39+06:00,Car,Pallabi,23.83413,90.373103,Mohakhali,23.782669,90.405986,24.77,56,843,cancelled_by_rider,2026-06-26T02:08:39+06:00,True,Pathao,PTH-DRV-016,Imran Karim,8801417391915,driver,Car,Dhaka-Metro-GA-50-2706,2024-09-14,4.65,active,Khilgaon,43,28,1106,2026-02-13T07:06:14+06:00,2026-08-04T07:56:48+06:00
453,USR038,+8801312595905,Arif Islam,PTH-RIDE-0000454,2026-07-29T10:57:05+06:00,Car,Bashundhara,23.821922,90.431296,Tejgaon,23.75837,90.397978,23.92,67,894,cancelled_by_rider,2026-07-29T12:06:05+06:00,True,Pathao,PTH-DRV-012,Sakib Mahmud,8801701651316,driver,Car,Dhaka-Metro-GA-26-4203,2025-11-08,4.74,active,Bashundhara,50,31,1374,2026-02-18T14:40:42+06:00,2026-08-10T20:12:47+06:00
454,USR038,+8801312595905,Arif Islam,PTH-RIDE-0000455,2026-07-20T01:14:47+06:00,Bike,Mohakhali,23.784328,90.394683,Rampura,23.75563,90.428811,22.23,58,483,completed,2026-07-20T02:26:47+06:00,True,Pathao,PTH-DRV-006,Sohel Mia,8801413282469,driver,Bike,Dhaka-Metro-LA-42-7072,2023-11-20,4.46,active,Bashundhara,56,39,678,2026-02-11T19:34:53+06:00,2026-07-27T18:56:51+06:00
455,USR038,+8801312595905,Arif Islam,PTH-RIDE-0000456,2026-03-21T17:38:07+06:00,Premium Car,Mirpur,23.821448,90.365662,Old Dhaka,23.718704,90.41318,15.82,19,806,completed,2026-03-21T18:20:07+06:00,True,Pathao,PTH-DRV-021,Shuvo Chowdhury,8801396729644,driver,Premium Car,Dhaka-Metro-GA-18-5728,2024-05-09,4.49,active,Mirpur,61,41,785,2026-02-10T13:58:31+06:00,2026-08-07T01:44:36+06:00
456,USR038,+8801312595905,Arif Islam,PTH-RIDE-0000457,2026-08-09T23:46:24+06:00,Car,Rampura,23.758506,90.412157,Tejgaon,23.767295,90.389689,10.7,44,444,cancelled_by_rider,2026-08-10T00:40:24+06:00,True,Pathao,PTH-DRV-009,Shakil Mahmud,8801713605120,driver,Car,Dhaka-Metro-GA-18-9142,2026-02-13,4.51,active,Wari,51,33,1315,2026-02-13T19:17:45+06:00,2026-08-09T23:46:24+06:00
457,USR038,+8801312595905,Arif Islam,PTH-RIDE-0000458,2026-04-23T09:45:58+06:00,Car,Banani,23.802121,90.399403,Farmgate,23.758642,90.392622,17.38,80,667,completed,2026-04-23T11:21:58+06:00,True,Pathao,PTH-DRV-011,Mamun Khan,8801426550582,driver,Car,Dhaka-Metro-GA-36-9704,2025-07-14,4.26,active,Banani,45,31,1368,2026-02-20T14:11:58+06:00,2026-08-06T12:43:24+06:00
458,USR038,+8801312595905,Arif Islam,PTH-RIDE-0000459,2026-08-08T21:37:30+06:00,Bike,Dhanmondi,23.751409,90.371349,Tejgaon,23.760773,90.395868,15.41,12,354,completed,2026-08-08T22:07:30+06:00,True,Pathao,PTH-DRV-007,Rafi Chowdhury,8801972545462,driver,Bike,Dhaka-Metro-LA-49-8611,2025-12-04,4.63,active,Dhanmondi,50,31,630,2026-02-16T20:14:06+06:00,2026-08-08T21:37:30+06:00
459,USR038,+8801312595905,Arif Islam,PTH-RIDE-0000460,2026-06-06T07:11:05+06:00,Bike,Old Dhaka,23.701765,90.402763,Gulshan,23.795,90.409462,21.71,36,522,completed,2026-06-06T08:11:05+06:00,True,Pathao,PTH-DRV-001,Nayeem Sarker,8801967036821,driver,Bike,Dhaka-Metro-LA-50-6184,2025-12-26,4.94,active,Tejgaon,58,41,819,2026-02-10T15:17:23+06:00,2026-08-09T07:35:51+06:00
460,USR038,+8801312595905,Arif Islam,PTH-RIDE-0000461,2026-07-23T06:43:54+06:00,Bike,Wari,23.716197,90.415316,Shyamoli,23.776569,90.366594,12.43,45,348,completed,2026-07-23T07:42:54+06:00,True,Pathao,PTH-DRV-003,Emon Mollah,8801458656775,driver,Bike,Dhaka-Metro-LA-44-1806,2025-05-16,4.33,active,Wari,47,33,1457,2026-02-15T14:20:09+06:00,2026-08-05T18:34:40+06:00
461,USR038,+8801312595905,Arif Islam,PTH-RIDE-0000462,2026-06-18T20:01:28+06:00,Car,Wari,23.718225,90.418884,Rampura,23.763779,90.417629,13.83,45,565,completed,2026-06-18T20:48:28+06:00,True,Pathao,PTH-DRV-009,Shakil Mahmud,8801713605120,driver,Car,Dhaka-Metro-GA-18-9142,2026-02-13,4.51,active,Wari,51,33,1315,2026-02-13T19:17:45+06:00,2026-08-09T23:46:24+06:00
462,USR039,+8801461779647,Mahin Karim,PTH-RIDE-0000463,2026-05-25T18:43:47+06:00,Car,Wari,23.728778,90.410406,Banani,23.789762,90.399879,13.83,35,591,cancelled_by_rider,2026-05-25T19:37:47+06:00,True,Pathao,PTH-DRV-009,Shakil Mahmud,8801713605120,driver,Car,Dhaka-Metro-GA-18-9142,2026-02-13,4.51,active,Wari,51,33,1315,2026-02-13T19:17:45+06:00,2026-08-09T23:46:24+06:00
463,USR039,+8801461779647,Mahin Karim,PTH-RIDE-0000464,2026-03-23T05:41:15+06:00,Premium Car,Wari,23.730116,90.411992,Mohakhali,23.773496,90.394871,7.35,79,404,completed,2026-03-23T07:09:15+06:00,True,Pathao,PTH-DRV-018,Riyad Khan,8801895144376,driver,Premium Car,Dhaka-Metro-GA-42-9702,2025-06-18,4.52,active,Farmgate,48,32,1798,2026-03-16T13:11:54+06:00,2026-08-10T14:18:39+06:00
464,USR039,+8801461779647,Mahin Karim,PTH-RIDE-0000465,2026-05-23T01:35:16+06:00,Bike,Mohammadpur,23.77504,90.36754,Mohakhali,23.784264,90.395339,21.35,33,499,completed,2026-05-23T02:31:16+06:00,True,Pathao,PTH-DRV-004,Noman Islam,8801433479792,driver,Bike,Dhaka-Metro-LA-16-4147,2024-04-07,4.84,active,Badda,45,26,1163,2026-02-10T19:35:38+06:00,2026-08-06T22:59:51+06:00
465,USR039,+8801461779647,Mahin Karim,PTH-RIDE-0000466,2026-06-21T21:40:01+06:00,Premium Car,Dhanmondi,23.751373,90.383535,Shyamoli,23.771453,90.370114,19.75,43,959,cancelled_by_rider,2026-06-21T22:37:01+06:00,True,Pathao,PTH-DRV-017,Rubel Hossain,8801596800093,driver,Premium Car,Dhaka-Metro-GA-59-1389,2023-10-30,4.39,active,Dhanmondi,43,24,856,2026-02-13T21:12:16+06:00,2026-07-24T19:50:49+06:00
466,USR039,+8801461779647,Mahin Karim,PTH-RIDE-0000467,2026-05-30T19:10:35+06:00,Premium Car,Old Dhaka,23.71471,90.407451,Tejgaon,23.757485,90.384615,17.42,53,874,completed,2026-05-30T20:19:35+06:00,True,Pathao,PTH-DRV-019,Tanvir Hossain,8801568844033,driver,Premium Car,Dhaka-Metro-GA-43-7960,2024-08-01,4.63,active,Gulshan,60,39,678,2026-02-13T02:57:39+06:00,2026-08-10T06:23:33+06:00
467,USR039,+8801461779647,Mahin Karim,PTH-RIDE-0000468,2026-06-29T19:58:01+06:00,Premium Car,Dhanmondi,23.748557,90.368152,Rampura,23.756865,90.414528,10.8,62,568,completed,2026-06-29T21:19:01+06:00,True,Pathao,PTH-DRV-017,Rubel Hossain,8801596800093,driver,Premium Car,Dhaka-Metro-GA-59-1389,2023-10-30,4.39,active,Dhanmondi,43,24,856,2026-02-13T21:12:16+06:00,2026-07-24T19:50:49+06:00
468,USR039,+8801461779647,Mahin Karim,PTH-RIDE-0000469,2026-07-05T23:29:52+06:00,Bike,Mirpur,23.823329,90.356656,Shyamoli,23.766131,90.363811,20.59,74,415,cancelled_by_rider,2026-07-06T01:01:52+06:00,True,Pathao,PTH-DRV-003,Emon Mollah,8801458656775,driver,Bike,Dhaka-Metro-LA-44-1806,2025-05-16,4.33,active,Wari,47,33,1457,2026-02-15T14:20:09+06:00,2026-08-05T18:34:40+06:00
469,USR039,+8801461779647,Mahin Karim,PTH-RIDE-0000470,2026-05-13T00:21:25+06:00,Bike,Dhanmondi,23.750519,90.367921,Shyamoli,23.771541,90.369552,7.69,37,254,completed,2026-05-13T01:22:25+06:00,True,Pathao,PTH-DRV-007,Rafi Chowdhury,8801972545462,driver,Bike,Dhaka-Metro-LA-49-8611,2025-12-04,4.63,active,Dhanmondi,50,31,630,2026-02-16T20:14:06+06:00,2026-08-08T21:37:30+06:00
470,USR040,+8801754701672,Tanvir Karim,PTH-RIDE-0000471,2026-02-15T11:45:22+06:00,Bike,Banani,23.798204,90.409505,Rampura,23.766716,90.413792,5.55,41,129,completed,2026-02-15T12:42:22+06:00,True,Pathao,PTH-DRV-005,Mizan Hasan,8801356392834,driver,Bike,Dhaka-Metro-LA-18-8731,2023-05-02,4.42,active,Banani,52,34,1623,2026-02-15T11:45:22+06:00,2026-08-04T01:29:10+06:00
471,USR040,+8801754701672,Tanvir Karim,PTH-RIDE-0000472,2026-07-13T07:57:39+06:00,Premium Car,Farmgate,23.750151,90.392157,Dhanmondi,23.74145,90.382989,15.18,29,779,completed,2026-07-13T08:42:39+06:00,True,Pathao,PTH-DRV-018,Riyad Khan,8801895144376,driver,Premium Car,Dhaka-Metro-GA-42-9702,2025-06-18,4.52,active,Farmgate,48,32,1798,2026-03-16T13:11:54+06:00,2026-08-10T14:18:39+06:00
472,USR040,+8801754701672,Tanvir Karim,PTH-RIDE-0000473,2026-05-13T00:41:37+06:00,Premium Car,Khilgaon,23.757786,90.422973,Motijheel,23.738511,90.42227,9.18,41,570,completed,2026-05-13T01:28:37+06:00,True,Pathao,PTH-DRV-020,Sabbir Mahmud,8801520665194,driver,Premium Car,Dhaka-Metro-GA-27-7652,2025-07-04,4.51,active,Khilgaon,46,33,891,2026-02-15T21:25:09+06:00,2026-08-09T14:56:20+06:00
473,USR040,+8801754701672,Tanvir Karim,PTH-RIDE-0000474,2026-04-23T15:18:10+06:00,Premium Car,Khilgaon,23.744467,90.434518,Banani,23.792421,90.40049,21.82,64,978,cancelled_by_rider,2026-04-23T16:44:10+06:00,True,Pathao,PTH-DRV-020,Sabbir Mahmud,8801520665194,driver,Premium Car,Dhaka-Metro-GA-27-7652,2025-07-04,4.51,active,Khilgaon,46,33,891,2026-02-15T21:25:09+06:00,2026-08-09T14:56:20+06:00
474,USR040,+8801754701672,Tanvir Karim,PTH-RIDE-0000475,2026-03-20T14:35:48+06:00,Bike,Tejgaon,23.77021,90.38646,Pallabi,23.828869,90.372896,22.84,69,512,completed,2026-03-20T15:58:48+06:00,True,Pathao,PTH-DRV-001,Nayeem Sarker,8801967036821,driver,Bike,Dhaka-Metro-LA-50-6184,2025-12-26,4.94,active,Tejgaon,58,41,819,2026-02-10T15:17:23+06:00,2026-08-09T07:35:51+06:00
475,USR040,+8801754701672,Tanvir Karim,PTH-RIDE-0000476,2026-06-25T07:17:41+06:00,Car,Rampura,23.769655,90.422217,Khilgaon,23.751291,90.428911,1.73,33,219,completed,2026-06-25T08:09:41+06:00,True,Pathao,PTH-DRV-012,Sakib Mahmud,8801701651316,driver,Car,Dhaka-Metro-GA-26-4203,2025-11-08,4.74,active,Bashundhara,50,31,1374,2026-02-18T14:40:42+06:00,2026-08-10T20:12:47+06:00
476,USR040,+8801754701672,Tanvir Karim,PTH-RIDE-0000477,2026-02-13T19:17:45+06:00,Car,Mohakhali,23.775621,90.403389,Tejgaon,23.755109,90.396667,16.68,48,681,completed,2026-02-13T20:19:45+06:00,True,Pathao,PTH-DRV-009,Shakil Mahmud,8801713605120,driver,Car,Dhaka-Metro-GA-18-9142,2026-02-13,4.51,active,Wari,51,33,1315,2026-02-13T19:17:45+06:00,2026-08-09T23:46:24+06:00
477,USR040,+8801754701672,Tanvir Karim,PTH-RIDE-0000478,2026-05-22T04:56:29+06:00,Premium Car,Dhanmondi,23.751541,90.37559,Mohammadpur,23.76323,90.363731,12.86,55,700,completed,2026-05-22T05:54:29+06:00,True,Pathao,PTH-DRV-017,Rubel Hossain,8801596800093,driver,Premium Car,Dhaka-Metro-GA-59-1389,2023-10-30,4.39,active,Dhanmondi,43,24,856,2026-02-13T21:12:16+06:00,2026-07-24T19:50:49+06:00
478,USR040,+8801754701672,Tanvir Karim,PTH-RIDE-0000479,2026-07-16T07:44:08+06:00,Car,Gulshan,23.784803,90.413372,Shyamoli,23.781466,90.356597,13.68,38,575,cancelled_by_rider,2026-07-16T08:29:08+06:00,True,Pathao,PTH-DRV-015,Sumon Ahmed,8801592246260,driver,Car,Dhaka-Metro-GA-47-2377,2024-09-19,4.91,temporarily_inactive,Gulshan,51,33,344,2026-02-20T06:37:41+06:00,2026-08-08T17:20:03+06:00
479,USR041,+8801410279211,Nafisa Ali,PTH-RIDE-0000480,2026-06-23T21:14:19+06:00,Bike,Gulshan,23.790965,90.41019,Shyamoli,23.771318,90.373835,15.63,48,383,cancelled_by_rider,2026-06-23T22:21:19+06:00,True,Pathao,PTH-DRV-007,Rafi Chowdhury,8801972545462,driver,Bike,Dhaka-Metro-LA-49-8611,2025-12-04,4.63,active,Dhanmondi,50,31,630,2026-02-16T20:14:06+06:00,2026-08-08T21:37:30+06:00
480,USR041,+8801410279211,Nafisa Ali,PTH-RIDE-0000481,2026-04-18T13:57:34+06:00,Bike,Mirpur,23.816607,90.357018,Old Dhaka,23.707695,90.406568,10.71,45,254,completed,2026-04-18T14:45:34+06:00,True,Pathao,PTH-DRV-004,Noman Islam,8801433479792,driver,Bike,Dhaka-Metro-LA-16-4147,2024-04-07,4.84,active,Badda,45,26,1163,2026-02-10T19:35:38+06:00,2026-08-06T22:59:51+06:00
481,USR041,+8801410279211,Nafisa Ali,PTH-RIDE-0000482,2026-03-06T17:24:01+06:00,Premium Car,Pallabi,23.832561,90.35806,Gulshan,23.786183,90.40938,20.83,34,1014,completed,2026-03-06T18:07:01+06:00,True,Pathao,PTH-DRV-023,Al Amin Khan,8801354736696,driver,Premium Car,Dhaka-Metro-GA-39-9114,2023-07-25,4.89,active,Mohammadpur,44,34,437,2026-02-24T14:00:15+06:00,2026-08-10T04:16:51+06:00
482,USR041,+8801410279211,Nafisa Ali,PTH-RIDE-0000483,2026-07-05T21:05:26+06:00,Car,Rampura,23.767146,90.411849,Gulshan,23.783607,90.406773,5.96,78,273,completed,2026-07-05T22:27:26+06:00,True,Pathao,PTH-DRV-013,Noman Sheikh,8801702482414,driver,Car,Dhaka-Metro-GA-32-1635,2024-02-24,4.40,active,Dhanmondi,57,37,919,2026-02-12T18:33:16+06:00,2026-08-07T07:51:54+06:00
483,USR041,+8801410279211,Nafisa Ali,PTH-RIDE-0000484,2026-07-07T12:19:44+06:00,Premium Car,Dhanmondi,23.740047,90.377705,Uttara,23.879791,90.375804,23.48,60,1041,completed,2026-07-07T13:26:44+06:00,True,Pathao,PTH-DRV-017,Rubel Hossain,8801596800093,driver,Premium Car,Dhaka-Metro-GA-59-1389,2023-10-30,4.39,active,Dhanmondi,43,24,856,2026-02-13T21:12:16+06:00,2026-07-24T19:50:49+06:00
484,USR041,+8801410279211,Nafisa Ali,PTH-RIDE-0000485,2026-06-21T21:14:01+06:00,Car,Wari,23.729563,90.420703,Uttara,23.874772,90.383492,21.7,34,732,cancelled_by_user,2026-06-21T21:51:01+06:00,True,Pathao,PTH-DRV-009,Shakil Mahmud,8801713605120,driver,Car,Dhaka-Metro-GA-18-9142,2026-02-13,4.51,active,Wari,51,33,1315,2026-02-13T19:17:45+06:00,2026-08-09T23:46:24+06:00
485,USR041,+8801410279211,Nafisa Ali,PTH-RIDE-0000486,2026-03-14T08:32:25+06:00,Premium Car,Gulshan,23.795276,90.413027,Banani,23.789866,90.410195,17.0,78,825,cancelled_by_user,2026-03-14T10:10:25+06:00,True,Pathao,PTH-DRV-019,Tanvir Hossain,8801568844033,driver,Premium Car,Dhaka-Metro-GA-43-7960,2024-08-01,4.63,active,Gulshan,60,39,678,2026-02-13T02:57:39+06:00,2026-08-10T06:23:33+06:00
486,USR041,+8801410279211,Nafisa Ali,PTH-RIDE-0000487,2026-04-13T13:43:22+06:00,Car,Uttara,23.877016,90.381996,Dhanmondi,23.739128,90.384431,2.09,47,177,completed,2026-04-13T14:38:22+06:00,True,Pathao,PTH-DRV-009,Shakil Mahmud,8801713605120,driver,Car,Dhaka-Metro-GA-18-9142,2026-02-13,4.51,active,Wari,51,33,1315,2026-02-13T19:17:45+06:00,2026-08-09T23:46:24+06:00
487,USR041,+8801410279211,Nafisa Ali,PTH-RIDE-0000488,2026-06-23T19:24:51+06:00,Car,Farmgate,23.760948,90.38588,Mohammadpur,23.76516,90.361223,16.4,56,668,cancelled_by_user,2026-06-23T20:25:51+06:00,True,Pathao,PTH-DRV-014,Mehedi Hossain,8801466938163,driver,Car,Dhaka-Metro-GA-57-3382,2023-09-28,4.50,active,Farmgate,49,31,1649,2026-02-11T05:29:19+06:00,2026-08-07T22:28:04+06:00
488,USR042,+8801455140705,Sanjida Sultana,PTH-RIDE-0000489,2026-03-16T00:31:11+06:00,Car,Wari,23.71885,90.413208,Tejgaon,23.759027,90.398884,7.25,12,400,completed,2026-03-16T00:45:11+06:00,True,Pathao,PTH-DRV-009,Shakil Mahmud,8801713605120,driver,Car,Dhaka-Metro-GA-18-9142,2026-02-13,4.51,active,Wari,51,33,1315,2026-02-13T19:17:45+06:00,2026-08-09T23:46:24+06:00
489,USR042,+8801455140705,Sanjida Sultana,PTH-RIDE-0000490,2026-07-12T01:07:42+06:00,Premium Car,Gulshan,23.796145,90.414122,Tejgaon,23.77174,90.393081,11.63,20,568,cancelled_by_user,2026-07-12T01:30:42+06:00,True,Pathao,PTH-DRV-019,Tanvir Hossain,8801568844033,driver,Premium Car,Dhaka-Metro-GA-43-7960,2024-08-01,4.63,active,Gulshan,60,39,678,2026-02-13T02:57:39+06:00,2026-08-10T06:23:33+06:00
490,USR042,+8801455140705,Sanjida Sultana,PTH-RIDE-0000491,2026-05-28T04:22:42+06:00,Car,Khilgaon,23.755468,90.43578,Rampura,23.761379,90.418365,6.84,78,297,cancelled_by_rider,2026-05-28T05:46:42+06:00,True,Pathao,PTH-DRV-016,Imran Karim,8801417391915,driver,Car,Dhaka-Metro-GA-50-2706,2024-09-14,4.65,active,Khilgaon,43,28,1106,2026-02-13T07:06:14+06:00,2026-08-04T07:56:48+06:00
491,USR042,+8801455140705,Sanjida Sultana,PTH-RIDE-0000492,2026-07-30T00:08:55+06:00,Premium Car,Banani,23.786074,90.409763,Badda,23.784055,90.4329,23.88,19,1084,completed,2026-07-30T00:29:55+06:00,True,Pathao,PTH-DRV-019,Tanvir Hossain,8801568844033,driver,Premium Car,Dhaka-Metro-GA-43-7960,2024-08-01,4.63,active,Gulshan,60,39,678,2026-02-13T02:57:39+06:00,2026-08-10T06:23:33+06:00
492,USR042,+8801455140705,Sanjida Sultana,PTH-RIDE-0000493,2026-04-25T18:39:13+06:00,Premium Car,Wari,23.720566,90.412812,Badda,23.77503,90.434008,21.52,76,1025,completed,2026-04-25T20:01:13+06:00,True,Pathao,PTH-DRV-021,Shuvo Chowdhury,8801396729644,driver,Premium Car,Dhaka-Metro-GA-18-5728,2024-05-09,4.49,active,Mirpur,61,41,785,2026-02-10T13:58:31+06:00,2026-08-07T01:44:36+06:00
493,USR042,+8801455140705,Sanjida Sultana,PTH-RIDE-0000494,2026-07-15T21:33:40+06:00,Car,Wari,23.722883,90.412638,Motijheel,23.739372,90.412043,3.73,12,246,completed,2026-07-15T21:50:40+06:00,True,Pathao,PTH-DRV-009,Shakil Mahmud,8801713605120,driver,Car,Dhaka-Metro-GA-18-9142,2026-02-13,4.51,active,Wari,51,33,1315,2026-02-13T19:17:45+06:00,2026-08-09T23:46:24+06:00
494,USR042,+8801455140705,Sanjida Sultana,PTH-RIDE-0000495,2026-06-09T01:07:18+06:00,Premium Car,Tejgaon,23.771133,90.393248,Farmgate,23.764601,90.392613,19.84,16,901,cancelled_by_rider,2026-06-09T01:32:18+06:00,True,Pathao,PTH-DRV-022,Rony Ahmed,8801406140466,driver,Premium Car,Dhaka-Metro-GA-14-3862,2024-03-08,4.36,active,Mohakhali,49,32,280,2026-02-19T05:07:42+06:00,2026-08-10T16:43:15+06:00
495,USR042,+8801455140705,Sanjida Sultana,PTH-RIDE-0000496,2026-05-07T06:18:08+06:00,Bike,Gulshan,23.791339,90.412236,Banani,23.795819,90.397808,11.37,40,326,completed,2026-05-07T07:12:08+06:00,True,Pathao,PTH-DRV-008,Al Amin Sarker,8801690558459,driver,Bike,Dhaka-Metro-LA-55-6224,2023-03-18,4.43,active,Farmgate,41,26,1395,2026-02-12T12:34:17+06:00,2026-08-07T03:04:20+06:00
496,USR042,+8801455140705,Sanjida Sultana,PTH-RIDE-0000497,2026-06-27T19:12:18+06:00,Bike,Banani,23.798556,90.399916,Wari,23.72553,90.425245,5.16,73,171,completed,2026-06-27T20:30:18+06:00,True,Pathao,PTH-DRV-005,Mizan Hasan,8801356392834,driver,Bike,Dhaka-Metro-LA-18-8731,2023-05-02,4.42,active,Banani,52,34,1623,2026-02-15T11:45:22+06:00,2026-08-04T01:29:10+06:00
497,USR042,+8801455140705,Sanjida Sultana,PTH-RIDE-0000498,2026-03-27T18:30:15+06:00,Premium Car,Old Dhaka,23.715273,90.408438,Mohakhali,23.781969,90.407414,23.64,74,1092,completed,2026-03-27T19:53:15+06:00,True,Pathao,PTH-DRV-021,Shuvo Chowdhury,8801396729644,driver,Premium Car,Dhaka-Metro-GA-18-5728,2024-05-09,4.49,active,Mirpur,61,41,785,2026-02-10T13:58:31+06:00,2026-08-07T01:44:36+06:00
498,USR042,+8801455140705,Sanjida Sultana,PTH-RIDE-0000499,2026-03-29T23:43:02+06:00,Car,Khilgaon,23.756272,90.429226,Mohammadpur,23.775342,90.358695,13.04,76,538,completed,2026-03-30T01:13:02+06:00,True,Pathao,PTH-DRV-016,Imran Karim,8801417391915,driver,Car,Dhaka-Metro-GA-50-2706,2024-09-14,4.65,active,Khilgaon,43,28,1106,2026-02-13T07:06:14+06:00,2026-08-04T07:56:48+06:00
499,USR042,+8801455140705,Sanjida Sultana,PTH-RIDE-0000500,2026-07-21T22:19:31+06:00,Premium Car,Uttara,23.879626,90.382602,Mohakhali,23.76967,90.404203,9.23,18,548,completed,2026-07-21T22:41:31+06:00,True,Pathao,PTH-DRV-021,Shuvo Chowdhury,8801396729644,driver,Premium Car,Dhaka-Metro-GA-18-5728,2024-05-09,4.49,active,Mirpur,61,41,785,2026-02-10T13:58:31+06:00,2026-08-07T01:44:36+06:00
500,USR042,+8801455140705,Sanjida Sultana,PTH-RIDE-0000501,2026-06-03T21:30:09+06:00,Premium Car,Badda,23.778848,90.418468,Mohakhali,23.782549,90.400595,12.61,15,615,completed,2026-06-03T22:01:09+06:00,True,Pathao,PTH-DRV-018,Riyad Khan,8801895144376,driver,Premium Car,Dhaka-Metro-GA-42-9702,2025-06-18,4.52,active,Farmgate,48,32,1798,2026-03-16T13:11:54+06:00,2026-08-10T14:18:39+06:00
501,USR042,+8801455140705,Sanjida Sultana,PTH-RIDE-0000502,2026-05-07T20:41:13+06:00,Premium Car,Pallabi,23.827227,90.363495,Mohammadpur,23.775026,90.36599,8.57,40,554,completed,2026-05-07T21:27:13+06:00,True,Pathao,PTH-DRV-024,Sabbir Mia,8801635920547,driver,Premium Car,Dhaka-Metro-GA-29-9550,2026-02-19,4.75,active,Motijheel,52,34,1609,2026-02-14T00:28:05+06:00,2026-08-06T16:02:46+06:00
502,USR042,+8801455140705,Sanjida Sultana,PTH-RIDE-0000503,2026-07-25T01:52:52+06:00,Car,Dhanmondi,23.742824,90.377519,Motijheel,23.727746,90.417196,14.07,37,556,cancelled_by_rider,2026-07-25T02:43:52+06:00,True,Pathao,PTH-DRV-013,Noman Sheikh,8801702482414,driver,Car,Dhaka-Metro-GA-32-1635,2024-02-24,4.40,active,Dhanmondi,57,37,919,2026-02-12T18:33:16+06:00,2026-08-07T07:51:54+06:00
503,USR042,+8801455140705,Sanjida Sultana,PTH-RIDE-0000504,2026-05-08T16:31:44+06:00,Premium Car,Bashundhara,23.823098,90.434001,Motijheel,23.726732,90.417155,17.78,40,878,completed,2026-05-08T17:20:44+06:00,True,Pathao,PTH-DRV-019,Tanvir Hossain,8801568844033,driver,Premium Car,Dhaka-Metro-GA-43-7960,2024-08-01,4.63,active,Gulshan,60,39,678,2026-02-13T02:57:39+06:00,2026-08-10T06:23:33+06:00
504,USR043,+8801879605481,Tasnim Karim,PTH-RIDE-0000505,2026-04-05T15:07:58+06:00,Bike,Badda,23.781756,90.42443,Rampura,23.763492,90.424247,3.24,21,140,completed,2026-04-05T15:36:58+06:00,True,Pathao,PTH-DRV-004,Noman Islam,8801433479792,driver,Bike,Dhaka-Metro-LA-16-4147,2024-04-07,4.84,active,Badda,45,26,1163,2026-02-10T19:35:38+06:00,2026-08-06T22:59:51+06:00
505,USR043,+8801879605481,Tasnim Karim,PTH-RIDE-0000506,2026-02-27T11:19:19+06:00,Premium Car,Dhanmondi,23.743964,90.376466,Motijheel,23.732434,90.412417,7.47,75,423,cancelled_by_rider,2026-02-27T12:55:19+06:00,True,Pathao,PTH-DRV-017,Rubel Hossain,8801596800093,driver,Premium Car,Dhaka-Metro-GA-59-1389,2023-10-30,4.39,active,Dhanmondi,43,24,856,2026-02-13T21:12:16+06:00,2026-07-24T19:50:49+06:00
506,USR043,+8801879605481,Tasnim Karim,PTH-RIDE-0000507,2026-06-01T09:18:35+06:00,Car,Banani,23.793475,90.406558,Mirpur,23.825585,90.35827,17.48,45,640,completed,2026-06-01T10:18:35+06:00,True,Pathao,PTH-DRV-011,Mamun Khan,8801426550582,driver,Car,Dhaka-Metro-GA-36-9704,2025-07-14,4.26,active,Banani,45,31,1368,2026-02-20T14:11:58+06:00,2026-08-06T12:43:24+06:00
507,USR043,+8801879605481,Tasnim Karim,PTH-RIDE-0000508,2026-05-29T01:31:21+06:00,Premium Car,Pallabi,23.821354,90.356555,Old Dhaka,23.712268,90.41033,4.03,28,280,completed,2026-05-29T02:07:21+06:00,True,Pathao,PTH-DRV-021,Shuvo Chowdhury,8801396729644,driver,Premium Car,Dhaka-Metro-GA-18-5728,2024-05-09,4.49,active,Mirpur,61,41,785,2026-02-10T13:58:31+06:00,2026-08-07T01:44:36+06:00
508,USR043,+8801879605481,Tasnim Karim,PTH-RIDE-0000509,2026-04-07T14:56:09+06:00,Premium Car,Uttara,23.884868,90.386936,Shyamoli,23.77223,90.368821,18.08,74,854,cancelled_by_user,2026-04-07T16:24:09+06:00,True,Pathao,PTH-DRV-023,Al Amin Khan,8801354736696,driver,Premium Car,Dhaka-Metro-GA-39-9114,2023-07-25,4.89,active,Mohammadpur,44,34,437,2026-02-24T14:00:15+06:00,2026-08-10T04:16:51+06:00
509,USR043,+8801879605481,Tasnim Karim,PTH-RIDE-0000510,2026-05-21T15:03:57+06:00,Bike,Mirpur,23.830842,90.35852,Tejgaon,23.755012,90.394345,1.84,50,63,completed,2026-05-21T16:08:57+06:00,True,Pathao,PTH-DRV-001,Nayeem Sarker,8801967036821,driver,Bike,Dhaka-Metro-LA-50-6184,2025-12-26,4.94,active,Tejgaon,58,41,819,2026-02-10T15:17:23+06:00,2026-08-09T07:35:51+06:00
510,USR043,+8801879605481,Tasnim Karim,PTH-RIDE-0000511,2026-07-23T06:33:41+06:00,Bike,Banani,23.792426,90.409676,Mohammadpur,23.767728,90.355825,22.95,68,446,completed,2026-07-23T07:46:41+06:00,True,Pathao,PTH-DRV-005,Mizan Hasan,8801356392834,driver,Bike,Dhaka-Metro-LA-18-8731,2023-05-02,4.42,active,Banani,52,34,1623,2026-02-15T11:45:22+06:00,2026-08-04T01:29:10+06:00
511,USR043,+8801879605481,Tasnim Karim,PTH-RIDE-0000512,2026-06-26T05:30:38+06:00,Car,Wari,23.728176,90.410114,Khilgaon,23.752761,90.424511,7.67,38,404,cancelled_by_rider,2026-06-26T06:30:38+06:00,True,Pathao,PTH-DRV-009,Shakil Mahmud,8801713605120,driver,Car,Dhaka-Metro-GA-18-9142,2026-02-13,4.51,active,Wari,51,33,1315,2026-02-13T19:17:45+06:00,2026-08-09T23:46:24+06:00
512,USR043,+8801879605481,Tasnim Karim,PTH-RIDE-0000513,2026-07-29T15:46:50+06:00,Car,Banani,23.788886,90.405638,Wari,23.713485,90.409301,2.14,40,223,completed,2026-07-29T16:28:50+06:00,True,Pathao,PTH-DRV-011,Mamun Khan,8801426550582,driver,Car,Dhaka-Metro-GA-36-9704,2025-07-14,4.26,active,Banani,45,31,1368,2026-02-20T14:11:58+06:00,2026-08-06T12:43:24+06:00
513,USR044,+8801684789643,Tasnim Uddin,PTH-RIDE-0000514,2026-04-05T22:18:46+06:00,Bike,Badda,23.77436,90.422878,Farmgate,23.749508,90.396306,20.82,39,421,completed,2026-04-05T23:15:46+06:00,True,Pathao,PTH-DRV-004,Noman Islam,8801433479792,driver,Bike,Dhaka-Metro-LA-16-4147,2024-04-07,4.84,active,Badda,45,26,1163,2026-02-10T19:35:38+06:00,2026-08-06T22:59:51+06:00
514,USR044,+8801684789643,Tasnim Uddin,PTH-RIDE-0000515,2026-05-08T00:04:58+06:00,Premium Car,Khilgaon,23.748167,90.419621,Wari,23.721889,90.413813,8.78,80,521,completed,2026-05-08T01:49:58+06:00,True,Pathao,PTH-DRV-020,Sabbir Mahmud,8801520665194,driver,Premium Car,Dhaka-Metro-GA-27-7652,2025-07-04,4.51,active,Khilgaon,46,33,891,2026-02-15T21:25:09+06:00,2026-08-09T14:56:20+06:00
515,USR044,+8801684789643,Tasnim Uddin,PTH-RIDE-0000516,2026-06-21T23:07:57+06:00,Car,Mohammadpur,23.768791,90.349712,Khilgaon,23.756964,90.430109,12.51,34,494,cancelled_by_user,2026-06-21T23:44:57+06:00,True,Pathao,PTH-DRV-016,Imran Karim,8801417391915,driver,Car,Dhaka-Metro-GA-50-2706,2024-09-14,4.65,active,Khilgaon,43,28,1106,2026-02-13T07:06:14+06:00,2026-08-04T07:56:48+06:00
516,USR044,+8801684789643,Tasnim Uddin,PTH-RIDE-0000517,2026-07-22T15:46:33+06:00,Car,Gulshan,23.788396,90.402172,Rampura,23.757557,90.417634,19.33,69,726,cancelled_by_user,2026-07-22T16:58:33+06:00,True,Pathao,PTH-DRV-015,Sumon Ahmed,8801592246260,driver,Car,Dhaka-Metro-GA-47-2377,2024-09-19,4.91,temporarily_inactive,Gulshan,51,33,344,2026-02-20T06:37:41+06:00,2026-08-08T17:20:03+06:00
517,USR044,+8801684789643,Tasnim Uddin,PTH-RIDE-0000518,2026-07-07T08:33:35+06:00,Bike,Bashundhara,23.818198,90.428325,Farmgate,23.748921,90.398772,2.19,60,103,cancelled_by_user,2026-07-07T09:48:35+06:00,True,Pathao,PTH-DRV-006,Sohel Mia,8801413282469,driver,Bike,Dhaka-Metro-LA-42-7072,2023-11-20,4.46,active,Bashundhara,56,39,678,2026-02-11T19:34:53+06:00,2026-07-27T18:56:51+06:00
518,USR044,+8801684789643,Tasnim Uddin,PTH-RIDE-0000519,2026-07-02T08:02:32+06:00,Premium Car,Mirpur,23.827981,90.370942,Old Dhaka,23.707499,90.407236,22.29,10,990,cancelled_by_user,2026-07-02T08:22:32+06:00,True,Pathao,PTH-DRV-021,Shuvo Chowdhury,8801396729644,driver,Premium Car,Dhaka-Metro-GA-18-5728,2024-05-09,4.49,active,Mirpur,61,41,785,2026-02-10T13:58:31+06:00,2026-08-07T01:44:36+06:00
519,USR044,+8801684789643,Tasnim Uddin,PTH-RIDE-0000520,2026-03-27T14:55:28+06:00,Car,Badda,23.77357,90.427746,Gulshan,23.799449,90.402682,9.33,39,445,completed,2026-03-27T15:39:28+06:00,True,Pathao,PTH-DRV-010,Zahid Chowdhury,8801738695856,driver,Car,Dhaka-Metro-GA-12-2328,2024-05-16,4.86,active,Badda,44,28,403,2026-02-10T07:45:59+06:00,2026-08-10T20:38:42+06:00
520,USR044,+8801684789643,Tasnim Uddin,PTH-RIDE-0000521,2026-03-19T22:45:24+06:00,Premium Car,Khilgaon,23.742038,90.426427,Banani,23.785087,90.412212,12.95,26,666,completed,2026-03-19T23:34:24+06:00,True,Pathao,PTH-DRV-020,Sabbir Mahmud,8801520665194,driver,Premium Car,Dhaka-Metro-GA-27-7652,2025-07-04,4.51,active,Khilgaon,46,33,891,2026-02-15T21:25:09+06:00,2026-08-09T14:56:20+06:00
521,USR044,+8801684789643,Tasnim Uddin,PTH-RIDE-0000522,2026-06-06T19:02:15+06:00,Premium Car,Uttara,23.873341,90.374795,Tejgaon,23.769443,90.38431,7.97,16,439,completed,2026-06-06T19:24:15+06:00,True,Pathao,PTH-DRV-021,Shuvo Chowdhury,8801396729644,driver,Premium Car,Dhaka-Metro-GA-18-5728,2024-05-09,4.49,active,Mirpur,61,41,785,2026-02-10T13:58:31+06:00,2026-08-07T01:44:36+06:00
522,USR044,+8801684789643,Tasnim Uddin,PTH-RIDE-0000523,2026-06-18T05:53:08+06:00,Car,Bashundhara,23.813593,90.426617,Wari,23.724307,90.414912,18.39,29,668,completed,2026-06-18T06:24:08+06:00,True,Pathao,PTH-DRV-012,Sakib Mahmud,8801701651316,driver,Car,Dhaka-Metro-GA-26-4203,2025-11-08,4.74,active,Bashundhara,50,31,1374,2026-02-18T14:40:42+06:00,2026-08-10T20:12:47+06:00
523,USR044,+8801684789643,Tasnim Uddin,PTH-RIDE-0000524,2026-06-26T23:40:28+06:00,Car,Gulshan,23.787502,90.401558,Mohakhali,23.784399,90.407725,13.2,42,540,cancelled_by_rider,2026-06-27T00:26:28+06:00,True,Pathao,PTH-DRV-015,Sumon Ahmed,8801592246260,driver,Car,Dhaka-Metro-GA-47-2377,2024-09-19,4.91,temporarily_inactive,Gulshan,51,33,344,2026-02-20T06:37:41+06:00,2026-08-08T17:20:03+06:00
524,USR044,+8801684789643,Tasnim Uddin,PTH-RIDE-0000525,2026-06-11T16:47:47+06:00,Bike,Mirpur,23.821431,90.358181,Bashundhara,23.821553,90.428188,12.53,33,295,cancelled_by_rider,2026-06-11T17:31:47+06:00,True,Pathao,PTH-DRV-005,Mizan Hasan,8801356392834,driver,Bike,Dhaka-Metro-LA-18-8731,2023-05-02,4.42,active,Banani,52,34,1623,2026-02-15T11:45:22+06:00,2026-08-04T01:29:10+06:00
525,USR044,+8801684789643,Tasnim Uddin,PTH-RIDE-0000526,2026-07-24T08:56:48+06:00,Bike,Banani,23.796267,90.412787,Gulshan,23.796088,90.404279,13.35,59,282,completed,2026-07-24T10:07:48+06:00,True,Pathao,PTH-DRV-005,Mizan Hasan,8801356392834,driver,Bike,Dhaka-Metro-LA-18-8731,2023-05-02,4.42,active,Banani,52,34,1623,2026-02-15T11:45:22+06:00,2026-08-04T01:29:10+06:00
526,USR044,+8801684789643,Tasnim Uddin,PTH-RIDE-0000527,2026-06-27T12:33:07+06:00,Car,Gulshan,23.791003,90.400847,Mohakhali,23.777541,90.399703,16.32,30,608,completed,2026-06-27T13:06:07+06:00,True,Pathao,PTH-DRV-015,Sumon Ahmed,8801592246260,driver,Car,Dhaka-Metro-GA-47-2377,2024-09-19,4.91,temporarily_inactive,Gulshan,51,33,344,2026-02-20T06:37:41+06:00,2026-08-08T17:20:03+06:00
527,USR044,+8801684789643,Tasnim Uddin,PTH-RIDE-0000528,2026-03-18T16:12:50+06:00,Bike,Farmgate,23.756713,90.395918,Rampura,23.756925,90.427065,15.44,21,366,completed,2026-03-18T16:38:50+06:00,True,Pathao,PTH-DRV-008,Al Amin Sarker,8801690558459,driver,Bike,Dhaka-Metro-LA-55-6224,2023-03-18,4.43,active,Farmgate,41,26,1395,2026-02-12T12:34:17+06:00,2026-08-07T03:04:20+06:00
528,USR045,+8801822577827,Labiba Ali,PTH-RIDE-0000529,2026-07-31T16:17:20+06:00,Car,Old Dhaka,23.715642,90.400858,Badda,23.775872,90.430662,10.81,68,424,cancelled_by_user,2026-07-31T17:30:20+06:00,True,Pathao,PTH-DRV-011,Mamun Khan,8801426550582,driver,Car,Dhaka-Metro-GA-36-9704,2025-07-14,4.26,active,Banani,45,31,1368,2026-02-20T14:11:58+06:00,2026-08-06T12:43:24+06:00
529,USR045,+8801822577827,Labiba Ali,PTH-RIDE-0000530,2026-08-04T02:57:48+06:00,Car,Gulshan,23.785839,90.408633,Farmgate,23.755036,90.392335,2.09,55,245,completed,2026-08-04T03:55:48+06:00,True,Pathao,PTH-DRV-015,Sumon Ahmed,8801592246260,driver,Car,Dhaka-Metro-GA-47-2377,2024-09-19,4.91,temporarily_inactive,Gulshan,51,33,344,2026-02-20T06:37:41+06:00,2026-08-08T17:20:03+06:00
530,USR045,+8801822577827,Labiba Ali,PTH-RIDE-0000531,2026-03-05T02:04:19+06:00,Bike,Tejgaon,23.763324,90.399392,Banani,23.799095,90.40688,21.11,62,423,cancelled_by_user,2026-03-05T03:17:19+06:00,True,Pathao,PTH-DRV-001,Nayeem Sarker,8801967036821,driver,Bike,Dhaka-Metro-LA-50-6184,2025-12-26,4.94,active,Tejgaon,58,41,819,2026-02-10T15:17:23+06:00,2026-08-09T07:35:51+06:00
531,USR045,+8801822577827,Labiba Ali,PTH-RIDE-0000532,2026-07-22T12:36:38+06:00,Car,Bashundhara,23.816055,90.432163,Mirpur,23.817364,90.357939,19.7,12,747,completed,2026-07-22T12:56:38+06:00,True,Pathao,PTH-DRV-012,Sakib Mahmud,8801701651316,driver,Car,Dhaka-Metro-GA-26-4203,2025-11-08,4.74,active,Bashundhara,50,31,1374,2026-02-18T14:40:42+06:00,2026-08-10T20:12:47+06:00
532,USR045,+8801822577827,Labiba Ali,PTH-RIDE-0000533,2026-03-19T08:27:25+06:00,Premium Car,Khilgaon,23.746461,90.426251,Mirpur,23.814039,90.369922,7.58,79,495,cancelled_by_rider,2026-03-19T10:11:25+06:00,True,Pathao,PTH-DRV-020,Sabbir Mahmud,8801520665194,driver,Premium Car,Dhaka-Metro-GA-27-7652,2025-07-04,4.51,active,Khilgaon,46,33,891,2026-02-15T21:25:09+06:00,2026-08-09T14:56:20+06:00
533,USR045,+8801822577827,Labiba Ali,PTH-RIDE-0000534,2026-02-28T23:47:23+06:00,Bike,Rampura,23.768191,90.413529,Uttara,23.870789,90.38517,14.68,75,328,cancelled_by_rider,2026-03-01T01:26:23+06:00,True,Pathao,PTH-DRV-003,Emon Mollah,8801458656775,driver,Bike,Dhaka-Metro-LA-44-1806,2025-05-16,4.33,active,Wari,47,33,1457,2026-02-15T14:20:09+06:00,2026-08-05T18:34:40+06:00
534,USR045,+8801822577827,Labiba Ali,PTH-RIDE-0000535,2026-05-07T12:29:12+06:00,Premium Car,Motijheel,23.725507,90.411654,Wari,23.718262,90.418496,22.5,17,1002,cancelled_by_user,2026-05-07T13:07:12+06:00,True,Pathao,PTH-DRV-024,Sabbir Mia,8801635920547,driver,Premium Car,Dhaka-Metro-GA-29-9550,2026-02-19,4.75,active,Motijheel,52,34,1609,2026-02-14T00:28:05+06:00,2026-08-06T16:02:46+06:00
535,USR045,+8801822577827,Labiba Ali,PTH-RIDE-0000536,2026-06-05T12:30:02+06:00,Car,Gulshan,23.800795,90.411402,Tejgaon,23.756836,90.391168,13.46,54,485,cancelled_by_rider,2026-06-05T13:35:02+06:00,True,Pathao,PTH-DRV-015,Sumon Ahmed,8801592246260,driver,Car,Dhaka-Metro-GA-47-2377,2024-09-19,4.91,temporarily_inactive,Gulshan,51,33,344,2026-02-20T06:37:41+06:00,2026-08-08T17:20:03+06:00
536,USR045,+8801822577827,Labiba Ali,PTH-RIDE-0000537,2026-02-25T23:05:19+06:00,Premium Car,Mirpur,23.816623,90.357105,Dhanmondi,23.753634,90.381405,16.56,52,790,cancelled_by_rider,2026-02-26T00:02:19+06:00,True,Pathao,PTH-DRV-021,Shuvo Chowdhury,8801396729644,driver,Premium Car,Dhaka-Metro-GA-18-5728,2024-05-09,4.49,active,Mirpur,61,41,785,2026-02-10T13:58:31+06:00,2026-08-07T01:44:36+06:00
537,USR045,+8801822577827,Labiba Ali,PTH-RIDE-0000538,2026-07-11T10:45:22+06:00,Premium Car,Banani,23.785766,90.408257,Motijheel,23.726876,90.420899,2.91,56,240,completed,2026-07-11T11:53:22+06:00,True,Pathao,PTH-DRV-018,Riyad Khan,8801895144376,driver,Premium Car,Dhaka-Metro-GA-42-9702,2025-06-18,4.52,active,Farmgate,48,32,1798,2026-03-16T13:11:54+06:00,2026-08-10T14:18:39+06:00
538,USR045,+8801822577827,Labiba Ali,PTH-RIDE-0000539,2026-05-16T02:21:18+06:00,Premium Car,Mohakhali,23.778532,90.395739,Rampura,23.7571,90.420243,5.23,28,382,completed,2026-05-16T03:03:18+06:00,True,Pathao,PTH-DRV-022,Rony Ahmed,8801406140466,driver,Premium Car,Dhaka-Metro-GA-14-3862,2024-03-08,4.36,active,Mohakhali,49,32,280,2026-02-19T05:07:42+06:00,2026-08-10T16:43:15+06:00
539,USR045,+8801822577827,Labiba Ali,PTH-RIDE-0000540,2026-04-06T07:43:00+06:00,Car,Rampura,23.758103,90.428199,Tejgaon,23.765255,90.391149,18.86,43,682,cancelled_by_user,2026-04-06T08:43:00+06:00,True,Pathao,PTH-DRV-013,Noman Sheikh,8801702482414,driver,Car,Dhaka-Metro-GA-32-1635,2024-02-24,4.40,active,Dhanmondi,57,37,919,2026-02-12T18:33:16+06:00,2026-08-07T07:51:54+06:00
540,USR045,+8801822577827,Labiba Ali,PTH-RIDE-0000541,2026-07-13T01:37:49+06:00,Bike,Mohakhali,23.771943,90.398817,Mirpur,23.816189,90.360732,22.51,16,540,completed,2026-07-13T01:57:49+06:00,True,Pathao,PTH-DRV-006,Sohel Mia,8801413282469,driver,Bike,Dhaka-Metro-LA-42-7072,2023-11-20,4.46,active,Bashundhara,56,39,678,2026-02-11T19:34:53+06:00,2026-07-27T18:56:51+06:00
541,USR045,+8801822577827,Labiba Ali,PTH-RIDE-0000542,2026-07-26T04:19:05+06:00,Car,Tejgaon,23.757461,90.397708,Banani,23.793849,90.412846,5.67,62,275,completed,2026-07-26T05:25:05+06:00,True,Pathao,PTH-DRV-010,Zahid Chowdhury,8801738695856,driver,Car,Dhaka-Metro-GA-12-2328,2024-05-16,4.86,active,Badda,44,28,403,2026-02-10T07:45:59+06:00,2026-08-10T20:38:42+06:00
542,USR046,+8801976762475,Saif Jahan,PTH-RIDE-0000543,2026-08-02T16:01:16+06:00,Bike,Motijheel,23.724095,90.409505,Banani,23.797688,90.402084,16.44,33,388,completed,2026-08-02T16:39:16+06:00,True,Pathao,PTH-DRV-005,Mizan Hasan,8801356392834,driver,Bike,Dhaka-Metro-LA-18-8731,2023-05-02,4.42,active,Banani,52,34,1623,2026-02-15T11:45:22+06:00,2026-08-04T01:29:10+06:00
543,USR046,+8801976762475,Saif Jahan,PTH-RIDE-0000544,2026-05-30T11:23:56+06:00,Premium Car,Old Dhaka,23.711433,90.41352,Rampura,23.764994,90.421181,18.07,74,822,completed,2026-05-30T12:59:56+06:00,True,Pathao,PTH-DRV-020,Sabbir Mahmud,8801520665194,driver,Premium Car,Dhaka-Metro-GA-27-7652,2025-07-04,4.51,active,Khilgaon,46,33,891,2026-02-15T21:25:09+06:00,2026-08-09T14:56:20+06:00
544,USR046,+8801976762475,Saif Jahan,PTH-RIDE-0000545,2026-05-06T08:19:42+06:00,Car,Rampura,23.753734,90.421381,Bashundhara,23.814675,90.422305,1.37,14,140,completed,2026-05-06T08:51:42+06:00,True,Pathao,PTH-DRV-013,Noman Sheikh,8801702482414,driver,Car,Dhaka-Metro-GA-32-1635,2024-02-24,4.40,active,Dhanmondi,57,37,919,2026-02-12T18:33:16+06:00,2026-08-07T07:51:54+06:00
545,USR046,+8801976762475,Saif Jahan,PTH-RIDE-0000546,2026-03-31T16:12:40+06:00,Premium Car,Uttara,23.874053,90.379548,Khilgaon,23.752399,90.43178,20.55,57,1009,completed,2026-03-31T17:29:40+06:00,True,Pathao,PTH-DRV-021,Shuvo Chowdhury,8801396729644,driver,Premium Car,Dhaka-Metro-GA-18-5728,2024-05-09,4.49,active,Mirpur,61,41,785,2026-02-10T13:58:31+06:00,2026-08-07T01:44:36+06:00
546,USR046,+8801976762475,Saif Jahan,PTH-RIDE-0000547,2026-07-18T01:03:57+06:00,Car,Gulshan,23.794377,90.39885,Badda,23.783322,90.424475,9.65,30,452,completed,2026-07-18T01:41:57+06:00,True,Pathao,PTH-DRV-015,Sumon Ahmed,8801592246260,driver,Car,Dhaka-Metro-GA-47-2377,2024-09-19,4.91,temporarily_inactive,Gulshan,51,33,344,2026-02-20T06:37:41+06:00,2026-08-08T17:20:03+06:00
547,USR046,+8801976762475,Saif Jahan,PTH-RIDE-0000548,2026-06-08T10:28:49+06:00,Car,Banani,23.793031,90.413252,Mirpur,23.817634,90.358488,17.88,73,649,completed,2026-06-08T11:45:49+06:00,True,Pathao,PTH-DRV-011,Mamun Khan,8801426550582,driver,Car,Dhaka-Metro-GA-36-9704,2025-07-14,4.26,active,Banani,45,31,1368,2026-02-20T14:11:58+06:00,2026-08-06T12:43:24+06:00
548,USR046,+8801976762475,Saif Jahan,PTH-RIDE-0000549,2026-08-05T01:29:14+06:00,Premium Car,Motijheel,23.741063,90.411497,Farmgate,23.749906,90.381471,6.01,52,429,completed,2026-08-05T02:35:14+06:00,True,Pathao,PTH-DRV-024,Sabbir Mia,8801635920547,driver,Premium Car,Dhaka-Metro-GA-29-9550,2026-02-19,4.75,active,Motijheel,52,34,1609,2026-02-14T00:28:05+06:00,2026-08-06T16:02:46+06:00
549,USR046,+8801976762475,Saif Jahan,PTH-RIDE-0000550,2026-08-09T08:02:13+06:00,Car,Uttara,23.875146,90.376652,Bashundhara,23.811674,90.417059,9.92,9,487,cancelled_by_rider,2026-08-09T08:29:13+06:00,True,Pathao,PTH-DRV-009,Shakil Mahmud,8801713605120,driver,Car,Dhaka-Metro-GA-18-9142,2026-02-13,4.51,active,Wari,51,33,1315,2026-02-13T19:17:45+06:00,2026-08-09T23:46:24+06:00
550,USR046,+8801976762475,Saif Jahan,PTH-RIDE-0000551,2026-03-18T00:47:17+06:00,Bike,Shyamoli,23.769178,90.358811,Gulshan,23.798411,90.408927,20.97,58,403,completed,2026-03-18T01:57:17+06:00,True,Pathao,PTH-DRV-003,Emon Mollah,8801458656775,driver,Bike,Dhaka-Metro-LA-44-1806,2025-05-16,4.33,active,Wari,47,33,1457,2026-02-15T14:20:09+06:00,2026-08-05T18:34:40+06:00
551,USR046,+8801976762475,Saif Jahan,PTH-RIDE-0000552,2026-02-26T07:01:14+06:00,Bike,Motijheel,23.7297,90.414462,Shyamoli,23.781099,90.370792,10.4,30,234,completed,2026-02-26T07:38:14+06:00,True,Pathao,PTH-DRV-001,Nayeem Sarker,8801967036821,driver,Bike,Dhaka-Metro-LA-50-6184,2025-12-26,4.94,active,Tejgaon,58,41,819,2026-02-10T15:17:23+06:00,2026-08-09T07:35:51+06:00
552,USR046,+8801976762475,Saif Jahan,PTH-RIDE-0000553,2026-05-05T14:11:11+06:00,Bike,Wari,23.723394,90.418062,Uttara,23.884089,90.381316,20.63,48,433,completed,2026-05-05T15:10:11+06:00,True,Pathao,PTH-DRV-003,Emon Mollah,8801458656775,driver,Bike,Dhaka-Metro-LA-44-1806,2025-05-16,4.33,active,Wari,47,33,1457,2026-02-15T14:20:09+06:00,2026-08-05T18:34:40+06:00
553,USR047,+8801884969838,Tasnim Hossain,PTH-RIDE-0000554,2026-05-22T07:51:10+06:00,Bike,Gulshan,23.794813,90.403987,Tejgaon,23.770057,90.387752,23.63,55,501,completed,2026-05-22T08:56:10+06:00,True,Pathao,PTH-DRV-003,Emon Mollah,8801458656775,driver,Bike,Dhaka-Metro-LA-44-1806,2025-05-16,4.33,active,Wari,47,33,1457,2026-02-15T14:20:09+06:00,2026-08-05T18:34:40+06:00
554,USR047,+8801884969838,Tasnim Hossain,PTH-RIDE-0000555,2026-07-01T09:11:51+06:00,Bike,Motijheel,23.741993,90.419238,Rampura,23.756936,90.418859,16.99,13,424,completed,2026-07-01T09:47:51+06:00,True,Pathao,PTH-DRV-005,Mizan Hasan,8801356392834,driver,Bike,Dhaka-Metro-LA-18-8731,2023-05-02,4.42,active,Banani,52,34,1623,2026-02-15T11:45:22+06:00,2026-08-04T01:29:10+06:00
555,USR047,+8801884969838,Tasnim Hossain,PTH-RIDE-0000556,2026-06-17T03:26:52+06:00,Premium Car,Gulshan,23.797448,90.414026,Motijheel,23.737852,90.413444,9.25,74,553,completed,2026-06-17T05:01:52+06:00,True,Pathao,PTH-DRV-019,Tanvir Hossain,8801568844033,driver,Premium Car,Dhaka-Metro-GA-43-7960,2024-08-01,4.63,active,Gulshan,60,39,678,2026-02-13T02:57:39+06:00,2026-08-10T06:23:33+06:00
556,USR047,+8801884969838,Tasnim Hossain,PTH-RIDE-0000557,2026-07-04T19:35:02+06:00,Bike,Gulshan,23.799679,90.408839,Pallabi,23.827032,90.356281,8.68,40,218,completed,2026-07-04T20:19:02+06:00,True,Pathao,PTH-DRV-008,Al Amin Sarker,8801690558459,driver,Bike,Dhaka-Metro-LA-55-6224,2023-03-18,4.43,active,Farmgate,41,26,1395,2026-02-12T12:34:17+06:00,2026-08-07T03:04:20+06:00
557,USR047,+8801884969838,Tasnim Hossain,PTH-RIDE-0000558,2026-02-10T19:35:38+06:00,Bike,Old Dhaka,23.710388,90.404348,Gulshan,23.793971,90.405002,23.69,27,521,cancelled_by_user,2026-02-10T20:26:38+06:00,True,Pathao,PTH-DRV-004,Noman Islam,8801433479792,driver,Bike,Dhaka-Metro-LA-16-4147,2024-04-07,4.84,active,Badda,45,26,1163,2026-02-10T19:35:38+06:00,2026-08-06T22:59:51+06:00
558,USR047,+8801884969838,Tasnim Hossain,PTH-RIDE-0000559,2026-04-25T15:18:58+06:00,Car,Bashundhara,23.816885,90.417357,Mohammadpur,23.772241,90.351086,19.4,69,738,completed,2026-04-25T16:30:58+06:00,True,Pathao,PTH-DRV-012,Sakib Mahmud,8801701651316,driver,Car,Dhaka-Metro-GA-26-4203,2025-11-08,4.74,active,Bashundhara,50,31,1374,2026-02-18T14:40:42+06:00,2026-08-10T20:12:47+06:00
559,USR047,+8801884969838,Tasnim Hossain,PTH-RIDE-0000560,2026-05-21T14:35:33+06:00,Car,Mirpur,23.827668,90.367362,Shyamoli,23.779327,90.356436,6.72,69,321,completed,2026-05-21T15:53:33+06:00,True,Pathao,PTH-DRV-016,Imran Karim,8801417391915,driver,Car,Dhaka-Metro-GA-50-2706,2024-09-14,4.65,active,Khilgaon,43,28,1106,2026-02-13T07:06:14+06:00,2026-08-04T07:56:48+06:00
560,USR047,+8801884969838,Tasnim Hossain,PTH-RIDE-0000561,2026-06-26T04:13:26+06:00,Bike,Dhanmondi,23.752086,90.374139,Pallabi,23.834935,90.363942,13.1,56,329,cancelled_by_rider,2026-06-26T05:30:26+06:00,True,Pathao,PTH-DRV-007,Rafi Chowdhury,8801972545462,driver,Bike,Dhaka-Metro-LA-49-8611,2025-12-04,4.63,active,Dhanmondi,50,31,630,2026-02-16T20:14:06+06:00,2026-08-08T21:37:30+06:00
561,USR047,+8801884969838,Tasnim Hossain,PTH-RIDE-0000562,2026-05-07T02:23:10+06:00,Premium Car,Rampura,23.761773,90.425291,Shyamoli,23.775235,90.368989,20.9,62,1020,completed,2026-05-07T03:46:10+06:00,True,Pathao,PTH-DRV-021,Shuvo Chowdhury,8801396729644,driver,Premium Car,Dhaka-Metro-GA-18-5728,2024-05-09,4.49,active,Mirpur,61,41,785,2026-02-10T13:58:31+06:00,2026-08-07T01:44:36+06:00
562,USR047,+8801884969838,Tasnim Hossain,PTH-RIDE-0000563,2026-03-08T19:39:50+06:00,Car,Old Dhaka,23.716184,90.413297,Dhanmondi,23.739271,90.379609,21.93,70,789,cancelled_by_user,2026-03-08T21:08:50+06:00,True,Pathao,PTH-DRV-016,Imran Karim,8801417391915,driver,Car,Dhaka-Metro-GA-50-2706,2024-09-14,4.65,active,Khilgaon,43,28,1106,2026-02-13T07:06:14+06:00,2026-08-04T07:56:48+06:00
563,USR048,+8801592798051,Nadia Rahman,PTH-RIDE-0000564,2026-03-19T02:00:17+06:00,Premium Car,Bashundhara,23.823214,90.423303,Tejgaon,23.76315,90.384676,19.73,47,947,completed,2026-03-19T02:58:17+06:00,True,Pathao,PTH-DRV-021,Shuvo Chowdhury,8801396729644,driver,Premium Car,Dhaka-Metro-GA-18-5728,2024-05-09,4.49,active,Mirpur,61,41,785,2026-02-10T13:58:31+06:00,2026-08-07T01:44:36+06:00
564,USR048,+8801592798051,Nadia Rahman,PTH-RIDE-0000565,2026-05-30T01:17:38+06:00,Premium Car,Rampura,23.755981,90.413611,Pallabi,23.821662,90.357449,12.56,9,661,cancelled_by_user,2026-05-30T01:32:38+06:00,True,Pathao,PTH-DRV-019,Tanvir Hossain,8801568844033,driver,Premium Car,Dhaka-Metro-GA-43-7960,2024-08-01,4.63,active,Gulshan,60,39,678,2026-02-13T02:57:39+06:00,2026-08-10T06:23:33+06:00
565,USR048,+8801592798051,Nadia Rahman,PTH-RIDE-0000566,2026-02-22T18:25:05+06:00,Bike,Mirpur,23.82346,90.3664,Wari,23.717612,90.42007,24.41,65,526,completed,2026-02-22T19:36:05+06:00,True,Pathao,PTH-DRV-002,Sabbir Ali,8801715535227,driver,Bike,Dhaka-Metro-LA-43-4404,2024-01-15,4.70,active,Uttara,47,34,1379,2026-02-14T01:39:55+06:00,2026-08-09T11:23:20+06:00
566,USR048,+8801592798051,Nadia Rahman,PTH-RIDE-0000567,2026-07-22T20:24:01+06:00,Bike,Mohammadpur,23.767347,90.351524,Old Dhaka,23.717999,90.407561,3.37,60,152,completed,2026-07-22T21:44:01+06:00,True,Pathao,PTH-DRV-005,Mizan Hasan,8801356392834,driver,Bike,Dhaka-Metro-LA-18-8731,2023-05-02,4.42,active,Banani,52,34,1623,2026-02-15T11:45:22+06:00,2026-08-04T01:29:10+06:00
567,USR048,+8801592798051,Nadia Rahman,PTH-RIDE-0000568,2026-04-05T13:39:09+06:00,Premium Car,Motijheel,23.735183,90.425836,Bashundhara,23.813147,90.427058,18.56,39,922,completed,2026-04-05T14:37:09+06:00,True,Pathao,PTH-DRV-024,Sabbir Mia,8801635920547,driver,Premium Car,Dhaka-Metro-GA-29-9550,2026-02-19,4.75,active,Motijheel,52,34,1609,2026-02-14T00:28:05+06:00,2026-08-06T16:02:46+06:00
568,USR048,+8801592798051,Nadia Rahman,PTH-RIDE-0000569,2026-05-25T22:54:45+06:00,Car,Mohammadpur,23.761833,90.365283,Farmgate,23.763997,90.385694,8.92,36,455,completed,2026-05-25T23:50:45+06:00,True,Pathao,PTH-DRV-016,Imran Karim,8801417391915,driver,Car,Dhaka-Metro-GA-50-2706,2024-09-14,4.65,active,Khilgaon,43,28,1106,2026-02-13T07:06:14+06:00,2026-08-04T07:56:48+06:00
569,USR048,+8801592798051,Nadia Rahman,PTH-RIDE-0000570,2026-05-12T19:11:21+06:00,Premium Car,Wari,23.728761,90.413026,Shyamoli,23.775283,90.368435,4.08,52,301,cancelled_by_rider,2026-05-12T20:07:21+06:00,True,Pathao,PTH-DRV-022,Rony Ahmed,8801406140466,driver,Premium Car,Dhaka-Metro-GA-14-3862,2024-03-08,4.36,active,Mohakhali,49,32,280,2026-02-19T05:07:42+06:00,2026-08-10T16:43:15+06:00
570,USR048,+8801592798051,Nadia Rahman,PTH-RIDE-0000571,2026-07-14T18:23:46+06:00,Car,Mohakhali,23.782963,90.406459,Shyamoli,23.770788,90.36145,19.04,52,738,cancelled_by_rider,2026-07-14T19:37:46+06:00,True,Pathao,PTH-DRV-015,Sumon Ahmed,8801592246260,driver,Car,Dhaka-Metro-GA-47-2377,2024-09-19,4.91,temporarily_inactive,Gulshan,51,33,344,2026-02-20T06:37:41+06:00,2026-08-08T17:20:03+06:00
571,USR048,+8801592798051,Nadia Rahman,PTH-RIDE-0000572,2026-06-18T12:07:44+06:00,Bike,Bashundhara,23.818004,90.430989,Mohammadpur,23.762554,90.362022,4.96,38,211,completed,2026-06-18T13:03:44+06:00,True,Pathao,PTH-DRV-006,Sohel Mia,8801413282469,driver,Bike,Dhaka-Metro-LA-42-7072,2023-11-20,4.46,active,Bashundhara,56,39,678,2026-02-11T19:34:53+06:00,2026-07-27T18:56:51+06:00
572,USR048,+8801592798051,Nadia Rahman,PTH-RIDE-0000573,2026-03-30T02:57:53+06:00,Car,Tejgaon,23.769028,90.394137,Motijheel,23.739539,90.415421,18.65,35,665,completed,2026-03-30T03:48:53+06:00,True,Pathao,PTH-DRV-015,Sumon Ahmed,8801592246260,driver,Car,Dhaka-Metro-GA-47-2377,2024-09-19,4.91,temporarily_inactive,Gulshan,51,33,344,2026-02-20T06:37:41+06:00,2026-08-08T17:20:03+06:00
573,USR048,+8801592798051,Nadia Rahman,PTH-RIDE-0000574,2026-02-22T05:17:15+06:00,Car,Gulshan,23.7977,90.400382,Rampura,23.752541,90.428359,13.73,77,565,completed,2026-02-22T06:38:15+06:00,True,Pathao,PTH-DRV-015,Sumon Ahmed,8801592246260,driver,Car,Dhaka-Metro-GA-47-2377,2024-09-19,4.91,temporarily_inactive,Gulshan,51,33,344,2026-02-20T06:37:41+06:00,2026-08-08T17:20:03+06:00
574,USR048,+8801592798051,Nadia Rahman,PTH-RIDE-0000575,2026-04-04T22:48:32+06:00,Premium Car,Badda,23.780683,90.434429,Bashundhara,23.818432,90.42688,6.12,40,455,completed,2026-04-04T23:35:32+06:00,True,Pathao,PTH-DRV-021,Shuvo Chowdhury,8801396729644,driver,Premium Car,Dhaka-Metro-GA-18-5728,2024-05-09,4.49,active,Mirpur,61,41,785,2026-02-10T13:58:31+06:00,2026-08-07T01:44:36+06:00
575,USR049,+8801460032068,Shanto Sultana,PTH-RIDE-0000576,2026-04-28T09:55:08+06:00,Bike,Wari,23.72627,90.421826,Pallabi,23.829651,90.360912,11.77,80,320,cancelled_by_rider,2026-04-28T11:26:08+06:00,True,Pathao,PTH-DRV-003,Emon Mollah,8801458656775,driver,Bike,Dhaka-Metro-LA-44-1806,2025-05-16,4.33,active,Wari,47,33,1457,2026-02-15T14:20:09+06:00,2026-08-05T18:34:40+06:00
576,USR049,+8801460032068,Shanto Sultana,PTH-RIDE-0000577,2026-04-13T23:52:40+06:00,Car,Mirpur,23.828549,90.362027,Pallabi,23.82491,90.364756,7.33,60,346,completed,2026-04-14T01:15:40+06:00,True,Pathao,PTH-DRV-015,Sumon Ahmed,8801592246260,driver,Car,Dhaka-Metro-GA-47-2377,2024-09-19,4.91,temporarily_inactive,Gulshan,51,33,344,2026-02-20T06:37:41+06:00,2026-08-08T17:20:03+06:00
577,USR049,+8801460032068,Shanto Sultana,PTH-RIDE-0000578,2026-03-12T09:33:36+06:00,Bike,Old Dhaka,23.710804,90.412563,Mohammadpur,23.773864,90.351871,20.96,45,407,completed,2026-03-12T10:34:36+06:00,True,Pathao,PTH-DRV-008,Al Amin Sarker,8801690558459,driver,Bike,Dhaka-Metro-LA-55-6224,2023-03-18,4.43,active,Farmgate,41,26,1395,2026-02-12T12:34:17+06:00,2026-08-07T03:04:20+06:00
578,USR049,+8801460032068,Shanto Sultana,PTH-RIDE-0000579,2026-05-27T15:53:30+06:00,Car,Mirpur,23.826091,90.36021,Bashundhara,23.811236,90.422463,23.83,60,845,completed,2026-05-27T17:11:30+06:00,True,Pathao,PTH-DRV-016,Imran Karim,8801417391915,driver,Car,Dhaka-Metro-GA-50-2706,2024-09-14,4.65,active,Khilgaon,43,28,1106,2026-02-13T07:06:14+06:00,2026-08-04T07:56:48+06:00
579,USR049,+8801460032068,Shanto Sultana,PTH-RIDE-0000580,2026-05-18T22:52:17+06:00,Premium Car,Mirpur,23.828528,90.370083,Motijheel,23.735592,90.422018,9.17,48,498,completed,2026-05-18T23:49:17+06:00,True,Pathao,PTH-DRV-021,Shuvo Chowdhury,8801396729644,driver,Premium Car,Dhaka-Metro-GA-18-5728,2024-05-09,4.49,active,Mirpur,61,41,785,2026-02-10T13:58:31+06:00,2026-08-07T01:44:36+06:00
580,USR049,+8801460032068,Shanto Sultana,PTH-RIDE-0000581,2026-07-21T21:36:19+06:00,Premium Car,Shyamoli,23.773121,90.361574,Mohammadpur,23.76944,90.364776,7.59,69,432,completed,2026-07-21T22:59:19+06:00,True,Pathao,PTH-DRV-020,Sabbir Mahmud,8801520665194,driver,Premium Car,Dhaka-Metro-GA-27-7652,2025-07-04,4.51,active,Khilgaon,46,33,891,2026-02-15T21:25:09+06:00,2026-08-09T14:56:20+06:00
581,USR049,+8801460032068,Shanto Sultana,PTH-RIDE-0000582,2026-04-12T13:13:43+06:00,Premium Car,Mirpur,23.824112,90.358015,Bashundhara,23.808698,90.429377,16.0,46,770,cancelled_by_user,2026-04-12T14:10:43+06:00,True,Pathao,PTH-DRV-021,Shuvo Chowdhury,8801396729644,driver,Premium Car,Dhaka-Metro-GA-18-5728,2024-05-09,4.49,active,Mirpur,61,41,785,2026-02-10T13:58:31+06:00,2026-08-07T01:44:36+06:00
582,USR049,+8801460032068,Shanto Sultana,PTH-RIDE-0000583,2026-07-07T08:48:26+06:00,Premium Car,Dhanmondi,23.741971,90.379742,Mirpur,23.830149,90.36,21.44,38,1024,completed,2026-07-07T09:46:26+06:00,True,Pathao,PTH-DRV-017,Rubel Hossain,8801596800093,driver,Premium Car,Dhaka-Metro-GA-59-1389,2023-10-30,4.39,active,Dhanmondi,43,24,856,2026-02-13T21:12:16+06:00,2026-07-24T19:50:49+06:00
583,USR049,+8801460032068,Shanto Sultana,PTH-RIDE-0000584,2026-03-31T00:58:40+06:00,Bike,Mirpur,23.814882,90.372379,Wari,23.728741,90.416789,21.07,55,450,completed,2026-03-31T02:09:40+06:00,True,Pathao,PTH-DRV-003,Emon Mollah,8801458656775,driver,Bike,Dhaka-Metro-LA-44-1806,2025-05-16,4.33,active,Wari,47,33,1457,2026-02-15T14:20:09+06:00,2026-08-05T18:34:40+06:00
584,USR049,+8801460032068,Shanto Sultana,PTH-RIDE-0000585,2026-06-03T20:41:56+06:00,Car,Wari,23.724851,90.411841,Rampura,23.758141,90.418924,7.55,25,324,completed,2026-06-03T21:12:56+06:00,True,Pathao,PTH-DRV-009,Shakil Mahmud,8801713605120,driver,Car,Dhaka-Metro-GA-18-9142,2026-02-13,4.51,active,Wari,51,33,1315,2026-02-13T19:17:45+06:00,2026-08-09T23:46:24+06:00
585,USR049,+8801460032068,Shanto Sultana,PTH-RIDE-0000586,2026-05-19T09:48:07+06:00,Premium Car,Motijheel,23.728023,90.418956,Khilgaon,23.757364,90.435461,14.66,45,695,cancelled_by_user,2026-05-19T10:39:07+06:00,True,Pathao,PTH-DRV-024,Sabbir Mia,8801635920547,driver,Premium Car,Dhaka-Metro-GA-29-9550,2026-02-19,4.75,active,Motijheel,52,34,1609,2026-02-14T00:28:05+06:00,2026-08-06T16:02:46+06:00
586,USR049,+8801460032068,Shanto Sultana,PTH-RIDE-0000587,2026-06-16T15:00:01+06:00,Premium Car,Old Dhaka,23.718696,90.408498,Mirpur,23.820874,90.36784,5.73,37,345,cancelled_by_rider,2026-06-16T16:02:01+06:00,True,Pathao,PTH-DRV-017,Rubel Hossain,8801596800093,driver,Premium Car,Dhaka-Metro-GA-59-1389,2023-10-30,4.39,active,Dhanmondi,43,24,856,2026-02-13T21:12:16+06:00,2026-07-24T19:50:49+06:00
587,USR049,+8801460032068,Shanto Sultana,PTH-RIDE-0000588,2026-02-24T21:43:30+06:00,Car,Uttara,23.884144,90.373221,Mirpur,23.821671,90.364802,1.33,33,222,cancelled_by_rider,2026-02-24T22:37:30+06:00,True,Pathao,PTH-DRV-015,Sumon Ahmed,8801592246260,driver,Car,Dhaka-Metro-GA-47-2377,2024-09-19,4.91,temporarily_inactive,Gulshan,51,33,344,2026-02-20T06:37:41+06:00,2026-08-08T17:20:03+06:00
588,USR049,+8801460032068,Shanto Sultana,PTH-RIDE-0000589,2026-06-26T04:24:49+06:00,Premium Car,Old Dhaka,23.703014,90.399842,Khilgaon,23.748991,90.429044,2.91,28,241,completed,2026-06-26T05:13:49+06:00,True,Pathao,PTH-DRV-023,Al Amin Khan,8801354736696,driver,Premium Car,Dhaka-Metro-GA-39-9114,2023-07-25,4.89,active,Mohammadpur,44,34,437,2026-02-24T14:00:15+06:00,2026-08-10T04:16:51+06:00
589,USR049,+8801460032068,Shanto Sultana,PTH-RIDE-0000590,2026-05-29T19:16:34+06:00,Premium Car,Uttara,23.870293,90.379854,Farmgate,23.751351,90.391701,14.44,50,766,completed,2026-05-29T20:13:34+06:00,True,Pathao,PTH-DRV-023,Al Amin Khan,8801354736696,driver,Premium Car,Dhaka-Metro-GA-39-9114,2023-07-25,4.89,active,Mohammadpur,44,34,437,2026-02-24T14:00:15+06:00,2026-08-10T04:16:51+06:00
590,USR049,+8801460032068,Shanto Sultana,PTH-RIDE-0000591,2026-07-16T12:08:58+06:00,Premium Car,Farmgate,23.753315,90.39735,Gulshan,23.797998,90.401618,11.19,49,581,completed,2026-07-16T13:10:58+06:00,True,Pathao,PTH-DRV-018,Riyad Khan,8801895144376,driver,Premium Car,Dhaka-Metro-GA-42-9702,2025-06-18,4.52,active,Farmgate,48,32,1798,2026-03-16T13:11:54+06:00,2026-08-10T14:18:39+06:00
591,USR050,+8801303661331,Ritu Ahmed,PTH-RIDE-0000592,2026-07-02T03:36:21+06:00,Bike,Old Dhaka,23.717551,90.405244,Farmgate,23.752479,90.39728,3.41,31,192,completed,2026-07-02T04:31:21+06:00,True,Pathao,PTH-DRV-001,Nayeem Sarker,8801967036821,driver,Bike,Dhaka-Metro-LA-50-6184,2025-12-26,4.94,active,Tejgaon,58,41,819,2026-02-10T15:17:23+06:00,2026-08-09T07:35:51+06:00
592,USR050,+8801303661331,Ritu Ahmed,PTH-RIDE-0000593,2026-07-15T16:56:37+06:00,Bike,Mirpur,23.822324,90.362988,Pallabi,23.822866,90.362913,12.25,59,333,completed,2026-07-15T18:05:37+06:00,True,Pathao,PTH-DRV-004,Noman Islam,8801433479792,driver,Bike,Dhaka-Metro-LA-16-4147,2024-04-07,4.84,active,Badda,45,26,1163,2026-02-10T19:35:38+06:00,2026-08-06T22:59:51+06:00
593,USR050,+8801303661331,Ritu Ahmed,PTH-RIDE-0000594,2026-03-07T14:03:43+06:00,Bike,Pallabi,23.823647,90.369251,Khilgaon,23.745272,90.435873,7.74,66,255,completed,2026-03-07T15:21:43+06:00,True,Pathao,PTH-DRV-003,Emon Mollah,8801458656775,driver,Bike,Dhaka-Metro-LA-44-1806,2025-05-16,4.33,active,Wari,47,33,1457,2026-02-15T14:20:09+06:00,2026-08-05T18:34:40+06:00
594,USR050,+8801303661331,Ritu Ahmed,PTH-RIDE-0000595,2026-04-04T00:12:47+06:00,Premium Car,Old Dhaka,23.70509,90.41081,Mohakhali,23.770285,90.392328,3.39,18,323,completed,2026-04-04T00:47:47+06:00,True,Pathao,PTH-DRV-022,Rony Ahmed,8801406140466,driver,Premium Car,Dhaka-Metro-GA-14-3862,2024-03-08,4.36,active,Mohakhali,49,32,280,2026-02-19T05:07:42+06:00,2026-08-10T16:43:15+06:00
595,USR050,+8801303661331,Ritu Ahmed,PTH-RIDE-0000596,2026-02-13T07:06:14+06:00,Car,Khilgaon,23.759222,90.423904,Rampura,23.753288,90.416401,13.28,13,586,cancelled_by_user,2026-02-13T07:35:14+06:00,True,Pathao,PTH-DRV-016,Imran Karim,8801417391915,driver,Car,Dhaka-Metro-GA-50-2706,2024-09-14,4.65,active,Khilgaon,43,28,1106,2026-02-13T07:06:14+06:00,2026-08-04T07:56:48+06:00
596,USR050,+8801303661331,Ritu Ahmed,PTH-RIDE-0000597,2026-04-07T12:58:39+06:00,Car,Uttara,23.882162,90.377056,Tejgaon,23.76636,90.398822,23.42,78,877,completed,2026-04-07T14:23:39+06:00,True,Pathao,PTH-DRV-016,Imran Karim,8801417391915,driver,Car,Dhaka-Metro-GA-50-2706,2024-09-14,4.65,active,Khilgaon,43,28,1106,2026-02-13T07:06:14+06:00,2026-08-04T07:56:48+06:00
597,USR050,+8801303661331,Ritu Ahmed,PTH-RIDE-0000598,2026-06-27T21:03:56+06:00,Bike,Farmgate,23.763862,90.387286,Bashundhara,23.813052,90.422048,24.64,52,543,completed,2026-06-27T22:05:56+06:00,True,Pathao,PTH-DRV-008,Al Amin Sarker,8801690558459,driver,Bike,Dhaka-Metro-LA-55-6224,2023-03-18,4.43,active,Farmgate,41,26,1395,2026-02-12T12:34:17+06:00,2026-08-07T03:04:20+06:00
598,USR050,+8801303661331,Ritu Ahmed,PTH-RIDE-0000599,2026-06-05T01:23:25+06:00,Bike,Pallabi,23.835746,90.362396,Mohakhali,23.769644,90.391985,19.71,70,386,completed,2026-06-05T02:54:25+06:00,True,Pathao,PTH-DRV-002,Sabbir Ali,8801715535227,driver,Bike,Dhaka-Metro-LA-43-4404,2024-01-15,4.70,active,Uttara,47,34,1379,2026-02-14T01:39:55+06:00,2026-08-09T11:23:20+06:00
599,USR050,+8801303661331,Ritu Ahmed,PTH-RIDE-0000600,2026-06-05T09:22:14+06:00,Premium Car,Mohammadpur,23.769625,90.36056,Dhanmondi,23.740319,90.368597,13.36,26,697,cancelled_by_rider,2026-06-05T09:51:14+06:00,True,Pathao,PTH-DRV-023,Al Amin Khan,8801354736696,driver,Premium Car,Dhaka-Metro-GA-39-9114,2023-07-25,4.89,active,Mohammadpur,44,34,437,2026-02-24T14:00:15+06:00,2026-08-10T04:16:51+06:00
600,USR050,+8801303661331,Ritu Ahmed,PTH-RIDE-0000601,2026-06-18T09:21:46+06:00,Premium Car,Uttara,23.876376,90.383575,Mohakhali,23.77279,90.398664,17.46,37,820,completed,2026-06-18T10:20:46+06:00,True,Pathao,PTH-DRV-022,Rony Ahmed,8801406140466,driver,Premium Car,Dhaka-Metro-GA-14-3862,2024-03-08,4.36,active,Mohakhali,49,32,280,2026-02-19T05:07:42+06:00,2026-08-10T16:43:15+06:00
601,USR050,+8801303661331,Ritu Ahmed,PTH-RIDE-0000602,2026-05-29T03:56:11+06:00,Bike,Wari,23.714128,90.414172,Old Dhaka,23.708984,90.410095,14.68,49,334,completed,2026-05-29T05:10:11+06:00,True,Pathao,PTH-DRV-003,Emon Mollah,8801458656775,driver,Bike,Dhaka-Metro-LA-44-1806,2025-05-16,4.33,active,Wari,47,33,1457,2026-02-15T14:20:09+06:00,2026-08-05T18:34:40+06:00
602,USR050,+8801303661331,Ritu Ahmed,PTH-RIDE-0000603,2026-08-04T22:11:30+06:00,Car,Badda,23.778243,90.425865,Mohammadpur,23.762771,90.36685,22.23,48,790,cancelled_by_user,2026-08-04T23:24:30+06:00,True,Pathao,PTH-DRV-010,Zahid Chowdhury,8801738695856,driver,Car,Dhaka-Metro-GA-12-2328,2024-05-16,4.86,active,Badda,44,28,403,2026-02-10T07:45:59+06:00,2026-08-10T20:38:42+06:00
603,USR050,+8801303661331,Ritu Ahmed,PTH-RIDE-0000604,2026-06-05T06:12:17+06:00,Bike,Motijheel,23.736862,90.41115,Mirpur,23.828953,90.364373,4.58,15,118,cancelled_by_rider,2026-06-05T06:51:17+06:00,True,Pathao,PTH-DRV-004,Noman Islam,8801433479792,driver,Bike,Dhaka-Metro-LA-16-4147,2024-04-07,4.84,active,Badda,45,26,1163,2026-02-10T19:35:38+06:00,2026-08-06T22:59:51+06:00
604,USR050,+8801303661331,Ritu Ahmed,PTH-RIDE-0000605,2026-03-09T17:15:28+06:00,Premium Car,Uttara,23.869185,90.381031,Bashundhara,23.814976,90.431319,14.7,70,750,completed,2026-03-09T18:36:28+06:00,True,Pathao,PTH-DRV-019,Tanvir Hossain,8801568844033,driver,Premium Car,Dhaka-Metro-GA-43-7960,2024-08-01,4.63,active,Gulshan,60,39,678,2026-02-13T02:57:39+06:00,2026-08-10T06:23:33+06:00
605,USR050,+8801303661331,Ritu Ahmed,PTH-RIDE-0000606,2026-03-24T03:30:43+06:00,Bike,Mohammadpur,23.759892,90.353771,Mirpur,23.824704,90.358423,22.14,20,479,completed,2026-03-24T04:03:43+06:00,True,Pathao,PTH-DRV-003,Emon Mollah,8801458656775,driver,Bike,Dhaka-Metro-LA-44-1806,2025-05-16,4.33,active,Wari,47,33,1457,2026-02-15T14:20:09+06:00,2026-08-05T18:34:40+06:00
606,USR050,+8801303661331,Ritu Ahmed,PTH-RIDE-0000607,2026-08-02T05:23:16+06:00,Premium Car,Old Dhaka,23.705065,90.404717,Bashundhara,23.80916,90.42387,17.35,63,792,completed,2026-08-02T06:46:16+06:00,True,Pathao,PTH-DRV-024,Sabbir Mia,8801635920547,driver,Premium Car,Dhaka-Metro-GA-29-9550,2026-02-19,4.75,active,Motijheel,52,34,1609,2026-02-14T00:28:05+06:00,2026-08-06T16:02:46+06:00
607,USR051,+8801344765452,Touhid Ali,PTH-RIDE-0000608,2026-04-23T01:34:45+06:00,Car,Motijheel,23.73542,90.422058,Shyamoli,23.780561,90.371679,22.92,58,861,completed,2026-04-23T02:49:45+06:00,True,Pathao,PTH-DRV-012,Sakib Mahmud,8801701651316,driver,Car,Dhaka-Metro-GA-26-4203,2025-11-08,4.74,active,Bashundhara,50,31,1374,2026-02-18T14:40:42+06:00,2026-08-10T20:12:47+06:00
608,USR051,+8801344765452,Touhid Ali,PTH-RIDE-0000609,2026-04-26T23:35:13+06:00,Premium Car,Badda,23.789123,90.430705,Khilgaon,23.75731,90.430686,18.34,30,922,completed,2026-04-27T00:09:13+06:00,True,Pathao,PTH-DRV-019,Tanvir Hossain,8801568844033,driver,Premium Car,Dhaka-Metro-GA-43-7960,2024-08-01,4.63,active,Gulshan,60,39,678,2026-02-13T02:57:39+06:00,2026-08-10T06:23:33+06:00
609,USR051,+8801344765452,Touhid Ali,PTH-RIDE-0000610,2026-06-28T14:00:49+06:00,Car,Pallabi,23.82337,90.373737,Mohammadpur,23.774645,90.361065,3.78,34,246,cancelled_by_rider,2026-06-28T14:47:49+06:00,True,Pathao,PTH-DRV-013,Noman Sheikh,8801702482414,driver,Car,Dhaka-Metro-GA-32-1635,2024-02-24,4.40,active,Dhanmondi,57,37,919,2026-02-12T18:33:16+06:00,2026-08-07T07:51:54+06:00
610,USR051,+8801344765452,Touhid Ali,PTH-RIDE-0000611,2026-04-04T17:13:51+06:00,Bike,Wari,23.719477,90.409712,Shyamoli,23.768266,90.359678,3.51,31,98,completed,2026-04-04T18:07:51+06:00,True,Pathao,PTH-DRV-003,Emon Mollah,8801458656775,driver,Bike,Dhaka-Metro-LA-44-1806,2025-05-16,4.33,active,Wari,47,33,1457,2026-02-15T14:20:09+06:00,2026-08-05T18:34:40+06:00
611,USR051,+8801344765452,Touhid Ali,PTH-RIDE-0000612,2026-06-15T20:46:44+06:00,Bike,Motijheel,23.738399,90.424256,Old Dhaka,23.710728,90.40498,9.08,77,204,cancelled_by_rider,2026-06-15T22:18:44+06:00,True,Pathao,PTH-DRV-002,Sabbir Ali,8801715535227,driver,Bike,Dhaka-Metro-LA-43-4404,2024-01-15,4.70,active,Uttara,47,34,1379,2026-02-14T01:39:55+06:00,2026-08-09T11:23:20+06:00
612,USR051,+8801344765452,Touhid Ali,PTH-RIDE-0000613,2026-02-13T21:12:16+06:00,Premium Car,Tejgaon,23.760579,90.394675,Motijheel,23.728498,90.41063,3.61,28,366,completed,2026-02-13T21:55:16+06:00,True,Pathao,PTH-DRV-017,Rubel Hossain,8801596800093,driver,Premium Car,Dhaka-Metro-GA-59-1389,2023-10-30,4.39,active,Dhanmondi,43,24,856,2026-02-13T21:12:16+06:00,2026-07-24T19:50:49+06:00
613,USR051,+8801344765452,Touhid Ali,PTH-RIDE-0000614,2026-04-15T00:42:22+06:00,Premium Car,Banani,23.80045,90.41453,Motijheel,23.735967,90.410194,16.08,36,797,cancelled_by_user,2026-04-15T01:26:22+06:00,True,Pathao,PTH-DRV-019,Tanvir Hossain,8801568844033,driver,Premium Car,Dhaka-Metro-GA-43-7960,2024-08-01,4.63,active,Gulshan,60,39,678,2026-02-13T02:57:39+06:00,2026-08-10T06:23:33+06:00
614,USR051,+8801344765452,Touhid Ali,PTH-RIDE-0000615,2026-06-30T04:15:56+06:00,Car,Bashundhara,23.821975,90.432007,Mohammadpur,23.766388,90.358959,2.76,42,228,cancelled_by_rider,2026-06-30T05:13:56+06:00,True,Pathao,PTH-DRV-012,Sakib Mahmud,8801701651316,driver,Car,Dhaka-Metro-GA-26-4203,2025-11-08,4.74,active,Bashundhara,50,31,1374,2026-02-18T14:40:42+06:00,2026-08-10T20:12:47+06:00
615,USR052,+8801539050502,Nusrat Hossain,PTH-RIDE-0000616,2026-05-10T22:54:29+06:00,Premium Car,Old Dhaka,23.7053,90.398707,Rampura,23.762405,90.412208,21.21,39,990,cancelled_by_user,2026-05-10T23:38:29+06:00,True,Pathao,PTH-DRV-017,Rubel Hossain,8801596800093,driver,Premium Car,Dhaka-Metro-GA-59-1389,2023-10-30,4.39,active,Dhanmondi,43,24,856,2026-02-13T21:12:16+06:00,2026-07-24T19:50:49+06:00
616,USR052,+8801539050502,Nusrat Hossain,PTH-RIDE-0000617,2026-03-21T00:18:37+06:00,Car,Dhanmondi,23.743855,90.377538,Old Dhaka,23.70405,90.416003,15.96,16,658,completed,2026-03-21T00:46:37+06:00,True,Pathao,PTH-DRV-013,Noman Sheikh,8801702482414,driver,Car,Dhaka-Metro-GA-32-1635,2024-02-24,4.40,active,Dhanmondi,57,37,919,2026-02-12T18:33:16+06:00,2026-08-07T07:51:54+06:00
617,USR052,+8801539050502,Nusrat Hossain,PTH-RIDE-0000618,2026-06-06T17:26:00+06:00,Car,Khilgaon,23.750517,90.428543,Mirpur,23.830804,90.369294,10.93,65,485,cancelled_by_user,2026-06-06T18:55:00+06:00,True,Pathao,PTH-DRV-016,Imran Karim,8801417391915,driver,Car,Dhaka-Metro-GA-50-2706,2024-09-14,4.65,active,Khilgaon,43,28,1106,2026-02-13T07:06:14+06:00,2026-08-04T07:56:48+06:00
618,USR052,+8801539050502,Nusrat Hossain,PTH-RIDE-0000619,2026-08-05T17:35:41+06:00,Premium Car,Bashundhara,23.821845,90.422246,Farmgate,23.763037,90.397898,13.1,57,708,completed,2026-08-05T18:49:41+06:00,True,Pathao,PTH-DRV-019,Tanvir Hossain,8801568844033,driver,Premium Car,Dhaka-Metro-GA-43-7960,2024-08-01,4.63,active,Gulshan,60,39,678,2026-02-13T02:57:39+06:00,2026-08-10T06:23:33+06:00
619,USR052,+8801539050502,Nusrat Hossain,PTH-RIDE-0000620,2026-03-18T06:00:47+06:00,Premium Car,Badda,23.771784,90.420058,Gulshan,23.78875,90.412014,5.59,27,426,completed,2026-03-18T06:50:47+06:00,True,Pathao,PTH-DRV-024,Sabbir Mia,8801635920547,driver,Premium Car,Dhaka-Metro-GA-29-9550,2026-02-19,4.75,active,Motijheel,52,34,1609,2026-02-14T00:28:05+06:00,2026-08-06T16:02:46+06:00
620,USR052,+8801539050502,Nusrat Hossain,PTH-RIDE-0000621,2026-03-11T05:14:10+06:00,Premium Car,Mirpur,23.814827,90.374261,Mohammadpur,23.769079,90.349825,22.53,22,1020,completed,2026-03-11T05:52:10+06:00,True,Pathao,PTH-DRV-021,Shuvo Chowdhury,8801396729644,driver,Premium Car,Dhaka-Metro-GA-18-5728,2024-05-09,4.49,active,Mirpur,61,41,785,2026-02-10T13:58:31+06:00,2026-08-07T01:44:36+06:00
621,USR052,+8801539050502,Nusrat Hossain,PTH-RIDE-0000622,2026-05-17T21:18:46+06:00,Car,Motijheel,23.73071,90.408469,Mirpur,23.814202,90.363805,18.95,79,662,completed,2026-05-17T23:00:46+06:00,True,Pathao,PTH-DRV-012,Sakib Mahmud,8801701651316,driver,Car,Dhaka-Metro-GA-26-4203,2025-11-08,4.74,active,Bashundhara,50,31,1374,2026-02-18T14:40:42+06:00,2026-08-10T20:12:47+06:00
622,USR052,+8801539050502,Nusrat Hossain,PTH-RIDE-0000623,2026-06-17T02:05:10+06:00,Premium Car,Tejgaon,23.770904,90.390203,Badda,23.784091,90.426469,8.93,26,526,cancelled_by_user,2026-06-17T02:41:10+06:00,True,Pathao,PTH-DRV-024,Sabbir Mia,8801635920547,driver,Premium Car,Dhaka-Metro-GA-29-9550,2026-02-19,4.75,active,Motijheel,52,34,1609,2026-02-14T00:28:05+06:00,2026-08-06T16:02:46+06:00
623,USR052,+8801539050502,Nusrat Hossain,PTH-RIDE-0000624,2026-04-03T12:37:12+06:00,Car,Badda,23.774719,90.425435,Mohammadpur,23.765996,90.362468,2.18,49,172,completed,2026-04-03T13:28:12+06:00,True,Pathao,PTH-DRV-010,Zahid Chowdhury,8801738695856,driver,Car,Dhaka-Metro-GA-12-2328,2024-05-16,4.86,active,Badda,44,28,403,2026-02-10T07:45:59+06:00,2026-08-10T20:38:42+06:00
624,USR052,+8801539050502,Nusrat Hossain,PTH-RIDE-0000625,2026-06-27T10:20:04+06:00,Premium Car,Mohakhali,23.785262,90.397884,Badda,23.78782,90.433349,6.62,60,450,completed,2026-06-27T11:23:04+06:00,True,Pathao,PTH-DRV-022,Rony Ahmed,8801406140466,driver,Premium Car,Dhaka-Metro-GA-14-3862,2024-03-08,4.36,active,Mohakhali,49,32,280,2026-02-19T05:07:42+06:00,2026-08-10T16:43:15+06:00
625,USR052,+8801539050502,Nusrat Hossain,PTH-RIDE-0000626,2026-07-24T19:50:49+06:00,Premium Car,Pallabi,23.834626,90.373318,Wari,23.719993,90.41406,22.7,54,1078,cancelled_by_user,2026-07-24T21:06:49+06:00,True,Pathao,PTH-DRV-017,Rubel Hossain,8801596800093,driver,Premium Car,Dhaka-Metro-GA-59-1389,2023-10-30,4.39,active,Dhanmondi,43,24,856,2026-02-13T21:12:16+06:00,2026-07-24T19:50:49+06:00
626,USR052,+8801539050502,Nusrat Hossain,PTH-RIDE-0000627,2026-06-02T00:04:14+06:00,Bike,Mohammadpur,23.770679,90.364568,Khilgaon,23.754253,90.434273,23.51,57,473,completed,2026-06-02T01:25:14+06:00,True,Pathao,PTH-DRV-002,Sabbir Ali,8801715535227,driver,Bike,Dhaka-Metro-LA-43-4404,2024-01-15,4.70,active,Uttara,47,34,1379,2026-02-14T01:39:55+06:00,2026-08-09T11:23:20+06:00
627,USR052,+8801539050502,Nusrat Hossain,PTH-RIDE-0000628,2026-07-15T05:54:01+06:00,Car,Old Dhaka,23.715193,90.413862,Mohammadpur,23.772664,90.359419,21.95,31,795,cancelled_by_rider,2026-07-15T06:39:01+06:00,True,Pathao,PTH-DRV-013,Noman Sheikh,8801702482414,driver,Car,Dhaka-Metro-GA-32-1635,2024-02-24,4.40,active,Dhanmondi,57,37,919,2026-02-12T18:33:16+06:00,2026-08-07T07:51:54+06:00
628,USR053,+8801852381087,Labiba Sultana,PTH-RIDE-0000629,2026-02-23T13:13:18+06:00,Bike,Khilgaon,23.758874,90.431505,Tejgaon,23.763457,90.393543,10.38,45,247,cancelled_by_user,2026-02-23T14:02:18+06:00,True,Pathao,PTH-DRV-006,Sohel Mia,8801413282469,driver,Bike,Dhaka-Metro-LA-42-7072,2023-11-20,4.46,active,Bashundhara,56,39,678,2026-02-11T19:34:53+06:00,2026-07-27T18:56:51+06:00
629,USR053,+8801852381087,Labiba Sultana,PTH-RIDE-0000630,2026-03-09T04:24:56+06:00,Car,Farmgate,23.762873,90.383724,Gulshan,23.800779,90.404006,14.84,32,585,completed,2026-03-09T05:11:56+06:00,True,Pathao,PTH-DRV-014,Mehedi Hossain,8801466938163,driver,Car,Dhaka-Metro-GA-57-3382,2023-09-28,4.50,active,Farmgate,49,31,1649,2026-02-11T05:29:19+06:00,2026-08-07T22:28:04+06:00
630,USR053,+8801852381087,Labiba Sultana,PTH-RIDE-0000631,2026-05-01T10:30:43+06:00,Car,Khilgaon,23.747525,90.431226,Mohakhali,23.769441,90.393107,23.29,69,817,cancelled_by_user,2026-05-01T11:48:43+06:00,True,Pathao,PTH-DRV-016,Imran Karim,8801417391915,driver,Car,Dhaka-Metro-GA-50-2706,2024-09-14,4.65,active,Khilgaon,43,28,1106,2026-02-13T07:06:14+06:00,2026-08-04T07:56:48+06:00
631,USR053,+8801852381087,Labiba Sultana,PTH-RIDE-0000632,2026-03-08T23:06:27+06:00,Car,Tejgaon,23.756004,90.38701,Gulshan,23.784032,90.399163,1.54,70,162,completed,2026-03-09T00:18:27+06:00,True,Pathao,PTH-DRV-012,Sakib Mahmud,8801701651316,driver,Car,Dhaka-Metro-GA-26-4203,2025-11-08,4.74,active,Bashundhara,50,31,1374,2026-02-18T14:40:42+06:00,2026-08-10T20:12:47+06:00
632,USR053,+8801852381087,Labiba Sultana,PTH-RIDE-0000633,2026-07-30T06:43:13+06:00,Premium Car,Uttara,23.881022,90.385379,Tejgaon,23.76413,90.382579,9.73,31,569,completed,2026-07-30T07:25:13+06:00,True,Pathao,PTH-DRV-019,Tanvir Hossain,8801568844033,driver,Premium Car,Dhaka-Metro-GA-43-7960,2024-08-01,4.63,active,Gulshan,60,39,678,2026-02-13T02:57:39+06:00,2026-08-10T06:23:33+06:00
633,USR053,+8801852381087,Labiba Sultana,PTH-RIDE-0000634,2026-08-10T06:23:33+06:00,Premium Car,Gulshan,23.798524,90.411755,Farmgate,23.753801,90.382807,21.48,66,1043,completed,2026-08-10T07:40:33+06:00,True,Pathao,PTH-DRV-019,Tanvir Hossain,8801568844033,driver,Premium Car,Dhaka-Metro-GA-43-7960,2024-08-01,4.63,active,Gulshan,60,39,678,2026-02-13T02:57:39+06:00,2026-08-10T06:23:33+06:00
634,USR053,+8801852381087,Labiba Sultana,PTH-RIDE-0000635,2026-03-21T20:38:00+06:00,Bike,Bashundhara,23.823413,90.425331,Shyamoli,23.765979,90.358638,10.22,76,233,cancelled_by_user,2026-03-21T22:04:00+06:00,True,Pathao,PTH-DRV-006,Sohel Mia,8801413282469,driver,Bike,Dhaka-Metro-LA-42-7072,2023-11-20,4.46,active,Bashundhara,56,39,678,2026-02-11T19:34:53+06:00,2026-07-27T18:56:51+06:00
635,USR053,+8801852381087,Labiba Sultana,PTH-RIDE-0000636,2026-05-07T23:14:51+06:00,Car,Old Dhaka,23.708717,90.401341,Farmgate,23.756772,90.396612,22.95,66,867,completed,2026-05-08T00:45:51+06:00,True,Pathao,PTH-DRV-015,Sumon Ahmed,8801592246260,driver,Car,Dhaka-Metro-GA-47-2377,2024-09-19,4.91,temporarily_inactive,Gulshan,51,33,344,2026-02-20T06:37:41+06:00,2026-08-08T17:20:03+06:00
636,USR053,+8801852381087,Labiba Sultana,PTH-RIDE-0000637,2026-07-24T09:09:53+06:00,Premium Car,Badda,23.783491,90.43286,Wari,23.715683,90.416707,17.63,58,892,cancelled_by_user,2026-07-24T10:13:53+06:00,True,Pathao,PTH-DRV-019,Tanvir Hossain,8801568844033,driver,Premium Car,Dhaka-Metro-GA-43-7960,2024-08-01,4.63,active,Gulshan,60,39,678,2026-02-13T02:57:39+06:00,2026-08-10T06:23:33+06:00
637,USR053,+8801852381087,Labiba Sultana,PTH-RIDE-0000638,2026-03-09T03:09:40+06:00,Bike,Badda,23.784658,90.430126,Farmgate,23.762234,90.388159,14.2,48,317,cancelled_by_user,2026-03-09T04:13:40+06:00,True,Pathao,PTH-DRV-004,Noman Islam,8801433479792,driver,Bike,Dhaka-Metro-LA-16-4147,2024-04-07,4.84,active,Badda,45,26,1163,2026-02-10T19:35:38+06:00,2026-08-06T22:59:51+06:00
638,USR053,+8801852381087,Labiba Sultana,PTH-RIDE-0000639,2026-06-01T05:50:40+06:00,Premium Car,Mirpur,23.824026,90.366757,Motijheel,23.733078,90.409949,18.89,60,925,completed,2026-06-01T07:00:40+06:00,True,Pathao,PTH-DRV-021,Shuvo Chowdhury,8801396729644,driver,Premium Car,Dhaka-Metro-GA-18-5728,2024-05-09,4.49,active,Mirpur,61,41,785,2026-02-10T13:58:31+06:00,2026-08-07T01:44:36+06:00
639,USR053,+8801852381087,Labiba Sultana,PTH-RIDE-0000640,2026-06-16T23:44:46+06:00,Car,Banani,23.800102,90.409391,Shyamoli,23.776777,90.365396,3.99,72,270,completed,2026-06-17T01:03:46+06:00,True,Pathao,PTH-DRV-011,Mamun Khan,8801426550582,driver,Car,Dhaka-Metro-GA-36-9704,2025-07-14,4.26,active,Banani,45,31,1368,2026-02-20T14:11:58+06:00,2026-08-06T12:43:24+06:00
640,USR053,+8801852381087,Labiba Sultana,PTH-RIDE-0000641,2026-04-10T20:48:35+06:00,Premium Car,Tejgaon,23.765305,90.389383,Rampura,23.755942,90.415123,8.19,53,504,cancelled_by_rider,2026-04-10T21:43:35+06:00,True,Pathao,PTH-DRV-019,Tanvir Hossain,8801568844033,driver,Premium Car,Dhaka-Metro-GA-43-7960,2024-08-01,4.63,active,Gulshan,60,39,678,2026-02-13T02:57:39+06:00,2026-08-10T06:23:33+06:00
641,USR053,+8801852381087,Labiba Sultana,PTH-RIDE-0000642,2026-07-08T22:34:32+06:00,Premium Car,Shyamoli,23.779499,90.363454,Old Dhaka,23.705233,90.401632,18.84,74,871,cancelled_by_user,2026-07-09T00:00:32+06:00,True,Pathao,PTH-DRV-022,Rony Ahmed,8801406140466,driver,Premium Car,Dhaka-Metro-GA-14-3862,2024-03-08,4.36,active,Mohakhali,49,32,280,2026-02-19T05:07:42+06:00,2026-08-10T16:43:15+06:00
642,USR053,+8801852381087,Labiba Sultana,PTH-RIDE-0000643,2026-06-30T06:29:50+06:00,Car,Bashundhara,23.815498,90.426765,Banani,23.789598,90.397828,18.73,66,709,cancelled_by_rider,2026-06-30T07:57:50+06:00,True,Pathao,PTH-DRV-012,Sakib Mahmud,8801701651316,driver,Car,Dhaka-Metro-GA-26-4203,2025-11-08,4.74,active,Bashundhara,50,31,1374,2026-02-18T14:40:42+06:00,2026-08-10T20:12:47+06:00
643,USR053,+8801852381087,Labiba Sultana,PTH-RIDE-0000644,2026-05-05T23:33:34+06:00,Bike,Motijheel,23.737487,90.416766,Bashundhara,23.814729,90.416559,6.11,57,223,completed,2026-05-06T00:45:34+06:00,True,Pathao,PTH-DRV-001,Nayeem Sarker,8801967036821,driver,Bike,Dhaka-Metro-LA-50-6184,2025-12-26,4.94,active,Tejgaon,58,41,819,2026-02-10T15:17:23+06:00,2026-08-09T07:35:51+06:00
644,USR054,+8801423871224,Rakib Uddin,PTH-RIDE-0000645,2026-05-27T22:30:11+06:00,Bike,Badda,23.78155,90.4285,Old Dhaka,23.711744,90.402941,3.07,48,179,completed,2026-05-27T23:32:11+06:00,True,Pathao,PTH-DRV-004,Noman Islam,8801433479792,driver,Bike,Dhaka-Metro-LA-16-4147,2024-04-07,4.84,active,Badda,45,26,1163,2026-02-10T19:35:38+06:00,2026-08-06T22:59:51+06:00
645,USR054,+8801423871224,Rakib Uddin,PTH-RIDE-0000646,2026-05-29T21:40:49+06:00,Car,Farmgate,23.765164,90.383535,Bashundhara,23.816101,90.432898,13.24,53,501,cancelled_by_user,2026-05-29T22:39:49+06:00,True,Pathao,PTH-DRV-014,Mehedi Hossain,8801466938163,driver,Car,Dhaka-Metro-GA-57-3382,2023-09-28,4.50,active,Farmgate,49,31,1649,2026-02-11T05:29:19+06:00,2026-08-07T22:28:04+06:00
646,USR054,+8801423871224,Rakib Uddin,PTH-RIDE-0000647,2026-05-15T13:04:50+06:00,Bike,Mohakhali,23.768862,90.391131,Rampura,23.769015,90.417822,15.76,27,308,completed,2026-05-15T13:47:50+06:00,True,Pathao,PTH-DRV-005,Mizan Hasan,8801356392834,driver,Bike,Dhaka-Metro-LA-18-8731,2023-05-02,4.42,active,Banani,52,34,1623,2026-02-15T11:45:22+06:00,2026-08-04T01:29:10+06:00
647,USR054,+8801423871224,Rakib Uddin,PTH-RIDE-0000648,2026-05-26T23:16:47+06:00,Bike,Banani,23.796812,90.414917,Mohammadpur,23.775683,90.365831,12.47,24,335,cancelled_by_rider,2026-05-26T23:57:47+06:00,True,Pathao,PTH-DRV-005,Mizan Hasan,8801356392834,driver,Bike,Dhaka-Metro-LA-18-8731,2023-05-02,4.42,active,Banani,52,34,1623,2026-02-15T11:45:22+06:00,2026-08-04T01:29:10+06:00
648,USR054,+8801423871224,Rakib Uddin,PTH-RIDE-0000649,2026-05-18T08:10:41+06:00,Premium Car,Banani,23.79775,90.403955,Mohammadpur,23.773282,90.350045,2.26,26,221,completed,2026-05-18T08:51:41+06:00,True,Pathao,PTH-DRV-021,Shuvo Chowdhury,8801396729644,driver,Premium Car,Dhaka-Metro-GA-18-5728,2024-05-09,4.49,active,Mirpur,61,41,785,2026-02-10T13:58:31+06:00,2026-08-07T01:44:36+06:00
649,USR054,+8801423871224,Rakib Uddin,PTH-RIDE-0000650,2026-04-09T20:30:18+06:00,Bike,Badda,23.788297,90.42414,Shyamoli,23.774692,90.365969,5.84,35,216,completed,2026-04-09T21:20:18+06:00,True,Pathao,PTH-DRV-004,Noman Islam,8801433479792,driver,Bike,Dhaka-Metro-LA-16-4147,2024-04-07,4.84,active,Badda,45,26,1163,2026-02-10T19:35:38+06:00,2026-08-06T22:59:51+06:00
650,USR054,+8801423871224,Rakib Uddin,PTH-RIDE-0000651,2026-08-06T12:43:24+06:00,Car,Banani,23.789049,90.406609,Pallabi,23.831877,90.374058,18.7,59,707,cancelled_by_user,2026-08-06T14:02:24+06:00,True,Pathao,PTH-DRV-011,Mamun Khan,8801426550582,driver,Car,Dhaka-Metro-GA-36-9704,2025-07-14,4.26,active,Banani,45,31,1368,2026-02-20T14:11:58+06:00,2026-08-06T12:43:24+06:00
651,USR054,+8801423871224,Rakib Uddin,PTH-RIDE-0000652,2026-07-31T19:17:40+06:00,Car,Uttara,23.882574,90.371826,Pallabi,23.832889,90.366283,22.79,29,861,completed,2026-07-31T20:03:40+06:00,True,Pathao,PTH-DRV-012,Sakib Mahmud,8801701651316,driver,Car,Dhaka-Metro-GA-26-4203,2025-11-08,4.74,active,Bashundhara,50,31,1374,2026-02-18T14:40:42+06:00,2026-08-10T20:12:47+06:00
652,USR054,+8801423871224,Rakib Uddin,PTH-RIDE-0000653,2026-05-08T18:36:41+06:00,Car,Wari,23.726329,90.421865,Mohammadpur,23.76839,90.358591,5.01,32,248,cancelled_by_user,2026-05-08T19:12:41+06:00,True,Pathao,PTH-DRV-009,Shakil Mahmud,8801713605120,driver,Car,Dhaka-Metro-GA-18-9142,2026-02-13,4.51,active,Wari,51,33,1315,2026-02-13T19:17:45+06:00,2026-08-09T23:46:24+06:00
653,USR054,+8801423871224,Rakib Uddin,PTH-RIDE-0000654,2026-04-26T01:55:39+06:00,Bike,Tejgaon,23.770897,90.394986,Wari,23.719171,90.417697,15.34,38,318,completed,2026-04-26T02:55:39+06:00,True,Pathao,PTH-DRV-001,Nayeem Sarker,8801967036821,driver,Bike,Dhaka-Metro-LA-50-6184,2025-12-26,4.94,active,Tejgaon,58,41,819,2026-02-10T15:17:23+06:00,2026-08-09T07:35:51+06:00
654,USR054,+8801423871224,Rakib Uddin,PTH-RIDE-0000655,2026-07-27T07:33:08+06:00,Premium Car,Rampura,23.765662,90.411811,Mohakhali,23.772773,90.397938,11.11,38,591,cancelled_by_rider,2026-07-27T08:30:08+06:00,True,Pathao,PTH-DRV-021,Shuvo Chowdhury,8801396729644,driver,Premium Car,Dhaka-Metro-GA-18-5728,2024-05-09,4.49,active,Mirpur,61,41,785,2026-02-10T13:58:31+06:00,2026-08-07T01:44:36+06:00
655,USR054,+8801423871224,Rakib Uddin,PTH-RIDE-0000656,2026-02-18T14:40:42+06:00,Car,Mirpur,23.82474,90.35642,Gulshan,23.800307,90.41288,14.6,30,614,cancelled_by_user,2026-02-18T15:27:42+06:00,True,Pathao,PTH-DRV-012,Sakib Mahmud,8801701651316,driver,Car,Dhaka-Metro-GA-26-4203,2025-11-08,4.74,active,Bashundhara,50,31,1374,2026-02-18T14:40:42+06:00,2026-08-10T20:12:47+06:00
656,USR054,+8801423871224,Rakib Uddin,PTH-RIDE-0000657,2026-07-04T20:05:01+06:00,Car,Rampura,23.764788,90.414422,Shyamoli,23.768697,90.359038,5.44,38,251,completed,2026-07-04T20:54:01+06:00,True,Pathao,PTH-DRV-016,Imran Karim,8801417391915,driver,Car,Dhaka-Metro-GA-50-2706,2024-09-14,4.65,active,Khilgaon,43,28,1106,2026-02-13T07:06:14+06:00,2026-08-04T07:56:48+06:00
657,USR054,+8801423871224,Rakib Uddin,PTH-RIDE-0000658,2026-05-07T15:52:04+06:00,Bike,Wari,23.7257,90.426319,Banani,23.801035,90.409103,14.68,45,319,completed,2026-05-07T16:48:04+06:00,True,Pathao,PTH-DRV-003,Emon Mollah,8801458656775,driver,Bike,Dhaka-Metro-LA-44-1806,2025-05-16,4.33,active,Wari,47,33,1457,2026-02-15T14:20:09+06:00,2026-08-05T18:34:40+06:00
658,USR054,+8801423871224,Rakib Uddin,PTH-RIDE-0000659,2026-03-20T01:51:07+06:00,Premium Car,Rampura,23.756476,90.427779,Tejgaon,23.755815,90.393814,3.44,14,259,completed,2026-03-20T02:13:07+06:00,True,Pathao,PTH-DRV-020,Sabbir Mahmud,8801520665194,driver,Premium Car,Dhaka-Metro-GA-27-7652,2025-07-04,4.51,active,Khilgaon,46,33,891,2026-02-15T21:25:09+06:00,2026-08-09T14:56:20+06:00
659,USR054,+8801423871224,Rakib Uddin,PTH-RIDE-0000660,2026-05-16T20:33:29+06:00,Bike,Dhanmondi,23.753505,90.380466,Mohakhali,23.768665,90.404223,3.95,69,133,completed,2026-05-16T22:03:29+06:00,True,Pathao,PTH-DRV-007,Rafi Chowdhury,8801972545462,driver,Bike,Dhaka-Metro-LA-49-8611,2025-12-04,4.63,active,Dhanmondi,50,31,630,2026-02-16T20:14:06+06:00,2026-08-08T21:37:30+06:00
660,USR055,+8801755067568,Nafisa Jahan,PTH-RIDE-0000661,2026-03-08T01:15:01+06:00,Premium Car,Pallabi,23.833879,90.363892,Mohammadpur,23.768511,90.352163,13.4,25,731,completed,2026-03-08T02:05:01+06:00,True,Pathao,PTH-DRV-023,Al Amin Khan,8801354736696,driver,Premium Car,Dhaka-Metro-GA-39-9114,2023-07-25,4.89,active,Mohammadpur,44,34,437,2026-02-24T14:00:15+06:00,2026-08-10T04:16:51+06:00
661,USR055,+8801755067568,Nafisa Jahan,PTH-RIDE-0000662,2026-02-24T10:39:27+06:00,Premium Car,Wari,23.725008,90.422872,Old Dhaka,23.712236,90.399102,12.48,69,613,completed,2026-02-24T12:04:27+06:00,True,Pathao,PTH-DRV-024,Sabbir Mia,8801635920547,driver,Premium Car,Dhaka-Metro-GA-29-9550,2026-02-19,4.75,active,Motijheel,52,34,1609,2026-02-14T00:28:05+06:00,2026-08-06T16:02:46+06:00
662,USR055,+8801755067568,Nafisa Jahan,PTH-RIDE-0000663,2026-05-03T23:54:03+06:00,Premium Car,Pallabi,23.838594,90.360688,Rampura,23.767612,90.424148,16.36,13,794,completed,2026-05-04T00:24:03+06:00,True,Pathao,PTH-DRV-024,Sabbir Mia,8801635920547,driver,Premium Car,Dhaka-Metro-GA-29-9550,2026-02-19,4.75,active,Motijheel,52,34,1609,2026-02-14T00:28:05+06:00,2026-08-06T16:02:46+06:00
663,USR055,+8801755067568,Nafisa Jahan,PTH-RIDE-0000664,2026-02-27T01:48:35+06:00,Bike,Mohakhali,23.77674,90.403698,Motijheel,23.739533,90.425911,14.09,52,298,completed,2026-02-27T02:46:35+06:00,True,Pathao,PTH-DRV-004,Noman Islam,8801433479792,driver,Bike,Dhaka-Metro-LA-16-4147,2024-04-07,4.84,active,Badda,45,26,1163,2026-02-10T19:35:38+06:00,2026-08-06T22:59:51+06:00
664,USR055,+8801755067568,Nafisa Jahan,PTH-RIDE-0000665,2026-06-21T01:22:10+06:00,Bike,Motijheel,23.741441,90.415352,Banani,23.792203,90.403813,13.46,40,352,cancelled_by_user,2026-06-21T02:17:10+06:00,True,Pathao,PTH-DRV-004,Noman Islam,8801433479792,driver,Bike,Dhaka-Metro-LA-16-4147,2024-04-07,4.84,active,Badda,45,26,1163,2026-02-10T19:35:38+06:00,2026-08-06T22:59:51+06:00
665,USR055,+8801755067568,Nafisa Jahan,PTH-RIDE-0000666,2026-08-07T22:28:04+06:00,Car,Farmgate,23.749692,90.394429,Pallabi,23.8385,90.368803,17.69,13,661,completed,2026-08-07T23:03:04+06:00,True,Pathao,PTH-DRV-014,Mehedi Hossain,8801466938163,driver,Car,Dhaka-Metro-GA-57-3382,2023-09-28,4.50,active,Farmgate,49,31,1649,2026-02-11T05:29:19+06:00,2026-08-07T22:28:04+06:00
666,USR055,+8801755067568,Nafisa Jahan,PTH-RIDE-0000667,2026-06-11T00:57:19+06:00,Premium Car,Motijheel,23.729003,90.415467,Banani,23.789417,90.399375,1.58,26,191,cancelled_by_user,2026-06-11T01:28:19+06:00,True,Pathao,PTH-DRV-024,Sabbir Mia,8801635920547,driver,Premium Car,Dhaka-Metro-GA-29-9550,2026-02-19,4.75,active,Motijheel,52,34,1609,2026-02-14T00:28:05+06:00,2026-08-06T16:02:46+06:00
667,USR055,+8801755067568,Nafisa Jahan,PTH-RIDE-0000668,2026-07-19T15:14:30+06:00,Premium Car,Tejgaon,23.758003,90.397215,Gulshan,23.795776,90.408835,15.91,15,761,cancelled_by_user,2026-07-19T15:49:30+06:00,True,Pathao,PTH-DRV-023,Al Amin Khan,8801354736696,driver,Premium Car,Dhaka-Metro-GA-39-9114,2023-07-25,4.89,active,Mohammadpur,44,34,437,2026-02-24T14:00:15+06:00,2026-08-10T04:16:51+06:00
668,USR055,+8801755067568,Nafisa Jahan,PTH-RIDE-0000669,2026-03-21T13:39:44+06:00,Premium Car,Shyamoli,23.780729,90.357622,Pallabi,23.823795,90.364746,21.76,71,947,completed,2026-03-21T14:59:44+06:00,True,Pathao,PTH-DRV-020,Sabbir Mahmud,8801520665194,driver,Premium Car,Dhaka-Metro-GA-27-7652,2025-07-04,4.51,active,Khilgaon,46,33,891,2026-02-15T21:25:09+06:00,2026-08-09T14:56:20+06:00
669,USR055,+8801755067568,Nafisa Jahan,PTH-RIDE-0000670,2026-03-19T01:24:02+06:00,Premium Car,Mohakhali,23.768875,90.396017,Farmgate,23.758853,90.394842,16.94,78,780,cancelled_by_user,2026-03-19T02:57:02+06:00,True,Pathao,PTH-DRV-022,Rony Ahmed,8801406140466,driver,Premium Car,Dhaka-Metro-GA-14-3862,2024-03-08,4.36,active,Mohakhali,49,32,280,2026-02-19T05:07:42+06:00,2026-08-10T16:43:15+06:00
670,USR056,+8801687653764,Sakib Islam,PTH-RIDE-0000671,2026-04-17T19:36:55+06:00,Car,Shyamoli,23.778541,90.357825,Bashundhara,23.816975,90.434254,24.7,21,835,completed,2026-04-17T20:12:55+06:00,True,Pathao,PTH-DRV-013,Noman Sheikh,8801702482414,driver,Car,Dhaka-Metro-GA-32-1635,2024-02-24,4.40,active,Dhanmondi,57,37,919,2026-02-12T18:33:16+06:00,2026-08-07T07:51:54+06:00
671,USR056,+8801687653764,Sakib Islam,PTH-RIDE-0000672,2026-02-17T16:08:10+06:00,Bike,Khilgaon,23.746752,90.429895,Farmgate,23.752339,90.393845,6.76,70,176,completed,2026-02-17T17:24:10+06:00,True,Pathao,PTH-DRV-006,Sohel Mia,8801413282469,driver,Bike,Dhaka-Metro-LA-42-7072,2023-11-20,4.46,active,Bashundhara,56,39,678,2026-02-11T19:34:53+06:00,2026-07-27T18:56:51+06:00
672,USR056,+8801687653764,Sakib Islam,PTH-RIDE-0000673,2026-05-28T08:08:35+06:00,Bike,Mohakhali,23.785267,90.406525,Banani,23.796321,90.398883,10.84,8,292,cancelled_by_rider,2026-05-28T08:31:35+06:00,True,Pathao,PTH-DRV-002,Sabbir Ali,8801715535227,driver,Bike,Dhaka-Metro-LA-43-4404,2024-01-15,4.70,active,Uttara,47,34,1379,2026-02-14T01:39:55+06:00,2026-08-09T11:23:20+06:00
673,USR056,+8801687653764,Sakib Islam,PTH-RIDE-0000674,2026-06-20T14:07:41+06:00,Car,Banani,23.785659,90.414767,Dhanmondi,23.75525,90.374857,19.08,46,727,cancelled_by_user,2026-06-20T15:11:41+06:00,True,Pathao,PTH-DRV-011,Mamun Khan,8801426550582,driver,Car,Dhaka-Metro-GA-36-9704,2025-07-14,4.26,active,Banani,45,31,1368,2026-02-20T14:11:58+06:00,2026-08-06T12:43:24+06:00
674,USR056,+8801687653764,Sakib Islam,PTH-RIDE-0000675,2026-05-31T15:53:58+06:00,Car,Pallabi,23.827772,90.371924,Mohammadpur,23.765899,90.358003,23.53,63,889,cancelled_by_rider,2026-05-31T17:03:58+06:00,True,Pathao,PTH-DRV-012,Sakib Mahmud,8801701651316,driver,Car,Dhaka-Metro-GA-26-4203,2025-11-08,4.74,active,Bashundhara,50,31,1374,2026-02-18T14:40:42+06:00,2026-08-10T20:12:47+06:00
675,USR056,+8801687653764,Sakib Islam,PTH-RIDE-0000676,2026-05-31T02:47:47+06:00,Car,Pallabi,23.832423,90.356213,Mohakhali,23.781131,90.394572,14.75,43,523,cancelled_by_rider,2026-05-31T03:48:47+06:00,True,Pathao,PTH-DRV-013,Noman Sheikh,8801702482414,driver,Car,Dhaka-Metro-GA-32-1635,2024-02-24,4.40,active,Dhanmondi,57,37,919,2026-02-12T18:33:16+06:00,2026-08-07T07:51:54+06:00
676,USR056,+8801687653764,Sakib Islam,PTH-RIDE-0000677,2026-04-17T21:50:08+06:00,Bike,Motijheel,23.736642,90.410217,Banani,23.796451,90.409733,21.63,14,437,cancelled_by_user,2026-04-17T22:22:08+06:00,True,Pathao,PTH-DRV-007,Rafi Chowdhury,8801972545462,driver,Bike,Dhaka-Metro-LA-49-8611,2025-12-04,4.63,active,Dhanmondi,50,31,630,2026-02-16T20:14:06+06:00,2026-08-08T21:37:30+06:00
677,USR056,+8801687653764,Sakib Islam,PTH-RIDE-0000678,2026-07-16T08:52:12+06:00,Bike,Mirpur,23.826887,90.35952,Mohakhali,23.78033,90.407431,24.56,48,519,completed,2026-07-16T09:45:12+06:00,True,Pathao,PTH-DRV-005,Mizan Hasan,8801356392834,driver,Bike,Dhaka-Metro-LA-18-8731,2023-05-02,4.42,active,Banani,52,34,1623,2026-02-15T11:45:22+06:00,2026-08-04T01:29:10+06:00
678,USR056,+8801687653764,Sakib Islam,PTH-RIDE-0000679,2026-05-06T11:40:35+06:00,Car,Gulshan,23.786545,90.413399,Dhanmondi,23.738746,90.382493,3.03,20,170,cancelled_by_rider,2026-05-06T12:17:35+06:00,True,Pathao,PTH-DRV-015,Sumon Ahmed,8801592246260,driver,Car,Dhaka-Metro-GA-47-2377,2024-09-19,4.91,temporarily_inactive,Gulshan,51,33,344,2026-02-20T06:37:41+06:00,2026-08-08T17:20:03+06:00
679,USR056,+8801687653764,Sakib Islam,PTH-RIDE-0000680,2026-08-05T18:34:40+06:00,Bike,Wari,23.727742,90.426162,Rampura,23.76019,90.428839,16.69,10,383,completed,2026-08-05T19:05:40+06:00,True,Pathao,PTH-DRV-003,Emon Mollah,8801458656775,driver,Bike,Dhaka-Metro-LA-44-1806,2025-05-16,4.33,active,Wari,47,33,1457,2026-02-15T14:20:09+06:00,2026-08-05T18:34:40+06:00
680,USR056,+8801687653764,Sakib Islam,PTH-RIDE-0000681,2026-04-19T03:08:48+06:00,Bike,Motijheel,23.738835,90.413665,Khilgaon,23.754933,90.435712,21.53,19,517,completed,2026-04-19T03:47:48+06:00,True,Pathao,PTH-DRV-001,Nayeem Sarker,8801967036821,driver,Bike,Dhaka-Metro-LA-50-6184,2025-12-26,4.94,active,Tejgaon,58,41,819,2026-02-10T15:17:23+06:00,2026-08-09T07:35:51+06:00
681,USR056,+8801687653764,Sakib Islam,PTH-RIDE-0000682,2026-07-14T04:18:05+06:00,Car,Uttara,23.871508,90.373549,Motijheel,23.736322,90.412456,24.98,11,932,completed,2026-07-14T04:32:05+06:00,True,Pathao,PTH-DRV-015,Sumon Ahmed,8801592246260,driver,Car,Dhaka-Metro-GA-47-2377,2024-09-19,4.91,temporarily_inactive,Gulshan,51,33,344,2026-02-20T06:37:41+06:00,2026-08-08T17:20:03+06:00
682,USR057,+8801600888036,Siam Akter,PTH-RIDE-0000683,2026-07-17T07:32:23+06:00,Premium Car,Uttara,23.881164,90.386665,Mohammadpur,23.775841,90.355709,17.88,51,904,cancelled_by_rider,2026-07-17T08:32:23+06:00,True,Pathao,PTH-DRV-024,Sabbir Mia,8801635920547,driver,Premium Car,Dhaka-Metro-GA-29-9550,2026-02-19,4.75,active,Motijheel,52,34,1609,2026-02-14T00:28:05+06:00,2026-08-06T16:02:46+06:00
683,USR057,+8801600888036,Siam Akter,PTH-RIDE-0000684,2026-03-03T12:57:19+06:00,Premium Car,Mirpur,23.829766,90.36863,Wari,23.72395,90.410541,3.45,22,291,completed,2026-03-03T13:37:19+06:00,True,Pathao,PTH-DRV-021,Shuvo Chowdhury,8801396729644,driver,Premium Car,Dhaka-Metro-GA-18-5728,2024-05-09,4.49,active,Mirpur,61,41,785,2026-02-10T13:58:31+06:00,2026-08-07T01:44:36+06:00
684,USR057,+8801600888036,Siam Akter,PTH-RIDE-0000685,2026-07-16T01:15:37+06:00,Premium Car,Wari,23.728246,90.425019,Pallabi,23.834537,90.370756,10.96,66,594,completed,2026-07-16T02:37:37+06:00,True,Pathao,PTH-DRV-017,Rubel Hossain,8801596800093,driver,Premium Car,Dhaka-Metro-GA-59-1389,2023-10-30,4.39,active,Dhanmondi,43,24,856,2026-02-13T21:12:16+06:00,2026-07-24T19:50:49+06:00
685,USR057,+8801600888036,Siam Akter,PTH-RIDE-0000686,2026-07-08T05:09:18+06:00,Bike,Gulshan,23.789756,90.402345,Mohakhali,23.769268,90.397135,5.54,56,159,cancelled_by_rider,2026-07-08T06:19:18+06:00,True,Pathao,PTH-DRV-007,Rafi Chowdhury,8801972545462,driver,Bike,Dhaka-Metro-LA-49-8611,2025-12-04,4.63,active,Dhanmondi,50,31,630,2026-02-16T20:14:06+06:00,2026-08-08T21:37:30+06:00
686,USR057,+8801600888036,Siam Akter,PTH-RIDE-0000687,2026-05-21T02:55:15+06:00,Bike,Motijheel,23.726621,90.413477,Banani,23.7967,90.398769,2.08,62,158,cancelled_by_rider,2026-05-21T04:05:15+06:00,True,Pathao,PTH-DRV-003,Emon Mollah,8801458656775,driver,Bike,Dhaka-Metro-LA-44-1806,2025-05-16,4.33,active,Wari,47,33,1457,2026-02-15T14:20:09+06:00,2026-08-05T18:34:40+06:00
687,USR057,+8801600888036,Siam Akter,PTH-RIDE-0000688,2026-07-23T01:48:16+06:00,Car,Banani,23.793459,90.410018,Dhanmondi,23.739234,90.378799,9.07,51,455,completed,2026-07-23T03:01:16+06:00,True,Pathao,PTH-DRV-011,Mamun Khan,8801426550582,driver,Car,Dhaka-Metro-GA-36-9704,2025-07-14,4.26,active,Banani,45,31,1368,2026-02-20T14:11:58+06:00,2026-08-06T12:43:24+06:00
688,USR057,+8801600888036,Siam Akter,PTH-RIDE-0000689,2026-03-12T23:14:26+06:00,Car,Mirpur,23.818458,90.36477,Rampura,23.754425,90.413255,13.4,11,500,cancelled_by_rider,2026-03-12T23:48:26+06:00,True,Pathao,PTH-DRV-015,Sumon Ahmed,8801592246260,driver,Car,Dhaka-Metro-GA-47-2377,2024-09-19,4.91,temporarily_inactive,Gulshan,51,33,344,2026-02-20T06:37:41+06:00,2026-08-08T17:20:03+06:00
689,USR057,+8801600888036,Siam Akter,PTH-RIDE-0000690,2026-04-04T19:10:18+06:00,Premium Car,Tejgaon,23.761566,90.399128,Uttara,23.874717,90.384667,3.74,59,296,completed,2026-04-04T20:16:18+06:00,True,Pathao,PTH-DRV-024,Sabbir Mia,8801635920547,driver,Premium Car,Dhaka-Metro-GA-29-9550,2026-02-19,4.75,active,Motijheel,52,34,1609,2026-02-14T00:28:05+06:00,2026-08-06T16:02:46+06:00
690,USR057,+8801600888036,Siam Akter,PTH-RIDE-0000691,2026-04-04T12:27:13+06:00,Premium Car,Mohammadpur,23.764476,90.365346,Uttara,23.876863,90.370821,16.41,55,823,cancelled_by_rider,2026-04-04T13:25:13+06:00,True,Pathao,PTH-DRV-023,Al Amin Khan,8801354736696,driver,Premium Car,Dhaka-Metro-GA-39-9114,2023-07-25,4.89,active,Mohammadpur,44,34,437,2026-02-24T14:00:15+06:00,2026-08-10T04:16:51+06:00
691,USR057,+8801600888036,Siam Akter,PTH-RIDE-0000692,2026-04-07T11:46:10+06:00,Premium Car,Gulshan,23.790089,90.400727,Wari,23.718337,90.425029,3.61,34,289,completed,2026-04-07T12:25:10+06:00,True,Pathao,PTH-DRV-019,Tanvir Hossain,8801568844033,driver,Premium Car,Dhaka-Metro-GA-43-7960,2024-08-01,4.63,active,Gulshan,60,39,678,2026-02-13T02:57:39+06:00,2026-08-10T06:23:33+06:00
692,USR057,+8801600888036,Siam Akter,PTH-RIDE-0000693,2026-02-20T00:37:19+06:00,Premium Car,Gulshan,23.793325,90.400016,Shyamoli,23.776636,90.372746,13.12,43,644,completed,2026-02-20T01:36:19+06:00,True,Pathao,PTH-DRV-019,Tanvir Hossain,8801568844033,driver,Premium Car,Dhaka-Metro-GA-43-7960,2024-08-01,4.63,active,Gulshan,60,39,678,2026-02-13T02:57:39+06:00,2026-08-10T06:23:33+06:00
693,USR057,+8801600888036,Siam Akter,PTH-RIDE-0000694,2026-03-04T16:29:29+06:00,Car,Dhanmondi,23.75084,90.377757,Bashundhara,23.815951,90.424857,4.69,43,291,completed,2026-03-04T17:29:29+06:00,True,Pathao,PTH-DRV-013,Noman Sheikh,8801702482414,driver,Car,Dhaka-Metro-GA-32-1635,2024-02-24,4.40,active,Dhanmondi,57,37,919,2026-02-12T18:33:16+06:00,2026-08-07T07:51:54+06:00
694,USR057,+8801600888036,Siam Akter,PTH-RIDE-0000695,2026-02-19T22:00:58+06:00,Bike,Tejgaon,23.771758,90.397939,Mohammadpur,23.768088,90.361844,23.44,68,556,completed,2026-02-19T23:18:58+06:00,True,Pathao,PTH-DRV-001,Nayeem Sarker,8801967036821,driver,Bike,Dhaka-Metro-LA-50-6184,2025-12-26,4.94,active,Tejgaon,58,41,819,2026-02-10T15:17:23+06:00,2026-08-09T07:35:51+06:00
695,USR057,+8801600888036,Siam Akter,PTH-RIDE-0000696,2026-07-06T13:52:06+06:00,Car,Mohammadpur,23.765629,90.362761,Gulshan,23.789182,90.413103,1.47,50,143,completed,2026-07-06T14:50:06+06:00,True,Pathao,PTH-DRV-016,Imran Karim,8801417391915,driver,Car,Dhaka-Metro-GA-50-2706,2024-09-14,4.65,active,Khilgaon,43,28,1106,2026-02-13T07:06:14+06:00,2026-08-04T07:56:48+06:00
696,USR057,+8801600888036,Siam Akter,PTH-RIDE-0000697,2026-02-18T14:03:34+06:00,Bike,Mirpur,23.81755,90.362901,Shyamoli,23.780898,90.359714,6.04,9,135,completed,2026-02-18T14:37:34+06:00,True,Pathao,PTH-DRV-002,Sabbir Ali,8801715535227,driver,Bike,Dhaka-Metro-LA-43-4404,2024-01-15,4.70,active,Uttara,47,34,1379,2026-02-14T01:39:55+06:00,2026-08-09T11:23:20+06:00
697,USR058,+8801581827758,Shanto Jahan,PTH-RIDE-0000698,2026-04-14T19:44:05+06:00,Car,Rampura,23.754995,90.422586,Badda,23.785411,90.435013,18.35,8,737,cancelled_by_rider,2026-04-14T20:16:05+06:00,True,Pathao,PTH-DRV-015,Sumon Ahmed,8801592246260,driver,Car,Dhaka-Metro-GA-47-2377,2024-09-19,4.91,temporarily_inactive,Gulshan,51,33,344,2026-02-20T06:37:41+06:00,2026-08-08T17:20:03+06:00
698,USR058,+8801581827758,Shanto Jahan,PTH-RIDE-0000699,2026-02-21T08:00:19+06:00,Premium Car,Khilgaon,23.757739,90.433832,Motijheel,23.724591,90.423494,20.16,71,928,completed,2026-02-21T09:31:19+06:00,True,Pathao,PTH-DRV-020,Sabbir Mahmud,8801520665194,driver,Premium Car,Dhaka-Metro-GA-27-7652,2025-07-04,4.51,active,Khilgaon,46,33,891,2026-02-15T21:25:09+06:00,2026-08-09T14:56:20+06:00
699,USR058,+8801581827758,Shanto Jahan,PTH-RIDE-0000700,2026-04-17T12:56:54+06:00,Car,Badda,23.784219,90.43477,Dhanmondi,23.750793,90.374741,18.77,32,750,cancelled_by_user,2026-04-17T13:42:54+06:00,True,Pathao,PTH-DRV-010,Zahid Chowdhury,8801738695856,driver,Car,Dhaka-Metro-GA-12-2328,2024-05-16,4.86,active,Badda,44,28,403,2026-02-10T07:45:59+06:00,2026-08-10T20:38:42+06:00
700,USR058,+8801581827758,Shanto Jahan,PTH-RIDE-0000701,2026-02-14T00:28:05+06:00,Premium Car,Motijheel,23.726055,90.415758,Bashundhara,23.82294,90.420058,19.48,9,970,completed,2026-02-14T00:53:05+06:00,True,Pathao,PTH-DRV-024,Sabbir Mia,8801635920547,driver,Premium Car,Dhaka-Metro-GA-29-9550,2026-02-19,4.75,active,Motijheel,52,34,1609,2026-02-14T00:28:05+06:00,2026-08-06T16:02:46+06:00
701,USR058,+8801581827758,Shanto Jahan,PTH-RIDE-0000702,2026-04-24T05:58:11+06:00,Premium Car,Rampura,23.761641,90.429563,Mohakhali,23.770533,90.397802,17.93,8,833,cancelled_by_user,2026-04-24T06:28:11+06:00,True,Pathao,PTH-DRV-021,Shuvo Chowdhury,8801396729644,driver,Premium Car,Dhaka-Metro-GA-18-5728,2024-05-09,4.49,active,Mirpur,61,41,785,2026-02-10T13:58:31+06:00,2026-08-07T01:44:36+06:00
702,USR058,+8801581827758,Shanto Jahan,PTH-RIDE-0000703,2026-05-03T09:46:09+06:00,Premium Car,Old Dhaka,23.714413,90.404035,Wari,23.72622,90.414755,10.77,14,533,cancelled_by_user,2026-05-03T10:02:09+06:00,True,Pathao,PTH-DRV-021,Shuvo Chowdhury,8801396729644,driver,Premium Car,Dhaka-Metro-GA-18-5728,2024-05-09,4.49,active,Mirpur,61,41,785,2026-02-10T13:58:31+06:00,2026-08-07T01:44:36+06:00
703,USR058,+8801581827758,Shanto Jahan,PTH-RIDE-0000704,2026-05-02T01:41:47+06:00,Premium Car,Farmgate,23.75575,90.388733,Pallabi,23.829119,90.371033,6.11,17,383,completed,2026-05-02T02:10:47+06:00,True,Pathao,PTH-DRV-018,Riyad Khan,8801895144376,driver,Premium Car,Dhaka-Metro-GA-42-9702,2025-06-18,4.52,active,Farmgate,48,32,1798,2026-03-16T13:11:54+06:00,2026-08-10T14:18:39+06:00
704,USR058,+8801581827758,Shanto Jahan,PTH-RIDE-0000705,2026-07-07T22:58:27+06:00,Bike,Bashundhara,23.807651,90.431901,Shyamoli,23.774568,90.358222,8.64,38,193,cancelled_by_rider,2026-07-07T23:56:27+06:00,True,Pathao,PTH-DRV-006,Sohel Mia,8801413282469,driver,Bike,Dhaka-Metro-LA-42-7072,2023-11-20,4.46,active,Bashundhara,56,39,678,2026-02-11T19:34:53+06:00,2026-07-27T18:56:51+06:00
705,USR058,+8801581827758,Shanto Jahan,PTH-RIDE-0000706,2026-07-11T23:47:30+06:00,Car,Banani,23.79226,90.401175,Mohammadpur,23.768256,90.351356,5.11,70,342,completed,2026-07-12T01:21:30+06:00,True,Pathao,PTH-DRV-011,Mamun Khan,8801426550582,driver,Car,Dhaka-Metro-GA-36-9704,2025-07-14,4.26,active,Banani,45,31,1368,2026-02-20T14:11:58+06:00,2026-08-06T12:43:24+06:00
706,USR059,+8801457721753,Hasan Ahmed,PTH-RIDE-0000707,2026-04-21T02:48:19+06:00,Bike,Mirpur,23.825929,90.359139,Mohammadpur,23.767574,90.362716,6.39,71,228,cancelled_by_rider,2026-04-21T04:19:19+06:00,True,Pathao,PTH-DRV-005,Mizan Hasan,8801356392834,driver,Bike,Dhaka-Metro-LA-18-8731,2023-05-02,4.42,active,Banani,52,34,1623,2026-02-15T11:45:22+06:00,2026-08-04T01:29:10+06:00
707,USR059,+8801457721753,Hasan Ahmed,PTH-RIDE-0000708,2026-04-19T05:35:30+06:00,Bike,Mirpur,23.81476,90.366088,Mohakhali,23.771489,90.39937,9.42,30,202,completed,2026-04-19T06:25:30+06:00,True,Pathao,PTH-DRV-006,Sohel Mia,8801413282469,driver,Bike,Dhaka-Metro-LA-42-7072,2023-11-20,4.46,active,Bashundhara,56,39,678,2026-02-11T19:34:53+06:00,2026-07-27T18:56:51+06:00
708,USR059,+8801457721753,Hasan Ahmed,PTH-RIDE-0000709,2026-03-31T02:54:11+06:00,Car,Dhanmondi,23.749406,90.382748,Rampura,23.755602,90.424757,19.23,19,756,completed,2026-03-31T03:18:11+06:00,True,Pathao,PTH-DRV-013,Noman Sheikh,8801702482414,driver,Car,Dhaka-Metro-GA-32-1635,2024-02-24,4.40,active,Dhanmondi,57,37,919,2026-02-12T18:33:16+06:00,2026-08-07T07:51:54+06:00
709,USR059,+8801457721753,Hasan Ahmed,PTH-RIDE-0000710,2026-07-27T18:56:51+06:00,Bike,Bashundhara,23.823921,90.419633,Wari,23.718846,90.424722,7.94,50,221,cancelled_by_user,2026-07-27T19:52:51+06:00,True,Pathao,PTH-DRV-006,Sohel Mia,8801413282469,driver,Bike,Dhaka-Metro-LA-42-7072,2023-11-20,4.46,active,Bashundhara,56,39,678,2026-02-11T19:34:53+06:00,2026-07-27T18:56:51+06:00
710,USR059,+8801457721753,Hasan Ahmed,PTH-RIDE-0000711,2026-04-18T16:42:57+06:00,Bike,Khilgaon,23.744301,90.419022,Pallabi,23.821384,90.373201,22.78,48,513,completed,2026-04-18T17:36:57+06:00,True,Pathao,PTH-DRV-006,Sohel Mia,8801413282469,driver,Bike,Dhaka-Metro-LA-42-7072,2023-11-20,4.46,active,Bashundhara,56,39,678,2026-02-11T19:34:53+06:00,2026-07-27T18:56:51+06:00
711,USR059,+8801457721753,Hasan Ahmed,PTH-RIDE-0000712,2026-04-25T04:29:31+06:00,Car,Motijheel,23.730082,90.425779,Badda,23.772237,90.42575,13.5,43,491,cancelled_by_user,2026-04-25T05:18:31+06:00,True,Pathao,PTH-DRV-016,Imran Karim,8801417391915,driver,Car,Dhaka-Metro-GA-50-2706,2024-09-14,4.65,active,Khilgaon,43,28,1106,2026-02-13T07:06:14+06:00,2026-08-04T07:56:48+06:00
712,USR059,+8801457721753,Hasan Ahmed,PTH-RIDE-0000713,2026-07-12T17:58:50+06:00,Bike,Mohammadpur,23.77167,90.367354,Mirpur,23.818179,90.36155,21.92,80,427,cancelled_by_rider,2026-07-12T19:26:50+06:00,True,Pathao,PTH-DRV-006,Sohel Mia,8801413282469,driver,Bike,Dhaka-Metro-LA-42-7072,2023-11-20,4.46,active,Bashundhara,56,39,678,2026-02-11T19:34:53+06:00,2026-07-27T18:56:51+06:00
713,USR059,+8801457721753,Hasan Ahmed,PTH-RIDE-0000714,2026-07-21T12:37:52+06:00,Premium Car,Shyamoli,23.77542,90.357246,Wari,23.715685,90.410103,18.3,15,844,completed,2026-07-21T13:06:52+06:00,True,Pathao,PTH-DRV-022,Rony Ahmed,8801406140466,driver,Premium Car,Dhaka-Metro-GA-14-3862,2024-03-08,4.36,active,Mohakhali,49,32,280,2026-02-19T05:07:42+06:00,2026-08-10T16:43:15+06:00
714,USR059,+8801457721753,Hasan Ahmed,PTH-RIDE-0000715,2026-03-02T03:38:41+06:00,Car,Uttara,23.881433,90.386295,Motijheel,23.741796,90.417692,17.87,47,650,completed,2026-03-02T04:33:41+06:00,True,Pathao,PTH-DRV-016,Imran Karim,8801417391915,driver,Car,Dhaka-Metro-GA-50-2706,2024-09-14,4.65,active,Khilgaon,43,28,1106,2026-02-13T07:06:14+06:00,2026-08-04T07:56:48+06:00
715,USR059,+8801457721753,Hasan Ahmed,PTH-RIDE-0000716,2026-07-17T16:42:08+06:00,Premium Car,Bashundhara,23.816944,90.427046,Badda,23.774846,90.427144,14.93,80,743,completed,2026-07-17T18:19:08+06:00,True,Pathao,PTH-DRV-023,Al Amin Khan,8801354736696,driver,Premium Car,Dhaka-Metro-GA-39-9114,2023-07-25,4.89,active,Mohammadpur,44,34,437,2026-02-24T14:00:15+06:00,2026-08-10T04:16:51+06:00
716,USR059,+8801457721753,Hasan Ahmed,PTH-RIDE-0000717,2026-04-04T00:21:17+06:00,Premium Car,Farmgate,23.76417,90.387245,Wari,23.715112,90.416256,2.4,9,318,cancelled_by_user,2026-04-04T00:35:17+06:00,True,Pathao,PTH-DRV-018,Riyad Khan,8801895144376,driver,Premium Car,Dhaka-Metro-GA-42-9702,2025-06-18,4.52,active,Farmgate,48,32,1798,2026-03-16T13:11:54+06:00,2026-08-10T14:18:39+06:00
717,USR059,+8801457721753,Hasan Ahmed,PTH-RIDE-0000718,2026-07-29T01:36:08+06:00,Premium Car,Mohakhali,23.782355,90.401781,Wari,23.715903,90.421202,5.58,61,434,completed,2026-07-29T02:51:08+06:00,True,Pathao,PTH-DRV-022,Rony Ahmed,8801406140466,driver,Premium Car,Dhaka-Metro-GA-14-3862,2024-03-08,4.36,active,Mohakhali,49,32,280,2026-02-19T05:07:42+06:00,2026-08-10T16:43:15+06:00
718,USR059,+8801457721753,Hasan Ahmed,PTH-RIDE-0000719,2026-03-28T17:24:17+06:00,Car,Mohakhali,23.773974,90.398362,Wari,23.715346,90.41875,8.77,70,363,completed,2026-03-28T18:49:17+06:00,True,Pathao,PTH-DRV-011,Mamun Khan,8801426550582,driver,Car,Dhaka-Metro-GA-36-9704,2025-07-14,4.26,active,Banani,45,31,1368,2026-02-20T14:11:58+06:00,2026-08-06T12:43:24+06:00
719,USR059,+8801457721753,Hasan Ahmed,PTH-RIDE-0000720,2026-03-25T23:47:51+06:00,Bike,Mohakhali,23.769493,90.401938,Farmgate,23.752645,90.388035,1.44,77,140,completed,2026-03-26T01:08:51+06:00,True,Pathao,PTH-DRV-007,Rafi Chowdhury,8801972545462,driver,Bike,Dhaka-Metro-LA-49-8611,2025-12-04,4.63,active,Dhanmondi,50,31,630,2026-02-16T20:14:06+06:00,2026-08-08T21:37:30+06:00
720,USR060,+8801900841950,Mim Hasan,PTH-RIDE-0000721,2026-03-20T04:11:32+06:00,Bike,Mohammadpur,23.769268,90.357313,Mirpur,23.819988,90.364345,19.69,8,409,completed,2026-03-20T04:44:32+06:00,True,Pathao,PTH-DRV-008,Al Amin Sarker,8801690558459,driver,Bike,Dhaka-Metro-LA-55-6224,2023-03-18,4.43,active,Farmgate,41,26,1395,2026-02-12T12:34:17+06:00,2026-08-07T03:04:20+06:00
721,USR060,+8801900841950,Mim Hasan,PTH-RIDE-0000722,2026-04-29T03:33:44+06:00,Premium Car,Dhanmondi,23.748811,90.381369,Bashundhara,23.814514,90.425893,22.35,28,979,completed,2026-04-29T04:20:44+06:00,True,Pathao,PTH-DRV-017,Rubel Hossain,8801596800093,driver,Premium Car,Dhaka-Metro-GA-59-1389,2023-10-30,4.39,active,Dhanmondi,43,24,856,2026-02-13T21:12:16+06:00,2026-07-24T19:50:49+06:00
722,USR060,+8801900841950,Mim Hasan,PTH-RIDE-0000723,2026-03-30T13:38:49+06:00,Car,Dhanmondi,23.750668,90.377699,Wari,23.726129,90.424187,11.76,13,515,completed,2026-03-30T14:05:49+06:00,True,Pathao,PTH-DRV-013,Noman Sheikh,8801702482414,driver,Car,Dhaka-Metro-GA-32-1635,2024-02-24,4.40,active,Dhanmondi,57,37,919,2026-02-12T18:33:16+06:00,2026-08-07T07:51:54+06:00
723,USR060,+8801900841950,Mim Hasan,PTH-RIDE-0000724,2026-05-09T09:11:21+06:00,Premium Car,Old Dhaka,23.718676,90.404629,Badda,23.786411,90.423975,16.85,8,854,completed,2026-05-09T09:28:21+06:00,True,Pathao,PTH-DRV-019,Tanvir Hossain,8801568844033,driver,Premium Car,Dhaka-Metro-GA-43-7960,2024-08-01,4.63,active,Gulshan,60,39,678,2026-02-13T02:57:39+06:00,2026-08-10T06:23:33+06:00
724,USR060,+8801900841950,Mim Hasan,PTH-RIDE-0000725,2026-03-15T13:09:22+06:00,Premium Car,Dhanmondi,23.740587,90.37649,Bashundhara,23.823692,90.4189,20.53,26,1007,completed,2026-03-15T13:48:22+06:00,True,Pathao,PTH-DRV-017,Rubel Hossain,8801596800093,driver,Premium Car,Dhaka-Metro-GA-59-1389,2023-10-30,4.39,active,Dhanmondi,43,24,856,2026-02-13T21:12:16+06:00,2026-07-24T19:50:49+06:00
725,USR060,+8801900841950,Mim Hasan,PTH-RIDE-0000726,2026-05-12T17:56:32+06:00,Premium Car,Wari,23.719573,90.41381,Tejgaon,23.768304,90.393,23.26,77,1102,cancelled_by_rider,2026-05-12T19:21:32+06:00,True,Pathao,PTH-DRV-023,Al Amin Khan,8801354736696,driver,Premium Car,Dhaka-Metro-GA-39-9114,2023-07-25,4.89,active,Mohammadpur,44,34,437,2026-02-24T14:00:15+06:00,2026-08-10T04:16:51+06:00
726,USR060,+8801900841950,Mim Hasan,PTH-RIDE-0000727,2026-02-28T14:05:14+06:00,Car,Tejgaon,23.761266,90.391827,Old Dhaka,23.714803,90.400353,9.55,53,406,completed,2026-02-28T15:06:14+06:00,True,Pathao,PTH-DRV-013,Noman Sheikh,8801702482414,driver,Car,Dhaka-Metro-GA-32-1635,2024-02-24,4.40,active,Dhanmondi,57,37,919,2026-02-12T18:33:16+06:00,2026-08-07T07:51:54+06:00
727,USR060,+8801900841950,Mim Hasan,PTH-RIDE-0000728,2026-02-26T19:20:49+06:00,Car,Farmgate,23.749925,90.387666,Motijheel,23.736653,90.412977,21.13,26,743,cancelled_by_user,2026-02-26T19:52:49+06:00,True,Pathao,PTH-DRV-014,Mehedi Hossain,8801466938163,driver,Car,Dhaka-Metro-GA-57-3382,2023-09-28,4.50,active,Farmgate,49,31,1649,2026-02-11T05:29:19+06:00,2026-08-07T22:28:04+06:00
728,USR060,+8801900841950,Mim Hasan,PTH-RIDE-0000729,2026-08-10T16:43:15+06:00,Premium Car,Badda,23.775918,90.424666,Dhanmondi,23.7414,90.372074,13.48,60,650,completed,2026-08-10T17:57:15+06:00,True,Pathao,PTH-DRV-022,Rony Ahmed,8801406140466,driver,Premium Car,Dhaka-Metro-GA-14-3862,2024-03-08,4.36,active,Mohakhali,49,32,280,2026-02-19T05:07:42+06:00,2026-08-10T16:43:15+06:00
729,USR060,+8801900841950,Mim Hasan,PTH-RIDE-0000730,2026-07-13T17:32:33+06:00,Car,Pallabi,23.828309,90.36797,Banani,23.785081,90.399903,21.43,14,813,completed,2026-07-13T18:04:33+06:00,True,Pathao,PTH-DRV-012,Sakib Mahmud,8801701651316,driver,Car,Dhaka-Metro-GA-26-4203,2025-11-08,4.74,active,Bashundhara,50,31,1374,2026-02-18T14:40:42+06:00,2026-08-10T20:12:47+06:00
730,USR060,+8801900841950,Mim Hasan,PTH-RIDE-0000731,2026-07-31T03:09:13+06:00,Bike,Mirpur,23.826031,90.370098,Gulshan,23.786991,90.414663,11.19,26,237,completed,2026-07-31T03:45:13+06:00,True,Pathao,PTH-DRV-004,Noman Islam,8801433479792,driver,Bike,Dhaka-Metro-LA-16-4147,2024-04-07,4.84,active,Badda,45,26,1163,2026-02-10T19:35:38+06:00,2026-08-06T22:59:51+06:00
731,USR061,+8801302733320,Nadia Jahan,PTH-RIDE-0000732,2026-07-02T21:53:16+06:00,Premium Car,Tejgaon,23.758467,90.382639,Bashundhara,23.819002,90.424293,17.79,64,809,cancelled_by_user,2026-07-02T23:21:16+06:00,True,Pathao,PTH-DRV-024,Sabbir Mia,8801635920547,driver,Premium Car,Dhaka-Metro-GA-29-9550,2026-02-19,4.75,active,Motijheel,52,34,1609,2026-02-14T00:28:05+06:00,2026-08-06T16:02:46+06:00
732,USR061,+8801302733320,Nadia Jahan,PTH-RIDE-0000733,2026-07-12T13:34:27+06:00,Bike,Mohakhali,23.774867,90.393322,Motijheel,23.726639,90.41124,21.31,69,420,completed,2026-07-12T15:01:27+06:00,True,Pathao,PTH-DRV-001,Nayeem Sarker,8801967036821,driver,Bike,Dhaka-Metro-LA-50-6184,2025-12-26,4.94,active,Tejgaon,58,41,819,2026-02-10T15:17:23+06:00,2026-08-09T07:35:51+06:00
733,USR061,+8801302733320,Nadia Jahan,PTH-RIDE-0000734,2026-03-13T12:02:35+06:00,Bike,Mirpur,23.822446,90.365951,Gulshan,23.78602,90.404305,2.63,55,77,completed,2026-03-13T13:01:35+06:00,True,Pathao,PTH-DRV-005,Mizan Hasan,8801356392834,driver,Bike,Dhaka-Metro-LA-18-8731,2023-05-02,4.42,active,Banani,52,34,1623,2026-02-15T11:45:22+06:00,2026-08-04T01:29:10+06:00
734,USR061,+8801302733320,Nadia Jahan,PTH-RIDE-0000735,2026-05-22T06:03:58+06:00,Premium Car,Dhanmondi,23.753501,90.369866,Pallabi,23.836429,90.369388,5.83,73,360,cancelled_by_rider,2026-05-22T07:34:58+06:00,True,Pathao,PTH-DRV-017,Rubel Hossain,8801596800093,driver,Premium Car,Dhaka-Metro-GA-59-1389,2023-10-30,4.39,active,Dhanmondi,43,24,856,2026-02-13T21:12:16+06:00,2026-07-24T19:50:49+06:00
735,USR061,+8801302733320,Nadia Jahan,PTH-RIDE-0000736,2026-02-10T13:58:31+06:00,Premium Car,Mirpur,23.819882,90.363012,Pallabi,23.83332,90.37334,8.6,31,549,completed,2026-02-10T14:36:31+06:00,True,Pathao,PTH-DRV-021,Shuvo Chowdhury,8801396729644,driver,Premium Car,Dhaka-Metro-GA-18-5728,2024-05-09,4.49,active,Mirpur,61,41,785,2026-02-10T13:58:31+06:00,2026-08-07T01:44:36+06:00
736,USR061,+8801302733320,Nadia Jahan,PTH-RIDE-0000737,2026-03-05T04:50:43+06:00,Car,Dhanmondi,23.746584,90.370431,Banani,23.802478,90.409709,10.32,27,481,cancelled_by_rider,2026-03-05T05:21:43+06:00,True,Pathao,PTH-DRV-013,Noman Sheikh,8801702482414,driver,Car,Dhaka-Metro-GA-32-1635,2024-02-24,4.40,active,Dhanmondi,57,37,919,2026-02-12T18:33:16+06:00,2026-08-07T07:51:54+06:00
737,USR061,+8801302733320,Nadia Jahan,PTH-RIDE-0000738,2026-02-18T15:15:42+06:00,Bike,Gulshan,23.799104,90.413776,Mohammadpur,23.768557,90.362414,19.49,55,452,cancelled_by_user,2026-02-18T16:30:42+06:00,True,Pathao,PTH-DRV-006,Sohel Mia,8801413282469,driver,Bike,Dhaka-Metro-LA-42-7072,2023-11-20,4.46,active,Bashundhara,56,39,678,2026-02-11T19:34:53+06:00,2026-07-27T18:56:51+06:00
738,USR061,+8801302733320,Nadia Jahan,PTH-RIDE-0000739,2026-05-24T08:59:16+06:00,Car,Pallabi,23.829875,90.361428,Farmgate,23.753039,90.381429,20.7,21,764,cancelled_by_rider,2026-05-24T09:45:16+06:00,True,Pathao,PTH-DRV-010,Zahid Chowdhury,8801738695856,driver,Car,Dhaka-Metro-GA-12-2328,2024-05-16,4.86,active,Badda,44,28,403,2026-02-10T07:45:59+06:00,2026-08-10T20:38:42+06:00
739,USR061,+8801302733320,Nadia Jahan,PTH-RIDE-0000740,2026-08-01T18:50:59+06:00,Bike,Banani,23.790474,90.40295,Bashundhara,23.819508,90.420621,24.48,51,509,cancelled_by_user,2026-08-01T19:58:59+06:00,True,Pathao,PTH-DRV-005,Mizan Hasan,8801356392834,driver,Bike,Dhaka-Metro-LA-18-8731,2023-05-02,4.42,active,Banani,52,34,1623,2026-02-15T11:45:22+06:00,2026-08-04T01:29:10+06:00
740,USR061,+8801302733320,Nadia Jahan,PTH-RIDE-0000741,2026-05-11T21:36:12+06:00,Premium Car,Bashundhara,23.822368,90.427924,Mirpur,23.823683,90.373921,24.18,69,1059,cancelled_by_user,2026-05-11T23:03:12+06:00,True,Pathao,PTH-DRV-021,Shuvo Chowdhury,8801396729644,driver,Premium Car,Dhaka-Metro-GA-18-5728,2024-05-09,4.49,active,Mirpur,61,41,785,2026-02-10T13:58:31+06:00,2026-08-07T01:44:36+06:00
741,USR061,+8801302733320,Nadia Jahan,PTH-RIDE-0000742,2026-05-12T07:57:46+06:00,Premium Car,Rampura,23.761398,90.41211,Mohammadpur,23.772329,90.351389,1.34,12,239,cancelled_by_rider,2026-05-12T08:13:46+06:00,True,Pathao,PTH-DRV-018,Riyad Khan,8801895144376,driver,Premium Car,Dhaka-Metro-GA-42-9702,2025-06-18,4.52,active,Farmgate,48,32,1798,2026-03-16T13:11:54+06:00,2026-08-10T14:18:39+06:00
742,USR061,+8801302733320,Nadia Jahan,PTH-RIDE-0000743,2026-06-13T17:39:55+06:00,Bike,Tejgaon,23.771221,90.389181,Mirpur,23.825909,90.371703,6.09,48,195,completed,2026-06-13T18:52:55+06:00,True,Pathao,PTH-DRV-001,Nayeem Sarker,8801967036821,driver,Bike,Dhaka-Metro-LA-50-6184,2025-12-26,4.94,active,Tejgaon,58,41,819,2026-02-10T15:17:23+06:00,2026-08-09T07:35:51+06:00
743,USR062,+8801842740637,Sadia Ahmed,PTH-RIDE-0000744,2026-05-08T20:08:05+06:00,Bike,Mohakhali,23.781535,90.403078,Rampura,23.762443,90.414173,23.5,47,541,completed,2026-05-08T21:08:05+06:00,True,Pathao,PTH-DRV-008,Al Amin Sarker,8801690558459,driver,Bike,Dhaka-Metro-LA-55-6224,2023-03-18,4.43,active,Farmgate,41,26,1395,2026-02-12T12:34:17+06:00,2026-08-07T03:04:20+06:00
744,USR062,+8801842740637,Sadia Ahmed,PTH-RIDE-0000745,2026-05-04T22:19:30+06:00,Premium Car,Bashundhara,23.81646,90.425376,Rampura,23.770239,90.423631,18.65,20,905,completed,2026-05-04T22:57:30+06:00,True,Pathao,PTH-DRV-018,Riyad Khan,8801895144376,driver,Premium Car,Dhaka-Metro-GA-42-9702,2025-06-18,4.52,active,Farmgate,48,32,1798,2026-03-16T13:11:54+06:00,2026-08-10T14:18:39+06:00
745,USR062,+8801842740637,Sadia Ahmed,PTH-RIDE-0000746,2026-08-09T13:41:12+06:00,Premium Car,Gulshan,23.786162,90.400943,Tejgaon,23.767379,90.399003,6.28,18,400,completed,2026-08-09T14:06:12+06:00,True,Pathao,PTH-DRV-019,Tanvir Hossain,8801568844033,driver,Premium Car,Dhaka-Metro-GA-43-7960,2024-08-01,4.63,active,Gulshan,60,39,678,2026-02-13T02:57:39+06:00,2026-08-10T06:23:33+06:00
746,USR062,+8801842740637,Sadia Ahmed,PTH-RIDE-0000747,2026-06-20T00:08:44+06:00,Car,Badda,23.78335,90.435491,Uttara,23.877706,90.376324,15.78,80,580,cancelled_by_rider,2026-06-20T01:40:44+06:00,True,Pathao,PTH-DRV-010,Zahid Chowdhury,8801738695856,driver,Car,Dhaka-Metro-GA-12-2328,2024-05-16,4.86,active,Badda,44,28,403,2026-02-10T07:45:59+06:00,2026-08-10T20:38:42+06:00
747,USR062,+8801842740637,Sadia Ahmed,PTH-RIDE-0000748,2026-03-31T05:39:59+06:00,Premium Car,Mirpur,23.824612,90.357966,Bashundhara,23.815031,90.432567,2.11,31,242,completed,2026-03-31T06:34:59+06:00,True,Pathao,PTH-DRV-021,Shuvo Chowdhury,8801396729644,driver,Premium Car,Dhaka-Metro-GA-18-5728,2024-05-09,4.49,active,Mirpur,61,41,785,2026-02-10T13:58:31+06:00,2026-08-07T01:44:36+06:00
748,USR062,+8801842740637,Sadia Ahmed,PTH-RIDE-0000749,2026-03-16T17:03:38+06:00,Premium Car,Rampura,23.767126,90.415738,Motijheel,23.73274,90.42447,9.77,74,539,completed,2026-03-16T18:28:38+06:00,True,Pathao,PTH-DRV-018,Riyad Khan,8801895144376,driver,Premium Car,Dhaka-Metro-GA-42-9702,2025-06-18,4.52,active,Farmgate,48,32,1798,2026-03-16T13:11:54+06:00,2026-08-10T14:18:39+06:00
749,USR062,+8801842740637,Sadia Ahmed,PTH-RIDE-0000750,2026-06-03T21:36:48+06:00,Bike,Tejgaon,23.772506,90.397203,Mohakhali,23.78575,90.393151,11.02,38,294,cancelled_by_rider,2026-06-03T22:37:48+06:00,True,Pathao,PTH-DRV-001,Nayeem Sarker,8801967036821,driver,Bike,Dhaka-Metro-LA-50-6184,2025-12-26,4.94,active,Tejgaon,58,41,819,2026-02-10T15:17:23+06:00,2026-08-09T07:35:51+06:00
750,USR062,+8801842740637,Sadia Ahmed,PTH-RIDE-0000751,2026-07-12T17:40:17+06:00,Car,Pallabi,23.824476,90.359374,Farmgate,23.76264,90.397665,22.39,13,849,completed,2026-07-12T18:10:17+06:00,True,Pathao,PTH-DRV-015,Sumon Ahmed,8801592246260,driver,Car,Dhaka-Metro-GA-47-2377,2024-09-19,4.91,temporarily_inactive,Gulshan,51,33,344,2026-02-20T06:37:41+06:00,2026-08-08T17:20:03+06:00
751,USR062,+8801842740637,Sadia Ahmed,PTH-RIDE-0000752,2026-05-27T03:33:34+06:00,Bike,Khilgaon,23.748818,90.426951,Old Dhaka,23.711859,90.400252,18.57,32,363,completed,2026-05-27T04:19:34+06:00,True,Pathao,PTH-DRV-002,Sabbir Ali,8801715535227,driver,Bike,Dhaka-Metro-LA-43-4404,2024-01-15,4.70,active,Uttara,47,34,1379,2026-02-14T01:39:55+06:00,2026-08-09T11:23:20+06:00
752,USR062,+8801842740637,Sadia Ahmed,PTH-RIDE-0000753,2026-05-29T11:30:56+06:00,Bike,Farmgate,23.757762,90.392317,Mohammadpur,23.764831,90.362928,11.09,68,245,completed,2026-05-29T12:57:56+06:00,True,Pathao,PTH-DRV-008,Al Amin Sarker,8801690558459,driver,Bike,Dhaka-Metro-LA-55-6224,2023-03-18,4.43,active,Farmgate,41,26,1395,2026-02-12T12:34:17+06:00,2026-08-07T03:04:20+06:00
753,USR062,+8801842740637,Sadia Ahmed,PTH-RIDE-0000754,2026-05-24T10:46:19+06:00,Bike,Bashundhara,23.811765,90.419569,Tejgaon,23.756781,90.396098,9.09,39,229,cancelled_by_user,2026-05-24T11:39:19+06:00,True,Pathao,PTH-DRV-006,Sohel Mia,8801413282469,driver,Bike,Dhaka-Metro-LA-42-7072,2023-11-20,4.46,active,Bashundhara,56,39,678,2026-02-11T19:34:53+06:00,2026-07-27T18:56:51+06:00
754,USR062,+8801842740637,Sadia Ahmed,PTH-RIDE-0000755,2026-06-10T15:47:58+06:00,Bike,Wari,23.719668,90.424105,Rampura,23.753448,90.414251,14.86,57,363,completed,2026-06-10T16:57:58+06:00,True,Pathao,PTH-DRV-003,Emon Mollah,8801458656775,driver,Bike,Dhaka-Metro-LA-44-1806,2025-05-16,4.33,active,Wari,47,33,1457,2026-02-15T14:20:09+06:00,2026-08-05T18:34:40+06:00
755,USR063,+8801939489765,Tania Hossain,PTH-RIDE-0000756,2026-04-03T18:33:55+06:00,Car,Wari,23.720967,90.418272,Bashundhara,23.818799,90.430122,18.41,20,716,completed,2026-04-03T19:07:55+06:00,True,Pathao,PTH-DRV-009,Shakil Mahmud,8801713605120,driver,Car,Dhaka-Metro-GA-18-9142,2026-02-13,4.51,active,Wari,51,33,1315,2026-02-13T19:17:45+06:00,2026-08-09T23:46:24+06:00
756,USR063,+8801939489765,Tania Hossain,PTH-RIDE-0000757,2026-04-15T02:32:09+06:00,Bike,Old Dhaka,23.712807,90.40007,Tejgaon,23.756104,90.385056,20.14,32,399,completed,2026-04-15T03:22:09+06:00,True,Pathao,PTH-DRV-005,Mizan Hasan,8801356392834,driver,Bike,Dhaka-Metro-LA-18-8731,2023-05-02,4.42,active,Banani,52,34,1623,2026-02-15T11:45:22+06:00,2026-08-04T01:29:10+06:00
757,USR063,+8801939489765,Tania Hossain,PTH-RIDE-0000758,2026-03-14T11:02:57+06:00,Car,Tejgaon,23.754962,90.382192,Shyamoli,23.774687,90.362515,2.45,10,256,cancelled_by_user,2026-03-14T11:24:57+06:00,True,Pathao,PTH-DRV-016,Imran Karim,8801417391915,driver,Car,Dhaka-Metro-GA-50-2706,2024-09-14,4.65,active,Khilgaon,43,28,1106,2026-02-13T07:06:14+06:00,2026-08-04T07:56:48+06:00
758,USR063,+8801939489765,Tania Hossain,PTH-RIDE-0000759,2026-07-08T04:30:48+06:00,Premium Car,Mohammadpur,23.763117,90.366441,Pallabi,23.83351,90.370127,5.1,11,417,completed,2026-07-08T04:58:48+06:00,True,Pathao,PTH-DRV-023,Al Amin Khan,8801354736696,driver,Premium Car,Dhaka-Metro-GA-39-9114,2023-07-25,4.89,active,Mohammadpur,44,34,437,2026-02-24T14:00:15+06:00,2026-08-10T04:16:51+06:00
759,USR063,+8801939489765,Tania Hossain,PTH-RIDE-0000760,2026-02-13T18:56:11+06:00,Bike,Khilgaon,23.74845,90.42423,Wari,23.720824,90.412691,3.43,65,95,completed,2026-02-13T20:25:11+06:00,True,Pathao,PTH-DRV-004,Noman Islam,8801433479792,driver,Bike,Dhaka-Metro-LA-16-4147,2024-04-07,4.84,active,Badda,45,26,1163,2026-02-10T19:35:38+06:00,2026-08-06T22:59:51+06:00
760,USR063,+8801939489765,Tania Hossain,PTH-RIDE-0000761,2026-05-03T05:32:38+06:00,Bike,Shyamoli,23.768011,90.372735,Farmgate,23.756317,90.385407,13.21,68,346,completed,2026-05-03T06:52:38+06:00,True,Pathao,PTH-DRV-003,Emon Mollah,8801458656775,driver,Bike,Dhaka-Metro-LA-44-1806,2025-05-16,4.33,active,Wari,47,33,1457,2026-02-15T14:20:09+06:00,2026-08-05T18:34:40+06:00
761,USR063,+8801939489765,Tania Hossain,PTH-RIDE-0000762,2026-07-21T17:37:53+06:00,Premium Car,Motijheel,23.730786,90.423825,Bashundhara,23.808586,90.421008,3.37,22,280,cancelled_by_user,2026-07-21T18:23:53+06:00,True,Pathao,PTH-DRV-024,Sabbir Mia,8801635920547,driver,Premium Car,Dhaka-Metro-GA-29-9550,2026-02-19,4.75,active,Motijheel,52,34,1609,2026-02-14T00:28:05+06:00,2026-08-06T16:02:46+06:00
762,USR063,+8801939489765,Tania Hossain,PTH-RIDE-0000763,2026-08-10T20:38:42+06:00,Car,Uttara,23.872572,90.376043,Wari,23.714479,90.420615,8.52,47,407,completed,2026-08-10T21:32:42+06:00,True,Pathao,PTH-DRV-010,Zahid Chowdhury,8801738695856,driver,Car,Dhaka-Metro-GA-12-2328,2024-05-16,4.86,active,Badda,44,28,403,2026-02-10T07:45:59+06:00,2026-08-10T20:38:42+06:00
763,USR063,+8801939489765,Tania Hossain,PTH-RIDE-0000764,2026-04-18T16:59:31+06:00,Car,Khilgaon,23.748986,90.427086,Shyamoli,23.777745,90.371754,8.86,56,351,completed,2026-04-18T18:20:31+06:00,True,Pathao,PTH-DRV-016,Imran Karim,8801417391915,driver,Car,Dhaka-Metro-GA-50-2706,2024-09-14,4.65,active,Khilgaon,43,28,1106,2026-02-13T07:06:14+06:00,2026-08-04T07:56:48+06:00
764,USR063,+8801939489765,Tania Hossain,PTH-RIDE-0000765,2026-02-17T05:27:24+06:00,Premium Car,Banani,23.787795,90.4088,Mohakhali,23.777188,90.391118,7.99,48,493,completed,2026-02-17T06:17:24+06:00,True,Pathao,PTH-DRV-020,Sabbir Mahmud,8801520665194,driver,Premium Car,Dhaka-Metro-GA-27-7652,2025-07-04,4.51,active,Khilgaon,46,33,891,2026-02-15T21:25:09+06:00,2026-08-09T14:56:20+06:00
765,USR063,+8801939489765,Tania Hossain,PTH-RIDE-0000766,2026-07-13T12:21:43+06:00,Car,Mohakhali,23.770897,90.407705,Shyamoli,23.765682,90.365633,22.6,19,814,completed,2026-07-13T12:44:43+06:00,True,Pathao,PTH-DRV-013,Noman Sheikh,8801702482414,driver,Car,Dhaka-Metro-GA-32-1635,2024-02-24,4.40,active,Dhanmondi,57,37,919,2026-02-12T18:33:16+06:00,2026-08-07T07:51:54+06:00
766,USR063,+8801939489765,Tania Hossain,PTH-RIDE-0000767,2026-03-31T11:56:22+06:00,Bike,Gulshan,23.79708,90.399157,Banani,23.788213,90.409142,14.29,14,328,completed,2026-03-31T12:16:22+06:00,True,Pathao,PTH-DRV-006,Sohel Mia,8801413282469,driver,Bike,Dhaka-Metro-LA-42-7072,2023-11-20,4.46,active,Bashundhara,56,39,678,2026-02-11T19:34:53+06:00,2026-07-27T18:56:51+06:00
767,USR063,+8801939489765,Tania Hossain,PTH-RIDE-0000768,2026-07-20T13:37:18+06:00,Premium Car,Banani,23.792684,90.414937,Mohakhali,23.77513,90.403467,14.42,34,715,completed,2026-07-20T14:13:18+06:00,True,Pathao,PTH-DRV-018,Riyad Khan,8801895144376,driver,Premium Car,Dhaka-Metro-GA-42-9702,2025-06-18,4.52,active,Farmgate,48,32,1798,2026-03-16T13:11:54+06:00,2026-08-10T14:18:39+06:00
768,USR063,+8801939489765,Tania Hossain,PTH-RIDE-0000769,2026-06-16T10:39:58+06:00,Car,Pallabi,23.825826,90.373004,Dhanmondi,23.754583,90.385,12.2,78,546,completed,2026-06-16T12:17:58+06:00,True,Pathao,PTH-DRV-016,Imran Karim,8801417391915,driver,Car,Dhaka-Metro-GA-50-2706,2024-09-14,4.65,active,Khilgaon,43,28,1106,2026-02-13T07:06:14+06:00,2026-08-04T07:56:48+06:00
769,USR064,+8801328391061,Rakib Rahman,PTH-RIDE-0000770,2026-04-13T04:30:08+06:00,Car,Mohammadpur,23.767507,90.366898,Farmgate,23.754092,90.382519,19.07,63,759,cancelled_by_user,2026-04-13T05:45:08+06:00,True,Pathao,PTH-DRV-014,Mehedi Hossain,8801466938163,driver,Car,Dhaka-Metro-GA-57-3382,2023-09-28,4.50,active,Farmgate,49,31,1649,2026-02-11T05:29:19+06:00,2026-08-07T22:28:04+06:00
770,USR064,+8801328391061,Rakib Rahman,PTH-RIDE-0000771,2026-07-02T03:10:46+06:00,Bike,Mirpur,23.82331,90.373925,Dhanmondi,23.749103,90.384015,17.65,18,423,cancelled_by_user,2026-07-02T03:37:46+06:00,True,Pathao,PTH-DRV-005,Mizan Hasan,8801356392834,driver,Bike,Dhaka-Metro-LA-18-8731,2023-05-02,4.42,active,Banani,52,34,1623,2026-02-15T11:45:22+06:00,2026-08-04T01:29:10+06:00
771,USR064,+8801328391061,Rakib Rahman,PTH-RIDE-0000772,2026-03-14T09:46:35+06:00,Bike,Gulshan,23.786201,90.405103,Bashundhara,23.818135,90.427562,15.49,68,395,completed,2026-03-14T11:06:35+06:00,True,Pathao,PTH-DRV-008,Al Amin Sarker,8801690558459,driver,Bike,Dhaka-Metro-LA-55-6224,2023-03-18,4.43,active,Farmgate,41,26,1395,2026-02-12T12:34:17+06:00,2026-08-07T03:04:20+06:00
772,USR064,+8801328391061,Rakib Rahman,PTH-RIDE-0000773,2026-07-24T16:20:53+06:00,Car,Farmgate,23.761935,90.398722,Tejgaon,23.759332,90.398974,8.43,77,390,cancelled_by_rider,2026-07-24T17:46:53+06:00,True,Pathao,PTH-DRV-014,Mehedi Hossain,8801466938163,driver,Car,Dhaka-Metro-GA-57-3382,2023-09-28,4.50,active,Farmgate,49,31,1649,2026-02-11T05:29:19+06:00,2026-08-07T22:28:04+06:00
773,USR064,+8801328391061,Rakib Rahman,PTH-RIDE-0000774,2026-05-23T16:38:00+06:00,Premium Car,Bashundhara,23.811728,90.421888,Banani,23.789251,90.402242,23.55,80,1091,completed,2026-05-23T18:10:00+06:00,True,Pathao,PTH-DRV-024,Sabbir Mia,8801635920547,driver,Premium Car,Dhaka-Metro-GA-29-9550,2026-02-19,4.75,active,Motijheel,52,34,1609,2026-02-14T00:28:05+06:00,2026-08-06T16:02:46+06:00
774,USR064,+8801328391061,Rakib Rahman,PTH-RIDE-0000775,2026-04-21T10:03:51+06:00,Bike,Bashundhara,23.809768,90.430922,Motijheel,23.724138,90.415482,11.28,12,236,completed,2026-04-21T10:27:51+06:00,True,Pathao,PTH-DRV-006,Sohel Mia,8801413282469,driver,Bike,Dhaka-Metro-LA-42-7072,2023-11-20,4.46,active,Bashundhara,56,39,678,2026-02-11T19:34:53+06:00,2026-07-27T18:56:51+06:00
775,USR064,+8801328391061,Rakib Rahman,PTH-RIDE-0000776,2026-06-05T20:43:01+06:00,Car,Mohakhali,23.778242,90.406315,Mohammadpur,23.76666,90.354214,7.6,18,313,completed,2026-06-05T21:18:01+06:00,True,Pathao,PTH-DRV-012,Sakib Mahmud,8801701651316,driver,Car,Dhaka-Metro-GA-26-4203,2025-11-08,4.74,active,Bashundhara,50,31,1374,2026-02-18T14:40:42+06:00,2026-08-10T20:12:47+06:00
776,USR064,+8801328391061,Rakib Rahman,PTH-RIDE-0000777,2026-04-13T15:07:51+06:00,Premium Car,Badda,23.77198,90.427445,Pallabi,23.824745,90.371654,15.7,47,774,completed,2026-04-13T16:11:51+06:00,True,Pathao,PTH-DRV-017,Rubel Hossain,8801596800093,driver,Premium Car,Dhaka-Metro-GA-59-1389,2023-10-30,4.39,active,Dhanmondi,43,24,856,2026-02-13T21:12:16+06:00,2026-07-24T19:50:49+06:00
777,USR064,+8801328391061,Rakib Rahman,PTH-RIDE-0000778,2026-04-15T23:46:21+06:00,Bike,Mirpur,23.828356,90.358419,Badda,23.775753,90.423698,15.2,79,326,completed,2026-04-16T01:19:21+06:00,True,Pathao,PTH-DRV-002,Sabbir Ali,8801715535227,driver,Bike,Dhaka-Metro-LA-43-4404,2024-01-15,4.70,active,Uttara,47,34,1379,2026-02-14T01:39:55+06:00,2026-08-09T11:23:20+06:00
778,USR065,+8801824241670,Naim Sultana,PTH-RIDE-0000779,2026-07-12T14:21:04+06:00,Bike,Shyamoli,23.777792,90.363857,Farmgate,23.765133,90.396088,4.89,38,193,cancelled_by_rider,2026-07-12T15:03:04+06:00,True,Pathao,PTH-DRV-001,Nayeem Sarker,8801967036821,driver,Bike,Dhaka-Metro-LA-50-6184,2025-12-26,4.94,active,Tejgaon,58,41,819,2026-02-10T15:17:23+06:00,2026-08-09T07:35:51+06:00
779,USR065,+8801824241670,Naim Sultana,PTH-RIDE-0000780,2026-02-13T12:40:50+06:00,Car,Rampura,23.760236,90.427241,Dhanmondi,23.740368,90.371429,11.76,78,433,completed,2026-02-13T14:23:50+06:00,True,Pathao,PTH-DRV-013,Noman Sheikh,8801702482414,driver,Car,Dhaka-Metro-GA-32-1635,2024-02-24,4.40,active,Dhanmondi,57,37,919,2026-02-12T18:33:16+06:00,2026-08-07T07:51:54+06:00
780,USR065,+8801824241670,Naim Sultana,PTH-RIDE-0000781,2026-04-06T03:59:32+06:00,Car,Motijheel,23.734515,90.415763,Shyamoli,23.777796,90.372038,2.94,10,178,completed,2026-04-06T04:25:32+06:00,True,Pathao,PTH-DRV-013,Noman Sheikh,8801702482414,driver,Car,Dhaka-Metro-GA-32-1635,2024-02-24,4.40,active,Dhanmondi,57,37,919,2026-02-12T18:33:16+06:00,2026-08-07T07:51:54+06:00
781,USR065,+8801824241670,Naim Sultana,PTH-RIDE-0000782,2026-05-19T08:35:21+06:00,Bike,Pallabi,23.833251,90.356625,Dhanmondi,23.738739,90.383072,8.59,33,289,completed,2026-05-19T09:29:21+06:00,True,Pathao,PTH-DRV-005,Mizan Hasan,8801356392834,driver,Bike,Dhaka-Metro-LA-18-8731,2023-05-02,4.42,active,Banani,52,34,1623,2026-02-15T11:45:22+06:00,2026-08-04T01:29:10+06:00
782,USR065,+8801824241670,Naim Sultana,PTH-RIDE-0000783,2026-07-11T22:44:02+06:00,Premium Car,Farmgate,23.750851,90.393658,Bashundhara,23.81874,90.419149,3.66,76,274,completed,2026-07-12T00:02:02+06:00,True,Pathao,PTH-DRV-018,Riyad Khan,8801895144376,driver,Premium Car,Dhaka-Metro-GA-42-9702,2025-06-18,4.52,active,Farmgate,48,32,1798,2026-03-16T13:11:54+06:00,2026-08-10T14:18:39+06:00
783,USR065,+8801824241670,Naim Sultana,PTH-RIDE-0000784,2026-08-06T13:43:35+06:00,Premium Car,Badda,23.783601,90.42212,Gulshan,23.786702,90.398871,14.67,72,731,cancelled_by_rider,2026-08-06T14:59:35+06:00,True,Pathao,PTH-DRV-022,Rony Ahmed,8801406140466,driver,Premium Car,Dhaka-Metro-GA-14-3862,2024-03-08,4.36,active,Mohakhali,49,32,280,2026-02-19T05:07:42+06:00,2026-08-10T16:43:15+06:00
784,USR065,+8801824241670,Naim Sultana,PTH-RIDE-0000785,2026-05-25T07:13:55+06:00,Premium Car,Mirpur,23.82396,90.358436,Mohammadpur,23.775178,90.366642,2.65,21,243,cancelled_by_rider,2026-05-25T07:43:55+06:00,True,Pathao,PTH-DRV-021,Shuvo Chowdhury,8801396729644,driver,Premium Car,Dhaka-Metro-GA-18-5728,2024-05-09,4.49,active,Mirpur,61,41,785,2026-02-10T13:58:31+06:00,2026-08-07T01:44:36+06:00
785,USR065,+8801824241670,Naim Sultana,PTH-RIDE-0000786,2026-05-22T10:10:19+06:00,Car,Shyamoli,23.771538,90.365573,Mohakhali,23.782085,90.395204,21.77,26,758,completed,2026-05-22T10:47:19+06:00,True,Pathao,PTH-DRV-016,Imran Karim,8801417391915,driver,Car,Dhaka-Metro-GA-50-2706,2024-09-14,4.65,active,Khilgaon,43,28,1106,2026-02-13T07:06:14+06:00,2026-08-04T07:56:48+06:00
786,USR065,+8801824241670,Naim Sultana,PTH-RIDE-0000787,2026-03-29T09:53:46+06:00,Bike,Banani,23.785851,90.400398,Pallabi,23.836447,90.359343,11.13,71,307,completed,2026-03-29T11:19:46+06:00,True,Pathao,PTH-DRV-005,Mizan Hasan,8801356392834,driver,Bike,Dhaka-Metro-LA-18-8731,2023-05-02,4.42,active,Banani,52,34,1623,2026-02-15T11:45:22+06:00,2026-08-04T01:29:10+06:00
787,USR065,+8801824241670,Naim Sultana,PTH-RIDE-0000788,2026-05-10T18:17:35+06:00,Premium Car,Khilgaon,23.755531,90.421582,Tejgaon,23.766417,90.385198,8.71,67,503,completed,2026-05-10T19:31:35+06:00,True,Pathao,PTH-DRV-020,Sabbir Mahmud,8801520665194,driver,Premium Car,Dhaka-Metro-GA-27-7652,2025-07-04,4.51,active,Khilgaon,46,33,891,2026-02-15T21:25:09+06:00,2026-08-09T14:56:20+06:00
788,USR065,+8801824241670,Naim Sultana,PTH-RIDE-0000789,2026-05-25T22:37:14+06:00,Premium Car,Mirpur,23.828218,90.357488,Bashundhara,23.809175,90.428913,20.72,80,1016,cancelled_by_user,2026-05-26T00:00:14+06:00,True,Pathao,PTH-DRV-021,Shuvo Chowdhury,8801396729644,driver,Premium Car,Dhaka-Metro-GA-18-5728,2024-05-09,4.49,active,Mirpur,61,41,785,2026-02-10T13:58:31+06:00,2026-08-07T01:44:36+06:00
789,USR065,+8801824241670,Naim Sultana,PTH-RIDE-0000790,2026-06-27T21:56:54+06:00,Car,Uttara,23.881402,90.375044,Old Dhaka,23.715545,90.406115,6.3,46,288,cancelled_by_user,2026-06-27T23:07:54+06:00,True,Pathao,PTH-DRV-011,Mamun Khan,8801426550582,driver,Car,Dhaka-Metro-GA-36-9704,2025-07-14,4.26,active,Banani,45,31,1368,2026-02-20T14:11:58+06:00,2026-08-06T12:43:24+06:00
790,USR066,+8801808150648,Farzana Mahmud,PTH-RIDE-0000791,2026-03-31T16:55:20+06:00,Premium Car,Khilgaon,23.754425,90.429373,Pallabi,23.83803,90.368915,10.93,72,538,completed,2026-03-31T18:16:20+06:00,True,Pathao,PTH-DRV-020,Sabbir Mahmud,8801520665194,driver,Premium Car,Dhaka-Metro-GA-27-7652,2025-07-04,4.51,active,Khilgaon,46,33,891,2026-02-15T21:25:09+06:00,2026-08-09T14:56:20+06:00
791,USR066,+8801808150648,Farzana Mahmud,PTH-RIDE-0000792,2026-06-16T13:46:35+06:00,Bike,Rampura,23.76963,90.421424,Tejgaon,23.75547,90.386495,19.43,52,418,completed,2026-06-16T14:44:35+06:00,True,Pathao,PTH-DRV-006,Sohel Mia,8801413282469,driver,Bike,Dhaka-Metro-LA-42-7072,2023-11-20,4.46,active,Bashundhara,56,39,678,2026-02-11T19:34:53+06:00,2026-07-27T18:56:51+06:00
792,USR066,+8801808150648,Farzana Mahmud,PTH-RIDE-0000793,2026-06-10T22:38:57+06:00,Car,Badda,23.788054,90.43018,Bashundhara,23.822474,90.416564,2.49,53,182,completed,2026-06-10T23:48:57+06:00,True,Pathao,PTH-DRV-010,Zahid Chowdhury,8801738695856,driver,Car,Dhaka-Metro-GA-12-2328,2024-05-16,4.86,active,Badda,44,28,403,2026-02-10T07:45:59+06:00,2026-08-10T20:38:42+06:00
793,USR066,+8801808150648,Farzana Mahmud,PTH-RIDE-0000794,2026-03-30T14:40:38+06:00,Premium Car,Tejgaon,23.76287,90.39433,Pallabi,23.836683,90.364981,4.64,69,327,completed,2026-03-30T16:06:38+06:00,True,Pathao,PTH-DRV-019,Tanvir Hossain,8801568844033,driver,Premium Car,Dhaka-Metro-GA-43-7960,2024-08-01,4.63,active,Gulshan,60,39,678,2026-02-13T02:57:39+06:00,2026-08-10T06:23:33+06:00
794,USR066,+8801808150648,Farzana Mahmud,PTH-RIDE-0000795,2026-08-06T16:02:46+06:00,Premium Car,Motijheel,23.735325,90.412527,Rampura,23.76162,90.425516,15.29,68,771,completed,2026-08-06T17:16:46+06:00,True,Pathao,PTH-DRV-024,Sabbir Mia,8801635920547,driver,Premium Car,Dhaka-Metro-GA-29-9550,2026-02-19,4.75,active,Motijheel,52,34,1609,2026-02-14T00:28:05+06:00,2026-08-06T16:02:46+06:00
795,USR066,+8801808150648,Farzana Mahmud,PTH-RIDE-0000796,2026-07-11T03:11:30+06:00,Car,Bashundhara,23.810096,90.430335,Mohakhali,23.771565,90.401962,19.99,29,771,cancelled_by_user,2026-07-11T03:44:30+06:00,True,Pathao,PTH-DRV-012,Sakib Mahmud,8801701651316,driver,Car,Dhaka-Metro-GA-26-4203,2025-11-08,4.74,active,Bashundhara,50,31,1374,2026-02-18T14:40:42+06:00,2026-08-10T20:12:47+06:00
796,USR066,+8801808150648,Farzana Mahmud,PTH-RIDE-0000797,2026-06-07T16:58:23+06:00,Car,Farmgate,23.759948,90.39601,Old Dhaka,23.711445,90.408281,10.46,68,398,cancelled_by_rider,2026-06-07T18:09:23+06:00,True,Pathao,PTH-DRV-014,Mehedi Hossain,8801466938163,driver,Car,Dhaka-Metro-GA-57-3382,2023-09-28,4.50,active,Farmgate,49,31,1649,2026-02-11T05:29:19+06:00,2026-08-07T22:28:04+06:00
797,USR066,+8801808150648,Farzana Mahmud,PTH-RIDE-0000798,2026-08-07T03:08:20+06:00,Bike,Dhanmondi,23.745883,90.371574,Mohammadpur,23.770368,90.362281,2.36,50,80,completed,2026-08-07T04:02:20+06:00,True,Pathao,PTH-DRV-007,Rafi Chowdhury,8801972545462,driver,Bike,Dhaka-Metro-LA-49-8611,2025-12-04,4.63,active,Dhanmondi,50,31,630,2026-02-16T20:14:06+06:00,2026-08-08T21:37:30+06:00
798,USR066,+8801808150648,Farzana Mahmud,PTH-RIDE-0000799,2026-07-13T04:54:52+06:00,Premium Car,Bashundhara,23.806974,90.427731,Khilgaon,23.7534,90.435764,23.8,62,1075,completed,2026-07-13T06:15:52+06:00,True,Pathao,PTH-DRV-021,Shuvo Chowdhury,8801396729644,driver,Premium Car,Dhaka-Metro-GA-18-5728,2024-05-09,4.49,active,Mirpur,61,41,785,2026-02-10T13:58:31+06:00,2026-08-07T01:44:36+06:00
799,USR066,+8801808150648,Farzana Mahmud,PTH-RIDE-0000800,2026-07-27T03:59:02+06:00,Bike,Tejgaon,23.756342,90.383368,Old Dhaka,23.711259,90.415154,6.31,70,175,completed,2026-07-27T05:30:02+06:00,True,Pathao,PTH-DRV-001,Nayeem Sarker,8801967036821,driver,Bike,Dhaka-Metro-LA-50-6184,2025-12-26,4.94,active,Tejgaon,58,41,819,2026-02-10T15:17:23+06:00,2026-08-09T07:35:51+06:00
800,USR066,+8801808150648,Farzana Mahmud,PTH-RIDE-0000801,2026-07-20T19:50:45+06:00,Bike,Banani,23.799457,90.405655,Farmgate,23.757989,90.391916,24.74,69,492,cancelled_by_user,2026-07-20T21:20:45+06:00,True,Pathao,PTH-DRV-005,Mizan Hasan,8801356392834,driver,Bike,Dhaka-Metro-LA-18-8731,2023-05-02,4.42,active,Banani,52,34,1623,2026-02-15T11:45:22+06:00,2026-08-04T01:29:10+06:00
801,USR066,+8801808150648,Farzana Mahmud,PTH-RIDE-0000802,2026-07-28T21:23:58+06:00,Bike,Dhanmondi,23.753196,90.371833,Mirpur,23.816733,90.357423,22.01,17,421,cancelled_by_user,2026-07-28T22:04:58+06:00,True,Pathao,PTH-DRV-007,Rafi Chowdhury,8801972545462,driver,Bike,Dhaka-Metro-LA-49-8611,2025-12-04,4.63,active,Dhanmondi,50,31,630,2026-02-16T20:14:06+06:00,2026-08-08T21:37:30+06:00
802,USR066,+8801808150648,Farzana Mahmud,PTH-RIDE-0000803,2026-05-08T10:21:04+06:00,Bike,Uttara,23.876909,90.381211,Mohammadpur,23.767256,90.351569,10.98,62,270,completed,2026-05-08T11:43:04+06:00,True,Pathao,PTH-DRV-002,Sabbir Ali,8801715535227,driver,Bike,Dhaka-Metro-LA-43-4404,2024-01-15,4.70,active,Uttara,47,34,1379,2026-02-14T01:39:55+06:00,2026-08-09T11:23:20+06:00
803,USR066,+8801808150648,Farzana Mahmud,PTH-RIDE-0000804,2026-06-10T19:56:39+06:00,Car,Tejgaon,23.760121,90.396761,Motijheel,23.729647,90.423782,8.27,76,437,completed,2026-06-10T21:31:39+06:00,True,Pathao,PTH-DRV-011,Mamun Khan,8801426550582,driver,Car,Dhaka-Metro-GA-36-9704,2025-07-14,4.26,active,Banani,45,31,1368,2026-02-20T14:11:58+06:00,2026-08-06T12:43:24+06:00
804,USR067,+8801552073645,Adnan Hasan,PTH-RIDE-0000805,2026-02-15T20:50:38+06:00,Car,Badda,23.78751,90.431291,Bashundhara,23.812986,90.419107,24.71,79,841,completed,2026-02-15T22:30:38+06:00,True,Pathao,PTH-DRV-010,Zahid Chowdhury,8801738695856,driver,Car,Dhaka-Metro-GA-12-2328,2024-05-16,4.86,active,Badda,44,28,403,2026-02-10T07:45:59+06:00,2026-08-10T20:38:42+06:00
805,USR067,+8801552073645,Adnan Hasan,PTH-RIDE-0000806,2026-03-09T00:11:05+06:00,Car,Farmgate,23.75882,90.397244,Bashundhara,23.806541,90.41738,13.19,53,518,completed,2026-03-09T01:06:05+06:00,True,Pathao,PTH-DRV-014,Mehedi Hossain,8801466938163,driver,Car,Dhaka-Metro-GA-57-3382,2023-09-28,4.50,active,Farmgate,49,31,1649,2026-02-11T05:29:19+06:00,2026-08-07T22:28:04+06:00
806,USR067,+8801552073645,Adnan Hasan,PTH-RIDE-0000807,2026-07-19T20:08:20+06:00,Premium Car,Rampura,23.761273,90.426059,Motijheel,23.731153,90.408447,11.23,51,611,cancelled_by_rider,2026-07-19T21:09:20+06:00,True,Pathao,PTH-DRV-021,Shuvo Chowdhury,8801396729644,driver,Premium Car,Dhaka-Metro-GA-18-5728,2024-05-09,4.49,active,Mirpur,61,41,785,2026-02-10T13:58:31+06:00,2026-08-07T01:44:36+06:00
807,USR067,+8801552073645,Adnan Hasan,PTH-RIDE-0000808,2026-04-18T10:30:37+06:00,Car,Mohakhali,23.773141,90.397325,Badda,23.78622,90.426443,15.43,18,562,completed,2026-04-18T10:58:37+06:00,True,Pathao,PTH-DRV-016,Imran Karim,8801417391915,driver,Car,Dhaka-Metro-GA-50-2706,2024-09-14,4.65,active,Khilgaon,43,28,1106,2026-02-13T07:06:14+06:00,2026-08-04T07:56:48+06:00
808,USR067,+8801552073645,Adnan Hasan,PTH-RIDE-0000809,2026-03-15T18:56:02+06:00,Car,Banani,23.786344,90.399331,Gulshan,23.784197,90.406537,9.95,59,385,completed,2026-03-15T20:13:02+06:00,True,Pathao,PTH-DRV-011,Mamun Khan,8801426550582,driver,Car,Dhaka-Metro-GA-36-9704,2025-07-14,4.26,active,Banani,45,31,1368,2026-02-20T14:11:58+06:00,2026-08-06T12:43:24+06:00
809,USR067,+8801552073645,Adnan Hasan,PTH-RIDE-0000810,2026-02-11T13:05:09+06:00,Premium Car,Shyamoli,23.765603,90.368242,Uttara,23.870059,90.38475,1.73,32,223,cancelled_by_user,2026-02-11T13:42:09+06:00,True,Pathao,PTH-DRV-021,Shuvo Chowdhury,8801396729644,driver,Premium Car,Dhaka-Metro-GA-18-5728,2024-05-09,4.49,active,Mirpur,61,41,785,2026-02-10T13:58:31+06:00,2026-08-07T01:44:36+06:00
810,USR067,+8801552073645,Adnan Hasan,PTH-RIDE-0000811,2026-03-10T19:43:31+06:00,Car,Bashundhara,23.806882,90.424654,Mohammadpur,23.776348,90.362369,13.47,48,534,cancelled_by_rider,2026-03-10T20:56:31+06:00,True,Pathao,PTH-DRV-012,Sakib Mahmud,8801701651316,driver,Car,Dhaka-Metro-GA-26-4203,2025-11-08,4.74,active,Bashundhara,50,31,1374,2026-02-18T14:40:42+06:00,2026-08-10T20:12:47+06:00
811,USR067,+8801552073645,Adnan Hasan,PTH-RIDE-0000812,2026-06-04T10:25:50+06:00,Bike,Shyamoli,23.774985,90.373565,Badda,23.786591,90.431836,3.84,67,108,completed,2026-06-04T11:56:50+06:00,True,Pathao,PTH-DRV-004,Noman Islam,8801433479792,driver,Bike,Dhaka-Metro-LA-16-4147,2024-04-07,4.84,active,Badda,45,26,1163,2026-02-10T19:35:38+06:00,2026-08-06T22:59:51+06:00
812,USR067,+8801552073645,Adnan Hasan,PTH-RIDE-0000813,2026-04-14T05:58:36+06:00,Bike,Khilgaon,23.750516,90.426593,Old Dhaka,23.704666,90.41345,10.68,35,325,completed,2026-04-14T06:52:36+06:00,True,Pathao,PTH-DRV-006,Sohel Mia,8801413282469,driver,Bike,Dhaka-Metro-LA-42-7072,2023-11-20,4.46,active,Bashundhara,56,39,678,2026-02-11T19:34:53+06:00,2026-07-27T18:56:51+06:00
813,USR067,+8801552073645,Adnan Hasan,PTH-RIDE-0000814,2026-06-09T05:08:21+06:00,Car,Rampura,23.752824,90.426628,Gulshan,23.78882,90.410794,19.34,58,756,completed,2026-06-09T06:31:21+06:00,True,Pathao,PTH-DRV-015,Sumon Ahmed,8801592246260,driver,Car,Dhaka-Metro-GA-47-2377,2024-09-19,4.91,temporarily_inactive,Gulshan,51,33,344,2026-02-20T06:37:41+06:00,2026-08-08T17:20:03+06:00
814,USR068,+8801501915636,Saif Rahman,PTH-RIDE-0000815,2026-04-16T20:40:53+06:00,Car,Old Dhaka,23.710666,90.401702,Uttara,23.87964,90.382355,8.32,16,346,completed,2026-04-16T21:15:53+06:00,True,Pathao,PTH-DRV-015,Sumon Ahmed,8801592246260,driver,Car,Dhaka-Metro-GA-47-2377,2024-09-19,4.91,temporarily_inactive,Gulshan,51,33,344,2026-02-20T06:37:41+06:00,2026-08-08T17:20:03+06:00
815,USR068,+8801501915636,Saif Rahman,PTH-RIDE-0000816,2026-07-10T01:09:37+06:00,Bike,Pallabi,23.824097,90.360866,Banani,23.785249,90.414619,23.31,55,487,cancelled_by_rider,2026-07-10T02:10:37+06:00,True,Pathao,PTH-DRV-005,Mizan Hasan,8801356392834,driver,Bike,Dhaka-Metro-LA-18-8731,2023-05-02,4.42,active,Banani,52,34,1623,2026-02-15T11:45:22+06:00,2026-08-04T01:29:10+06:00
816,USR068,+8801501915636,Saif Rahman,PTH-RIDE-0000817,2026-03-09T19:41:56+06:00,Car,Tejgaon,23.758807,90.383193,Shyamoli,23.774464,90.357401,6.55,62,355,cancelled_by_rider,2026-03-09T21:06:56+06:00,True,Pathao,PTH-DRV-009,Shakil Mahmud,8801713605120,driver,Car,Dhaka-Metro-GA-18-9142,2026-02-13,4.51,active,Wari,51,33,1315,2026-02-13T19:17:45+06:00,2026-08-09T23:46:24+06:00
817,USR068,+8801501915636,Saif Rahman,PTH-RIDE-0000818,2026-05-23T05:00:34+06:00,Premium Car,Pallabi,23.831979,90.369857,Old Dhaka,23.710643,90.413169,6.26,51,446,completed,2026-05-23T06:07:34+06:00,True,Pathao,PTH-DRV-020,Sabbir Mahmud,8801520665194,driver,Premium Car,Dhaka-Metro-GA-27-7652,2025-07-04,4.51,active,Khilgaon,46,33,891,2026-02-15T21:25:09+06:00,2026-08-09T14:56:20+06:00
818,USR068,+8801501915636,Saif Rahman,PTH-RIDE-0000819,2026-04-14T02:53:41+06:00,Car,Bashundhara,23.818968,90.418544,Rampura,23.759479,90.413924,14.84,77,630,completed,2026-04-14T04:30:41+06:00,True,Pathao,PTH-DRV-012,Sakib Mahmud,8801701651316,driver,Car,Dhaka-Metro-GA-26-4203,2025-11-08,4.74,active,Bashundhara,50,31,1374,2026-02-18T14:40:42+06:00,2026-08-10T20:12:47+06:00
819,USR068,+8801501915636,Saif Rahman,PTH-RIDE-0000820,2026-08-09T07:31:22+06:00,Bike,Motijheel,23.73929,90.425397,Bashundhara,23.815616,90.421733,20.23,65,472,completed,2026-08-09T08:54:22+06:00,True,Pathao,PTH-DRV-001,Nayeem Sarker,8801967036821,driver,Bike,Dhaka-Metro-LA-50-6184,2025-12-26,4.94,active,Tejgaon,58,41,819,2026-02-10T15:17:23+06:00,2026-08-09T07:35:51+06:00
820,USR068,+8801501915636,Saif Rahman,PTH-RIDE-0000821,2026-04-16T11:27:08+06:00,Car,Farmgate,23.764815,90.393796,Khilgaon,23.755267,90.436555,7.55,57,322,cancelled_by_user,2026-04-16T12:29:08+06:00,True,Pathao,PTH-DRV-014,Mehedi Hossain,8801466938163,driver,Car,Dhaka-Metro-GA-57-3382,2023-09-28,4.50,active,Farmgate,49,31,1649,2026-02-11T05:29:19+06:00,2026-08-07T22:28:04+06:00
821,USR068,+8801501915636,Saif Rahman,PTH-RIDE-0000822,2026-06-25T19:57:52+06:00,Premium Car,Gulshan,23.795709,90.412402,Mirpur,23.830051,90.36926,10.54,44,585,completed,2026-06-25T20:57:52+06:00,True,Pathao,PTH-DRV-019,Tanvir Hossain,8801568844033,driver,Premium Car,Dhaka-Metro-GA-43-7960,2024-08-01,4.63,active,Gulshan,60,39,678,2026-02-13T02:57:39+06:00,2026-08-10T06:23:33+06:00
822,USR068,+8801501915636,Saif Rahman,PTH-RIDE-0000823,2026-02-27T16:48:37+06:00,Bike,Rampura,23.769899,90.418475,Badda,23.775916,90.430218,23.54,29,492,completed,2026-02-27T17:39:37+06:00,True,Pathao,PTH-DRV-004,Noman Islam,8801433479792,driver,Bike,Dhaka-Metro-LA-16-4147,2024-04-07,4.84,active,Badda,45,26,1163,2026-02-10T19:35:38+06:00,2026-08-06T22:59:51+06:00
823,USR068,+8801501915636,Saif Rahman,PTH-RIDE-0000824,2026-02-20T18:29:37+06:00,Bike,Wari,23.7219,90.419384,Rampura,23.76933,90.423407,3.39,26,121,cancelled_by_rider,2026-02-20T19:17:37+06:00,True,Pathao,PTH-DRV-003,Emon Mollah,8801458656775,driver,Bike,Dhaka-Metro-LA-44-1806,2025-05-16,4.33,active,Wari,47,33,1457,2026-02-15T14:20:09+06:00,2026-08-05T18:34:40+06:00
824,USR068,+8801501915636,Saif Rahman,PTH-RIDE-0000825,2026-06-03T18:06:06+06:00,Premium Car,Old Dhaka,23.711471,90.399526,Mohakhali,23.779228,90.393449,12.2,76,598,cancelled_by_user,2026-06-03T19:42:06+06:00,True,Pathao,PTH-DRV-020,Sabbir Mahmud,8801520665194,driver,Premium Car,Dhaka-Metro-GA-27-7652,2025-07-04,4.51,active,Khilgaon,46,33,891,2026-02-15T21:25:09+06:00,2026-08-09T14:56:20+06:00
825,USR068,+8801501915636,Saif Rahman,PTH-RIDE-0000826,2026-07-08T16:20:07+06:00,Premium Car,Gulshan,23.784744,90.410896,Tejgaon,23.767672,90.398187,4.41,56,311,completed,2026-07-08T17:18:07+06:00,True,Pathao,PTH-DRV-019,Tanvir Hossain,8801568844033,driver,Premium Car,Dhaka-Metro-GA-43-7960,2024-08-01,4.63,active,Gulshan,60,39,678,2026-02-13T02:57:39+06:00,2026-08-10T06:23:33+06:00
826,USR068,+8801501915636,Saif Rahman,PTH-RIDE-0000827,2026-07-24T00:35:03+06:00,Bike,Gulshan,23.784344,90.407045,Old Dhaka,23.70303,90.402572,16.17,76,381,cancelled_by_user,2026-07-24T02:05:03+06:00,True,Pathao,PTH-DRV-005,Mizan Hasan,8801356392834,driver,Bike,Dhaka-Metro-LA-18-8731,2023-05-02,4.42,active,Banani,52,34,1623,2026-02-15T11:45:22+06:00,2026-08-04T01:29:10+06:00
827,USR068,+8801501915636,Saif Rahman,PTH-RIDE-0000828,2026-07-25T12:23:33+06:00,Premium Car,Mohammadpur,23.763964,90.352441,Shyamoli,23.766048,90.36623,1.23,75,202,completed,2026-07-25T13:54:33+06:00,True,Pathao,PTH-DRV-023,Al Amin Khan,8801354736696,driver,Premium Car,Dhaka-Metro-GA-39-9114,2023-07-25,4.89,active,Mohammadpur,44,34,437,2026-02-24T14:00:15+06:00,2026-08-10T04:16:51+06:00
828,USR069,+8801461477764,Sumaiya Rahman,PTH-RIDE-0000829,2026-06-01T13:11:21+06:00,Bike,Dhanmondi,23.739646,90.373887,Old Dhaka,23.715096,90.401949,20.97,40,451,completed,2026-06-01T13:58:21+06:00,True,Pathao,PTH-DRV-007,Rafi Chowdhury,8801972545462,driver,Bike,Dhaka-Metro-LA-49-8611,2025-12-04,4.63,active,Dhanmondi,50,31,630,2026-02-16T20:14:06+06:00,2026-08-08T21:37:30+06:00
829,USR069,+8801461477764,Sumaiya Rahman,PTH-RIDE-0000830,2026-04-29T10:57:21+06:00,Premium Car,Shyamoli,23.776421,90.37289,Farmgate,23.763831,90.395197,5.32,52,384,completed,2026-04-29T12:00:21+06:00,True,Pathao,PTH-DRV-018,Riyad Khan,8801895144376,driver,Premium Car,Dhaka-Metro-GA-42-9702,2025-06-18,4.52,active,Farmgate,48,32,1798,2026-03-16T13:11:54+06:00,2026-08-10T14:18:39+06:00
830,USR069,+8801461477764,Sumaiya Rahman,PTH-RIDE-0000831,2026-08-06T03:09:44+06:00,Car,Mirpur,23.829836,90.367444,Shyamoli,23.780061,90.35737,15.56,67,569,completed,2026-08-06T04:32:44+06:00,True,Pathao,PTH-DRV-014,Mehedi Hossain,8801466938163,driver,Car,Dhaka-Metro-GA-57-3382,2023-09-28,4.50,active,Farmgate,49,31,1649,2026-02-11T05:29:19+06:00,2026-08-07T22:28:04+06:00
831,USR069,+8801461477764,Sumaiya Rahman,PTH-RIDE-0000832,2026-07-07T14:36:38+06:00,Car,Mohammadpur,23.775012,90.361478,Mirpur,23.824699,90.363328,17.12,15,662,cancelled_by_user,2026-07-07T14:56:38+06:00,True,Pathao,PTH-DRV-014,Mehedi Hossain,8801466938163,driver,Car,Dhaka-Metro-GA-57-3382,2023-09-28,4.50,active,Farmgate,49,31,1649,2026-02-11T05:29:19+06:00,2026-08-07T22:28:04+06:00
832,USR069,+8801461477764,Sumaiya Rahman,PTH-RIDE-0000833,2026-04-20T22:19:44+06:00,Bike,Banani,23.793696,90.406315,Pallabi,23.835798,90.361045,13.69,65,294,cancelled_by_user,2026-04-20T23:31:44+06:00,True,Pathao,PTH-DRV-005,Mizan Hasan,8801356392834,driver,Bike,Dhaka-Metro-LA-18-8731,2023-05-02,4.42,active,Banani,52,34,1623,2026-02-15T11:45:22+06:00,2026-08-04T01:29:10+06:00
833,USR069,+8801461477764,Sumaiya Rahman,PTH-RIDE-0000834,2026-07-05T09:42:43+06:00,Premium Car,Mohammadpur,23.769482,90.350244,Badda,23.786057,90.433501,1.72,13,287,completed,2026-07-05T10:13:43+06:00,True,Pathao,PTH-DRV-023,Al Amin Khan,8801354736696,driver,Premium Car,Dhaka-Metro-GA-39-9114,2023-07-25,4.89,active,Mohammadpur,44,34,437,2026-02-24T14:00:15+06:00,2026-08-10T04:16:51+06:00
834,USR069,+8801461477764,Sumaiya Rahman,PTH-RIDE-0000835,2026-08-06T01:10:31+06:00,Car,Badda,23.78507,90.42963,Motijheel,23.737836,90.424399,19.27,30,767,completed,2026-08-06T01:48:31+06:00,True,Pathao,PTH-DRV-010,Zahid Chowdhury,8801738695856,driver,Car,Dhaka-Metro-GA-12-2328,2024-05-16,4.86,active,Badda,44,28,403,2026-02-10T07:45:59+06:00,2026-08-10T20:38:42+06:00
835,USR069,+8801461477764,Sumaiya Rahman,PTH-RIDE-0000836,2026-06-04T00:47:53+06:00,Bike,Dhanmondi,23.73991,90.368679,Pallabi,23.821364,90.367616,7.34,55,225,completed,2026-06-04T01:58:53+06:00,True,Pathao,PTH-DRV-007,Rafi Chowdhury,8801972545462,driver,Bike,Dhaka-Metro-LA-49-8611,2025-12-04,4.63,active,Dhanmondi,50,31,630,2026-02-16T20:14:06+06:00,2026-08-08T21:37:30+06:00
836,USR070,+8801919700856,Ayesha Ahmed,PTH-RIDE-0000837,2026-05-20T21:00:34+06:00,Car,Mohammadpur,23.777204,90.365798,Dhanmondi,23.7482,90.372644,16.22,67,611,cancelled_by_user,2026-05-20T22:11:34+06:00,True,Pathao,PTH-DRV-014,Mehedi Hossain,8801466938163,driver,Car,Dhaka-Metro-GA-57-3382,2023-09-28,4.50,active,Farmgate,49,31,1649,2026-02-11T05:29:19+06:00,2026-08-07T22:28:04+06:00
837,USR070,+8801919700856,Ayesha Ahmed,PTH-RIDE-0000838,2026-08-07T01:44:36+06:00,Premium Car,Mirpur,23.821738,90.358287,Khilgaon,23.744543,90.425326,24.0,61,1051,completed,2026-08-07T02:50:36+06:00,True,Pathao,PTH-DRV-021,Shuvo Chowdhury,8801396729644,driver,Premium Car,Dhaka-Metro-GA-18-5728,2024-05-09,4.49,active,Mirpur,61,41,785,2026-02-10T13:58:31+06:00,2026-08-07T01:44:36+06:00
838,USR070,+8801919700856,Ayesha Ahmed,PTH-RIDE-0000839,2026-05-25T18:07:29+06:00,Car,Wari,23.72938,90.414044,Khilgaon,23.750024,90.419663,6.35,65,346,cancelled_by_user,2026-05-25T19:26:29+06:00,True,Pathao,PTH-DRV-009,Shakil Mahmud,8801713605120,driver,Car,Dhaka-Metro-GA-18-9142,2026-02-13,4.51,active,Wari,51,33,1315,2026-02-13T19:17:45+06:00,2026-08-09T23:46:24+06:00
839,USR070,+8801919700856,Ayesha Ahmed,PTH-RIDE-0000840,2026-05-03T03:22:15+06:00,Car,Mohammadpur,23.764299,90.362903,Wari,23.730191,90.409842,16.19,43,645,cancelled_by_rider,2026-05-03T04:09:15+06:00,True,Pathao,PTH-DRV-015,Sumon Ahmed,8801592246260,driver,Car,Dhaka-Metro-GA-47-2377,2024-09-19,4.91,temporarily_inactive,Gulshan,51,33,344,2026-02-20T06:37:41+06:00,2026-08-08T17:20:03+06:00
840,USR070,+8801919700856,Ayesha Ahmed,PTH-RIDE-0000841,2026-05-24T17:33:21+06:00,Car,Tejgaon,23.764178,90.383398,Dhanmondi,23.754131,90.377081,22.55,26,839,completed,2026-05-24T18:07:21+06:00,True,Pathao,PTH-DRV-013,Noman Sheikh,8801702482414,driver,Car,Dhaka-Metro-GA-32-1635,2024-02-24,4.40,active,Dhanmondi,57,37,919,2026-02-12T18:33:16+06:00,2026-08-07T07:51:54+06:00
841,USR070,+8801919700856,Ayesha Ahmed,PTH-RIDE-0000842,2026-03-06T22:39:55+06:00,Car,Mohakhali,23.778585,90.394448,Shyamoli,23.77655,90.36856,19.75,44,681,cancelled_by_rider,2026-03-06T23:41:55+06:00,True,Pathao,PTH-DRV-013,Noman Sheikh,8801702482414,driver,Car,Dhaka-Metro-GA-32-1635,2024-02-24,4.40,active,Dhanmondi,57,37,919,2026-02-12T18:33:16+06:00,2026-08-07T07:51:54+06:00
842,USR070,+8801919700856,Ayesha Ahmed,PTH-RIDE-0000843,2026-02-23T19:18:56+06:00,Bike,Uttara,23.880281,90.372304,Rampura,23.76965,90.424197,21.09,26,427,cancelled_by_user,2026-02-23T19:59:56+06:00,True,Pathao,PTH-DRV-002,Sabbir Ali,8801715535227,driver,Bike,Dhaka-Metro-LA-43-4404,2024-01-15,4.70,active,Uttara,47,34,1379,2026-02-14T01:39:55+06:00,2026-08-09T11:23:20+06:00
843,USR070,+8801919700856,Ayesha Ahmed,PTH-RIDE-0000844,2026-07-04T22:57:41+06:00,Car,Mohammadpur,23.76857,90.364069,Dhanmondi,23.738858,90.382106,13.37,75,550,completed,2026-07-05T00:32:41+06:00,True,Pathao,PTH-DRV-012,Sakib Mahmud,8801701651316,driver,Car,Dhaka-Metro-GA-26-4203,2025-11-08,4.74,active,Bashundhara,50,31,1374,2026-02-18T14:40:42+06:00,2026-08-10T20:12:47+06:00
844,USR070,+8801919700856,Ayesha Ahmed,PTH-RIDE-0000845,2026-06-26T20:57:04+06:00,Car,Khilgaon,23.753411,90.434617,Banani,23.794691,90.399079,17.81,80,701,completed,2026-06-26T22:33:04+06:00,True,Pathao,PTH-DRV-016,Imran Karim,8801417391915,driver,Car,Dhaka-Metro-GA-50-2706,2024-09-14,4.65,active,Khilgaon,43,28,1106,2026-02-13T07:06:14+06:00,2026-08-04T07:56:48+06:00
845,USR070,+8801919700856,Ayesha Ahmed,PTH-RIDE-0000846,2026-07-16T15:18:06+06:00,Car,Banani,23.792098,90.411186,Mirpur,23.81882,90.360001,13.05,21,516,completed,2026-07-16T15:58:06+06:00,True,Pathao,PTH-DRV-011,Mamun Khan,8801426550582,driver,Car,Dhaka-Metro-GA-36-9704,2025-07-14,4.26,active,Banani,45,31,1368,2026-02-20T14:11:58+06:00,2026-08-06T12:43:24+06:00
846,USR070,+8801919700856,Ayesha Ahmed,PTH-RIDE-0000847,2026-06-09T23:18:16+06:00,Bike,Bashundhara,23.821863,90.433706,Wari,23.72601,90.421838,20.83,19,402,completed,2026-06-09T23:49:16+06:00,True,Pathao,PTH-DRV-006,Sohel Mia,8801413282469,driver,Bike,Dhaka-Metro-LA-42-7072,2023-11-20,4.46,active,Bashundhara,56,39,678,2026-02-11T19:34:53+06:00,2026-07-27T18:56:51+06:00
847,USR070,+8801919700856,Ayesha Ahmed,PTH-RIDE-0000848,2026-07-28T10:32:58+06:00,Bike,Gulshan,23.785685,90.409755,Dhanmondi,23.738409,90.371582,2.9,9,102,completed,2026-07-28T10:57:58+06:00,True,Pathao,PTH-DRV-001,Nayeem Sarker,8801967036821,driver,Bike,Dhaka-Metro-LA-50-6184,2025-12-26,4.94,active,Tejgaon,58,41,819,2026-02-10T15:17:23+06:00,2026-08-09T07:35:51+06:00
848,USR070,+8801919700856,Ayesha Ahmed,PTH-RIDE-0000849,2026-08-02T03:58:39+06:00,Car,Khilgaon,23.75921,90.422403,Banani,23.79307,90.41077,21.35,78,824,cancelled_by_rider,2026-08-02T05:29:39+06:00,True,Pathao,PTH-DRV-016,Imran Karim,8801417391915,driver,Car,Dhaka-Metro-GA-50-2706,2024-09-14,4.65,active,Khilgaon,43,28,1106,2026-02-13T07:06:14+06:00,2026-08-04T07:56:48+06:00
849,USR070,+8801919700856,Ayesha Ahmed,PTH-RIDE-0000850,2026-07-01T06:50:54+06:00,Bike,Tejgaon,23.761581,90.397826,Shyamoli,23.768615,90.372171,2.11,8,116,completed,2026-07-01T07:05:54+06:00,True,Pathao,PTH-DRV-001,Nayeem Sarker,8801967036821,driver,Bike,Dhaka-Metro-LA-50-6184,2025-12-26,4.94,active,Tejgaon,58,41,819,2026-02-10T15:17:23+06:00,2026-08-09T07:35:51+06:00
850,USR070,+8801919700856,Ayesha Ahmed,PTH-RIDE-0000851,2026-07-08T18:17:47+06:00,Car,Pallabi,23.830953,90.369522,Khilgaon,23.741776,90.426108,5.14,39,286,completed,2026-07-08T19:21:47+06:00,True,Pathao,PTH-DRV-011,Mamun Khan,8801426550582,driver,Car,Dhaka-Metro-GA-36-9704,2025-07-14,4.26,active,Banani,45,31,1368,2026-02-20T14:11:58+06:00,2026-08-06T12:43:24+06:00
851,USR070,+8801919700856,Ayesha Ahmed,PTH-RIDE-0000852,2026-06-07T06:07:51+06:00,Premium Car,Wari,23.715678,90.414056,Khilgaon,23.753724,90.429941,14.15,61,684,cancelled_by_rider,2026-06-07T07:14:51+06:00,True,Pathao,PTH-DRV-018,Riyad Khan,8801895144376,driver,Premium Car,Dhaka-Metro-GA-42-9702,2025-06-18,4.52,active,Farmgate,48,32,1798,2026-03-16T13:11:54+06:00,2026-08-10T14:18:39+06:00
852,USR071,+8801371764059,Hasan Ali,PTH-RIDE-0000853,2026-08-06T22:59:51+06:00,Bike,Motijheel,23.736255,90.4087,Dhanmondi,23.740507,90.367837,19.99,32,492,completed,2026-08-06T23:45:51+06:00,True,Pathao,PTH-DRV-004,Noman Islam,8801433479792,driver,Bike,Dhaka-Metro-LA-16-4147,2024-04-07,4.84,active,Badda,45,26,1163,2026-02-10T19:35:38+06:00,2026-08-06T22:59:51+06:00
853,USR071,+8801371764059,Hasan Ali,PTH-RIDE-0000854,2026-04-03T08:57:57+06:00,Car,Uttara,23.871476,90.382357,Khilgaon,23.758734,90.419775,7.48,23,348,completed,2026-04-03T09:37:57+06:00,True,Pathao,PTH-DRV-010,Zahid Chowdhury,8801738695856,driver,Car,Dhaka-Metro-GA-12-2328,2024-05-16,4.86,active,Badda,44,28,403,2026-02-10T07:45:59+06:00,2026-08-10T20:38:42+06:00
854,USR071,+8801371764059,Hasan Ali,PTH-RIDE-0000855,2026-08-03T04:27:43+06:00,Bike,Badda,23.786586,90.423624,Pallabi,23.835481,90.362051,12.43,20,348,completed,2026-08-03T05:12:43+06:00,True,Pathao,PTH-DRV-004,Noman Islam,8801433479792,driver,Bike,Dhaka-Metro-LA-16-4147,2024-04-07,4.84,active,Badda,45,26,1163,2026-02-10T19:35:38+06:00,2026-08-06T22:59:51+06:00
855,USR071,+8801371764059,Hasan Ali,PTH-RIDE-0000856,2026-03-14T23:39:39+06:00,Bike,Tejgaon,23.771901,90.39979,Rampura,23.756984,90.422604,19.68,52,462,completed,2026-03-15T00:42:39+06:00,True,Pathao,PTH-DRV-001,Nayeem Sarker,8801967036821,driver,Bike,Dhaka-Metro-LA-50-6184,2025-12-26,4.94,active,Tejgaon,58,41,819,2026-02-10T15:17:23+06:00,2026-08-09T07:35:51+06:00
856,USR071,+8801371764059,Hasan Ali,PTH-RIDE-0000857,2026-06-01T19:47:31+06:00,Car,Farmgate,23.749784,90.387487,Gulshan,23.795587,90.399021,16.42,21,651,completed,2026-06-01T20:32:31+06:00,True,Pathao,PTH-DRV-014,Mehedi Hossain,8801466938163,driver,Car,Dhaka-Metro-GA-57-3382,2023-09-28,4.50,active,Farmgate,49,31,1649,2026-02-11T05:29:19+06:00,2026-08-07T22:28:04+06:00
857,USR071,+8801371764059,Hasan Ali,PTH-RIDE-0000858,2026-06-28T18:00:47+06:00,Bike,Mohakhali,23.78548,90.394722,Khilgaon,23.749224,90.424138,1.95,50,123,cancelled_by_user,2026-06-28T18:56:47+06:00,True,Pathao,PTH-DRV-003,Emon Mollah,8801458656775,driver,Bike,Dhaka-Metro-LA-44-1806,2025-05-16,4.33,active,Wari,47,33,1457,2026-02-15T14:20:09+06:00,2026-08-05T18:34:40+06:00
858,USR071,+8801371764059,Hasan Ali,PTH-RIDE-0000859,2026-06-26T23:51:46+06:00,Bike,Mirpur,23.814156,90.370098,Motijheel,23.740287,90.422699,4.53,73,185,completed,2026-06-27T01:29:46+06:00,True,Pathao,PTH-DRV-001,Nayeem Sarker,8801967036821,driver,Bike,Dhaka-Metro-LA-50-6184,2025-12-26,4.94,active,Tejgaon,58,41,819,2026-02-10T15:17:23+06:00,2026-08-09T07:35:51+06:00
859,USR071,+8801371764059,Hasan Ali,PTH-RIDE-0000860,2026-07-16T16:34:19+06:00,Premium Car,Shyamoli,23.77501,90.368309,Dhanmondi,23.755155,90.382322,5.27,50,335,completed,2026-07-16T17:44:19+06:00,True,Pathao,PTH-DRV-024,Sabbir Mia,8801635920547,driver,Premium Car,Dhaka-Metro-GA-29-9550,2026-02-19,4.75,active,Motijheel,52,34,1609,2026-02-14T00:28:05+06:00,2026-08-06T16:02:46+06:00
860,USR072,+8801809070598,Hasan Akter,PTH-RIDE-0000861,2026-07-04T18:49:50+06:00,Car,Mohammadpur,23.768936,90.35769,Motijheel,23.740186,90.412022,22.01,38,793,completed,2026-07-04T19:35:50+06:00,True,Pathao,PTH-DRV-011,Mamun Khan,8801426550582,driver,Car,Dhaka-Metro-GA-36-9704,2025-07-14,4.26,active,Banani,45,31,1368,2026-02-20T14:11:58+06:00,2026-08-06T12:43:24+06:00
861,USR072,+8801809070598,Hasan Akter,PTH-RIDE-0000862,2026-03-09T17:28:44+06:00,Car,Wari,23.714359,90.413247,Uttara,23.877649,90.372148,16.15,71,587,completed,2026-03-09T18:50:44+06:00,True,Pathao,PTH-DRV-009,Shakil Mahmud,8801713605120,driver,Car,Dhaka-Metro-GA-18-9142,2026-02-13,4.51,active,Wari,51,33,1315,2026-02-13T19:17:45+06:00,2026-08-09T23:46:24+06:00
862,USR072,+8801809070598,Hasan Akter,PTH-RIDE-0000863,2026-08-07T07:51:54+06:00,Car,Mirpur,23.815892,90.360525,Farmgate,23.754117,90.389129,16.7,80,586,cancelled_by_user,2026-08-07T09:18:54+06:00,True,Pathao,PTH-DRV-013,Noman Sheikh,8801702482414,driver,Car,Dhaka-Metro-GA-32-1635,2024-02-24,4.40,active,Dhanmondi,57,37,919,2026-02-12T18:33:16+06:00,2026-08-07T07:51:54+06:00
863,USR072,+8801809070598,Hasan Akter,PTH-RIDE-0000864,2026-04-04T02:07:00+06:00,Car,Farmgate,23.754292,90.398333,Bashundhara,23.806506,90.428222,18.65,64,651,completed,2026-04-04T03:28:00+06:00,True,Pathao,PTH-DRV-014,Mehedi Hossain,8801466938163,driver,Car,Dhaka-Metro-GA-57-3382,2023-09-28,4.50,active,Farmgate,49,31,1649,2026-02-11T05:29:19+06:00,2026-08-07T22:28:04+06:00
864,USR072,+8801809070598,Hasan Akter,PTH-RIDE-0000865,2026-05-04T06:32:38+06:00,Premium Car,Mohammadpur,23.763515,90.357569,Dhanmondi,23.737987,90.382866,11.73,74,617,completed,2026-05-04T07:50:38+06:00,True,Pathao,PTH-DRV-023,Al Amin Khan,8801354736696,driver,Premium Car,Dhaka-Metro-GA-39-9114,2023-07-25,4.89,active,Mohammadpur,44,34,437,2026-02-24T14:00:15+06:00,2026-08-10T04:16:51+06:00
865,USR072,+8801809070598,Hasan Akter,PTH-RIDE-0000866,2026-05-27T02:21:58+06:00,Premium Car,Tejgaon,23.765633,90.385945,Mohakhali,23.776395,90.394369,7.59,14,440,completed,2026-05-27T03:00:58+06:00,True,Pathao,PTH-DRV-024,Sabbir Mia,8801635920547,driver,Premium Car,Dhaka-Metro-GA-29-9550,2026-02-19,4.75,active,Motijheel,52,34,1609,2026-02-14T00:28:05+06:00,2026-08-06T16:02:46+06:00
866,USR072,+8801809070598,Hasan Akter,PTH-RIDE-0000867,2026-03-17T00:46:55+06:00,Car,Old Dhaka,23.71558,90.398863,Pallabi,23.837488,90.358357,20.77,69,793,completed,2026-03-17T02:10:55+06:00,True,Pathao,PTH-DRV-015,Sumon Ahmed,8801592246260,driver,Car,Dhaka-Metro-GA-47-2377,2024-09-19,4.91,temporarily_inactive,Gulshan,51,33,344,2026-02-20T06:37:41+06:00,2026-08-08T17:20:03+06:00
867,USR072,+8801809070598,Hasan Akter,PTH-RIDE-0000868,2026-06-15T04:19:11+06:00,Premium Car,Mohammadpur,23.774582,90.366175,Pallabi,23.831011,90.361739,11.99,37,623,completed,2026-06-15T05:09:11+06:00,True,Pathao,PTH-DRV-023,Al Amin Khan,8801354736696,driver,Premium Car,Dhaka-Metro-GA-39-9114,2023-07-25,4.89,active,Mohammadpur,44,34,437,2026-02-24T14:00:15+06:00,2026-08-10T04:16:51+06:00
868,USR072,+8801809070598,Hasan Akter,PTH-RIDE-0000869,2026-07-11T16:32:34+06:00,Premium Car,Tejgaon,23.756532,90.392434,Farmgate,23.760231,90.398465,6.76,38,465,completed,2026-07-11T17:29:34+06:00,True,Pathao,PTH-DRV-020,Sabbir Mahmud,8801520665194,driver,Premium Car,Dhaka-Metro-GA-27-7652,2025-07-04,4.51,active,Khilgaon,46,33,891,2026-02-15T21:25:09+06:00,2026-08-09T14:56:20+06:00
869,USR072,+8801809070598,Hasan Akter,PTH-RIDE-0000870,2026-04-23T23:30:40+06:00,Bike,Shyamoli,23.767093,90.360081,Motijheel,23.734605,90.420265,10.22,13,223,cancelled_by_user,2026-04-23T23:46:40+06:00,True,Pathao,PTH-DRV-007,Rafi Chowdhury,8801972545462,driver,Bike,Dhaka-Metro-LA-49-8611,2025-12-04,4.63,active,Dhanmondi,50,31,630,2026-02-16T20:14:06+06:00,2026-08-08T21:37:30+06:00
870,USR072,+8801809070598,Hasan Akter,PTH-RIDE-0000871,2026-03-13T19:04:19+06:00,Bike,Gulshan,23.793608,90.414097,Shyamoli,23.776944,90.367565,14.8,38,377,completed,2026-03-13T20:00:19+06:00,True,Pathao,PTH-DRV-008,Al Amin Sarker,8801690558459,driver,Bike,Dhaka-Metro-LA-55-6224,2023-03-18,4.43,active,Farmgate,41,26,1395,2026-02-12T12:34:17+06:00,2026-08-07T03:04:20+06:00
871,USR072,+8801809070598,Hasan Akter,PTH-RIDE-0000872,2026-05-18T04:25:28+06:00,Bike,Mirpur,23.817021,90.358691,Uttara,23.872477,90.383931,10.47,22,238,completed,2026-05-18T05:10:28+06:00,True,Pathao,PTH-DRV-003,Emon Mollah,8801458656775,driver,Bike,Dhaka-Metro-LA-44-1806,2025-05-16,4.33,active,Wari,47,33,1457,2026-02-15T14:20:09+06:00,2026-08-05T18:34:40+06:00
872,USR072,+8801809070598,Hasan Akter,PTH-RIDE-0000873,2026-05-31T17:40:09+06:00,Bike,Banani,23.798274,90.397727,Tejgaon,23.758306,90.395898,23.88,49,491,completed,2026-05-31T18:41:09+06:00,True,Pathao,PTH-DRV-005,Mizan Hasan,8801356392834,driver,Bike,Dhaka-Metro-LA-18-8731,2023-05-02,4.42,active,Banani,52,34,1623,2026-02-15T11:45:22+06:00,2026-08-04T01:29:10+06:00
873,USR072,+8801809070598,Hasan Akter,PTH-RIDE-0000874,2026-03-11T11:29:47+06:00,Car,Banani,23.788981,90.399685,Tejgaon,23.765111,90.390445,6.45,64,364,completed,2026-03-11T12:53:47+06:00,True,Pathao,PTH-DRV-011,Mamun Khan,8801426550582,driver,Car,Dhaka-Metro-GA-36-9704,2025-07-14,4.26,active,Banani,45,31,1368,2026-02-20T14:11:58+06:00,2026-08-06T12:43:24+06:00
874,USR073,+8801396303029,Sumaiya Mahmud,PTH-RIDE-0000875,2026-04-29T21:55:20+06:00,Car,Khilgaon,23.7497,90.431342,Mohammadpur,23.76016,90.366078,23.2,14,778,completed,2026-04-29T22:14:20+06:00,True,Pathao,PTH-DRV-016,Imran Karim,8801417391915,driver,Car,Dhaka-Metro-GA-50-2706,2024-09-14,4.65,active,Khilgaon,43,28,1106,2026-02-13T07:06:14+06:00,2026-08-04T07:56:48+06:00
875,USR073,+8801396303029,Sumaiya Mahmud,PTH-RIDE-0000876,2026-04-16T16:35:23+06:00,Premium Car,Rampura,23.757958,90.426071,Gulshan,23.794207,90.404582,7.26,61,447,completed,2026-04-16T17:45:23+06:00,True,Pathao,PTH-DRV-024,Sabbir Mia,8801635920547,driver,Premium Car,Dhaka-Metro-GA-29-9550,2026-02-19,4.75,active,Motijheel,52,34,1609,2026-02-14T00:28:05+06:00,2026-08-06T16:02:46+06:00
876,USR073,+8801396303029,Sumaiya Mahmud,PTH-RIDE-0000877,2026-07-07T17:46:12+06:00,Car,Mirpur,23.818402,90.364996,Old Dhaka,23.704285,90.402694,11.53,20,487,completed,2026-07-07T18:09:12+06:00,True,Pathao,PTH-DRV-010,Zahid Chowdhury,8801738695856,driver,Car,Dhaka-Metro-GA-12-2328,2024-05-16,4.86,active,Badda,44,28,403,2026-02-10T07:45:59+06:00,2026-08-10T20:38:42+06:00
877,USR073,+8801396303029,Sumaiya Mahmud,PTH-RIDE-0000878,2026-07-12T10:47:15+06:00,Bike,Uttara,23.868405,90.386414,Mirpur,23.82534,90.372379,20.8,52,405,cancelled_by_rider,2026-07-12T11:47:15+06:00,True,Pathao,PTH-DRV-002,Sabbir Ali,8801715535227,driver,Bike,Dhaka-Metro-LA-43-4404,2024-01-15,4.70,active,Uttara,47,34,1379,2026-02-14T01:39:55+06:00,2026-08-09T11:23:20+06:00
878,USR073,+8801396303029,Sumaiya Mahmud,PTH-RIDE-0000879,2026-02-22T21:54:54+06:00,Premium Car,Gulshan,23.790974,90.410717,Rampura,23.761239,90.412523,22.82,11,1024,cancelled_by_user,2026-02-22T22:21:54+06:00,True,Pathao,PTH-DRV-019,Tanvir Hossain,8801568844033,driver,Premium Car,Dhaka-Metro-GA-43-7960,2024-08-01,4.63,active,Gulshan,60,39,678,2026-02-13T02:57:39+06:00,2026-08-10T06:23:33+06:00
879,USR073,+8801396303029,Sumaiya Mahmud,PTH-RIDE-0000880,2026-07-08T20:56:48+06:00,Car,Mirpur,23.824539,90.360723,Motijheel,23.74018,90.421818,15.4,46,617,cancelled_by_user,2026-07-08T21:48:48+06:00,True,Pathao,PTH-DRV-013,Noman Sheikh,8801702482414,driver,Car,Dhaka-Metro-GA-32-1635,2024-02-24,4.40,active,Dhanmondi,57,37,919,2026-02-12T18:33:16+06:00,2026-08-07T07:51:54+06:00
880,USR073,+8801396303029,Sumaiya Mahmud,PTH-RIDE-0000881,2026-03-14T08:06:14+06:00,Bike,Pallabi,23.835021,90.357394,Bashundhara,23.815462,90.432661,12.18,77,313,completed,2026-03-14T09:33:14+06:00,True,Pathao,PTH-DRV-001,Nayeem Sarker,8801967036821,driver,Bike,Dhaka-Metro-LA-50-6184,2025-12-26,4.94,active,Tejgaon,58,41,819,2026-02-10T15:17:23+06:00,2026-08-09T07:35:51+06:00
881,USR073,+8801396303029,Sumaiya Mahmud,PTH-RIDE-0000882,2026-04-04T21:41:53+06:00,Premium Car,Mirpur,23.830398,90.367422,Old Dhaka,23.704648,90.408608,11.43,38,634,completed,2026-04-04T22:21:53+06:00,True,Pathao,PTH-DRV-021,Shuvo Chowdhury,8801396729644,driver,Premium Car,Dhaka-Metro-GA-18-5728,2024-05-09,4.49,active,Mirpur,61,41,785,2026-02-10T13:58:31+06:00,2026-08-07T01:44:36+06:00
882,USR074,+8801533710145,Farzana Uddin,PTH-RIDE-0000883,2026-07-25T04:01:26+06:00,Premium Car,Bashundhara,23.811051,90.428131,Shyamoli,23.777953,90.362248,3.63,9,314,completed,2026-07-25T04:19:26+06:00,True,Pathao,PTH-DRV-024,Sabbir Mia,8801635920547,driver,Premium Car,Dhaka-Metro-GA-29-9550,2026-02-19,4.75,active,Motijheel,52,34,1609,2026-02-14T00:28:05+06:00,2026-08-06T16:02:46+06:00
883,USR074,+8801533710145,Farzana Uddin,PTH-RIDE-0000884,2026-06-08T06:20:50+06:00,Car,Khilgaon,23.745268,90.429095,Rampura,23.759718,90.419007,18.75,24,679,completed,2026-06-08T07:01:50+06:00,True,Pathao,PTH-DRV-016,Imran Karim,8801417391915,driver,Car,Dhaka-Metro-GA-50-2706,2024-09-14,4.65,active,Khilgaon,43,28,1106,2026-02-13T07:06:14+06:00,2026-08-04T07:56:48+06:00
884,USR074,+8801533710145,Farzana Uddin,PTH-RIDE-0000885,2026-05-05T16:17:12+06:00,Car,Uttara,23.880957,90.381015,Gulshan,23.793172,90.403092,18.59,13,721,completed,2026-05-05T16:33:12+06:00,True,Pathao,PTH-DRV-015,Sumon Ahmed,8801592246260,driver,Car,Dhaka-Metro-GA-47-2377,2024-09-19,4.91,temporarily_inactive,Gulshan,51,33,344,2026-02-20T06:37:41+06:00,2026-08-08T17:20:03+06:00
885,USR074,+8801533710145,Farzana Uddin,PTH-RIDE-0000886,2026-07-11T10:31:08+06:00,Premium Car,Shyamoli,23.770266,90.356545,Farmgate,23.748804,90.387288,19.49,22,904,completed,2026-07-11T10:58:08+06:00,True,Pathao,PTH-DRV-018,Riyad Khan,8801895144376,driver,Premium Car,Dhaka-Metro-GA-42-9702,2025-06-18,4.52,active,Farmgate,48,32,1798,2026-03-16T13:11:54+06:00,2026-08-10T14:18:39+06:00
886,USR074,+8801533710145,Farzana Uddin,PTH-RIDE-0000887,2026-03-04T04:52:10+06:00,Car,Dhanmondi,23.750671,90.368033,Khilgaon,23.757528,90.426988,4.59,70,272,completed,2026-03-04T06:25:10+06:00,True,Pathao,PTH-DRV-013,Noman Sheikh,8801702482414,driver,Car,Dhaka-Metro-GA-32-1635,2024-02-24,4.40,active,Dhanmondi,57,37,919,2026-02-12T18:33:16+06:00,2026-08-07T07:51:54+06:00
887,USR074,+8801533710145,Farzana Uddin,PTH-RIDE-0000888,2026-06-20T05:36:16+06:00,Car,Wari,23.721357,90.425983,Pallabi,23.830003,90.365317,17.4,27,614,completed,2026-06-20T06:05:16+06:00,True,Pathao,PTH-DRV-009,Shakil Mahmud,8801713605120,driver,Car,Dhaka-Metro-GA-18-9142,2026-02-13,4.51,active,Wari,51,33,1315,2026-02-13T19:17:45+06:00,2026-08-09T23:46:24+06:00
888,USR074,+8801533710145,Farzana Uddin,PTH-RIDE-0000889,2026-06-09T16:00:36+06:00,Premium Car,Khilgaon,23.750676,90.436402,Mohammadpur,23.766649,90.349617,4.63,44,343,cancelled_by_user,2026-06-09T16:52:36+06:00,True,Pathao,PTH-DRV-020,Sabbir Mahmud,8801520665194,driver,Premium Car,Dhaka-Metro-GA-27-7652,2025-07-04,4.51,active,Khilgaon,46,33,891,2026-02-15T21:25:09+06:00,2026-08-09T14:56:20+06:00
889,USR074,+8801533710145,Farzana Uddin,PTH-RIDE-0000890,2026-06-25T21:11:43+06:00,Premium Car,Bashundhara,23.813783,90.419267,Dhanmondi,23.749799,90.37002,6.58,45,428,completed,2026-06-25T22:02:43+06:00,True,Pathao,PTH-DRV-024,Sabbir Mia,8801635920547,driver,Premium Car,Dhaka-Metro-GA-29-9550,2026-02-19,4.75,active,Motijheel,52,34,1609,2026-02-14T00:28:05+06:00,2026-08-06T16:02:46+06:00
890,USR074,+8801533710145,Farzana Uddin,PTH-RIDE-0000891,2026-06-13T08:57:48+06:00,Premium Car,Uttara,23.874922,90.377299,Banani,23.790551,90.402607,4.47,78,350,completed,2026-06-13T10:40:48+06:00,True,Pathao,PTH-DRV-020,Sabbir Mahmud,8801520665194,driver,Premium Car,Dhaka-Metro-GA-27-7652,2025-07-04,4.51,active,Khilgaon,46,33,891,2026-02-15T21:25:09+06:00,2026-08-09T14:56:20+06:00
891,USR074,+8801533710145,Farzana Uddin,PTH-RIDE-0000892,2026-06-02T07:29:34+06:00,Bike,Mohakhali,23.772149,90.390951,Shyamoli,23.765849,90.366561,3.38,79,107,cancelled_by_user,2026-06-02T09:12:34+06:00,True,Pathao,PTH-DRV-007,Rafi Chowdhury,8801972545462,driver,Bike,Dhaka-Metro-LA-49-8611,2025-12-04,4.63,active,Dhanmondi,50,31,630,2026-02-16T20:14:06+06:00,2026-08-08T21:37:30+06:00
892,USR074,+8801533710145,Farzana Uddin,PTH-RIDE-0000893,2026-06-30T20:55:30+06:00,Premium Car,Old Dhaka,23.706145,90.41352,Uttara,23.873873,90.374448,19.92,40,986,completed,2026-06-30T21:59:30+06:00,True,Pathao,PTH-DRV-017,Rubel Hossain,8801596800093,driver,Premium Car,Dhaka-Metro-GA-59-1389,2023-10-30,4.39,active,Dhanmondi,43,24,856,2026-02-13T21:12:16+06:00,2026-07-24T19:50:49+06:00
893,USR075,+8801895714902,Shihab Khan,PTH-RIDE-0000894,2026-04-20T09:37:05+06:00,Bike,Wari,23.727982,90.413079,Shyamoli,23.781586,90.359058,6.22,25,192,completed,2026-04-20T10:22:05+06:00,True,Pathao,PTH-DRV-003,Emon Mollah,8801458656775,driver,Bike,Dhaka-Metro-LA-44-1806,2025-05-16,4.33,active,Wari,47,33,1457,2026-02-15T14:20:09+06:00,2026-08-05T18:34:40+06:00
894,USR075,+8801895714902,Shihab Khan,PTH-RIDE-0000895,2026-03-03T04:52:48+06:00,Premium Car,Motijheel,23.730791,90.411889,Mohammadpur,23.776487,90.354586,19.87,30,927,completed,2026-03-03T05:45:48+06:00,True,Pathao,PTH-DRV-024,Sabbir Mia,8801635920547,driver,Premium Car,Dhaka-Metro-GA-29-9550,2026-02-19,4.75,active,Motijheel,52,34,1609,2026-02-14T00:28:05+06:00,2026-08-06T16:02:46+06:00
895,USR075,+8801895714902,Shihab Khan,PTH-RIDE-0000896,2026-06-05T15:23:34+06:00,Premium Car,Badda,23.787945,90.424393,Rampura,23.756209,90.417186,4.28,22,305,completed,2026-06-05T15:58:34+06:00,True,Pathao,PTH-DRV-020,Sabbir Mahmud,8801520665194,driver,Premium Car,Dhaka-Metro-GA-27-7652,2025-07-04,4.51,active,Khilgaon,46,33,891,2026-02-15T21:25:09+06:00,2026-08-09T14:56:20+06:00
896,USR075,+8801895714902,Shihab Khan,PTH-RIDE-0000897,2026-03-04T18:13:57+06:00,Bike,Badda,23.789116,90.426922,Mirpur,23.825275,90.368467,20.26,53,426,cancelled_by_rider,2026-03-04T19:19:57+06:00,True,Pathao,PTH-DRV-004,Noman Islam,8801433479792,driver,Bike,Dhaka-Metro-LA-16-4147,2024-04-07,4.84,active,Badda,45,26,1163,2026-02-10T19:35:38+06:00,2026-08-06T22:59:51+06:00
897,USR075,+8801895714902,Shihab Khan,PTH-RIDE-0000898,2026-06-07T13:42:17+06:00,Bike,Mohammadpur,23.762464,90.363019,Pallabi,23.833081,90.367969,19.89,62,442,completed,2026-06-07T14:49:17+06:00,True,Pathao,PTH-DRV-005,Mizan Hasan,8801356392834,driver,Bike,Dhaka-Metro-LA-18-8731,2023-05-02,4.42,active,Banani,52,34,1623,2026-02-15T11:45:22+06:00,2026-08-04T01:29:10+06:00
898,USR075,+8801895714902,Shihab Khan,PTH-RIDE-0000899,2026-05-01T17:51:22+06:00,Car,Tejgaon,23.761947,90.396455,Old Dhaka,23.706878,90.411411,14.56,77,554,cancelled_by_user,2026-05-01T19:24:22+06:00,True,Pathao,PTH-DRV-009,Shakil Mahmud,8801713605120,driver,Car,Dhaka-Metro-GA-18-9142,2026-02-13,4.51,active,Wari,51,33,1315,2026-02-13T19:17:45+06:00,2026-08-09T23:46:24+06:00
899,USR075,+8801895714902,Shihab Khan,PTH-RIDE-0000900,2026-06-21T18:25:22+06:00,Bike,Tejgaon,23.769429,90.394141,Dhanmondi,23.74763,90.375205,11.96,21,285,completed,2026-06-21T18:56:22+06:00,True,Pathao,PTH-DRV-001,Nayeem Sarker,8801967036821,driver,Bike,Dhaka-Metro-LA-50-6184,2025-12-26,4.94,active,Tejgaon,58,41,819,2026-02-10T15:17:23+06:00,2026-08-09T07:35:51+06:00
900,USR075,+8801895714902,Shihab Khan,PTH-RIDE-0000901,2026-05-26T00:24:53+06:00,Bike,Tejgaon,23.761728,90.392496,Khilgaon,23.756863,90.426811,4.94,11,116,completed,2026-05-26T00:47:53+06:00,True,Pathao,PTH-DRV-001,Nayeem Sarker,8801967036821,driver,Bike,Dhaka-Metro-LA-50-6184,2025-12-26,4.94,active,Tejgaon,58,41,819,2026-02-10T15:17:23+06:00,2026-08-09T07:35:51+06:00
901,USR075,+8801895714902,Shihab Khan,PTH-RIDE-0000902,2026-02-13T19:46:46+06:00,Car,Badda,23.774044,90.425534,Mirpur,23.822486,90.365155,5.17,58,293,cancelled_by_user,2026-02-13T21:07:46+06:00,True,Pathao,PTH-DRV-010,Zahid Chowdhury,8801738695856,driver,Car,Dhaka-Metro-GA-12-2328,2024-05-16,4.86,active,Badda,44,28,403,2026-02-10T07:45:59+06:00,2026-08-10T20:38:42+06:00
902,USR075,+8801895714902,Shihab Khan,PTH-RIDE-0000903,2026-08-03T22:32:27+06:00,Bike,Tejgaon,23.754958,90.391985,Rampura,23.763529,90.412541,18.34,45,378,cancelled_by_rider,2026-08-03T23:37:27+06:00,True,Pathao,PTH-DRV-001,Nayeem Sarker,8801967036821,driver,Bike,Dhaka-Metro-LA-50-6184,2025-12-26,4.94,active,Tejgaon,58,41,819,2026-02-10T15:17:23+06:00,2026-08-09T07:35:51+06:00
903,USR075,+8801895714902,Shihab Khan,PTH-RIDE-0000904,2026-07-12T15:11:21+06:00,Car,Pallabi,23.822652,90.3674,Tejgaon,23.772647,90.395006,22.49,31,806,completed,2026-07-12T15:56:21+06:00,True,Pathao,PTH-DRV-012,Sakib Mahmud,8801701651316,driver,Car,Dhaka-Metro-GA-26-4203,2025-11-08,4.74,active,Bashundhara,50,31,1374,2026-02-18T14:40:42+06:00,2026-08-10T20:12:47+06:00
904,USR075,+8801895714902,Shihab Khan,PTH-RIDE-0000905,2026-07-26T17:22:02+06:00,Car,Motijheel,23.739707,90.415854,Tejgaon,23.768566,90.398275,12.11,33,550,completed,2026-07-26T18:18:02+06:00,True,Pathao,PTH-DRV-014,Mehedi Hossain,8801466938163,driver,Car,Dhaka-Metro-GA-57-3382,2023-09-28,4.50,active,Farmgate,49,31,1649,2026-02-11T05:29:19+06:00,2026-08-07T22:28:04+06:00
905,USR075,+8801895714902,Shihab Khan,PTH-RIDE-0000906,2026-07-08T03:24:25+06:00,Bike,Mohakhali,23.779616,90.39321,Rampura,23.763227,90.426226,21.79,62,507,completed,2026-07-08T04:40:25+06:00,True,Pathao,PTH-DRV-008,Al Amin Sarker,8801690558459,driver,Bike,Dhaka-Metro-LA-55-6224,2023-03-18,4.43,active,Farmgate,41,26,1395,2026-02-12T12:34:17+06:00,2026-08-07T03:04:20+06:00
906,USR075,+8801895714902,Shihab Khan,PTH-RIDE-0000907,2026-08-08T05:25:42+06:00,Bike,Mohammadpur,23.760366,90.358786,Dhanmondi,23.745357,90.373627,7.01,28,171,completed,2026-08-08T06:10:42+06:00,True,Pathao,PTH-DRV-002,Sabbir Ali,8801715535227,driver,Bike,Dhaka-Metro-LA-43-4404,2024-01-15,4.70,active,Uttara,47,34,1379,2026-02-14T01:39:55+06:00,2026-08-09T11:23:20+06:00
907,USR076,+8801476348350,Sadia Karim,PTH-RIDE-0000908,2026-04-25T21:29:35+06:00,Bike,Badda,23.788244,90.43439,Dhanmondi,23.749092,90.378457,5.55,48,184,cancelled_by_rider,2026-04-25T22:40:35+06:00,True,Pathao,PTH-DRV-004,Noman Islam,8801433479792,driver,Bike,Dhaka-Metro-LA-16-4147,2024-04-07,4.84,active,Badda,45,26,1163,2026-02-10T19:35:38+06:00,2026-08-06T22:59:51+06:00
908,USR076,+8801476348350,Sadia Karim,PTH-RIDE-0000909,2026-05-20T07:55:29+06:00,Bike,Motijheel,23.727176,90.413444,Khilgaon,23.759422,90.424421,7.87,31,178,completed,2026-05-20T08:47:29+06:00,True,Pathao,PTH-DRV-005,Mizan Hasan,8801356392834,driver,Bike,Dhaka-Metro-LA-18-8731,2023-05-02,4.42,active,Banani,52,34,1623,2026-02-15T11:45:22+06:00,2026-08-04T01:29:10+06:00
909,USR076,+8801476348350,Sadia Karim,PTH-RIDE-0000910,2026-03-13T16:18:06+06:00,Premium Car,Gulshan,23.78816,90.412045,Motijheel,23.725274,90.411156,17.01,49,835,cancelled_by_user,2026-03-13T17:30:06+06:00,True,Pathao,PTH-DRV-019,Tanvir Hossain,8801568844033,driver,Premium Car,Dhaka-Metro-GA-43-7960,2024-08-01,4.63,active,Gulshan,60,39,678,2026-02-13T02:57:39+06:00,2026-08-10T06:23:33+06:00
910,USR076,+8801476348350,Sadia Karim,PTH-RIDE-0000911,2026-03-16T05:54:37+06:00,Bike,Tejgaon,23.768222,90.390433,Farmgate,23.76546,90.381718,1.33,63,60,completed,2026-03-16T07:21:37+06:00,True,Pathao,PTH-DRV-001,Nayeem Sarker,8801967036821,driver,Bike,Dhaka-Metro-LA-50-6184,2025-12-26,4.94,active,Tejgaon,58,41,819,2026-02-10T15:17:23+06:00,2026-08-09T07:35:51+06:00
911,USR076,+8801476348350,Sadia Karim,PTH-RIDE-0000912,2026-04-19T16:38:13+06:00,Premium Car,Khilgaon,23.753392,90.426718,Uttara,23.867104,90.382376,11.74,20,618,cancelled_by_user,2026-04-19T17:00:13+06:00,True,Pathao,PTH-DRV-020,Sabbir Mahmud,8801520665194,driver,Premium Car,Dhaka-Metro-GA-27-7652,2025-07-04,4.51,active,Khilgaon,46,33,891,2026-02-15T21:25:09+06:00,2026-08-09T14:56:20+06:00
912,USR076,+8801476348350,Sadia Karim,PTH-RIDE-0000913,2026-04-13T14:15:18+06:00,Car,Badda,23.786359,90.431612,Mohakhali,23.784737,90.391068,19.96,68,788,completed,2026-04-13T15:36:18+06:00,True,Pathao,PTH-DRV-010,Zahid Chowdhury,8801738695856,driver,Car,Dhaka-Metro-GA-12-2328,2024-05-16,4.86,active,Badda,44,28,403,2026-02-10T07:45:59+06:00,2026-08-10T20:38:42+06:00
913,USR076,+8801476348350,Sadia Karim,PTH-RIDE-0000914,2026-05-30T09:01:38+06:00,Premium Car,Motijheel,23.733776,90.418639,Wari,23.72834,90.420017,18.31,33,881,cancelled_by_rider,2026-05-30T09:40:38+06:00,True,Pathao,PTH-DRV-024,Sabbir Mia,8801635920547,driver,Premium Car,Dhaka-Metro-GA-29-9550,2026-02-19,4.75,active,Motijheel,52,34,1609,2026-02-14T00:28:05+06:00,2026-08-06T16:02:46+06:00
914,USR076,+8801476348350,Sadia Karim,PTH-RIDE-0000915,2026-07-20T14:36:30+06:00,Premium Car,Old Dhaka,23.712253,90.401926,Dhanmondi,23.737656,90.381618,24.34,80,1109,cancelled_by_rider,2026-07-20T16:04:30+06:00,True,Pathao,PTH-DRV-022,Rony Ahmed,8801406140466,driver,Premium Car,Dhaka-Metro-GA-14-3862,2024-03-08,4.36,active,Mohakhali,49,32,280,2026-02-19T05:07:42+06:00,2026-08-10T16:43:15+06:00
915,USR077,+8801430135102,Mehedi Mahmud,PTH-RIDE-0000916,2026-05-24T11:59:06+06:00,Car,Mirpur,23.825485,90.364131,Badda,23.782558,90.424328,6.72,53,301,completed,2026-05-24T12:59:06+06:00,True,Pathao,PTH-DRV-014,Mehedi Hossain,8801466938163,driver,Car,Dhaka-Metro-GA-57-3382,2023-09-28,4.50,active,Farmgate,49,31,1649,2026-02-11T05:29:19+06:00,2026-08-07T22:28:04+06:00
916,USR077,+8801430135102,Mehedi Mahmud,PTH-RIDE-0000917,2026-06-25T11:41:37+06:00,Premium Car,Mohakhali,23.782089,90.399532,Motijheel,23.724636,90.410459,2.57,61,312,completed,2026-06-25T12:59:37+06:00,True,Pathao,PTH-DRV-022,Rony Ahmed,8801406140466,driver,Premium Car,Dhaka-Metro-GA-14-3862,2024-03-08,4.36,active,Mohakhali,49,32,280,2026-02-19T05:07:42+06:00,2026-08-10T16:43:15+06:00
917,USR077,+8801430135102,Mehedi Mahmud,PTH-RIDE-0000918,2026-04-23T11:27:38+06:00,Premium Car,Rampura,23.769058,90.428812,Dhanmondi,23.74665,90.37155,11.08,25,562,completed,2026-04-23T11:59:38+06:00,True,Pathao,PTH-DRV-023,Al Amin Khan,8801354736696,driver,Premium Car,Dhaka-Metro-GA-39-9114,2023-07-25,4.89,active,Mohammadpur,44,34,437,2026-02-24T14:00:15+06:00,2026-08-10T04:16:51+06:00
918,USR077,+8801430135102,Mehedi Mahmud,PTH-RIDE-0000919,2026-08-03T05:34:47+06:00,Premium Car,Badda,23.785674,90.42432,Motijheel,23.728174,90.410037,9.23,57,575,completed,2026-08-03T06:51:47+06:00,True,Pathao,PTH-DRV-022,Rony Ahmed,8801406140466,driver,Premium Car,Dhaka-Metro-GA-14-3862,2024-03-08,4.36,active,Mohakhali,49,32,280,2026-02-19T05:07:42+06:00,2026-08-10T16:43:15+06:00
919,USR077,+8801430135102,Mehedi Mahmud,PTH-RIDE-0000920,2026-07-19T15:14:19+06:00,Bike,Motijheel,23.734214,90.423914,Pallabi,23.821645,90.356145,5.09,45,225,completed,2026-07-19T16:05:19+06:00,True,Pathao,PTH-DRV-006,Sohel Mia,8801413282469,driver,Bike,Dhaka-Metro-LA-42-7072,2023-11-20,4.46,active,Bashundhara,56,39,678,2026-02-11T19:34:53+06:00,2026-07-27T18:56:51+06:00
920,USR077,+8801430135102,Mehedi Mahmud,PTH-RIDE-0000921,2026-07-03T11:07:50+06:00,Bike,Dhanmondi,23.750935,90.371863,Tejgaon,23.754942,90.397508,24.64,79,518,completed,2026-07-03T12:43:50+06:00,True,Pathao,PTH-DRV-007,Rafi Chowdhury,8801972545462,driver,Bike,Dhaka-Metro-LA-49-8611,2025-12-04,4.63,active,Dhanmondi,50,31,630,2026-02-16T20:14:06+06:00,2026-08-08T21:37:30+06:00
921,USR077,+8801430135102,Mehedi Mahmud,PTH-RIDE-0000922,2026-03-02T15:25:59+06:00,Car,Mohakhali,23.776917,90.407653,Wari,23.715112,90.41286,23.75,16,821,completed,2026-03-02T16:03:59+06:00,True,Pathao,PTH-DRV-015,Sumon Ahmed,8801592246260,driver,Car,Dhaka-Metro-GA-47-2377,2024-09-19,4.91,temporarily_inactive,Gulshan,51,33,344,2026-02-20T06:37:41+06:00,2026-08-08T17:20:03+06:00
922,USR077,+8801430135102,Mehedi Mahmud,PTH-RIDE-0000923,2026-04-03T02:52:28+06:00,Bike,Motijheel,23.726835,90.414284,Khilgaon,23.748577,90.42658,5.11,79,184,completed,2026-04-03T04:33:28+06:00,True,Pathao,PTH-DRV-002,Sabbir Ali,8801715535227,driver,Bike,Dhaka-Metro-LA-43-4404,2024-01-15,4.70,active,Uttara,47,34,1379,2026-02-14T01:39:55+06:00,2026-08-09T11:23:20+06:00
923,USR078,+8801368603970,Nadia Mahmud,PTH-RIDE-0000924,2026-04-09T15:56:00+06:00,Bike,Tejgaon,23.762203,90.386984,Badda,23.776694,90.420229,22.2,23,512,completed,2026-04-09T16:33:00+06:00,True,Pathao,PTH-DRV-001,Nayeem Sarker,8801967036821,driver,Bike,Dhaka-Metro-LA-50-6184,2025-12-26,4.94,active,Tejgaon,58,41,819,2026-02-10T15:17:23+06:00,2026-08-09T07:35:51+06:00
924,USR078,+8801368603970,Nadia Mahmud,PTH-RIDE-0000925,2026-08-10T04:16:51+06:00,Premium Car,Mohammadpur,23.766332,90.357108,Pallabi,23.825397,90.367941,19.16,29,866,cancelled_by_rider,2026-08-10T04:58:51+06:00,True,Pathao,PTH-DRV-023,Al Amin Khan,8801354736696,driver,Premium Car,Dhaka-Metro-GA-39-9114,2023-07-25,4.89,active,Mohammadpur,44,34,437,2026-02-24T14:00:15+06:00,2026-08-10T04:16:51+06:00
925,USR078,+8801368603970,Nadia Mahmud,PTH-RIDE-0000926,2026-06-22T13:34:38+06:00,Premium Car,Khilgaon,23.741964,90.420901,Dhanmondi,23.749052,90.367455,1.36,71,219,cancelled_by_user,2026-06-22T15:06:38+06:00,True,Pathao,PTH-DRV-020,Sabbir Mahmud,8801520665194,driver,Premium Car,Dhaka-Metro-GA-27-7652,2025-07-04,4.51,active,Khilgaon,46,33,891,2026-02-15T21:25:09+06:00,2026-08-09T14:56:20+06:00
926,USR078,+8801368603970,Nadia Mahmud,PTH-RIDE-0000927,2026-06-10T09:17:12+06:00,Premium Car,Uttara,23.873807,90.388165,Mohammadpur,23.765621,90.356971,9.02,74,506,cancelled_by_user,2026-06-10T10:44:12+06:00,True,Pathao,PTH-DRV-021,Shuvo Chowdhury,8801396729644,driver,Premium Car,Dhaka-Metro-GA-18-5728,2024-05-09,4.49,active,Mirpur,61,41,785,2026-02-10T13:58:31+06:00,2026-08-07T01:44:36+06:00
927,USR078,+8801368603970,Nadia Mahmud,PTH-RIDE-0000928,2026-07-28T17:39:10+06:00,Car,Shyamoli,23.765713,90.371758,Banani,23.799578,90.398892,16.61,26,685,cancelled_by_rider,2026-07-28T18:18:10+06:00,True,Pathao,PTH-DRV-013,Noman Sheikh,8801702482414,driver,Car,Dhaka-Metro-GA-32-1635,2024-02-24,4.40,active,Dhanmondi,57,37,919,2026-02-12T18:33:16+06:00,2026-08-07T07:51:54+06:00
928,USR078,+8801368603970,Nadia Mahmud,PTH-RIDE-0000929,2026-07-09T15:04:19+06:00,Premium Car,Uttara,23.880171,90.387853,Mohakhali,23.769982,90.393996,21.57,34,940,completed,2026-07-09T15:57:19+06:00,True,Pathao,PTH-DRV-018,Riyad Khan,8801895144376,driver,Premium Car,Dhaka-Metro-GA-42-9702,2025-06-18,4.52,active,Farmgate,48,32,1798,2026-03-16T13:11:54+06:00,2026-08-10T14:18:39+06:00
929,USR078,+8801368603970,Nadia Mahmud,PTH-RIDE-0000930,2026-02-18T18:30:40+06:00,Bike,Bashundhara,23.818732,90.433932,Farmgate,23.763957,90.396891,2.81,38,75,cancelled_by_user,2026-02-18T19:13:40+06:00,True,Pathao,PTH-DRV-006,Sohel Mia,8801413282469,driver,Bike,Dhaka-Metro-LA-42-7072,2023-11-20,4.46,active,Bashundhara,56,39,678,2026-02-11T19:34:53+06:00,2026-07-27T18:56:51+06:00
930,USR078,+8801368603970,Nadia Mahmud,PTH-RIDE-0000931,2026-06-06T03:29:41+06:00,Car,Pallabi,23.829137,90.358904,Rampura,23.756338,90.423012,6.49,41,339,completed,2026-06-06T04:33:41+06:00,True,Pathao,PTH-DRV-013,Noman Sheikh,8801702482414,driver,Car,Dhaka-Metro-GA-32-1635,2024-02-24,4.40,active,Dhanmondi,57,37,919,2026-02-12T18:33:16+06:00,2026-08-07T07:51:54+06:00
931,USR078,+8801368603970,Nadia Mahmud,PTH-RIDE-0000932,2026-06-11T18:50:28+06:00,Bike,Bashundhara,23.810793,90.422364,Banani,23.785539,90.403874,20.92,77,501,completed,2026-06-11T20:29:28+06:00,True,Pathao,PTH-DRV-006,Sohel Mia,8801413282469,driver,Bike,Dhaka-Metro-LA-42-7072,2023-11-20,4.46,active,Bashundhara,56,39,678,2026-02-11T19:34:53+06:00,2026-07-27T18:56:51+06:00
932,USR078,+8801368603970,Nadia Mahmud,PTH-RIDE-0000933,2026-05-22T14:43:45+06:00,Premium Car,Gulshan,23.795875,90.40103,Uttara,23.879845,90.38691,8.24,50,478,cancelled_by_rider,2026-05-22T15:50:45+06:00,True,Pathao,PTH-DRV-019,Tanvir Hossain,8801568844033,driver,Premium Car,Dhaka-Metro-GA-43-7960,2024-08-01,4.63,active,Gulshan,60,39,678,2026-02-13T02:57:39+06:00,2026-08-10T06:23:33+06:00
933,USR078,+8801368603970,Nadia Mahmud,PTH-RIDE-0000934,2026-02-17T14:52:19+06:00,Premium Car,Gulshan,23.786904,90.409303,Rampura,23.759542,90.425635,4.3,51,338,completed,2026-02-17T16:06:19+06:00,True,Pathao,PTH-DRV-019,Tanvir Hossain,8801568844033,driver,Premium Car,Dhaka-Metro-GA-43-7960,2024-08-01,4.63,active,Gulshan,60,39,678,2026-02-13T02:57:39+06:00,2026-08-10T06:23:33+06:00
934,USR079,+8801765164695,Jannat Akter,PTH-RIDE-0000935,2026-06-02T19:45:15+06:00,Car,Wari,23.726027,90.416925,Mohakhali,23.773334,90.396688,8.36,21,382,completed,2026-06-02T20:25:15+06:00,True,Pathao,PTH-DRV-009,Shakil Mahmud,8801713605120,driver,Car,Dhaka-Metro-GA-18-9142,2026-02-13,4.51,active,Wari,51,33,1315,2026-02-13T19:17:45+06:00,2026-08-09T23:46:24+06:00
935,USR079,+8801765164695,Jannat Akter,PTH-RIDE-0000936,2026-07-14T11:03:25+06:00,Car,Khilgaon,23.751168,90.431855,Badda,23.787938,90.435118,7.99,60,320,completed,2026-07-14T12:10:25+06:00,True,Pathao,PTH-DRV-016,Imran Karim,8801417391915,driver,Car,Dhaka-Metro-GA-50-2706,2024-09-14,4.65,active,Khilgaon,43,28,1106,2026-02-13T07:06:14+06:00,2026-08-04T07:56:48+06:00
936,USR079,+8801765164695,Jannat Akter,PTH-RIDE-0000937,2026-02-23T14:13:18+06:00,Car,Farmgate,23.762693,90.387007,Mohakhali,23.775557,90.400998,11.02,27,412,completed,2026-02-23T14:46:18+06:00,True,Pathao,PTH-DRV-014,Mehedi Hossain,8801466938163,driver,Car,Dhaka-Metro-GA-57-3382,2023-09-28,4.50,active,Farmgate,49,31,1649,2026-02-11T05:29:19+06:00,2026-08-07T22:28:04+06:00
937,USR079,+8801765164695,Jannat Akter,PTH-RIDE-0000938,2026-06-06T07:19:40+06:00,Premium Car,Mirpur,23.829534,90.359669,Uttara,23.874344,90.381488,1.93,17,288,completed,2026-06-06T07:54:40+06:00,True,Pathao,PTH-DRV-021,Shuvo Chowdhury,8801396729644,driver,Premium Car,Dhaka-Metro-GA-18-5728,2024-05-09,4.49,active,Mirpur,61,41,785,2026-02-10T13:58:31+06:00,2026-08-07T01:44:36+06:00
938,USR079,+8801765164695,Jannat Akter,PTH-RIDE-0000939,2026-07-06T23:37:50+06:00,Premium Car,Badda,23.775163,90.424871,Old Dhaka,23.7169,90.411371,18.74,52,863,completed,2026-07-07T00:34:50+06:00,True,Pathao,PTH-DRV-019,Tanvir Hossain,8801568844033,driver,Premium Car,Dhaka-Metro-GA-43-7960,2024-08-01,4.63,active,Gulshan,60,39,678,2026-02-13T02:57:39+06:00,2026-08-10T06:23:33+06:00
939,USR079,+8801765164695,Jannat Akter,PTH-RIDE-0000940,2026-04-09T23:35:06+06:00,Car,Old Dhaka,23.713144,90.414089,Wari,23.72542,90.413313,18.48,40,720,completed,2026-04-10T00:20:06+06:00,True,Pathao,PTH-DRV-010,Zahid Chowdhury,8801738695856,driver,Car,Dhaka-Metro-GA-12-2328,2024-05-16,4.86,active,Badda,44,28,403,2026-02-10T07:45:59+06:00,2026-08-10T20:38:42+06:00
940,USR079,+8801765164695,Jannat Akter,PTH-RIDE-0000941,2026-04-17T23:50:29+06:00,Car,Mirpur,23.82542,90.372724,Mohakhali,23.776657,90.402182,10.76,23,507,completed,2026-04-18T00:37:29+06:00,True,Pathao,PTH-DRV-016,Imran Karim,8801417391915,driver,Car,Dhaka-Metro-GA-50-2706,2024-09-14,4.65,active,Khilgaon,43,28,1106,2026-02-13T07:06:14+06:00,2026-08-04T07:56:48+06:00
941,USR079,+8801765164695,Jannat Akter,PTH-RIDE-0000942,2026-06-02T06:03:38+06:00,Premium Car,Badda,23.781945,90.429267,Uttara,23.868084,90.384874,19.57,79,919,completed,2026-06-02T07:47:38+06:00,True,Pathao,PTH-DRV-017,Rubel Hossain,8801596800093,driver,Premium Car,Dhaka-Metro-GA-59-1389,2023-10-30,4.39,active,Dhanmondi,43,24,856,2026-02-13T21:12:16+06:00,2026-07-24T19:50:49+06:00
942,USR079,+8801765164695,Jannat Akter,PTH-RIDE-0000943,2026-08-09T11:23:20+06:00,Bike,Khilgaon,23.757201,90.431224,Old Dhaka,23.713881,90.40826,20.97,27,409,completed,2026-08-09T12:06:20+06:00,True,Pathao,PTH-DRV-002,Sabbir Ali,8801715535227,driver,Bike,Dhaka-Metro-LA-43-4404,2024-01-15,4.70,active,Uttara,47,34,1379,2026-02-14T01:39:55+06:00,2026-08-09T11:23:20+06:00
943,USR080,+8801798484581,Nadia Ahmed,PTH-RIDE-0000944,2026-04-26T04:47:06+06:00,Bike,Old Dhaka,23.709209,90.413536,Dhanmondi,23.742824,90.372867,7.97,66,233,completed,2026-04-26T06:18:06+06:00,True,Pathao,PTH-DRV-007,Rafi Chowdhury,8801972545462,driver,Bike,Dhaka-Metro-LA-49-8611,2025-12-04,4.63,active,Dhanmondi,50,31,630,2026-02-16T20:14:06+06:00,2026-08-08T21:37:30+06:00
944,USR080,+8801798484581,Nadia Ahmed,PTH-RIDE-0000945,2026-04-03T09:34:56+06:00,Bike,Mohakhali,23.771142,90.396438,Gulshan,23.789346,90.408785,14.75,31,358,cancelled_by_user,2026-04-03T10:19:56+06:00,True,Pathao,PTH-DRV-001,Nayeem Sarker,8801967036821,driver,Bike,Dhaka-Metro-LA-50-6184,2025-12-26,4.94,active,Tejgaon,58,41,819,2026-02-10T15:17:23+06:00,2026-08-09T07:35:51+06:00
945,USR080,+8801798484581,Nadia Ahmed,PTH-RIDE-0000946,2026-07-19T03:28:59+06:00,Bike,Pallabi,23.832157,90.365334,Rampura,23.767615,90.415005,19.89,72,395,cancelled_by_user,2026-07-19T04:47:59+06:00,True,Pathao,PTH-DRV-006,Sohel Mia,8801413282469,driver,Bike,Dhaka-Metro-LA-42-7072,2023-11-20,4.46,active,Bashundhara,56,39,678,2026-02-11T19:34:53+06:00,2026-07-27T18:56:51+06:00
946,USR080,+8801798484581,Nadia Ahmed,PTH-RIDE-0000947,2026-06-28T10:49:21+06:00,Car,Mohakhali,23.777825,90.404584,Banani,23.799006,90.411356,17.21,50,699,cancelled_by_user,2026-06-28T11:45:21+06:00,True,Pathao,PTH-DRV-010,Zahid Chowdhury,8801738695856,driver,Car,Dhaka-Metro-GA-12-2328,2024-05-16,4.86,active,Badda,44,28,403,2026-02-10T07:45:59+06:00,2026-08-10T20:38:42+06:00
947,USR080,+8801798484581,Nadia Ahmed,PTH-RIDE-0000948,2026-05-31T17:12:05+06:00,Premium Car,Rampura,23.763598,90.411741,Old Dhaka,23.711775,90.401601,5.94,51,435,completed,2026-05-31T18:17:05+06:00,True,Pathao,PTH-DRV-021,Shuvo Chowdhury,8801396729644,driver,Premium Car,Dhaka-Metro-GA-18-5728,2024-05-09,4.49,active,Mirpur,61,41,785,2026-02-10T13:58:31+06:00,2026-08-07T01:44:36+06:00
948,USR080,+8801798484581,Nadia Ahmed,PTH-RIDE-0000949,2026-07-15T03:57:54+06:00,Bike,Tejgaon,23.761436,90.389561,Wari,23.713369,90.410445,24.94,18,503,cancelled_by_rider,2026-07-15T04:17:54+06:00,True,Pathao,PTH-DRV-001,Nayeem Sarker,8801967036821,driver,Bike,Dhaka-Metro-LA-50-6184,2025-12-26,4.94,active,Tejgaon,58,41,819,2026-02-10T15:17:23+06:00,2026-08-09T07:35:51+06:00
949,USR080,+8801798484581,Nadia Ahmed,PTH-RIDE-0000950,2026-04-27T15:08:24+06:00,Premium Car,Tejgaon,23.756023,90.385939,Mirpur,23.815741,90.372017,7.26,13,452,cancelled_by_user,2026-04-27T15:32:24+06:00,True,Pathao,PTH-DRV-021,Shuvo Chowdhury,8801396729644,driver,Premium Car,Dhaka-Metro-GA-18-5728,2024-05-09,4.49,active,Mirpur,61,41,785,2026-02-10T13:58:31+06:00,2026-08-07T01:44:36+06:00
950,USR080,+8801798484581,Nadia Ahmed,PTH-RIDE-0000951,2026-06-28T11:45:39+06:00,Bike,Mohammadpur,23.771667,90.358298,Mohakhali,23.78138,90.391881,1.36,43,114,completed,2026-06-28T12:38:39+06:00,True,Pathao,PTH-DRV-006,Sohel Mia,8801413282469,driver,Bike,Dhaka-Metro-LA-42-7072,2023-11-20,4.46,active,Bashundhara,56,39,678,2026-02-11T19:34:53+06:00,2026-07-27T18:56:51+06:00
951,USR080,+8801798484581,Nadia Ahmed,PTH-RIDE-0000952,2026-02-11T05:29:19+06:00,Car,Farmgate,23.751868,90.385643,Pallabi,23.823342,90.359112,14.22,29,538,completed,2026-02-11T06:21:19+06:00,True,Pathao,PTH-DRV-014,Mehedi Hossain,8801466938163,driver,Car,Dhaka-Metro-GA-57-3382,2023-09-28,4.50,active,Farmgate,49,31,1649,2026-02-11T05:29:19+06:00,2026-08-07T22:28:04+06:00
952,USR080,+8801798484581,Nadia Ahmed,PTH-RIDE-0000953,2026-03-19T04:04:56+06:00,Car,Wari,23.72646,90.420423,Rampura,23.767066,90.419723,5.52,22,339,completed,2026-03-19T04:49:56+06:00,True,Pathao,PTH-DRV-009,Shakil Mahmud,8801713605120,driver,Car,Dhaka-Metro-GA-18-9142,2026-02-13,4.51,active,Wari,51,33,1315,2026-02-13T19:17:45+06:00,2026-08-09T23:46:24+06:00
953,USR080,+8801798484581,Nadia Ahmed,PTH-RIDE-0000954,2026-07-21T19:26:01+06:00,Car,Mohammadpur,23.775133,90.359116,Wari,23.721742,90.422522,10.04,71,435,completed,2026-07-21T20:47:01+06:00,True,Pathao,PTH-DRV-010,Zahid Chowdhury,8801738695856,driver,Car,Dhaka-Metro-GA-12-2328,2024-05-16,4.86,active,Badda,44,28,403,2026-02-10T07:45:59+06:00,2026-08-10T20:38:42+06:00
954,USR080,+8801798484581,Nadia Ahmed,PTH-RIDE-0000955,2026-04-04T03:50:48+06:00,Bike,Dhanmondi,23.748356,90.37907,Bashundhara,23.812667,90.42967,3.73,28,138,cancelled_by_user,2026-04-04T04:27:48+06:00,True,Pathao,PTH-DRV-007,Rafi Chowdhury,8801972545462,driver,Bike,Dhaka-Metro-LA-49-8611,2025-12-04,4.63,active,Dhanmondi,50,31,630,2026-02-16T20:14:06+06:00,2026-08-08T21:37:30+06:00
955,USR080,+8801798484581,Nadia Ahmed,PTH-RIDE-0000956,2026-04-02T20:27:53+06:00,Car,Mirpur,23.828094,90.364011,Farmgate,23.766765,90.39455,11.94,71,446,completed,2026-04-02T21:45:53+06:00,True,Pathao,PTH-DRV-014,Mehedi Hossain,8801466938163,driver,Car,Dhaka-Metro-GA-57-3382,2023-09-28,4.50,active,Farmgate,49,31,1649,2026-02-11T05:29:19+06:00,2026-08-07T22:28:04+06:00
956,USR080,+8801798484581,Nadia Ahmed,PTH-RIDE-0000957,2026-05-12T10:39:12+06:00,Bike,Wari,23.714526,90.411949,Mirpur,23.819259,90.364976,23.62,21,486,completed,2026-05-12T11:07:12+06:00,True,Pathao,PTH-DRV-003,Emon Mollah,8801458656775,driver,Bike,Dhaka-Metro-LA-44-1806,2025-05-16,4.33,active,Wari,47,33,1457,2026-02-15T14:20:09+06:00,2026-08-05T18:34:40+06:00
957,USR080,+8801798484581,Nadia Ahmed,PTH-RIDE-0000958,2026-07-30T12:02:43+06:00,Bike,Uttara,23.880802,90.37429,Motijheel,23.739747,90.425131,11.77,13,329,completed,2026-07-30T12:26:43+06:00,True,Pathao,PTH-DRV-002,Sabbir Ali,8801715535227,driver,Bike,Dhaka-Metro-LA-43-4404,2024-01-15,4.70,active,Uttara,47,34,1379,2026-02-14T01:39:55+06:00,2026-08-09T11:23:20+06:00
958,USR080,+8801798484581,Nadia Ahmed,PTH-RIDE-0000959,2026-04-29T02:27:08+06:00,Bike,Pallabi,23.822659,90.362904,Khilgaon,23.755699,90.435686,17.75,64,418,completed,2026-04-29T03:47:08+06:00,True,Pathao,PTH-DRV-002,Sabbir Ali,8801715535227,driver,Bike,Dhaka-Metro-LA-43-4404,2024-01-15,4.70,active,Uttara,47,34,1379,2026-02-14T01:39:55+06:00,2026-08-09T11:23:20+06:00
959,USR081,+8801824517956,Shihab Kabir,PTH-RIDE-0000960,2026-02-18T04:21:19+06:00,Bike,Wari,23.728119,90.42346,Tejgaon,23.767589,90.389679,24.95,34,538,completed,2026-02-18T05:02:19+06:00,True,Pathao,PTH-DRV-003,Emon Mollah,8801458656775,driver,Bike,Dhaka-Metro-LA-44-1806,2025-05-16,4.33,active,Wari,47,33,1457,2026-02-15T14:20:09+06:00,2026-08-05T18:34:40+06:00
960,USR081,+8801824517956,Shihab Kabir,PTH-RIDE-0000961,2026-05-15T20:00:31+06:00,Car,Rampura,23.758612,90.411955,Mohammadpur,23.777218,90.353678,8.34,77,377,cancelled_by_user,2026-05-15T21:38:31+06:00,True,Pathao,PTH-DRV-012,Sakib Mahmud,8801701651316,driver,Car,Dhaka-Metro-GA-26-4203,2025-11-08,4.74,active,Bashundhara,50,31,1374,2026-02-18T14:40:42+06:00,2026-08-10T20:12:47+06:00
961,USR081,+8801824517956,Shihab Kabir,PTH-RIDE-0000962,2026-05-23T00:26:52+06:00,Premium Car,Tejgaon,23.758762,90.388671,Rampura,23.76534,90.424019,7.47,42,429,cancelled_by_rider,2026-05-23T01:21:52+06:00,True,Pathao,PTH-DRV-023,Al Amin Khan,8801354736696,driver,Premium Car,Dhaka-Metro-GA-39-9114,2023-07-25,4.89,active,Mohammadpur,44,34,437,2026-02-24T14:00:15+06:00,2026-08-10T04:16:51+06:00
962,USR081,+8801824517956,Shihab Kabir,PTH-RIDE-0000963,2026-03-09T13:32:09+06:00,Car,Motijheel,23.736874,90.411758,Mohammadpur,23.772427,90.359074,20.11,74,748,completed,2026-03-09T14:57:09+06:00,True,Pathao,PTH-DRV-010,Zahid Chowdhury,8801738695856,driver,Car,Dhaka-Metro-GA-12-2328,2024-05-16,4.86,active,Badda,44,28,403,2026-02-10T07:45:59+06:00,2026-08-10T20:38:42+06:00
963,USR081,+8801824517956,Shihab Kabir,PTH-RIDE-0000964,2026-03-21T11:31:40+06:00,Bike,Motijheel,23.732152,90.413703,Badda,23.787809,90.425881,22.82,9,472,completed,2026-03-21T11:49:40+06:00,True,Pathao,PTH-DRV-006,Sohel Mia,8801413282469,driver,Bike,Dhaka-Metro-LA-42-7072,2023-11-20,4.46,active,Bashundhara,56,39,678,2026-02-11T19:34:53+06:00,2026-07-27T18:56:51+06:00
964,USR081,+8801824517956,Shihab Kabir,PTH-RIDE-0000965,2026-04-01T14:47:22+06:00,Bike,Rampura,23.767967,90.426049,Shyamoli,23.769117,90.371369,24.48,46,530,cancelled_by_rider,2026-04-01T15:46:22+06:00,True,Pathao,PTH-DRV-007,Rafi Chowdhury,8801972545462,driver,Bike,Dhaka-Metro-LA-49-8611,2025-12-04,4.63,active,Dhanmondi,50,31,630,2026-02-16T20:14:06+06:00,2026-08-08T21:37:30+06:00
965,USR081,+8801824517956,Shihab Kabir,PTH-RIDE-0000966,2026-03-28T15:42:53+06:00,Car,Mohakhali,23.771439,90.393802,Banani,23.798719,90.403995,21.35,46,733,completed,2026-03-28T16:51:53+06:00,True,Pathao,PTH-DRV-011,Mamun Khan,8801426550582,driver,Car,Dhaka-Metro-GA-36-9704,2025-07-14,4.26,active,Banani,45,31,1368,2026-02-20T14:11:58+06:00,2026-08-06T12:43:24+06:00
966,USR081,+8801824517956,Shihab Kabir,PTH-RIDE-0000967,2026-08-04T07:56:48+06:00,Car,Khilgaon,23.755861,90.420709,Shyamoli,23.766855,90.366082,10.78,53,482,completed,2026-08-04T08:58:48+06:00,True,Pathao,PTH-DRV-016,Imran Karim,8801417391915,driver,Car,Dhaka-Metro-GA-50-2706,2024-09-14,4.65,active,Khilgaon,43,28,1106,2026-02-13T07:06:14+06:00,2026-08-04T07:56:48+06:00
967,USR081,+8801824517956,Shihab Kabir,PTH-RIDE-0000968,2026-06-27T19:05:10+06:00,Bike,Tejgaon,23.771677,90.385236,Rampura,23.761934,90.427184,8.94,80,208,completed,2026-06-27T20:49:10+06:00,True,Pathao,PTH-DRV-001,Nayeem Sarker,8801967036821,driver,Bike,Dhaka-Metro-LA-50-6184,2025-12-26,4.94,active,Tejgaon,58,41,819,2026-02-10T15:17:23+06:00,2026-08-09T07:35:51+06:00
968,USR081,+8801824517956,Shihab Kabir,PTH-RIDE-0000969,2026-03-22T09:37:21+06:00,Bike,Khilgaon,23.746874,90.434105,Dhanmondi,23.745579,90.368118,23.59,33,482,cancelled_by_rider,2026-03-22T10:24:21+06:00,True,Pathao,PTH-DRV-003,Emon Mollah,8801458656775,driver,Bike,Dhaka-Metro-LA-44-1806,2025-05-16,4.33,active,Wari,47,33,1457,2026-02-15T14:20:09+06:00,2026-08-05T18:34:40+06:00
969,USR081,+8801824517956,Shihab Kabir,PTH-RIDE-0000970,2026-06-29T10:45:14+06:00,Premium Car,Mirpur,23.819728,90.358967,Farmgate,23.758982,90.383402,16.47,33,804,completed,2026-06-29T11:27:14+06:00,True,Pathao,PTH-DRV-021,Shuvo Chowdhury,8801396729644,driver,Premium Car,Dhaka-Metro-GA-18-5728,2024-05-09,4.49,active,Mirpur,61,41,785,2026-02-10T13:58:31+06:00,2026-08-07T01:44:36+06:00
970,USR081,+8801824517956,Shihab Kabir,PTH-RIDE-0000971,2026-02-17T20:40:13+06:00,Premium Car,Khilgaon,23.751114,90.423854,Gulshan,23.78727,90.403032,21.06,48,926,completed,2026-02-17T21:31:13+06:00,True,Pathao,PTH-DRV-020,Sabbir Mahmud,8801520665194,driver,Premium Car,Dhaka-Metro-GA-27-7652,2025-07-04,4.51,active,Khilgaon,46,33,891,2026-02-15T21:25:09+06:00,2026-08-09T14:56:20+06:00
971,USR081,+8801824517956,Shihab Kabir,PTH-RIDE-0000972,2026-04-19T12:58:09+06:00,Premium Car,Mohammadpur,23.764221,90.350503,Dhanmondi,23.754533,90.368346,4.19,15,306,completed,2026-04-19T13:26:09+06:00,True,Pathao,PTH-DRV-023,Al Amin Khan,8801354736696,driver,Premium Car,Dhaka-Metro-GA-39-9114,2023-07-25,4.89,active,Mohammadpur,44,34,437,2026-02-24T14:00:15+06:00,2026-08-10T04:16:51+06:00
972,USR081,+8801824517956,Shihab Kabir,PTH-RIDE-0000973,2026-06-01T12:57:19+06:00,Bike,Shyamoli,23.767255,90.371095,Badda,23.779742,90.428168,23.83,63,532,completed,2026-06-01T14:03:19+06:00,True,Pathao,PTH-DRV-008,Al Amin Sarker,8801690558459,driver,Bike,Dhaka-Metro-LA-55-6224,2023-03-18,4.43,active,Farmgate,41,26,1395,2026-02-12T12:34:17+06:00,2026-08-07T03:04:20+06:00
973,USR081,+8801824517956,Shihab Kabir,PTH-RIDE-0000974,2026-04-08T17:07:24+06:00,Premium Car,Pallabi,23.830892,90.373075,Khilgaon,23.746661,90.42779,23.73,18,1022,cancelled_by_user,2026-04-08T17:33:24+06:00,True,Pathao,PTH-DRV-021,Shuvo Chowdhury,8801396729644,driver,Premium Car,Dhaka-Metro-GA-18-5728,2024-05-09,4.49,active,Mirpur,61,41,785,2026-02-10T13:58:31+06:00,2026-08-07T01:44:36+06:00
974,USR082,+8801794496492,Ridwan Rahman,PTH-RIDE-0000975,2026-07-08T16:17:44+06:00,Car,Old Dhaka,23.703047,90.415624,Gulshan,23.80113,90.414594,16.49,34,622,completed,2026-07-08T17:13:44+06:00,True,Pathao,PTH-DRV-016,Imran Karim,8801417391915,driver,Car,Dhaka-Metro-GA-50-2706,2024-09-14,4.65,active,Khilgaon,43,28,1106,2026-02-13T07:06:14+06:00,2026-08-04T07:56:48+06:00
975,USR082,+8801794496492,Ridwan Rahman,PTH-RIDE-0000976,2026-05-03T14:42:17+06:00,Premium Car,Mohammadpur,23.776115,90.360913,Bashundhara,23.815917,90.4167,17.67,73,821,completed,2026-05-03T16:09:17+06:00,True,Pathao,PTH-DRV-023,Al Amin Khan,8801354736696,driver,Premium Car,Dhaka-Metro-GA-39-9114,2023-07-25,4.89,active,Mohammadpur,44,34,437,2026-02-24T14:00:15+06:00,2026-08-10T04:16:51+06:00
976,USR082,+8801794496492,Ridwan Rahman,PTH-RIDE-0000977,2026-03-30T00:16:25+06:00,Car,Wari,23.725117,90.416402,Motijheel,23.738971,90.41422,2.54,66,157,completed,2026-03-30T01:36:25+06:00,True,Pathao,PTH-DRV-009,Shakil Mahmud,8801713605120,driver,Car,Dhaka-Metro-GA-18-9142,2026-02-13,4.51,active,Wari,51,33,1315,2026-02-13T19:17:45+06:00,2026-08-09T23:46:24+06:00
977,USR082,+8801794496492,Ridwan Rahman,PTH-RIDE-0000978,2026-03-07T12:22:01+06:00,Bike,Motijheel,23.733288,90.424354,Mohammadpur,23.772292,90.357883,10.38,41,292,completed,2026-03-07T13:06:01+06:00,True,Pathao,PTH-DRV-005,Mizan Hasan,8801356392834,driver,Bike,Dhaka-Metro-LA-18-8731,2023-05-02,4.42,active,Banani,52,34,1623,2026-02-15T11:45:22+06:00,2026-08-04T01:29:10+06:00
978,USR082,+8801794496492,Ridwan Rahman,PTH-RIDE-0000979,2026-04-15T00:05:18+06:00,Car,Old Dhaka,23.714249,90.40831,Wari,23.718993,90.421024,13.23,31,477,completed,2026-04-15T00:38:18+06:00,True,Pathao,PTH-DRV-011,Mamun Khan,8801426550582,driver,Car,Dhaka-Metro-GA-36-9704,2025-07-14,4.26,active,Banani,45,31,1368,2026-02-20T14:11:58+06:00,2026-08-06T12:43:24+06:00
979,USR082,+8801794496492,Ridwan Rahman,PTH-RIDE-0000980,2026-06-06T16:00:50+06:00,Premium Car,Farmgate,23.76374,90.385812,Rampura,23.766509,90.416023,19.49,55,959,cancelled_by_user,2026-06-06T17:14:50+06:00,True,Pathao,PTH-DRV-018,Riyad Khan,8801895144376,driver,Premium Car,Dhaka-Metro-GA-42-9702,2025-06-18,4.52,active,Farmgate,48,32,1798,2026-03-16T13:11:54+06:00,2026-08-10T14:18:39+06:00
980,USR082,+8801794496492,Ridwan Rahman,PTH-RIDE-0000981,2026-06-11T22:08:39+06:00,Car,Farmgate,23.74933,90.395672,Uttara,23.884045,90.378589,6.88,29,388,completed,2026-06-11T22:58:39+06:00,True,Pathao,PTH-DRV-014,Mehedi Hossain,8801466938163,driver,Car,Dhaka-Metro-GA-57-3382,2023-09-28,4.50,active,Farmgate,49,31,1649,2026-02-11T05:29:19+06:00,2026-08-07T22:28:04+06:00
981,USR082,+8801794496492,Ridwan Rahman,PTH-RIDE-0000982,2026-03-07T02:09:27+06:00,Car,Badda,23.779843,90.434046,Old Dhaka,23.709454,90.411211,21.96,20,833,cancelled_by_rider,2026-03-07T02:48:27+06:00,True,Pathao,PTH-DRV-010,Zahid Chowdhury,8801738695856,driver,Car,Dhaka-Metro-GA-12-2328,2024-05-16,4.86,active,Badda,44,28,403,2026-02-10T07:45:59+06:00,2026-08-10T20:38:42+06:00
982,USR082,+8801794496492,Ridwan Rahman,PTH-RIDE-0000983,2026-07-31T17:47:23+06:00,Premium Car,Badda,23.774401,90.418797,Wari,23.728639,90.418432,24.1,56,1065,completed,2026-07-31T18:59:23+06:00,True,Pathao,PTH-DRV-021,Shuvo Chowdhury,8801396729644,driver,Premium Car,Dhaka-Metro-GA-18-5728,2024-05-09,4.49,active,Mirpur,61,41,785,2026-02-10T13:58:31+06:00,2026-08-07T01:44:36+06:00
983,USR082,+8801794496492,Ridwan Rahman,PTH-RIDE-0000984,2026-03-12T21:07:06+06:00,Premium Car,Khilgaon,23.754957,90.419895,Mirpur,23.82607,90.368453,14.46,34,710,completed,2026-03-12T21:56:06+06:00,True,Pathao,PTH-DRV-020,Sabbir Mahmud,8801520665194,driver,Premium Car,Dhaka-Metro-GA-27-7652,2025-07-04,4.51,active,Khilgaon,46,33,891,2026-02-15T21:25:09+06:00,2026-08-09T14:56:20+06:00
984,USR083,+8801699611372,Tanjim Hasan,PTH-RIDE-0000985,2026-03-26T14:27:04+06:00,Bike,Uttara,23.882452,90.381175,Khilgaon,23.758858,90.425113,22.38,11,474,cancelled_by_user,2026-03-26T14:45:04+06:00,True,Pathao,PTH-DRV-002,Sabbir Ali,8801715535227,driver,Bike,Dhaka-Metro-LA-43-4404,2024-01-15,4.70,active,Uttara,47,34,1379,2026-02-14T01:39:55+06:00,2026-08-09T11:23:20+06:00
985,USR083,+8801699611372,Tanjim Hasan,PTH-RIDE-0000986,2026-08-02T02:51:29+06:00,Bike,Shyamoli,23.7724,90.360448,Bashundhara,23.809175,90.419909,7.15,14,260,completed,2026-08-02T03:17:29+06:00,True,Pathao,PTH-DRV-007,Rafi Chowdhury,8801972545462,driver,Bike,Dhaka-Metro-LA-49-8611,2025-12-04,4.63,active,Dhanmondi,50,31,630,2026-02-16T20:14:06+06:00,2026-08-08T21:37:30+06:00
986,USR083,+8801699611372,Tanjim Hasan,PTH-RIDE-0000987,2026-07-10T00:11:40+06:00,Premium Car,Khilgaon,23.755531,90.424822,Motijheel,23.73243,90.423249,23.05,13,1011,completed,2026-07-10T00:34:40+06:00,True,Pathao,PTH-DRV-020,Sabbir Mahmud,8801520665194,driver,Premium Car,Dhaka-Metro-GA-27-7652,2025-07-04,4.51,active,Khilgaon,46,33,891,2026-02-15T21:25:09+06:00,2026-08-09T14:56:20+06:00
987,USR083,+8801699611372,Tanjim Hasan,PTH-RIDE-0000988,2026-03-28T07:41:42+06:00,Car,Bashundhara,23.814805,90.42291,Mohakhali,23.776985,90.400292,23.76,19,813,completed,2026-03-28T08:11:42+06:00,True,Pathao,PTH-DRV-012,Sakib Mahmud,8801701651316,driver,Car,Dhaka-Metro-GA-26-4203,2025-11-08,4.74,active,Bashundhara,50,31,1374,2026-02-18T14:40:42+06:00,2026-08-10T20:12:47+06:00
988,USR083,+8801699611372,Tanjim Hasan,PTH-RIDE-0000989,2026-05-18T13:00:10+06:00,Car,Motijheel,23.7332,90.424919,Dhanmondi,23.745174,90.375634,3.93,41,254,completed,2026-05-18T14:01:10+06:00,True,Pathao,PTH-DRV-011,Mamun Khan,8801426550582,driver,Car,Dhaka-Metro-GA-36-9704,2025-07-14,4.26,active,Banani,45,31,1368,2026-02-20T14:11:58+06:00,2026-08-06T12:43:24+06:00
989,USR083,+8801699611372,Tanjim Hasan,PTH-RIDE-0000990,2026-07-25T17:02:43+06:00,Bike,Old Dhaka,23.713631,90.405376,Badda,23.781955,90.434703,10.17,46,244,completed,2026-07-25T18:05:43+06:00,True,Pathao,PTH-DRV-006,Sohel Mia,8801413282469,driver,Bike,Dhaka-Metro-LA-42-7072,2023-11-20,4.46,active,Bashundhara,56,39,678,2026-02-11T19:34:53+06:00,2026-07-27T18:56:51+06:00
990,USR083,+8801699611372,Tanjim Hasan,PTH-RIDE-0000991,2026-06-28T14:38:54+06:00,Bike,Wari,23.714862,90.408772,Banani,23.793207,90.399635,17.29,78,397,completed,2026-06-28T16:12:54+06:00,True,Pathao,PTH-DRV-003,Emon Mollah,8801458656775,driver,Bike,Dhaka-Metro-LA-44-1806,2025-05-16,4.33,active,Wari,47,33,1457,2026-02-15T14:20:09+06:00,2026-08-05T18:34:40+06:00
991,USR083,+8801699611372,Tanjim Hasan,PTH-RIDE-0000992,2026-06-28T22:46:05+06:00,Premium Car,Khilgaon,23.746502,90.43591,Rampura,23.766998,90.417106,11.68,44,592,completed,2026-06-28T23:46:05+06:00,True,Pathao,PTH-DRV-020,Sabbir Mahmud,8801520665194,driver,Premium Car,Dhaka-Metro-GA-27-7652,2025-07-04,4.51,active,Khilgaon,46,33,891,2026-02-15T21:25:09+06:00,2026-08-09T14:56:20+06:00
992,USR083,+8801699611372,Tanjim Hasan,PTH-RIDE-0000993,2026-07-31T18:59:25+06:00,Bike,Tejgaon,23.769788,90.389614,Uttara,23.877459,90.379482,9.29,56,237,completed,2026-07-31T20:03:25+06:00,True,Pathao,PTH-DRV-001,Nayeem Sarker,8801967036821,driver,Bike,Dhaka-Metro-LA-50-6184,2025-12-26,4.94,active,Tejgaon,58,41,819,2026-02-10T15:17:23+06:00,2026-08-09T07:35:51+06:00
993,USR083,+8801699611372,Tanjim Hasan,PTH-RIDE-0000994,2026-05-02T20:14:33+06:00,Car,Mohammadpur,23.765305,90.362812,Tejgaon,23.772793,90.393346,22.57,67,789,completed,2026-05-02T21:30:33+06:00,True,Pathao,PTH-DRV-015,Sumon Ahmed,8801592246260,driver,Car,Dhaka-Metro-GA-47-2377,2024-09-19,4.91,temporarily_inactive,Gulshan,51,33,344,2026-02-20T06:37:41+06:00,2026-08-08T17:20:03+06:00
994,USR083,+8801699611372,Tanjim Hasan,PTH-RIDE-0000995,2026-05-13T08:07:10+06:00,Bike,Badda,23.782642,90.41796,Khilgaon,23.744136,90.431112,18.4,74,401,cancelled_by_user,2026-05-13T09:41:10+06:00,True,Pathao,PTH-DRV-004,Noman Islam,8801433479792,driver,Bike,Dhaka-Metro-LA-16-4147,2024-04-07,4.84,active,Badda,45,26,1163,2026-02-10T19:35:38+06:00,2026-08-06T22:59:51+06:00
995,USR083,+8801699611372,Tanjim Hasan,PTH-RIDE-0000996,2026-07-29T15:21:56+06:00,Premium Car,Banani,23.786963,90.414524,Tejgaon,23.770287,90.391864,3.39,42,267,completed,2026-07-29T16:20:56+06:00,True,Pathao,PTH-DRV-022,Rony Ahmed,8801406140466,driver,Premium Car,Dhaka-Metro-GA-14-3862,2024-03-08,4.36,active,Mohakhali,49,32,280,2026-02-19T05:07:42+06:00,2026-08-10T16:43:15+06:00
996,USR084,+8801991533353,Naim Ahmed,PTH-RIDE-0000997,2026-03-05T21:29:48+06:00,Premium Car,Uttara,23.869763,90.372111,Shyamoli,23.773466,90.358076,7.66,8,419,completed,2026-03-05T22:02:48+06:00,True,Pathao,PTH-DRV-021,Shuvo Chowdhury,8801396729644,driver,Premium Car,Dhaka-Metro-GA-18-5728,2024-05-09,4.49,active,Mirpur,61,41,785,2026-02-10T13:58:31+06:00,2026-08-07T01:44:36+06:00
997,USR084,+8801991533353,Naim Ahmed,PTH-RIDE-0000998,2026-05-01T14:46:46+06:00,Premium Car,Motijheel,23.72604,90.420714,Uttara,23.881847,90.37544,22.84,52,1068,completed,2026-05-01T16:01:46+06:00,True,Pathao,PTH-DRV-024,Sabbir Mia,8801635920547,driver,Premium Car,Dhaka-Metro-GA-29-9550,2026-02-19,4.75,active,Motijheel,52,34,1609,2026-02-14T00:28:05+06:00,2026-08-06T16:02:46+06:00
998,USR084,+8801991533353,Naim Ahmed,PTH-RIDE-0000999,2026-02-28T11:48:22+06:00,Premium Car,Tejgaon,23.761634,90.394019,Bashundhara,23.808054,90.418898,21.58,11,1045,completed,2026-02-28T12:13:22+06:00,True,Pathao,PTH-DRV-017,Rubel Hossain,8801596800093,driver,Premium Car,Dhaka-Metro-GA-59-1389,2023-10-30,4.39,active,Dhanmondi,43,24,856,2026-02-13T21:12:16+06:00,2026-07-24T19:50:49+06:00
999,USR084,+8801991533353,Naim Ahmed,PTH-RIDE-0001000,2026-03-10T23:13:43+06:00,Premium Car,Banani,23.796659,90.415449,Tejgaon,23.757245,90.382832,23.47,38,1114,completed,2026-03-11T00:06:43+06:00,True,Pathao,PTH-DRV-024,Sabbir Mia,8801635920547,driver,Premium Car,Dhaka-Metro-GA-29-9550,2026-02-19,4.75,active,Motijheel,52,34,1609,2026-02-14T00:28:05+06:00,2026-08-06T16:02:46+06:00
1000,USR084,+8801991533353,Naim Ahmed,PTH-RIDE-0001001,2026-07-12T05:59:20+06:00,Premium Car,Farmgate,23.749683,90.38429,Badda,23.776216,90.420303,22.93,49,1000,cancelled_by_user,2026-07-12T07:00:20+06:00,True,Pathao,PTH-DRV-018,Riyad Khan,8801895144376,driver,Premium Car,Dhaka-Metro-GA-42-9702,2025-06-18,4.52,active,Farmgate,48,32,1798,2026-03-16T13:11:54+06:00,2026-08-10T14:18:39+06:00
1001,USR084,+8801991533353,Naim Ahmed,PTH-RIDE-0001002,2026-07-27T05:03:04+06:00,Bike,Mirpur,23.826822,90.364265,Tejgaon,23.759896,90.392185,4.51,53,109,completed,2026-07-27T06:03:04+06:00,True,Pathao,PTH-DRV-006,Sohel Mia,8801413282469,driver,Bike,Dhaka-Metro-LA-42-7072,2023-11-20,4.46,active,Bashundhara,56,39,678,2026-02-11T19:34:53+06:00,2026-07-27T18:56:51+06:00
1002,USR084,+8801991533353,Naim Ahmed,PTH-RIDE-0001003,2026-03-29T14:55:51+06:00,Car,Dhanmondi,23.748394,90.370066,Banani,23.795893,90.405912,7.72,68,408,completed,2026-03-29T16:27:51+06:00,True,Pathao,PTH-DRV-013,Noman Sheikh,8801702482414,driver,Car,Dhaka-Metro-GA-32-1635,2024-02-24,4.40,active,Dhanmondi,57,37,919,2026-02-12T18:33:16+06:00,2026-08-07T07:51:54+06:00
1003,USR084,+8801991533353,Naim Ahmed,PTH-RIDE-0001004,2026-06-20T12:58:18+06:00,Premium Car,Farmgate,23.759042,90.391672,Wari,23.719066,90.425535,18.52,63,876,cancelled_by_user,2026-06-20T14:24:18+06:00,True,Pathao,PTH-DRV-018,Riyad Khan,8801895144376,driver,Premium Car,Dhaka-Metro-GA-42-9702,2025-06-18,4.52,active,Farmgate,48,32,1798,2026-03-16T13:11:54+06:00,2026-08-10T14:18:39+06:00
1004,USR084,+8801991533353,Naim Ahmed,PTH-RIDE-0001005,2026-04-04T19:17:46+06:00,Premium Car,Mohammadpur,23.762674,90.359508,Badda,23.784027,90.419383,15.05,48,708,completed,2026-04-04T20:17:46+06:00,True,Pathao,PTH-DRV-023,Al Amin Khan,8801354736696,driver,Premium Car,Dhaka-Metro-GA-39-9114,2023-07-25,4.89,active,Mohammadpur,44,34,437,2026-02-24T14:00:15+06:00,2026-08-10T04:16:51+06:00
1005,USR085,+8801306840379,Sumaiya Hasan,PTH-RIDE-0001006,2026-02-10T15:17:23+06:00,Bike,Tejgaon,23.759175,90.384204,Gulshan,23.791413,90.409777,15.62,36,368,completed,2026-02-10T16:00:23+06:00,True,Pathao,PTH-DRV-001,Nayeem Sarker,8801967036821,driver,Bike,Dhaka-Metro-LA-50-6184,2025-12-26,4.94,active,Tejgaon,58,41,819,2026-02-10T15:17:23+06:00,2026-08-09T07:35:51+06:00
1006,USR085,+8801306840379,Sumaiya Hasan,PTH-RIDE-0001007,2026-07-04T18:01:12+06:00,Bike,Motijheel,23.739968,90.411743,Bashundhara,23.822299,90.422615,14.57,33,322,completed,2026-07-04T18:42:12+06:00,True,Pathao,PTH-DRV-002,Sabbir Ali,8801715535227,driver,Bike,Dhaka-Metro-LA-43-4404,2024-01-15,4.70,active,Uttara,47,34,1379,2026-02-14T01:39:55+06:00,2026-08-09T11:23:20+06:00
1007,USR085,+8801306840379,Sumaiya Hasan,PTH-RIDE-0001008,2026-03-08T05:11:16+06:00,Bike,Shyamoli,23.767642,90.366654,Mohakhali,23.782274,90.393695,23.61,8,455,completed,2026-03-08T05:30:16+06:00,True,Pathao,PTH-DRV-007,Rafi Chowdhury,8801972545462,driver,Bike,Dhaka-Metro-LA-49-8611,2025-12-04,4.63,active,Dhanmondi,50,31,630,2026-02-16T20:14:06+06:00,2026-08-08T21:37:30+06:00
1008,USR085,+8801306840379,Sumaiya Hasan,PTH-RIDE-0001009,2026-02-15T14:20:09+06:00,Bike,Shyamoli,23.782198,90.358567,Mirpur,23.818396,90.359056,13.38,41,369,completed,2026-02-15T15:11:09+06:00,True,Pathao,PTH-DRV-003,Emon Mollah,8801458656775,driver,Bike,Dhaka-Metro-LA-44-1806,2025-05-16,4.33,active,Wari,47,33,1457,2026-02-15T14:20:09+06:00,2026-08-05T18:34:40+06:00
1009,USR085,+8801306840379,Sumaiya Hasan,PTH-RIDE-0001010,2026-08-06T16:21:11+06:00,Bike,Farmgate,23.763245,90.389582,Rampura,23.765763,90.429113,15.36,46,358,cancelled_by_rider,2026-08-06T17:31:11+06:00,True,Pathao,PTH-DRV-008,Al Amin Sarker,8801690558459,driver,Bike,Dhaka-Metro-LA-55-6224,2023-03-18,4.43,active,Farmgate,41,26,1395,2026-02-12T12:34:17+06:00,2026-08-07T03:04:20+06:00
1010,USR085,+8801306840379,Sumaiya Hasan,PTH-RIDE-0001011,2026-05-08T15:00:50+06:00,Bike,Mirpur,23.82728,90.366984,Rampura,23.754043,90.421787,22.91,39,473,completed,2026-05-08T15:54:50+06:00,True,Pathao,PTH-DRV-001,Nayeem Sarker,8801967036821,driver,Bike,Dhaka-Metro-LA-50-6184,2025-12-26,4.94,active,Tejgaon,58,41,819,2026-02-10T15:17:23+06:00,2026-08-09T07:35:51+06:00
1011,USR085,+8801306840379,Sumaiya Hasan,PTH-RIDE-0001012,2026-02-14T01:39:55+06:00,Bike,Uttara,23.881361,90.384924,Mohammadpur,23.771366,90.36094,10.93,23,303,cancelled_by_user,2026-02-14T02:19:55+06:00,True,Pathao,PTH-DRV-002,Sabbir Ali,8801715535227,driver,Bike,Dhaka-Metro-LA-43-4404,2024-01-15,4.70,active,Uttara,47,34,1379,2026-02-14T01:39:55+06:00,2026-08-09T11:23:20+06:00
1012,USR085,+8801306840379,Sumaiya Hasan,PTH-RIDE-0001013,2026-05-15T23:47:25+06:00,Bike,Khilgaon,23.744849,90.429263,Shyamoli,23.767172,90.372885,12.01,21,316,completed,2026-05-16T00:21:25+06:00,True,Pathao,PTH-DRV-007,Rafi Chowdhury,8801972545462,driver,Bike,Dhaka-Metro-LA-49-8611,2025-12-04,4.63,active,Dhanmondi,50,31,630,2026-02-16T20:14:06+06:00,2026-08-08T21:37:30+06:00
1013,USR085,+8801306840379,Sumaiya Hasan,PTH-RIDE-0001014,2026-04-18T13:02:14+06:00,Premium Car,Mohakhali,23.783004,90.40082,Wari,23.717845,90.424888,6.84,46,450,completed,2026-04-18T13:58:14+06:00,True,Pathao,PTH-DRV-022,Rony Ahmed,8801406140466,driver,Premium Car,Dhaka-Metro-GA-14-3862,2024-03-08,4.36,active,Mohakhali,49,32,280,2026-02-19T05:07:42+06:00,2026-08-10T16:43:15+06:00
1014,USR085,+8801306840379,Sumaiya Hasan,PTH-RIDE-0001015,2026-02-27T11:09:02+06:00,Bike,Dhanmondi,23.744877,90.379097,Shyamoli,23.782187,90.365849,19.41,57,417,completed,2026-02-27T12:09:02+06:00,True,Pathao,PTH-DRV-007,Rafi Chowdhury,8801972545462,driver,Bike,Dhaka-Metro-LA-49-8611,2025-12-04,4.63,active,Dhanmondi,50,31,630,2026-02-16T20:14:06+06:00,2026-08-08T21:37:30+06:00
1015,USR085,+8801306840379,Sumaiya Hasan,PTH-RIDE-0001016,2026-02-26T14:13:15+06:00,Premium Car,Pallabi,23.821835,90.36818,Banani,23.791732,90.406791,3.31,59,280,completed,2026-02-26T15:29:15+06:00,True,Pathao,PTH-DRV-022,Rony Ahmed,8801406140466,driver,Premium Car,Dhaka-Metro-GA-14-3862,2024-03-08,4.36,active,Mohakhali,49,32,280,2026-02-19T05:07:42+06:00,2026-08-10T16:43:15+06:00
1016,USR085,+8801306840379,Sumaiya Hasan,PTH-RIDE-0001017,2026-02-17T21:13:07+06:00,Bike,Gulshan,23.799369,90.40922,Old Dhaka,23.709436,90.416018,6.4,25,155,cancelled_by_rider,2026-02-17T21:46:07+06:00,True,Pathao,PTH-DRV-004,Noman Islam,8801433479792,driver,Bike,Dhaka-Metro-LA-16-4147,2024-04-07,4.84,active,Badda,45,26,1163,2026-02-10T19:35:38+06:00,2026-08-06T22:59:51+06:00
1017,USR085,+8801306840379,Sumaiya Hasan,PTH-RIDE-0001018,2026-04-03T18:01:44+06:00,Car,Old Dhaka,23.718128,90.401555,Bashundhara,23.821359,90.418266,1.38,68,136,completed,2026-04-03T19:31:44+06:00,True,Pathao,PTH-DRV-009,Shakil Mahmud,8801713605120,driver,Car,Dhaka-Metro-GA-18-9142,2026-02-13,4.51,active,Wari,51,33,1315,2026-02-13T19:17:45+06:00,2026-08-09T23:46:24+06:00
1018,USR086,+8801639713895,Anika Akter,PTH-RIDE-0001019,2026-04-04T17:00:42+06:00,Premium Car,Mirpur,23.823474,90.359013,Mohammadpur,23.775609,90.358661,19.96,64,888,cancelled_by_rider,2026-04-04T18:15:42+06:00,True,Pathao,PTH-DRV-021,Shuvo Chowdhury,8801396729644,driver,Premium Car,Dhaka-Metro-GA-18-5728,2024-05-09,4.49,active,Mirpur,61,41,785,2026-02-10T13:58:31+06:00,2026-08-07T01:44:36+06:00
1019,USR086,+8801639713895,Anika Akter,PTH-RIDE-0001020,2026-07-06T11:10:51+06:00,Car,Mohakhali,23.770696,90.398986,Badda,23.78933,90.429967,10.15,73,478,cancelled_by_rider,2026-07-06T12:46:51+06:00,True,Pathao,PTH-DRV-015,Sumon Ahmed,8801592246260,driver,Car,Dhaka-Metro-GA-47-2377,2024-09-19,4.91,temporarily_inactive,Gulshan,51,33,344,2026-02-20T06:37:41+06:00,2026-08-08T17:20:03+06:00
1020,USR086,+8801639713895,Anika Akter,PTH-RIDE-0001021,2026-03-27T19:08:44+06:00,Car,Rampura,23.759401,90.429691,Old Dhaka,23.704287,90.401487,17.09,79,684,completed,2026-03-27T20:42:44+06:00,True,Pathao,PTH-DRV-012,Sakib Mahmud,8801701651316,driver,Car,Dhaka-Metro-GA-26-4203,2025-11-08,4.74,active,Bashundhara,50,31,1374,2026-02-18T14:40:42+06:00,2026-08-10T20:12:47+06:00
1021,USR086,+8801639713895,Anika Akter,PTH-RIDE-0001022,2026-02-27T18:41:00+06:00,Car,Pallabi,23.835337,90.358569,Rampura,23.760071,90.429386,5.58,53,250,completed,2026-02-27T19:43:00+06:00,True,Pathao,PTH-DRV-013,Noman Sheikh,8801702482414,driver,Car,Dhaka-Metro-GA-32-1635,2024-02-24,4.40,active,Dhanmondi,57,37,919,2026-02-12T18:33:16+06:00,2026-08-07T07:51:54+06:00
1022,USR086,+8801639713895,Anika Akter,PTH-RIDE-0001023,2026-06-30T19:31:13+06:00,Premium Car,Badda,23.785271,90.420074,Rampura,23.761597,90.422916,2.99,63,279,completed,2026-06-30T20:59:13+06:00,True,Pathao,PTH-DRV-017,Rubel Hossain,8801596800093,driver,Premium Car,Dhaka-Metro-GA-59-1389,2023-10-30,4.39,active,Dhanmondi,43,24,856,2026-02-13T21:12:16+06:00,2026-07-24T19:50:49+06:00
1023,USR086,+8801639713895,Anika Akter,PTH-RIDE-0001024,2026-03-18T12:58:13+06:00,Bike,Pallabi,23.832222,90.371793,Badda,23.784206,90.420342,23.74,38,484,completed,2026-03-18T13:46:13+06:00,True,Pathao,PTH-DRV-005,Mizan Hasan,8801356392834,driver,Bike,Dhaka-Metro-LA-18-8731,2023-05-02,4.42,active,Banani,52,34,1623,2026-02-15T11:45:22+06:00,2026-08-04T01:29:10+06:00
1024,USR086,+8801639713895,Anika Akter,PTH-RIDE-0001025,2026-02-28T09:44:13+06:00,Premium Car,Bashundhara,23.816469,90.422563,Badda,23.773293,90.429647,11.61,46,572,completed,2026-02-28T10:33:13+06:00,True,Pathao,PTH-DRV-022,Rony Ahmed,8801406140466,driver,Premium Car,Dhaka-Metro-GA-14-3862,2024-03-08,4.36,active,Mohakhali,49,32,280,2026-02-19T05:07:42+06:00,2026-08-10T16:43:15+06:00
1025,USR086,+8801639713895,Anika Akter,PTH-RIDE-0001026,2026-07-01T13:30:28+06:00,Premium Car,Gulshan,23.79828,90.406744,Banani,23.793242,90.401829,20.43,21,898,cancelled_by_rider,2026-07-01T14:12:28+06:00,True,Pathao,PTH-DRV-019,Tanvir Hossain,8801568844033,driver,Premium Car,Dhaka-Metro-GA-43-7960,2024-08-01,4.63,active,Gulshan,60,39,678,2026-02-13T02:57:39+06:00,2026-08-10T06:23:33+06:00
1026,USR086,+8801639713895,Anika Akter,PTH-RIDE-0001027,2026-05-17T05:52:33+06:00,Car,Old Dhaka,23.705536,90.415457,Dhanmondi,23.7483,90.376041,9.97,63,433,completed,2026-05-17T07:19:33+06:00,True,Pathao,PTH-DRV-014,Mehedi Hossain,8801466938163,driver,Car,Dhaka-Metro-GA-57-3382,2023-09-28,4.50,active,Farmgate,49,31,1649,2026-02-11T05:29:19+06:00,2026-08-07T22:28:04+06:00
1027,USR087,+8801921599133,Ritu Rahman,PTH-RIDE-0001028,2026-02-12T12:34:17+06:00,Bike,Farmgate,23.760905,90.390604,Motijheel,23.735352,90.425429,8.35,65,187,cancelled_by_rider,2026-02-12T14:00:17+06:00,True,Pathao,PTH-DRV-008,Al Amin Sarker,8801690558459,driver,Bike,Dhaka-Metro-LA-55-6224,2023-03-18,4.43,active,Farmgate,41,26,1395,2026-02-12T12:34:17+06:00,2026-08-07T03:04:20+06:00
1028,USR087,+8801921599133,Ritu Rahman,PTH-RIDE-0001029,2026-08-05T15:57:04+06:00,Car,Gulshan,23.795655,90.41058,Uttara,23.876989,90.387609,15.38,49,603,completed,2026-08-05T17:00:04+06:00,True,Pathao,PTH-DRV-015,Sumon Ahmed,8801592246260,driver,Car,Dhaka-Metro-GA-47-2377,2024-09-19,4.91,temporarily_inactive,Gulshan,51,33,344,2026-02-20T06:37:41+06:00,2026-08-08T17:20:03+06:00
1029,USR087,+8801921599133,Ritu Rahman,PTH-RIDE-0001030,2026-05-04T11:02:58+06:00,Premium Car,Old Dhaka,23.702682,90.402226,Shyamoli,23.77208,90.356055,21.07,73,926,cancelled_by_user,2026-05-04T12:27:58+06:00,True,Pathao,PTH-DRV-017,Rubel Hossain,8801596800093,driver,Premium Car,Dhaka-Metro-GA-59-1389,2023-10-30,4.39,active,Dhanmondi,43,24,856,2026-02-13T21:12:16+06:00,2026-07-24T19:50:49+06:00
1030,USR087,+8801921599133,Ritu Rahman,PTH-RIDE-0001031,2026-03-02T02:15:11+06:00,Bike,Badda,23.788162,90.418933,Gulshan,23.791728,90.40363,14.9,59,334,cancelled_by_rider,2026-03-02T03:35:11+06:00,True,Pathao,PTH-DRV-004,Noman Islam,8801433479792,driver,Bike,Dhaka-Metro-LA-16-4147,2024-04-07,4.84,active,Badda,45,26,1163,2026-02-10T19:35:38+06:00,2026-08-06T22:59:51+06:00
1031,USR087,+8801921599133,Ritu Rahman,PTH-RIDE-0001032,2026-02-16T20:14:06+06:00,Bike,Dhanmondi,23.753495,90.372786,Pallabi,23.827257,90.369024,11.57,34,286,completed,2026-02-16T21:09:06+06:00,True,Pathao,PTH-DRV-007,Rafi Chowdhury,8801972545462,driver,Bike,Dhaka-Metro-LA-49-8611,2025-12-04,4.63,active,Dhanmondi,50,31,630,2026-02-16T20:14:06+06:00,2026-08-08T21:37:30+06:00
1032,USR087,+8801921599133,Ritu Rahman,PTH-RIDE-0001033,2026-03-22T12:57:02+06:00,Premium Car,Khilgaon,23.744927,90.423886,Banani,23.787502,90.415363,7.94,23,473,completed,2026-03-22T13:41:02+06:00,True,Pathao,PTH-DRV-020,Sabbir Mahmud,8801520665194,driver,Premium Car,Dhaka-Metro-GA-27-7652,2025-07-04,4.51,active,Khilgaon,46,33,891,2026-02-15T21:25:09+06:00,2026-08-09T14:56:20+06:00
1033,USR087,+8801921599133,Ritu Rahman,PTH-RIDE-0001034,2026-02-18T07:58:38+06:00,Car,Rampura,23.761026,90.419483,Banani,23.788972,90.40083,8.64,29,348,completed,2026-02-18T08:45:38+06:00,True,Pathao,PTH-DRV-014,Mehedi Hossain,8801466938163,driver,Car,Dhaka-Metro-GA-57-3382,2023-09-28,4.50,active,Farmgate,49,31,1649,2026-02-11T05:29:19+06:00,2026-08-07T22:28:04+06:00
1034,USR087,+8801921599133,Ritu Rahman,PTH-RIDE-0001035,2026-05-13T15:25:17+06:00,Car,Motijheel,23.728119,90.412899,Gulshan,23.794925,90.410385,15.32,59,640,completed,2026-05-13T16:37:17+06:00,True,Pathao,PTH-DRV-010,Zahid Chowdhury,8801738695856,driver,Car,Dhaka-Metro-GA-12-2328,2024-05-16,4.86,active,Badda,44,28,403,2026-02-10T07:45:59+06:00,2026-08-10T20:38:42+06:00
1035,USR087,+8801921599133,Ritu Rahman,PTH-RIDE-0001036,2026-06-23T21:08:49+06:00,Bike,Tejgaon,23.765527,90.39008,Badda,23.778135,90.424757,14.49,54,340,completed,2026-06-23T22:21:49+06:00,True,Pathao,PTH-DRV-001,Nayeem Sarker,8801967036821,driver,Bike,Dhaka-Metro-LA-50-6184,2025-12-26,4.94,active,Tejgaon,58,41,819,2026-02-10T15:17:23+06:00,2026-08-09T07:35:51+06:00
1036,USR087,+8801921599133,Ritu Rahman,PTH-RIDE-0001037,2026-04-11T04:44:45+06:00,Car,Mohakhali,23.777439,90.404463,Uttara,23.872546,90.381998,19.11,39,718,completed,2026-04-11T05:46:45+06:00,True,Pathao,PTH-DRV-013,Noman Sheikh,8801702482414,driver,Car,Dhaka-Metro-GA-32-1635,2024-02-24,4.40,active,Dhanmondi,57,37,919,2026-02-12T18:33:16+06:00,2026-08-07T07:51:54+06:00
1037,USR088,+8801946307762,Fahim Jahan,PTH-RIDE-0001038,2026-04-27T02:01:44+06:00,Premium Car,Mohammadpur,23.772615,90.361364,Wari,23.713037,90.408502,18.53,39,895,completed,2026-04-27T02:49:44+06:00,True,Pathao,PTH-DRV-023,Al Amin Khan,8801354736696,driver,Premium Car,Dhaka-Metro-GA-39-9114,2023-07-25,4.89,active,Mohammadpur,44,34,437,2026-02-24T14:00:15+06:00,2026-08-10T04:16:51+06:00
1038,USR088,+8801946307762,Fahim Jahan,PTH-RIDE-0001039,2026-03-02T05:10:57+06:00,Premium Car,Uttara,23.87156,90.377887,Motijheel,23.737703,90.423719,19.97,60,892,completed,2026-03-02T06:32:57+06:00,True,Pathao,PTH-DRV-024,Sabbir Mia,8801635920547,driver,Premium Car,Dhaka-Metro-GA-29-9550,2026-02-19,4.75,active,Motijheel,52,34,1609,2026-02-14T00:28:05+06:00,2026-08-06T16:02:46+06:00
1039,USR088,+8801946307762,Fahim Jahan,PTH-RIDE-0001040,2026-04-15T08:39:21+06:00,Premium Car,Mohammadpur,23.764674,90.354365,Old Dhaka,23.711542,90.405513,16.09,76,768,completed,2026-04-15T10:00:21+06:00,True,Pathao,PTH-DRV-023,Al Amin Khan,8801354736696,driver,Premium Car,Dhaka-Metro-GA-39-9114,2023-07-25,4.89,active,Mohammadpur,44,34,437,2026-02-24T14:00:15+06:00,2026-08-10T04:16:51+06:00
1040,USR088,+8801946307762,Fahim Jahan,PTH-RIDE-0001041,2026-02-20T14:11:58+06:00,Car,Banani,23.787016,90.40913,Rampura,23.754401,90.422199,18.09,78,713,cancelled_by_user,2026-02-20T15:42:58+06:00,True,Pathao,PTH-DRV-011,Mamun Khan,8801426550582,driver,Car,Dhaka-Metro-GA-36-9704,2025-07-14,4.26,active,Banani,45,31,1368,2026-02-20T14:11:58+06:00,2026-08-06T12:43:24+06:00
1041,USR088,+8801946307762,Fahim Jahan,PTH-RIDE-0001042,2026-05-11T03:52:05+06:00,Premium Car,Farmgate,23.752786,90.387732,Badda,23.771662,90.43201,7.87,67,500,completed,2026-05-11T05:08:05+06:00,True,Pathao,PTH-DRV-018,Riyad Khan,8801895144376,driver,Premium Car,Dhaka-Metro-GA-42-9702,2025-06-18,4.52,active,Farmgate,48,32,1798,2026-03-16T13:11:54+06:00,2026-08-10T14:18:39+06:00
1042,USR088,+8801946307762,Fahim Jahan,PTH-RIDE-0001043,2026-05-26T02:08:57+06:00,Premium Car,Mirpur,23.829534,90.359449,Uttara,23.879226,90.371606,20.07,77,886,completed,2026-05-26T03:38:57+06:00,True,Pathao,PTH-DRV-021,Shuvo Chowdhury,8801396729644,driver,Premium Car,Dhaka-Metro-GA-18-5728,2024-05-09,4.49,active,Mirpur,61,41,785,2026-02-10T13:58:31+06:00,2026-08-07T01:44:36+06:00
1043,USR088,+8801946307762,Fahim Jahan,PTH-RIDE-0001044,2026-07-21T23:56:13+06:00,Bike,Gulshan,23.784146,90.408163,Bashundhara,23.819719,90.434205,6.53,27,173,cancelled_by_user,2026-07-22T00:46:13+06:00,True,Pathao,PTH-DRV-002,Sabbir Ali,8801715535227,driver,Bike,Dhaka-Metro-LA-43-4404,2024-01-15,4.70,active,Uttara,47,34,1379,2026-02-14T01:39:55+06:00,2026-08-09T11:23:20+06:00
1044,USR088,+8801946307762,Fahim Jahan,PTH-RIDE-0001045,2026-05-23T12:06:21+06:00,Premium Car,Shyamoli,23.782243,90.372086,Mirpur,23.817274,90.363277,11.65,80,635,cancelled_by_rider,2026-05-23T13:50:21+06:00,True,Pathao,PTH-DRV-019,Tanvir Hossain,8801568844033,driver,Premium Car,Dhaka-Metro-GA-43-7960,2024-08-01,4.63,active,Gulshan,60,39,678,2026-02-13T02:57:39+06:00,2026-08-10T06:23:33+06:00
1045,USR088,+8801946307762,Fahim Jahan,PTH-RIDE-0001046,2026-07-04T10:38:07+06:00,Premium Car,Old Dhaka,23.709366,90.405922,Farmgate,23.74929,90.387932,22.53,15,1058,completed,2026-07-04T11:00:07+06:00,True,Pathao,PTH-DRV-022,Rony Ahmed,8801406140466,driver,Premium Car,Dhaka-Metro-GA-14-3862,2024-03-08,4.36,active,Mohakhali,49,32,280,2026-02-19T05:07:42+06:00,2026-08-10T16:43:15+06:00
1046,USR088,+8801946307762,Fahim Jahan,PTH-RIDE-0001047,2026-04-22T21:11:46+06:00,Premium Car,Mohakhali,23.771301,90.401743,Uttara,23.867848,90.385911,23.76,69,1106,completed,2026-04-22T22:43:46+06:00,True,Pathao,PTH-DRV-022,Rony Ahmed,8801406140466,driver,Premium Car,Dhaka-Metro-GA-14-3862,2024-03-08,4.36,active,Mohakhali,49,32,280,2026-02-19T05:07:42+06:00,2026-08-10T16:43:15+06:00
1047,USR089,+8801866536151,Fahim Islam,PTH-RIDE-0001048,2026-05-28T19:38:48+06:00,Premium Car,Dhanmondi,23.754031,90.381298,Badda,23.780857,90.429653,16.59,33,762,cancelled_by_rider,2026-05-28T20:35:48+06:00,True,Pathao,PTH-DRV-017,Rubel Hossain,8801596800093,driver,Premium Car,Dhaka-Metro-GA-59-1389,2023-10-30,4.39,active,Dhanmondi,43,24,856,2026-02-13T21:12:16+06:00,2026-07-24T19:50:49+06:00
1048,USR089,+8801866536151,Fahim Islam,PTH-RIDE-0001049,2026-07-26T14:01:33+06:00,Car,Dhanmondi,23.755106,90.383799,Uttara,23.871243,90.387083,11.23,27,426,completed,2026-07-26T14:41:33+06:00,True,Pathao,PTH-DRV-013,Noman Sheikh,8801702482414,driver,Car,Dhaka-Metro-GA-32-1635,2024-02-24,4.40,active,Dhanmondi,57,37,919,2026-02-12T18:33:16+06:00,2026-08-07T07:51:54+06:00
1049,USR089,+8801866536151,Fahim Islam,PTH-RIDE-0001050,2026-07-09T06:30:29+06:00,Bike,Wari,23.727988,90.41031,Mohakhali,23.785243,90.392655,17.82,16,425,completed,2026-07-09T07:04:29+06:00,True,Pathao,PTH-DRV-003,Emon Mollah,8801458656775,driver,Bike,Dhaka-Metro-LA-44-1806,2025-05-16,4.33,active,Wari,47,33,1457,2026-02-15T14:20:09+06:00,2026-08-05T18:34:40+06:00
1050,USR089,+8801866536151,Fahim Islam,PTH-RIDE-0001051,2026-07-16T13:25:14+06:00,Premium Car,Wari,23.723134,90.424319,Motijheel,23.726534,90.420832,16.52,28,849,completed,2026-07-16T14:12:14+06:00,True,Pathao,PTH-DRV-019,Tanvir Hossain,8801568844033,driver,Premium Car,Dhaka-Metro-GA-43-7960,2024-08-01,4.63,active,Gulshan,60,39,678,2026-02-13T02:57:39+06:00,2026-08-10T06:23:33+06:00
1051,USR089,+8801866536151,Fahim Islam,PTH-RIDE-0001052,2026-04-24T02:53:02+06:00,Premium Car,Uttara,23.875597,90.375994,Motijheel,23.728324,90.423104,5.22,75,335,cancelled_by_user,2026-04-24T04:19:02+06:00,True,Pathao,PTH-DRV-022,Rony Ahmed,8801406140466,driver,Premium Car,Dhaka-Metro-GA-14-3862,2024-03-08,4.36,active,Mohakhali,49,32,280,2026-02-19T05:07:42+06:00,2026-08-10T16:43:15+06:00
1052,USR089,+8801866536151,Fahim Islam,PTH-RIDE-0001053,2026-03-18T14:48:28+06:00,Bike,Badda,23.789133,90.425658,Old Dhaka,23.709675,90.413859,20.68,67,476,cancelled_by_user,2026-03-18T16:13:28+06:00,True,Pathao,PTH-DRV-004,Noman Islam,8801433479792,driver,Bike,Dhaka-Metro-LA-16-4147,2024-04-07,4.84,active,Badda,45,26,1163,2026-02-10T19:35:38+06:00,2026-08-06T22:59:51+06:00
1053,USR089,+8801866536151,Fahim Islam,PTH-RIDE-0001054,2026-05-13T01:46:07+06:00,Car,Badda,23.782458,90.429825,Motijheel,23.724463,90.41011,18.22,67,687,completed,2026-05-13T03:00:07+06:00,True,Pathao,PTH-DRV-010,Zahid Chowdhury,8801738695856,driver,Car,Dhaka-Metro-GA-12-2328,2024-05-16,4.86,active,Badda,44,28,403,2026-02-10T07:45:59+06:00,2026-08-10T20:38:42+06:00
1054,USR089,+8801866536151,Fahim Islam,PTH-RIDE-0001055,2026-07-20T23:09:29+06:00,Premium Car,Dhanmondi,23.745272,90.380982,Mohammadpur,23.777104,90.367201,9.36,48,493,cancelled_by_rider,2026-07-21T00:12:29+06:00,True,Pathao,PTH-DRV-017,Rubel Hossain,8801596800093,driver,Premium Car,Dhaka-Metro-GA-59-1389,2023-10-30,4.39,active,Dhanmondi,43,24,856,2026-02-13T21:12:16+06:00,2026-07-24T19:50:49+06:00
1055,USR089,+8801866536151,Fahim Islam,PTH-RIDE-0001056,2026-08-03T06:10:26+06:00,Premium Car,Khilgaon,23.753487,90.42244,Pallabi,23.827382,90.360475,18.7,66,863,completed,2026-08-03T07:25:26+06:00,True,Pathao,PTH-DRV-020,Sabbir Mahmud,8801520665194,driver,Premium Car,Dhaka-Metro-GA-27-7652,2025-07-04,4.51,active,Khilgaon,46,33,891,2026-02-15T21:25:09+06:00,2026-08-09T14:56:20+06:00
1056,USR089,+8801866536151,Fahim Islam,PTH-RIDE-0001057,2026-06-03T07:49:54+06:00,Bike,Old Dhaka,23.711706,90.405373,Rampura,23.762135,90.427157,21.53,29,442,cancelled_by_rider,2026-06-03T08:22:54+06:00,True,Pathao,PTH-DRV-003,Emon Mollah,8801458656775,driver,Bike,Dhaka-Metro-LA-44-1806,2025-05-16,4.33,active,Wari,47,33,1457,2026-02-15T14:20:09+06:00,2026-08-05T18:34:40+06:00
1057,USR089,+8801866536151,Fahim Islam,PTH-RIDE-0001058,2026-02-24T18:20:43+06:00,Bike,Farmgate,23.761388,90.385966,Rampura,23.76998,90.424942,9.8,9,252,completed,2026-02-24T18:32:43+06:00,True,Pathao,PTH-DRV-008,Al Amin Sarker,8801690558459,driver,Bike,Dhaka-Metro-LA-55-6224,2023-03-18,4.43,active,Farmgate,41,26,1395,2026-02-12T12:34:17+06:00,2026-08-07T03:04:20+06:00
1058,USR089,+8801866536151,Fahim Islam,PTH-RIDE-0001059,2026-04-11T02:14:28+06:00,Car,Mohammadpur,23.768382,90.362496,Khilgaon,23.7445,90.426004,19.8,55,748,cancelled_by_user,2026-04-11T03:22:28+06:00,True,Pathao,PTH-DRV-014,Mehedi Hossain,8801466938163,driver,Car,Dhaka-Metro-GA-57-3382,2023-09-28,4.50,active,Farmgate,49,31,1649,2026-02-11T05:29:19+06:00,2026-08-07T22:28:04+06:00
1059,USR089,+8801866536151,Fahim Islam,PTH-RIDE-0001060,2026-07-27T04:42:49+06:00,Premium Car,Tejgaon,23.754963,90.392794,Pallabi,23.826464,90.368174,16.15,16,780,completed,2026-07-27T05:05:49+06:00,True,Pathao,PTH-DRV-024,Sabbir Mia,8801635920547,driver,Premium Car,Dhaka-Metro-GA-29-9550,2026-02-19,4.75,active,Motijheel,52,34,1609,2026-02-14T00:28:05+06:00,2026-08-06T16:02:46+06:00
1060,USR089,+8801866536151,Fahim Islam,PTH-RIDE-0001061,2026-04-18T09:50:38+06:00,Car,Khilgaon,23.751117,90.422684,Wari,23.716985,90.420159,24.67,57,928,cancelled_by_user,2026-04-18T10:56:38+06:00,True,Pathao,PTH-DRV-016,Imran Karim,8801417391915,driver,Car,Dhaka-Metro-GA-50-2706,2024-09-14,4.65,active,Khilgaon,43,28,1106,2026-02-13T07:06:14+06:00,2026-08-04T07:56:48+06:00
1061,USR089,+8801866536151,Fahim Islam,PTH-RIDE-0001062,2026-06-02T18:15:02+06:00,Bike,Dhanmondi,23.752503,90.371344,Mirpur,23.826483,90.368436,3.39,22,99,cancelled_by_user,2026-06-02T18:47:02+06:00,True,Pathao,PTH-DRV-007,Rafi Chowdhury,8801972545462,driver,Bike,Dhaka-Metro-LA-49-8611,2025-12-04,4.63,active,Dhanmondi,50,31,630,2026-02-16T20:14:06+06:00,2026-08-08T21:37:30+06:00
1062,USR090,+8801468450162,Rakib Akter,PTH-RIDE-0001063,2026-08-02T03:19:40+06:00,Premium Car,Uttara,23.878572,90.37814,Badda,23.779064,90.420987,6.64,61,463,completed,2026-08-02T04:42:40+06:00,True,Pathao,PTH-DRV-019,Tanvir Hossain,8801568844033,driver,Premium Car,Dhaka-Metro-GA-43-7960,2024-08-01,4.63,active,Gulshan,60,39,678,2026-02-13T02:57:39+06:00,2026-08-10T06:23:33+06:00
1063,USR090,+8801468450162,Rakib Akter,PTH-RIDE-0001064,2026-04-13T07:57:18+06:00,Bike,Pallabi,23.832859,90.356163,Khilgaon,23.742275,90.4209,15.19,49,305,cancelled_by_user,2026-04-13T08:53:18+06:00,True,Pathao,PTH-DRV-001,Nayeem Sarker,8801967036821,driver,Bike,Dhaka-Metro-LA-50-6184,2025-12-26,4.94,active,Tejgaon,58,41,819,2026-02-10T15:17:23+06:00,2026-08-09T07:35:51+06:00
1064,USR090,+8801468450162,Rakib Akter,PTH-RIDE-0001065,2026-06-18T05:04:52+06:00,Car,Gulshan,23.784043,90.404221,Tejgaon,23.770945,90.391262,24.83,58,895,completed,2026-06-18T06:22:52+06:00,True,Pathao,PTH-DRV-015,Sumon Ahmed,8801592246260,driver,Car,Dhaka-Metro-GA-47-2377,2024-09-19,4.91,temporarily_inactive,Gulshan,51,33,344,2026-02-20T06:37:41+06:00,2026-08-08T17:20:03+06:00
1065,USR090,+8801468450162,Rakib Akter,PTH-RIDE-0001066,2026-05-06T22:07:38+06:00,Bike,Gulshan,23.788991,90.400411,Motijheel,23.738813,90.414029,14.71,20,382,cancelled_by_rider,2026-05-06T22:38:38+06:00,True,Pathao,PTH-DRV-008,Al Amin Sarker,8801690558459,driver,Bike,Dhaka-Metro-LA-55-6224,2023-03-18,4.43,active,Farmgate,41,26,1395,2026-02-12T12:34:17+06:00,2026-08-07T03:04:20+06:00
1066,USR090,+8801468450162,Rakib Akter,PTH-RIDE-0001067,2026-07-15T12:52:00+06:00,Premium Car,Mohakhali,23.775973,90.399686,Shyamoli,23.773921,90.359246,18.16,20,843,cancelled_by_rider,2026-07-15T13:24:00+06:00,True,Pathao,PTH-DRV-022,Rony Ahmed,8801406140466,driver,Premium Car,Dhaka-Metro-GA-14-3862,2024-03-08,4.36,active,Mohakhali,49,32,280,2026-02-19T05:07:42+06:00,2026-08-10T16:43:15+06:00
1067,USR090,+8801468450162,Rakib Akter,PTH-RIDE-0001068,2026-07-26T06:49:23+06:00,Bike,Dhanmondi,23.748457,90.379988,Tejgaon,23.766458,90.396603,13.44,39,333,cancelled_by_user,2026-07-26T07:30:23+06:00,True,Pathao,PTH-DRV-007,Rafi Chowdhury,8801972545462,driver,Bike,Dhaka-Metro-LA-49-8611,2025-12-04,4.63,active,Dhanmondi,50,31,630,2026-02-16T20:14:06+06:00,2026-08-08T21:37:30+06:00
1068,USR090,+8801468450162,Rakib Akter,PTH-RIDE-0001069,2026-03-16T13:11:54+06:00,Premium Car,Badda,23.786921,90.418691,Rampura,23.765276,90.426667,4.05,55,314,cancelled_by_user,2026-03-16T14:30:54+06:00,True,Pathao,PTH-DRV-018,Riyad Khan,8801895144376,driver,Premium Car,Dhaka-Metro-GA-42-9702,2025-06-18,4.52,active,Farmgate,48,32,1798,2026-03-16T13:11:54+06:00,2026-08-10T14:18:39+06:00
1069,USR090,+8801468450162,Rakib Akter,PTH-RIDE-0001070,2026-03-07T20:26:29+06:00,Bike,Mirpur,23.823634,90.360789,Farmgate,23.750376,90.391463,15.18,13,332,cancelled_by_user,2026-03-07T20:42:29+06:00,True,Pathao,PTH-DRV-001,Nayeem Sarker,8801967036821,driver,Bike,Dhaka-Metro-LA-50-6184,2025-12-26,4.94,active,Tejgaon,58,41,819,2026-02-10T15:17:23+06:00,2026-08-09T07:35:51+06:00
1070,USR090,+8801468450162,Rakib Akter,PTH-RIDE-0001071,2026-07-02T04:10:56+06:00,Premium Car,Mohakhali,23.772527,90.400803,Gulshan,23.785813,90.400836,18.77,50,872,cancelled_by_rider,2026-07-02T05:14:56+06:00,True,Pathao,PTH-DRV-022,Rony Ahmed,8801406140466,driver,Premium Car,Dhaka-Metro-GA-14-3862,2024-03-08,4.36,active,Mohakhali,49,32,280,2026-02-19T05:07:42+06:00,2026-08-10T16:43:15+06:00
1071,USR090,+8801468450162,Rakib Akter,PTH-RIDE-0001072,2026-06-18T22:32:33+06:00,Premium Car,Dhanmondi,23.746193,90.37794,Shyamoli,23.781732,90.364141,14.12,25,719,completed,2026-06-18T23:18:33+06:00,True,Pathao,PTH-DRV-017,Rubel Hossain,8801596800093,driver,Premium Car,Dhaka-Metro-GA-59-1389,2023-10-30,4.39,active,Dhanmondi,43,24,856,2026-02-13T21:12:16+06:00,2026-07-24T19:50:49+06:00
1072,USR091,+8801635904892,Shihab Rahman,PTH-RIDE-0001073,2026-06-15T15:23:52+06:00,Premium Car,Badda,23.772467,90.428924,Mirpur,23.814552,90.370361,9.13,10,531,completed,2026-06-15T15:41:52+06:00,True,Pathao,PTH-DRV-021,Shuvo Chowdhury,8801396729644,driver,Premium Car,Dhaka-Metro-GA-18-5728,2024-05-09,4.49,active,Mirpur,61,41,785,2026-02-10T13:58:31+06:00,2026-08-07T01:44:36+06:00
1073,USR091,+8801635904892,Shihab Rahman,PTH-RIDE-0001074,2026-03-31T01:05:40+06:00,Premium Car,Uttara,23.884151,90.379352,Farmgate,23.764641,90.390099,11.47,68,572,completed,2026-03-31T02:15:40+06:00,True,Pathao,PTH-DRV-022,Rony Ahmed,8801406140466,driver,Premium Car,Dhaka-Metro-GA-14-3862,2024-03-08,4.36,active,Mohakhali,49,32,280,2026-02-19T05:07:42+06:00,2026-08-10T16:43:15+06:00
1074,USR091,+8801635904892,Shihab Rahman,PTH-RIDE-0001075,2026-06-15T16:02:07+06:00,Car,Farmgate,23.76402,90.393321,Old Dhaka,23.711006,90.415673,8.0,11,382,completed,2026-06-15T16:15:07+06:00,True,Pathao,PTH-DRV-014,Mehedi Hossain,8801466938163,driver,Car,Dhaka-Metro-GA-57-3382,2023-09-28,4.50,active,Farmgate,49,31,1649,2026-02-11T05:29:19+06:00,2026-08-07T22:28:04+06:00
1075,USR091,+8801635904892,Shihab Rahman,PTH-RIDE-0001076,2026-06-17T23:03:15+06:00,Car,Shyamoli,23.772013,90.356834,Banani,23.801307,90.400333,1.5,55,129,completed,2026-06-18T00:13:15+06:00,True,Pathao,PTH-DRV-009,Shakil Mahmud,8801713605120,driver,Car,Dhaka-Metro-GA-18-9142,2026-02-13,4.51,active,Wari,51,33,1315,2026-02-13T19:17:45+06:00,2026-08-09T23:46:24+06:00
1076,USR091,+8801635904892,Shihab Rahman,PTH-RIDE-0001077,2026-05-08T04:27:47+06:00,Bike,Rampura,23.759293,90.418526,Bashundhara,23.814086,90.425182,1.68,22,134,completed,2026-05-08T04:55:47+06:00,True,Pathao,PTH-DRV-003,Emon Mollah,8801458656775,driver,Bike,Dhaka-Metro-LA-44-1806,2025-05-16,4.33,active,Wari,47,33,1457,2026-02-15T14:20:09+06:00,2026-08-05T18:34:40+06:00
1077,USR091,+8801635904892,Shihab Rahman,PTH-RIDE-0001078,2026-05-01T18:40:11+06:00,Car,Mohammadpur,23.762716,90.362249,Tejgaon,23.765233,90.385422,11.09,49,522,cancelled_by_user,2026-05-01T19:45:11+06:00,True,Pathao,PTH-DRV-011,Mamun Khan,8801426550582,driver,Car,Dhaka-Metro-GA-36-9704,2025-07-14,4.26,active,Banani,45,31,1368,2026-02-20T14:11:58+06:00,2026-08-06T12:43:24+06:00
1078,USR091,+8801635904892,Shihab Rahman,PTH-RIDE-0001079,2026-04-07T18:51:28+06:00,Car,Bashundhara,23.807577,90.422311,Khilgaon,23.750068,90.436447,17.18,29,612,completed,2026-04-07T19:29:28+06:00,True,Pathao,PTH-DRV-012,Sakib Mahmud,8801701651316,driver,Car,Dhaka-Metro-GA-26-4203,2025-11-08,4.74,active,Bashundhara,50,31,1374,2026-02-18T14:40:42+06:00,2026-08-10T20:12:47+06:00
1079,USR091,+8801635904892,Shihab Rahman,PTH-RIDE-0001080,2026-06-22T22:59:26+06:00,Bike,Dhanmondi,23.752665,90.380986,Wari,23.730797,90.419642,12.36,52,259,cancelled_by_user,2026-06-23T00:04:26+06:00,True,Pathao,PTH-DRV-007,Rafi Chowdhury,8801972545462,driver,Bike,Dhaka-Metro-LA-49-8611,2025-12-04,4.63,active,Dhanmondi,50,31,630,2026-02-16T20:14:06+06:00,2026-08-08T21:37:30+06:00
1080,USR091,+8801635904892,Shihab Rahman,PTH-RIDE-0001081,2026-06-02T15:23:04+06:00,Car,Wari,23.713085,90.413121,Pallabi,23.838029,90.363577,9.2,57,460,cancelled_by_rider,2026-06-02T16:38:04+06:00,True,Pathao,PTH-DRV-009,Shakil Mahmud,8801713605120,driver,Car,Dhaka-Metro-GA-18-9142,2026-02-13,4.51,active,Wari,51,33,1315,2026-02-13T19:17:45+06:00,2026-08-09T23:46:24+06:00
1081,USR091,+8801635904892,Shihab Rahman,PTH-RIDE-0001082,2026-05-17T12:21:55+06:00,Bike,Motijheel,23.734833,90.408571,Bashundhara,23.817396,90.429881,8.32,80,221,cancelled_by_user,2026-05-17T13:59:55+06:00,True,Pathao,PTH-DRV-008,Al Amin Sarker,8801690558459,driver,Bike,Dhaka-Metro-LA-55-6224,2023-03-18,4.43,active,Farmgate,41,26,1395,2026-02-12T12:34:17+06:00,2026-08-07T03:04:20+06:00
1082,USR091,+8801635904892,Shihab Rahman,PTH-RIDE-0001083,2026-06-19T07:45:04+06:00,Bike,Khilgaon,23.742061,90.427439,Gulshan,23.795651,90.412671,23.15,77,544,completed,2026-06-19T09:27:04+06:00,True,Pathao,PTH-DRV-004,Noman Islam,8801433479792,driver,Bike,Dhaka-Metro-LA-16-4147,2024-04-07,4.84,active,Badda,45,26,1163,2026-02-10T19:35:38+06:00,2026-08-06T22:59:51+06:00
1083,USR092,+8801465058820,Hasan Chowdhury,PTH-RIDE-0001084,2026-06-07T16:22:02+06:00,Premium Car,Uttara,23.872528,90.382817,Khilgaon,23.754823,90.429294,13.42,28,679,completed,2026-06-07T16:52:02+06:00,True,Pathao,PTH-DRV-022,Rony Ahmed,8801406140466,driver,Premium Car,Dhaka-Metro-GA-14-3862,2024-03-08,4.36,active,Mohakhali,49,32,280,2026-02-19T05:07:42+06:00,2026-08-10T16:43:15+06:00
1084,USR092,+8801465058820,Hasan Chowdhury,PTH-RIDE-0001085,2026-07-02T05:24:27+06:00,Car,Tejgaon,23.76864,90.384161,Banani,23.802543,90.40897,10.0,14,480,cancelled_by_rider,2026-07-02T05:45:27+06:00,True,Pathao,PTH-DRV-014,Mehedi Hossain,8801466938163,driver,Car,Dhaka-Metro-GA-57-3382,2023-09-28,4.50,active,Farmgate,49,31,1649,2026-02-11T05:29:19+06:00,2026-08-07T22:28:04+06:00
1085,USR092,+8801465058820,Hasan Chowdhury,PTH-RIDE-0001086,2026-05-18T13:03:03+06:00,Premium Car,Farmgate,23.757374,90.381469,Motijheel,23.729278,90.421658,3.9,44,351,completed,2026-05-18T13:59:03+06:00,True,Pathao,PTH-DRV-018,Riyad Khan,8801895144376,driver,Premium Car,Dhaka-Metro-GA-42-9702,2025-06-18,4.52,active,Farmgate,48,32,1798,2026-03-16T13:11:54+06:00,2026-08-10T14:18:39+06:00
1086,USR092,+8801465058820,Hasan Chowdhury,PTH-RIDE-0001087,2026-06-29T10:23:26+06:00,Bike,Wari,23.719137,90.413276,Motijheel,23.726549,90.421199,12.94,63,315,completed,2026-06-29T11:44:26+06:00,True,Pathao,PTH-DRV-003,Emon Mollah,8801458656775,driver,Bike,Dhaka-Metro-LA-44-1806,2025-05-16,4.33,active,Wari,47,33,1457,2026-02-15T14:20:09+06:00,2026-08-05T18:34:40+06:00
1087,USR092,+8801465058820,Hasan Chowdhury,PTH-RIDE-0001088,2026-04-30T07:08:46+06:00,Bike,Mohammadpur,23.76301,90.362669,Pallabi,23.820698,90.371375,22.54,67,503,completed,2026-04-30T08:36:46+06:00,True,Pathao,PTH-DRV-008,Al Amin Sarker,8801690558459,driver,Bike,Dhaka-Metro-LA-55-6224,2023-03-18,4.43,active,Farmgate,41,26,1395,2026-02-12T12:34:17+06:00,2026-08-07T03:04:20+06:00
1088,USR092,+8801465058820,Hasan Chowdhury,PTH-RIDE-0001089,2026-04-01T23:30:25+06:00,Car,Mirpur,23.824941,90.371332,Farmgate,23.763276,90.393875,15.02,41,620,completed,2026-04-02T00:34:25+06:00,True,Pathao,PTH-DRV-011,Mamun Khan,8801426550582,driver,Car,Dhaka-Metro-GA-36-9704,2025-07-14,4.26,active,Banani,45,31,1368,2026-02-20T14:11:58+06:00,2026-08-06T12:43:24+06:00
1089,USR092,+8801465058820,Hasan Chowdhury,PTH-RIDE-0001090,2026-06-11T08:49:54+06:00,Premium Car,Motijheel,23.730326,90.421084,Old Dhaka,23.70749,90.41422,9.39,42,557,cancelled_by_user,2026-06-11T09:51:54+06:00,True,Pathao,PTH-DRV-024,Sabbir Mia,8801635920547,driver,Premium Car,Dhaka-Metro-GA-29-9550,2026-02-19,4.75,active,Motijheel,52,34,1609,2026-02-14T00:28:05+06:00,2026-08-06T16:02:46+06:00
1090,USR092,+8801465058820,Hasan Chowdhury,PTH-RIDE-0001091,2026-08-02T04:49:34+06:00,Car,Uttara,23.87671,90.371661,Mirpur,23.826594,90.357948,14.08,39,549,completed,2026-08-02T05:33:34+06:00,True,Pathao,PTH-DRV-015,Sumon Ahmed,8801592246260,driver,Car,Dhaka-Metro-GA-47-2377,2024-09-19,4.91,temporarily_inactive,Gulshan,51,33,344,2026-02-20T06:37:41+06:00,2026-08-08T17:20:03+06:00
1091,USR092,+8801465058820,Hasan Chowdhury,PTH-RIDE-0001092,2026-04-28T03:16:34+06:00,Premium Car,Wari,23.719494,90.420067,Mirpur,23.818803,90.36291,15.18,47,798,cancelled_by_user,2026-04-28T04:25:34+06:00,True,Pathao,PTH-DRV-017,Rubel Hossain,8801596800093,driver,Premium Car,Dhaka-Metro-GA-59-1389,2023-10-30,4.39,active,Dhanmondi,43,24,856,2026-02-13T21:12:16+06:00,2026-07-24T19:50:49+06:00
1092,USR092,+8801465058820,Hasan Chowdhury,PTH-RIDE-0001093,2026-05-22T00:47:03+06:00,Bike,Banani,23.800213,90.410437,Motijheel,23.740838,90.409464,10.3,40,296,completed,2026-05-22T01:33:03+06:00,True,Pathao,PTH-DRV-005,Mizan Hasan,8801356392834,driver,Bike,Dhaka-Metro-LA-18-8731,2023-05-02,4.42,active,Banani,52,34,1623,2026-02-15T11:45:22+06:00,2026-08-04T01:29:10+06:00
1093,USR092,+8801465058820,Hasan Chowdhury,PTH-RIDE-0001094,2026-04-21T00:45:53+06:00,Premium Car,Motijheel,23.736724,90.413344,Mirpur,23.828977,90.366262,22.9,25,1034,completed,2026-04-21T01:12:53+06:00,True,Pathao,PTH-DRV-024,Sabbir Mia,8801635920547,driver,Premium Car,Dhaka-Metro-GA-29-9550,2026-02-19,4.75,active,Motijheel,52,34,1609,2026-02-14T00:28:05+06:00,2026-08-06T16:02:46+06:00
1094,USR092,+8801465058820,Hasan Chowdhury,PTH-RIDE-0001095,2026-08-10T20:12:47+06:00,Car,Pallabi,23.82265,90.358353,Tejgaon,23.758718,90.393634,22.29,9,780,cancelled_by_rider,2026-08-10T20:43:47+06:00,True,Pathao,PTH-DRV-012,Sakib Mahmud,8801701651316,driver,Car,Dhaka-Metro-GA-26-4203,2025-11-08,4.74,active,Bashundhara,50,31,1374,2026-02-18T14:40:42+06:00,2026-08-10T20:12:47+06:00
1095,USR092,+8801465058820,Hasan Chowdhury,PTH-RIDE-0001096,2026-03-01T21:17:54+06:00,Premium Car,Khilgaon,23.748602,90.429334,Shyamoli,23.778058,90.366445,10.84,26,600,completed,2026-03-01T22:04:54+06:00,True,Pathao,PTH-DRV-020,Sabbir Mahmud,8801520665194,driver,Premium Car,Dhaka-Metro-GA-27-7652,2025-07-04,4.51,active,Khilgaon,46,33,891,2026-02-15T21:25:09+06:00,2026-08-09T14:56:20+06:00
1096,USR092,+8801465058820,Hasan Chowdhury,PTH-RIDE-0001097,2026-03-10T02:37:14+06:00,Bike,Mirpur,23.816698,90.357188,Mohammadpur,23.769382,90.35826,23.23,59,496,cancelled_by_user,2026-03-10T03:39:14+06:00,True,Pathao,PTH-DRV-005,Mizan Hasan,8801356392834,driver,Bike,Dhaka-Metro-LA-18-8731,2023-05-02,4.42,active,Banani,52,34,1623,2026-02-15T11:45:22+06:00,2026-08-04T01:29:10+06:00
1097,USR093,+8801380734164,Samira Sultana,PTH-RIDE-0001098,2026-05-27T03:33:13+06:00,Car,Bashundhara,23.810981,90.42252,Badda,23.78616,90.43206,15.95,32,648,cancelled_by_rider,2026-05-27T04:30:13+06:00,True,Pathao,PTH-DRV-012,Sakib Mahmud,8801701651316,driver,Car,Dhaka-Metro-GA-26-4203,2025-11-08,4.74,active,Bashundhara,50,31,1374,2026-02-18T14:40:42+06:00,2026-08-10T20:12:47+06:00
1098,USR093,+8801380734164,Samira Sultana,PTH-RIDE-0001099,2026-05-26T07:52:31+06:00,Car,Rampura,23.753968,90.423525,Badda,23.779544,90.420403,21.46,17,828,cancelled_by_user,2026-05-26T08:11:31+06:00,True,Pathao,PTH-DRV-014,Mehedi Hossain,8801466938163,driver,Car,Dhaka-Metro-GA-57-3382,2023-09-28,4.50,active,Farmgate,49,31,1649,2026-02-11T05:29:19+06:00,2026-08-07T22:28:04+06:00
1099,USR093,+8801380734164,Samira Sultana,PTH-RIDE-0001100,2026-07-05T10:44:45+06:00,Bike,Shyamoli,23.77492,90.36585,Badda,23.777711,90.41895,10.21,39,236,completed,2026-07-05T11:42:45+06:00,True,Pathao,PTH-DRV-007,Rafi Chowdhury,8801972545462,driver,Bike,Dhaka-Metro-LA-49-8611,2025-12-04,4.63,active,Dhanmondi,50,31,630,2026-02-16T20:14:06+06:00,2026-08-08T21:37:30+06:00
1100,USR093,+8801380734164,Samira Sultana,PTH-RIDE-0001101,2026-03-19T00:59:22+06:00,Premium Car,Pallabi,23.83137,90.370887,Dhanmondi,23.754107,90.38139,15.67,26,805,cancelled_by_user,2026-03-19T01:31:22+06:00,True,Pathao,PTH-DRV-019,Tanvir Hossain,8801568844033,driver,Premium Car,Dhaka-Metro-GA-43-7960,2024-08-01,4.63,active,Gulshan,60,39,678,2026-02-13T02:57:39+06:00,2026-08-10T06:23:33+06:00
1101,USR093,+8801380734164,Samira Sultana,PTH-RIDE-0001102,2026-03-06T22:23:58+06:00,Bike,Badda,23.771681,90.434248,Mirpur,23.814044,90.356758,12.19,19,344,cancelled_by_user,2026-03-06T22:46:58+06:00,True,Pathao,PTH-DRV-004,Noman Islam,8801433479792,driver,Bike,Dhaka-Metro-LA-16-4147,2024-04-07,4.84,active,Badda,45,26,1163,2026-02-10T19:35:38+06:00,2026-08-06T22:59:51+06:00
1102,USR093,+8801380734164,Samira Sultana,PTH-RIDE-0001103,2026-07-13T09:57:05+06:00,Bike,Badda,23.789528,90.419386,Mohammadpur,23.760447,90.360333,24.9,38,522,completed,2026-07-13T10:55:05+06:00,True,Pathao,PTH-DRV-004,Noman Islam,8801433479792,driver,Bike,Dhaka-Metro-LA-16-4147,2024-04-07,4.84,active,Badda,45,26,1163,2026-02-10T19:35:38+06:00,2026-08-06T22:59:51+06:00
1103,USR093,+8801380734164,Samira Sultana,PTH-RIDE-0001104,2026-08-03T00:23:54+06:00,Premium Car,Mohammadpur,23.76763,90.357428,Mohakhali,23.784898,90.402355,3.59,56,295,completed,2026-08-03T01:37:54+06:00,True,Pathao,PTH-DRV-023,Al Amin Khan,8801354736696,driver,Premium Car,Dhaka-Metro-GA-39-9114,2023-07-25,4.89,active,Mohammadpur,44,34,437,2026-02-24T14:00:15+06:00,2026-08-10T04:16:51+06:00
1104,USR093,+8801380734164,Samira Sultana,PTH-RIDE-0001105,2026-03-08T09:27:56+06:00,Bike,Bashundhara,23.809308,90.42974,Mohammadpur,23.774121,90.362891,4.4,78,109,completed,2026-03-08T10:56:56+06:00,True,Pathao,PTH-DRV-006,Sohel Mia,8801413282469,driver,Bike,Dhaka-Metro-LA-42-7072,2023-11-20,4.46,active,Bashundhara,56,39,678,2026-02-11T19:34:53+06:00,2026-07-27T18:56:51+06:00
1105,USR093,+8801380734164,Samira Sultana,PTH-RIDE-0001106,2026-07-03T20:35:30+06:00,Premium Car,Badda,23.774614,90.431819,Farmgate,23.75978,90.391399,17.21,73,831,cancelled_by_rider,2026-07-03T21:54:30+06:00,True,Pathao,PTH-DRV-024,Sabbir Mia,8801635920547,driver,Premium Car,Dhaka-Metro-GA-29-9550,2026-02-19,4.75,active,Motijheel,52,34,1609,2026-02-14T00:28:05+06:00,2026-08-06T16:02:46+06:00
1106,USR093,+8801380734164,Samira Sultana,PTH-RIDE-0001107,2026-03-24T07:14:23+06:00,Bike,Farmgate,23.765831,90.395811,Pallabi,23.833884,90.371307,2.99,16,85,completed,2026-03-24T07:36:23+06:00,True,Pathao,PTH-DRV-008,Al Amin Sarker,8801690558459,driver,Bike,Dhaka-Metro-LA-55-6224,2023-03-18,4.43,active,Farmgate,41,26,1395,2026-02-12T12:34:17+06:00,2026-08-07T03:04:20+06:00
1107,USR093,+8801380734164,Samira Sultana,PTH-RIDE-0001108,2026-05-12T01:50:35+06:00,Bike,Shyamoli,23.779612,90.36488,Rampura,23.766976,90.41817,19.86,21,436,cancelled_by_rider,2026-05-12T02:31:35+06:00,True,Pathao,PTH-DRV-001,Nayeem Sarker,8801967036821,driver,Bike,Dhaka-Metro-LA-50-6184,2025-12-26,4.94,active,Tejgaon,58,41,819,2026-02-10T15:17:23+06:00,2026-08-09T07:35:51+06:00
1108,USR093,+8801380734164,Samira Sultana,PTH-RIDE-0001109,2026-04-21T07:15:30+06:00,Premium Car,Rampura,23.756464,90.412429,Uttara,23.871136,90.376711,6.69,25,427,completed,2026-04-21T07:51:30+06:00,True,Pathao,PTH-DRV-021,Shuvo Chowdhury,8801396729644,driver,Premium Car,Dhaka-Metro-GA-18-5728,2024-05-09,4.49,active,Mirpur,61,41,785,2026-02-10T13:58:31+06:00,2026-08-07T01:44:36+06:00
1109,USR093,+8801380734164,Samira Sultana,PTH-RIDE-0001110,2026-05-28T12:45:12+06:00,Car,Mirpur,23.825963,90.35748,Banani,23.796411,90.408672,16.65,38,655,completed,2026-05-28T13:38:12+06:00,True,Pathao,PTH-DRV-013,Noman Sheikh,8801702482414,driver,Car,Dhaka-Metro-GA-32-1635,2024-02-24,4.40,active,Dhanmondi,57,37,919,2026-02-12T18:33:16+06:00,2026-08-07T07:51:54+06:00
1110,USR093,+8801380734164,Samira Sultana,PTH-RIDE-0001111,2026-05-16T12:30:54+06:00,Premium Car,Mirpur,23.813887,90.367267,Banani,23.788862,90.397688,7.44,13,471,completed,2026-05-16T13:04:54+06:00,True,Pathao,PTH-DRV-021,Shuvo Chowdhury,8801396729644,driver,Premium Car,Dhaka-Metro-GA-18-5728,2024-05-09,4.49,active,Mirpur,61,41,785,2026-02-10T13:58:31+06:00,2026-08-07T01:44:36+06:00
1111,USR093,+8801380734164,Samira Sultana,PTH-RIDE-0001112,2026-06-14T22:57:10+06:00,Bike,Banani,23.787823,90.412168,Badda,23.785377,90.433886,11.46,52,290,completed,2026-06-15T00:13:10+06:00,True,Pathao,PTH-DRV-005,Mizan Hasan,8801356392834,driver,Bike,Dhaka-Metro-LA-18-8731,2023-05-02,4.42,active,Banani,52,34,1623,2026-02-15T11:45:22+06:00,2026-08-04T01:29:10+06:00
1112,USR093,+8801380734164,Samira Sultana,PTH-RIDE-0001113,2026-04-07T10:53:15+06:00,Car,Pallabi,23.820742,90.373754,Gulshan,23.786881,90.412294,15.58,28,593,cancelled_by_rider,2026-04-07T11:35:15+06:00,True,Pathao,PTH-DRV-015,Sumon Ahmed,8801592246260,driver,Car,Dhaka-Metro-GA-47-2377,2024-09-19,4.91,temporarily_inactive,Gulshan,51,33,344,2026-02-20T06:37:41+06:00,2026-08-08T17:20:03+06:00
1113,USR094,+8801969637775,Samira Hasan,PTH-RIDE-0001114,2026-08-03T13:54:07+06:00,Bike,Mirpur,23.817071,90.369391,Mohakhali,23.772934,90.397783,20.84,63,483,cancelled_by_rider,2026-08-03T15:04:07+06:00,True,Pathao,PTH-DRV-004,Noman Islam,8801433479792,driver,Bike,Dhaka-Metro-LA-16-4147,2024-04-07,4.84,active,Badda,45,26,1163,2026-02-10T19:35:38+06:00,2026-08-06T22:59:51+06:00
1114,USR094,+8801969637775,Samira Hasan,PTH-RIDE-0001115,2026-04-02T13:20:57+06:00,Car,Mirpur,23.822906,90.358752,Gulshan,23.783844,90.411143,7.8,44,419,completed,2026-04-02T14:21:57+06:00,True,Pathao,PTH-DRV-011,Mamun Khan,8801426550582,driver,Car,Dhaka-Metro-GA-36-9704,2025-07-14,4.26,active,Banani,45,31,1368,2026-02-20T14:11:58+06:00,2026-08-06T12:43:24+06:00
1115,USR094,+8801969637775,Samira Hasan,PTH-RIDE-0001116,2026-07-09T21:58:28+06:00,Bike,Banani,23.795451,90.403744,Farmgate,23.760194,90.382232,12.33,28,348,completed,2026-07-09T22:40:28+06:00,True,Pathao,PTH-DRV-005,Mizan Hasan,8801356392834,driver,Bike,Dhaka-Metro-LA-18-8731,2023-05-02,4.42,active,Banani,52,34,1623,2026-02-15T11:45:22+06:00,2026-08-04T01:29:10+06:00
1116,USR094,+8801969637775,Samira Hasan,PTH-RIDE-0001117,2026-06-12T05:50:17+06:00,Bike,Motijheel,23.731881,90.408827,Pallabi,23.824449,90.369508,1.51,20,96,completed,2026-06-12T06:18:17+06:00,True,Pathao,PTH-DRV-001,Nayeem Sarker,8801967036821,driver,Bike,Dhaka-Metro-LA-50-6184,2025-12-26,4.94,active,Tejgaon,58,41,819,2026-02-10T15:17:23+06:00,2026-08-09T07:35:51+06:00
1117,USR094,+8801969637775,Samira Hasan,PTH-RIDE-0001118,2026-05-26T16:40:10+06:00,Premium Car,Banani,23.7957,90.40471,Dhanmondi,23.754576,90.384122,20.43,14,916,completed,2026-05-26T17:05:10+06:00,True,Pathao,PTH-DRV-024,Sabbir Mia,8801635920547,driver,Premium Car,Dhaka-Metro-GA-29-9550,2026-02-19,4.75,active,Motijheel,52,34,1609,2026-02-14T00:28:05+06:00,2026-08-06T16:02:46+06:00
1118,USR094,+8801969637775,Samira Hasan,PTH-RIDE-0001119,2026-05-22T11:52:35+06:00,Car,Farmgate,23.756101,90.390794,Shyamoli,23.781801,90.35995,1.71,20,204,completed,2026-05-22T12:15:35+06:00,True,Pathao,PTH-DRV-014,Mehedi Hossain,8801466938163,driver,Car,Dhaka-Metro-GA-57-3382,2023-09-28,4.50,active,Farmgate,49,31,1649,2026-02-11T05:29:19+06:00,2026-08-07T22:28:04+06:00
1119,USR094,+8801969637775,Samira Hasan,PTH-RIDE-0001120,2026-07-20T04:22:03+06:00,Car,Mohakhali,23.768612,90.401255,Old Dhaka,23.713074,90.406078,20.34,47,757,completed,2026-07-20T05:27:03+06:00,True,Pathao,PTH-DRV-010,Zahid Chowdhury,8801738695856,driver,Car,Dhaka-Metro-GA-12-2328,2024-05-16,4.86,active,Badda,44,28,403,2026-02-10T07:45:59+06:00,2026-08-10T20:38:42+06:00
1120,USR094,+8801969637775,Samira Hasan,PTH-RIDE-0001121,2026-03-31T10:29:50+06:00,Bike,Dhanmondi,23.752049,90.383129,Mohakhali,23.783786,90.393766,21.15,60,413,completed,2026-03-31T11:39:50+06:00,True,Pathao,PTH-DRV-007,Rafi Chowdhury,8801972545462,driver,Bike,Dhaka-Metro-LA-49-8611,2025-12-04,4.63,active,Dhanmondi,50,31,630,2026-02-16T20:14:06+06:00,2026-08-08T21:37:30+06:00
1121,USR094,+8801969637775,Samira Hasan,PTH-RIDE-0001122,2026-02-22T13:31:56+06:00,Premium Car,Mohakhali,23.77596,90.400335,Bashundhara,23.80757,90.427694,8.65,36,476,completed,2026-02-22T14:17:56+06:00,True,Pathao,PTH-DRV-022,Rony Ahmed,8801406140466,driver,Premium Car,Dhaka-Metro-GA-14-3862,2024-03-08,4.36,active,Mohakhali,49,32,280,2026-02-19T05:07:42+06:00,2026-08-10T16:43:15+06:00
1122,USR095,+8801728917865,Adnan Rahman,PTH-RIDE-0001123,2026-02-12T18:33:16+06:00,Car,Dhanmondi,23.745504,90.384395,Uttara,23.880827,90.385604,3.94,20,261,cancelled_by_user,2026-02-12T19:18:16+06:00,True,Pathao,PTH-DRV-013,Noman Sheikh,8801702482414,driver,Car,Dhaka-Metro-GA-32-1635,2024-02-24,4.40,active,Dhanmondi,57,37,919,2026-02-12T18:33:16+06:00,2026-08-07T07:51:54+06:00
1123,USR095,+8801728917865,Adnan Rahman,PTH-RIDE-0001124,2026-05-09T12:50:58+06:00,Bike,Wari,23.730697,90.41234,Shyamoli,23.770724,90.368789,20.47,69,488,completed,2026-05-09T14:05:58+06:00,True,Pathao,PTH-DRV-003,Emon Mollah,8801458656775,driver,Bike,Dhaka-Metro-LA-44-1806,2025-05-16,4.33,active,Wari,47,33,1457,2026-02-15T14:20:09+06:00,2026-08-05T18:34:40+06:00
1124,USR095,+8801728917865,Adnan Rahman,PTH-RIDE-0001125,2026-03-31T14:56:00+06:00,Premium Car,Shyamoli,23.774523,90.371446,Tejgaon,23.764232,90.399494,4.42,40,364,completed,2026-03-31T16:00:00+06:00,True,Pathao,PTH-DRV-023,Al Amin Khan,8801354736696,driver,Premium Car,Dhaka-Metro-GA-39-9114,2023-07-25,4.89,active,Mohammadpur,44,34,437,2026-02-24T14:00:15+06:00,2026-08-10T04:16:51+06:00
1125,USR095,+8801728917865,Adnan Rahman,PTH-RIDE-0001126,2026-05-23T14:02:05+06:00,Premium Car,Mohammadpur,23.767363,90.359948,Uttara,23.876877,90.378139,18.81,17,906,completed,2026-05-23T14:38:05+06:00,True,Pathao,PTH-DRV-023,Al Amin Khan,8801354736696,driver,Premium Car,Dhaka-Metro-GA-39-9114,2023-07-25,4.89,active,Mohammadpur,44,34,437,2026-02-24T14:00:15+06:00,2026-08-10T04:16:51+06:00
1126,USR095,+8801728917865,Adnan Rahman,PTH-RIDE-0001127,2026-05-14T06:54:39+06:00,Car,Mohammadpur,23.77164,90.366735,Dhanmondi,23.743244,90.36756,5.43,71,275,completed,2026-05-14T08:14:39+06:00,True,Pathao,PTH-DRV-011,Mamun Khan,8801426550582,driver,Car,Dhaka-Metro-GA-36-9704,2025-07-14,4.26,active,Banani,45,31,1368,2026-02-20T14:11:58+06:00,2026-08-06T12:43:24+06:00
1127,USR095,+8801728917865,Adnan Rahman,PTH-RIDE-0001128,2026-02-18T09:40:06+06:00,Premium Car,Dhanmondi,23.745053,90.367428,Rampura,23.760847,90.417925,15.51,28,793,cancelled_by_rider,2026-02-18T10:28:06+06:00,True,Pathao,PTH-DRV-017,Rubel Hossain,8801596800093,driver,Premium Car,Dhaka-Metro-GA-59-1389,2023-10-30,4.39,active,Dhanmondi,43,24,856,2026-02-13T21:12:16+06:00,2026-07-24T19:50:49+06:00
1128,USR095,+8801728917865,Adnan Rahman,PTH-RIDE-0001129,2026-07-04T11:17:37+06:00,Bike,Pallabi,23.824152,90.359676,Dhanmondi,23.751536,90.376976,24.66,42,480,cancelled_by_rider,2026-07-04T12:24:37+06:00,True,Pathao,PTH-DRV-005,Mizan Hasan,8801356392834,driver,Bike,Dhaka-Metro-LA-18-8731,2023-05-02,4.42,active,Banani,52,34,1623,2026-02-15T11:45:22+06:00,2026-08-04T01:29:10+06:00
1129,USR095,+8801728917865,Adnan Rahman,PTH-RIDE-0001130,2026-06-10T07:58:39+06:00,Bike,Khilgaon,23.751321,90.42132,Motijheel,23.724783,90.422749,9.82,70,311,cancelled_by_user,2026-06-10T09:28:39+06:00,True,Pathao,PTH-DRV-001,Nayeem Sarker,8801967036821,driver,Bike,Dhaka-Metro-LA-50-6184,2025-12-26,4.94,active,Tejgaon,58,41,819,2026-02-10T15:17:23+06:00,2026-08-09T07:35:51+06:00
1130,USR095,+8801728917865,Adnan Rahman,PTH-RIDE-0001131,2026-03-17T10:29:43+06:00,Bike,Khilgaon,23.742364,90.419042,Gulshan,23.795706,90.403537,4.28,52,185,completed,2026-03-17T11:42:43+06:00,True,Pathao,PTH-DRV-006,Sohel Mia,8801413282469,driver,Bike,Dhaka-Metro-LA-42-7072,2023-11-20,4.46,active,Bashundhara,56,39,678,2026-02-11T19:34:53+06:00,2026-07-27T18:56:51+06:00
1131,USR095,+8801728917865,Adnan Rahman,PTH-RIDE-0001132,2026-04-26T23:30:17+06:00,Car,Farmgate,23.752562,90.396385,Badda,23.787727,90.432238,18.52,29,705,completed,2026-04-27T00:01:17+06:00,True,Pathao,PTH-DRV-014,Mehedi Hossain,8801466938163,driver,Car,Dhaka-Metro-GA-57-3382,2023-09-28,4.50,active,Farmgate,49,31,1649,2026-02-11T05:29:19+06:00,2026-08-07T22:28:04+06:00
1132,USR095,+8801728917865,Adnan Rahman,PTH-RIDE-0001133,2026-07-16T04:31:36+06:00,Premium Car,Tejgaon,23.758925,90.387619,Gulshan,23.793716,90.403972,20.08,33,959,completed,2026-07-16T05:10:36+06:00,True,Pathao,PTH-DRV-019,Tanvir Hossain,8801568844033,driver,Premium Car,Dhaka-Metro-GA-43-7960,2024-08-01,4.63,active,Gulshan,60,39,678,2026-02-13T02:57:39+06:00,2026-08-10T06:23:33+06:00
1133,USR096,+8801725439282,Labiba Jahan,PTH-RIDE-0001134,2026-07-12T06:09:25+06:00,Car,Badda,23.784696,90.418132,Banani,23.791086,90.409576,20.07,73,792,cancelled_by_user,2026-07-12T07:32:25+06:00,True,Pathao,PTH-DRV-010,Zahid Chowdhury,8801738695856,driver,Car,Dhaka-Metro-GA-12-2328,2024-05-16,4.86,active,Badda,44,28,403,2026-02-10T07:45:59+06:00,2026-08-10T20:38:42+06:00
1134,USR096,+8801725439282,Labiba Jahan,PTH-RIDE-0001135,2026-03-02T14:14:29+06:00,Premium Car,Motijheel,23.731889,90.418323,Dhanmondi,23.74265,90.380409,24.61,18,1108,completed,2026-03-02T14:44:29+06:00,True,Pathao,PTH-DRV-024,Sabbir Mia,8801635920547,driver,Premium Car,Dhaka-Metro-GA-29-9550,2026-02-19,4.75,active,Motijheel,52,34,1609,2026-02-14T00:28:05+06:00,2026-08-06T16:02:46+06:00
1135,USR096,+8801725439282,Labiba Jahan,PTH-RIDE-0001136,2026-05-20T09:42:25+06:00,Bike,Gulshan,23.788032,90.40158,Khilgaon,23.750845,90.432018,8.33,14,274,completed,2026-05-20T10:00:25+06:00,True,Pathao,PTH-DRV-002,Sabbir Ali,8801715535227,driver,Bike,Dhaka-Metro-LA-43-4404,2024-01-15,4.70,active,Uttara,47,34,1379,2026-02-14T01:39:55+06:00,2026-08-09T11:23:20+06:00
1136,USR096,+8801725439282,Labiba Jahan,PTH-RIDE-0001137,2026-02-18T11:01:34+06:00,Bike,Tejgaon,23.76248,90.394556,Farmgate,23.764811,90.384744,10.62,52,309,cancelled_by_user,2026-02-18T12:14:34+06:00,True,Pathao,PTH-DRV-001,Nayeem Sarker,8801967036821,driver,Bike,Dhaka-Metro-LA-50-6184,2025-12-26,4.94,active,Tejgaon,58,41,819,2026-02-10T15:17:23+06:00,2026-08-09T07:35:51+06:00
1137,USR096,+8801725439282,Labiba Jahan,PTH-RIDE-0001138,2026-04-25T15:53:07+06:00,Car,Farmgate,23.756719,90.385499,Motijheel,23.724656,90.410316,3.25,63,246,cancelled_by_user,2026-04-25T16:59:07+06:00,True,Pathao,PTH-DRV-014,Mehedi Hossain,8801466938163,driver,Car,Dhaka-Metro-GA-57-3382,2023-09-28,4.50,active,Farmgate,49,31,1649,2026-02-11T05:29:19+06:00,2026-08-07T22:28:04+06:00
1138,USR096,+8801725439282,Labiba Jahan,PTH-RIDE-0001139,2026-03-04T02:23:49+06:00,Car,Mohakhali,23.769194,90.395714,Old Dhaka,23.7067,90.414877,11.63,23,509,completed,2026-03-04T02:54:49+06:00,True,Pathao,PTH-DRV-015,Sumon Ahmed,8801592246260,driver,Car,Dhaka-Metro-GA-47-2377,2024-09-19,4.91,temporarily_inactive,Gulshan,51,33,344,2026-02-20T06:37:41+06:00,2026-08-08T17:20:03+06:00
1139,USR096,+8801725439282,Labiba Jahan,PTH-RIDE-0001140,2026-05-13T06:33:49+06:00,Car,Banani,23.801093,90.400213,Mohammadpur,23.759794,90.354772,13.46,34,532,cancelled_by_user,2026-05-13T07:18:49+06:00,True,Pathao,PTH-DRV-011,Mamun Khan,8801426550582,driver,Car,Dhaka-Metro-GA-36-9704,2025-07-14,4.26,active,Banani,45,31,1368,2026-02-20T14:11:58+06:00,2026-08-06T12:43:24+06:00
1140,USR096,+8801725439282,Labiba Jahan,PTH-RIDE-0001141,2026-02-28T13:50:45+06:00,Bike,Motijheel,23.738748,90.423161,Bashundhara,23.821933,90.429264,6.28,77,152,cancelled_by_user,2026-02-28T15:23:45+06:00,True,Pathao,PTH-DRV-003,Emon Mollah,8801458656775,driver,Bike,Dhaka-Metro-LA-44-1806,2025-05-16,4.33,active,Wari,47,33,1457,2026-02-15T14:20:09+06:00,2026-08-05T18:34:40+06:00
1141,USR096,+8801725439282,Labiba Jahan,PTH-RIDE-0001142,2026-05-26T06:09:17+06:00,Bike,Wari,23.72577,90.411684,Motijheel,23.734338,90.408751,24.12,65,474,cancelled_by_user,2026-05-26T07:35:17+06:00,True,Pathao,PTH-DRV-003,Emon Mollah,8801458656775,driver,Bike,Dhaka-Metro-LA-44-1806,2025-05-16,4.33,active,Wari,47,33,1457,2026-02-15T14:20:09+06:00,2026-08-05T18:34:40+06:00
1142,USR096,+8801725439282,Labiba Jahan,PTH-RIDE-0001143,2026-07-20T09:41:26+06:00,Premium Car,Banani,23.799859,90.402558,Uttara,23.879525,90.375606,19.7,74,896,completed,2026-07-20T11:10:26+06:00,True,Pathao,PTH-DRV-023,Al Amin Khan,8801354736696,driver,Premium Car,Dhaka-Metro-GA-39-9114,2023-07-25,4.89,active,Mohammadpur,44,34,437,2026-02-24T14:00:15+06:00,2026-08-10T04:16:51+06:00
1143,USR096,+8801725439282,Labiba Jahan,PTH-RIDE-0001144,2026-06-26T11:06:21+06:00,Car,Banani,23.789877,90.407653,Shyamoli,23.770201,90.371183,12.64,74,533,completed,2026-06-26T12:41:21+06:00,True,Pathao,PTH-DRV-011,Mamun Khan,8801426550582,driver,Car,Dhaka-Metro-GA-36-9704,2025-07-14,4.26,active,Banani,45,31,1368,2026-02-20T14:11:58+06:00,2026-08-06T12:43:24+06:00
1144,USR096,+8801725439282,Labiba Jahan,PTH-RIDE-0001145,2026-05-01T13:33:25+06:00,Premium Car,Mirpur,23.819374,90.358888,Rampura,23.762375,90.416042,18.23,18,877,cancelled_by_rider,2026-05-01T14:01:25+06:00,True,Pathao,PTH-DRV-021,Shuvo Chowdhury,8801396729644,driver,Premium Car,Dhaka-Metro-GA-18-5728,2024-05-09,4.49,active,Mirpur,61,41,785,2026-02-10T13:58:31+06:00,2026-08-07T01:44:36+06:00
1145,USR096,+8801725439282,Labiba Jahan,PTH-RIDE-0001146,2026-07-22T13:12:25+06:00,Premium Car,Wari,23.715698,90.424232,Pallabi,23.822042,90.356213,23.8,37,1130,completed,2026-07-22T13:51:25+06:00,True,Pathao,PTH-DRV-021,Shuvo Chowdhury,8801396729644,driver,Premium Car,Dhaka-Metro-GA-18-5728,2024-05-09,4.49,active,Mirpur,61,41,785,2026-02-10T13:58:31+06:00,2026-08-07T01:44:36+06:00
1146,USR096,+8801725439282,Labiba Jahan,PTH-RIDE-0001147,2026-02-24T05:39:15+06:00,Bike,Farmgate,23.757098,90.391843,Uttara,23.883242,90.380548,19.47,19,376,cancelled_by_rider,2026-02-24T06:05:15+06:00,True,Pathao,PTH-DRV-008,Al Amin Sarker,8801690558459,driver,Bike,Dhaka-Metro-LA-55-6224,2023-03-18,4.43,active,Farmgate,41,26,1395,2026-02-12T12:34:17+06:00,2026-08-07T03:04:20+06:00
1147,USR096,+8801725439282,Labiba Jahan,PTH-RIDE-0001148,2026-06-14T06:25:58+06:00,Car,Tejgaon,23.770643,90.387821,Mirpur,23.81545,90.362074,4.27,50,314,completed,2026-06-14T07:32:58+06:00,True,Pathao,PTH-DRV-016,Imran Karim,8801417391915,driver,Car,Dhaka-Metro-GA-50-2706,2024-09-14,4.65,active,Khilgaon,43,28,1106,2026-02-13T07:06:14+06:00,2026-08-04T07:56:48+06:00
1148,USR097,+8801629685055,Tasnim Islam,PTH-RIDE-0001149,2026-06-02T11:10:44+06:00,Car,Uttara,23.884697,90.373024,Dhanmondi,23.745109,90.371305,12.63,42,535,completed,2026-06-02T12:08:44+06:00,True,Pathao,PTH-DRV-014,Mehedi Hossain,8801466938163,driver,Car,Dhaka-Metro-GA-57-3382,2023-09-28,4.50,active,Farmgate,49,31,1649,2026-02-11T05:29:19+06:00,2026-08-07T22:28:04+06:00
1149,USR097,+8801629685055,Tasnim Islam,PTH-RIDE-0001150,2026-03-04T07:04:20+06:00,Premium Car,Bashundhara,23.821976,90.422864,Mirpur,23.822031,90.371338,1.29,16,269,completed,2026-03-04T07:28:20+06:00,True,Pathao,PTH-DRV-020,Sabbir Mahmud,8801520665194,driver,Premium Car,Dhaka-Metro-GA-27-7652,2025-07-04,4.51,active,Khilgaon,46,33,891,2026-02-15T21:25:09+06:00,2026-08-09T14:56:20+06:00
1150,USR097,+8801629685055,Tasnim Islam,PTH-RIDE-0001151,2026-03-31T19:05:14+06:00,Car,Dhanmondi,23.749751,90.382812,Pallabi,23.823645,90.36528,9.84,11,424,completed,2026-03-31T19:19:14+06:00,True,Pathao,PTH-DRV-013,Noman Sheikh,8801702482414,driver,Car,Dhaka-Metro-GA-32-1635,2024-02-24,4.40,active,Dhanmondi,57,37,919,2026-02-12T18:33:16+06:00,2026-08-07T07:51:54+06:00
1151,USR097,+8801629685055,Tasnim Islam,PTH-RIDE-0001152,2026-04-21T17:05:21+06:00,Premium Car,Badda,23.788336,90.420718,Bashundhara,23.822806,90.419763,18.01,52,827,completed,2026-04-21T18:02:21+06:00,True,Pathao,PTH-DRV-018,Riyad Khan,8801895144376,driver,Premium Car,Dhaka-Metro-GA-42-9702,2025-06-18,4.52,active,Farmgate,48,32,1798,2026-03-16T13:11:54+06:00,2026-08-10T14:18:39+06:00
1152,USR097,+8801629685055,Tasnim Islam,PTH-RIDE-0001153,2026-06-23T09:08:14+06:00,Car,Old Dhaka,23.702833,90.39853,Farmgate,23.759512,90.382637,8.37,60,439,cancelled_by_rider,2026-06-23T10:14:14+06:00,True,Pathao,PTH-DRV-012,Sakib Mahmud,8801701651316,driver,Car,Dhaka-Metro-GA-26-4203,2025-11-08,4.74,active,Bashundhara,50,31,1374,2026-02-18T14:40:42+06:00,2026-08-10T20:12:47+06:00
1153,USR097,+8801629685055,Tasnim Islam,PTH-RIDE-0001154,2026-07-23T20:11:15+06:00,Bike,Pallabi,23.821587,90.363397,Mirpur,23.815442,90.361548,20.46,26,448,completed,2026-07-23T20:45:15+06:00,True,Pathao,PTH-DRV-007,Rafi Chowdhury,8801972545462,driver,Bike,Dhaka-Metro-LA-49-8611,2025-12-04,4.63,active,Dhanmondi,50,31,630,2026-02-16T20:14:06+06:00,2026-08-08T21:37:30+06:00
1154,USR097,+8801629685055,Tasnim Islam,PTH-RIDE-0001155,2026-05-17T09:21:54+06:00,Bike,Mohammadpur,23.776492,90.362369,Khilgaon,23.753521,90.43295,10.86,43,264,cancelled_by_rider,2026-05-17T10:11:54+06:00,True,Pathao,PTH-DRV-008,Al Amin Sarker,8801690558459,driver,Bike,Dhaka-Metro-LA-55-6224,2023-03-18,4.43,active,Farmgate,41,26,1395,2026-02-12T12:34:17+06:00,2026-08-07T03:04:20+06:00
1155,USR097,+8801629685055,Tasnim Islam,PTH-RIDE-0001156,2026-04-22T06:16:03+06:00,Bike,Mohammadpur,23.77439,90.35424,Gulshan,23.79342,90.405534,8.4,59,233,completed,2026-04-22T07:19:03+06:00,True,Pathao,PTH-DRV-002,Sabbir Ali,8801715535227,driver,Bike,Dhaka-Metro-LA-43-4404,2024-01-15,4.70,active,Uttara,47,34,1379,2026-02-14T01:39:55+06:00,2026-08-09T11:23:20+06:00
1156,USR097,+8801629685055,Tasnim Islam,PTH-RIDE-0001157,2026-04-13T23:21:02+06:00,Premium Car,Gulshan,23.800952,90.399396,Badda,23.771624,90.431445,2.72,68,225,completed,2026-04-14T00:34:02+06:00,True,Pathao,PTH-DRV-019,Tanvir Hossain,8801568844033,driver,Premium Car,Dhaka-Metro-GA-43-7960,2024-08-01,4.63,active,Gulshan,60,39,678,2026-02-13T02:57:39+06:00,2026-08-10T06:23:33+06:00
1157,USR098,+8801782355451,Labiba Chowdhury,PTH-RIDE-0001158,2026-06-24T11:36:40+06:00,Car,Pallabi,23.831447,90.359081,Farmgate,23.757708,90.388821,15.61,56,597,completed,2026-06-24T12:43:40+06:00,True,Pathao,PTH-DRV-013,Noman Sheikh,8801702482414,driver,Car,Dhaka-Metro-GA-32-1635,2024-02-24,4.40,active,Dhanmondi,57,37,919,2026-02-12T18:33:16+06:00,2026-08-07T07:51:54+06:00
1158,USR098,+8801782355451,Labiba Chowdhury,PTH-RIDE-0001159,2026-05-01T16:40:07+06:00,Premium Car,Pallabi,23.833872,90.367448,Bashundhara,23.822161,90.427656,7.12,78,406,completed,2026-05-01T18:14:07+06:00,True,Pathao,PTH-DRV-019,Tanvir Hossain,8801568844033,driver,Premium Car,Dhaka-Metro-GA-43-7960,2024-08-01,4.63,active,Gulshan,60,39,678,2026-02-13T02:57:39+06:00,2026-08-10T06:23:33+06:00
1159,USR098,+8801782355451,Labiba Chowdhury,PTH-RIDE-0001160,2026-07-18T09:05:24+06:00,Bike,Uttara,23.882878,90.379049,Mohammadpur,23.759438,90.365766,19.68,56,387,completed,2026-07-18T10:16:24+06:00,True,Pathao,PTH-DRV-002,Sabbir Ali,8801715535227,driver,Bike,Dhaka-Metro-LA-43-4404,2024-01-15,4.70,active,Uttara,47,34,1379,2026-02-14T01:39:55+06:00,2026-08-09T11:23:20+06:00
1160,USR098,+8801782355451,Labiba Chowdhury,PTH-RIDE-0001161,2026-05-09T20:12:36+06:00,Car,Badda,23.77377,90.423996,Mohammadpur,23.76536,90.362646,14.39,18,526,cancelled_by_rider,2026-05-09T20:45:36+06:00,True,Pathao,PTH-DRV-010,Zahid Chowdhury,8801738695856,driver,Car,Dhaka-Metro-GA-12-2328,2024-05-16,4.86,active,Badda,44,28,403,2026-02-10T07:45:59+06:00,2026-08-10T20:38:42+06:00
1161,USR098,+8801782355451,Labiba Chowdhury,PTH-RIDE-0001162,2026-02-14T19:31:14+06:00,Bike,Badda,23.779854,90.43207,Old Dhaka,23.701854,90.415992,14.26,43,366,completed,2026-02-14T20:29:14+06:00,True,Pathao,PTH-DRV-004,Noman Islam,8801433479792,driver,Bike,Dhaka-Metro-LA-16-4147,2024-04-07,4.84,active,Badda,45,26,1163,2026-02-10T19:35:38+06:00,2026-08-06T22:59:51+06:00
1162,USR098,+8801782355451,Labiba Chowdhury,PTH-RIDE-0001163,2026-03-22T02:09:26+06:00,Premium Car,Farmgate,23.749803,90.394806,Mohakhali,23.784716,90.394617,2.92,61,251,completed,2026-03-22T03:33:26+06:00,True,Pathao,PTH-DRV-018,Riyad Khan,8801895144376,driver,Premium Car,Dhaka-Metro-GA-42-9702,2025-06-18,4.52,active,Farmgate,48,32,1798,2026-03-16T13:11:54+06:00,2026-08-10T14:18:39+06:00
1163,USR098,+8801782355451,Labiba Chowdhury,PTH-RIDE-0001164,2026-03-07T18:46:27+06:00,Car,Dhanmondi,23.744874,90.377069,Uttara,23.87849,90.379103,8.1,39,336,cancelled_by_user,2026-03-07T19:48:27+06:00,True,Pathao,PTH-DRV-013,Noman Sheikh,8801702482414,driver,Car,Dhaka-Metro-GA-32-1635,2024-02-24,4.40,active,Dhanmondi,57,37,919,2026-02-12T18:33:16+06:00,2026-08-07T07:51:54+06:00
1164,USR098,+8801782355451,Labiba Chowdhury,PTH-RIDE-0001165,2026-05-25T04:29:07+06:00,Bike,Shyamoli,23.765783,90.362541,Badda,23.77381,90.435225,13.41,66,318,completed,2026-05-25T05:41:07+06:00,True,Pathao,PTH-DRV-006,Sohel Mia,8801413282469,driver,Bike,Dhaka-Metro-LA-42-7072,2023-11-20,4.46,active,Bashundhara,56,39,678,2026-02-11T19:34:53+06:00,2026-07-27T18:56:51+06:00
1165,USR099,+8801304117185,Siam Sultana,PTH-RIDE-0001166,2026-06-12T08:38:06+06:00,Bike,Shyamoli,23.768635,90.363764,Mohakhali,23.782982,90.405922,9.82,52,294,cancelled_by_user,2026-06-12T09:47:06+06:00,True,Pathao,PTH-DRV-002,Sabbir Ali,8801715535227,driver,Bike,Dhaka-Metro-LA-43-4404,2024-01-15,4.70,active,Uttara,47,34,1379,2026-02-14T01:39:55+06:00,2026-08-09T11:23:20+06:00
1166,USR099,+8801304117185,Siam Sultana,PTH-RIDE-0001167,2026-07-07T12:36:51+06:00,Car,Uttara,23.874893,90.37818,Khilgaon,23.741761,90.428729,22.45,26,839,completed,2026-07-07T13:23:51+06:00,True,Pathao,PTH-DRV-015,Sumon Ahmed,8801592246260,driver,Car,Dhaka-Metro-GA-47-2377,2024-09-19,4.91,temporarily_inactive,Gulshan,51,33,344,2026-02-20T06:37:41+06:00,2026-08-08T17:20:03+06:00
1167,USR099,+8801304117185,Siam Sultana,PTH-RIDE-0001168,2026-02-24T05:52:50+06:00,Car,Motijheel,23.734475,90.413052,Mohakhali,23.772749,90.403054,3.4,22,202,cancelled_by_user,2026-02-24T06:31:50+06:00,True,Pathao,PTH-DRV-014,Mehedi Hossain,8801466938163,driver,Car,Dhaka-Metro-GA-57-3382,2023-09-28,4.50,active,Farmgate,49,31,1649,2026-02-11T05:29:19+06:00,2026-08-07T22:28:04+06:00
1168,USR099,+8801304117185,Siam Sultana,PTH-RIDE-0001169,2026-06-13T10:37:26+06:00,Car,Dhanmondi,23.752975,90.383803,Banani,23.798092,90.404022,11.95,14,543,completed,2026-06-13T11:07:26+06:00,True,Pathao,PTH-DRV-013,Noman Sheikh,8801702482414,driver,Car,Dhaka-Metro-GA-32-1635,2024-02-24,4.40,active,Dhanmondi,57,37,919,2026-02-12T18:33:16+06:00,2026-08-07T07:51:54+06:00
1169,USR099,+8801304117185,Siam Sultana,PTH-RIDE-0001170,2026-04-03T02:38:05+06:00,Premium Car,Rampura,23.760631,90.417405,Farmgate,23.754685,90.398537,21.18,9,969,completed,2026-04-03T02:51:05+06:00,True,Pathao,PTH-DRV-020,Sabbir Mahmud,8801520665194,driver,Premium Car,Dhaka-Metro-GA-27-7652,2025-07-04,4.51,active,Khilgaon,46,33,891,2026-02-15T21:25:09+06:00,2026-08-09T14:56:20+06:00
1170,USR099,+8801304117185,Siam Sultana,PTH-RIDE-0001171,2026-08-01T04:52:14+06:00,Premium Car,Tejgaon,23.766878,90.399396,Bashundhara,23.820473,90.417358,24.37,73,1087,completed,2026-08-01T06:25:14+06:00,True,Pathao,PTH-DRV-023,Al Amin Khan,8801354736696,driver,Premium Car,Dhaka-Metro-GA-39-9114,2023-07-25,4.89,active,Mohammadpur,44,34,437,2026-02-24T14:00:15+06:00,2026-08-10T04:16:51+06:00
1171,USR099,+8801304117185,Siam Sultana,PTH-RIDE-0001172,2026-07-31T04:48:17+06:00,Premium Car,Wari,23.729792,90.41621,Mirpur,23.830475,90.357524,16.68,46,788,completed,2026-07-31T05:57:17+06:00,True,Pathao,PTH-DRV-024,Sabbir Mia,8801635920547,driver,Premium Car,Dhaka-Metro-GA-29-9550,2026-02-19,4.75,active,Motijheel,52,34,1609,2026-02-14T00:28:05+06:00,2026-08-06T16:02:46+06:00
1172,USR099,+8801304117185,Siam Sultana,PTH-RIDE-0001173,2026-06-07T11:47:37+06:00,Premium Car,Mohammadpur,23.771467,90.360425,Old Dhaka,23.705443,90.406373,24.85,51,1101,completed,2026-06-07T12:50:37+06:00,True,Pathao,PTH-DRV-023,Al Amin Khan,8801354736696,driver,Premium Car,Dhaka-Metro-GA-39-9114,2023-07-25,4.89,active,Mohammadpur,44,34,437,2026-02-24T14:00:15+06:00,2026-08-10T04:16:51+06:00
1173,USR099,+8801304117185,Siam Sultana,PTH-RIDE-0001174,2026-07-28T06:22:57+06:00,Bike,Uttara,23.866986,90.372262,Rampura,23.759846,90.423493,3.13,40,140,completed,2026-07-28T07:22:57+06:00,True,Pathao,PTH-DRV-002,Sabbir Ali,8801715535227,driver,Bike,Dhaka-Metro-LA-43-4404,2024-01-15,4.70,active,Uttara,47,34,1379,2026-02-14T01:39:55+06:00,2026-08-09T11:23:20+06:00
1174,USR099,+8801304117185,Siam Sultana,PTH-RIDE-0001175,2026-04-09T01:11:51+06:00,Premium Car,Mirpur,23.817748,90.366757,Khilgaon,23.741816,90.43551,14.31,39,753,completed,2026-04-09T02:11:51+06:00,True,Pathao,PTH-DRV-021,Shuvo Chowdhury,8801396729644,driver,Premium Car,Dhaka-Metro-GA-18-5728,2024-05-09,4.49,active,Mirpur,61,41,785,2026-02-10T13:58:31+06:00,2026-08-07T01:44:36+06:00
1175,USR099,+8801304117185,Siam Sultana,PTH-RIDE-0001176,2026-04-25T22:21:14+06:00,Bike,Bashundhara,23.807335,90.432508,Mirpur,23.829485,90.369718,17.59,13,418,completed,2026-04-25T22:39:14+06:00,True,Pathao,PTH-DRV-006,Sohel Mia,8801413282469,driver,Bike,Dhaka-Metro-LA-42-7072,2023-11-20,4.46,active,Bashundhara,56,39,678,2026-02-11T19:34:53+06:00,2026-07-27T18:56:51+06:00
1176,USR099,+8801304117185,Siam Sultana,PTH-RIDE-0001177,2026-03-29T22:27:47+06:00,Car,Badda,23.774759,90.421966,Mohammadpur,23.773548,90.364201,3.32,71,229,cancelled_by_user,2026-03-29T23:43:47+06:00,True,Pathao,PTH-DRV-010,Zahid Chowdhury,8801738695856,driver,Car,Dhaka-Metro-GA-12-2328,2024-05-16,4.86,active,Badda,44,28,403,2026-02-10T07:45:59+06:00,2026-08-10T20:38:42+06:00
1177,USR099,+8801304117185,Siam Sultana,PTH-RIDE-0001178,2026-04-29T07:09:24+06:00,Premium Car,Old Dhaka,23.704688,90.411593,Banani,23.785675,90.397706,2.54,41,323,cancelled_by_user,2026-04-29T08:03:24+06:00,True,Pathao,PTH-DRV-019,Tanvir Hossain,8801568844033,driver,Premium Car,Dhaka-Metro-GA-43-7960,2024-08-01,4.63,active,Gulshan,60,39,678,2026-02-13T02:57:39+06:00,2026-08-10T06:23:33+06:00
1178,USR099,+8801304117185,Siam Sultana,PTH-RIDE-0001179,2026-05-08T22:05:34+06:00,Car,Bashundhara,23.819124,90.42779,Mirpur,23.82774,90.374153,12.2,63,541,cancelled_by_rider,2026-05-08T23:30:34+06:00,True,Pathao,PTH-DRV-012,Sakib Mahmud,8801701651316,driver,Car,Dhaka-Metro-GA-26-4203,2025-11-08,4.74,active,Bashundhara,50,31,1374,2026-02-18T14:40:42+06:00,2026-08-10T20:12:47+06:00
1179,USR099,+8801304117185,Siam Sultana,PTH-RIDE-0001180,2026-04-12T16:21:33+06:00,Car,Mirpur,23.830849,90.357401,Old Dhaka,23.714236,90.415422,6.67,79,342,completed,2026-04-12T17:56:33+06:00,True,Pathao,PTH-DRV-011,Mamun Khan,8801426550582,driver,Car,Dhaka-Metro-GA-36-9704,2025-07-14,4.26,active,Banani,45,31,1368,2026-02-20T14:11:58+06:00,2026-08-06T12:43:24+06:00
1180,USR100,+8801774878490,Rakib Hasan,PTH-RIDE-0001181,2026-03-09T13:57:29+06:00,Bike,Shyamoli,23.767526,90.364588,Pallabi,23.827701,90.358866,18.11,21,359,cancelled_by_rider,2026-03-09T14:21:29+06:00,True,Pathao,PTH-DRV-008,Al Amin Sarker,8801690558459,driver,Bike,Dhaka-Metro-LA-55-6224,2023-03-18,4.43,active,Farmgate,41,26,1395,2026-02-12T12:34:17+06:00,2026-08-07T03:04:20+06:00
1181,USR100,+8801774878490,Rakib Hasan,PTH-RIDE-0001182,2026-02-26T20:07:14+06:00,Premium Car,Mohammadpur,23.776024,90.359844,Badda,23.773014,90.425068,10.01,14,580,completed,2026-02-26T20:28:14+06:00,True,Pathao,PTH-DRV-023,Al Amin Khan,8801354736696,driver,Premium Car,Dhaka-Metro-GA-39-9114,2023-07-25,4.89,active,Mohammadpur,44,34,437,2026-02-24T14:00:15+06:00,2026-08-10T04:16:51+06:00
1182,USR100,+8801774878490,Rakib Hasan,PTH-RIDE-0001183,2026-06-09T13:50:56+06:00,Car,Pallabi,23.837145,90.360418,Motijheel,23.736381,90.418637,5.61,15,321,cancelled_by_rider,2026-06-09T14:25:56+06:00,True,Pathao,PTH-DRV-010,Zahid Chowdhury,8801738695856,driver,Car,Dhaka-Metro-GA-12-2328,2024-05-16,4.86,active,Badda,44,28,403,2026-02-10T07:45:59+06:00,2026-08-10T20:38:42+06:00
1183,USR100,+8801774878490,Rakib Hasan,PTH-RIDE-0001184,2026-06-22T09:42:01+06:00,Car,Farmgate,23.763767,90.389871,Gulshan,23.785729,90.404478,24.55,46,891,completed,2026-06-22T10:42:01+06:00,True,Pathao,PTH-DRV-014,Mehedi Hossain,8801466938163,driver,Car,Dhaka-Metro-GA-57-3382,2023-09-28,4.50,active,Farmgate,49,31,1649,2026-02-11T05:29:19+06:00,2026-08-07T22:28:04+06:00
1184,USR100,+8801774878490,Rakib Hasan,PTH-RIDE-0001185,2026-06-25T23:26:52+06:00,Premium Car,Wari,23.729703,90.412243,Mirpur,23.817044,90.359921,19.02,34,855,completed,2026-06-26T00:11:52+06:00,True,Pathao,PTH-DRV-019,Tanvir Hossain,8801568844033,driver,Premium Car,Dhaka-Metro-GA-43-7960,2024-08-01,4.63,active,Gulshan,60,39,678,2026-02-13T02:57:39+06:00,2026-08-10T06:23:33+06:00
1185,USR100,+8801774878490,Rakib Hasan,PTH-RIDE-0001186,2026-06-25T06:03:33+06:00,Bike,Dhanmondi,23.740078,90.374719,Banani,23.800986,90.403862,3.19,69,86,completed,2026-06-25T07:32:33+06:00,True,Pathao,PTH-DRV-007,Rafi Chowdhury,8801972545462,driver,Bike,Dhaka-Metro-LA-49-8611,2025-12-04,4.63,active,Dhanmondi,50,31,630,2026-02-16T20:14:06+06:00,2026-08-08T21:37:30+06:00
1186,USR100,+8801774878490,Rakib Hasan,PTH-RIDE-0001187,2026-05-11T08:08:51+06:00,Premium Car,Pallabi,23.835977,90.359639,Old Dhaka,23.708773,90.407088,11.33,9,554,cancelled_by_rider,2026-05-11T08:28:51+06:00,True,Pathao,PTH-DRV-018,Riyad Khan,8801895144376,driver,Premium Car,Dhaka-Metro-GA-42-9702,2025-06-18,4.52,active,Farmgate,48,32,1798,2026-03-16T13:11:54+06:00,2026-08-10T14:18:39+06:00
1187,USR100,+8801774878490,Rakib Hasan,PTH-RIDE-0001188,2026-06-30T12:36:50+06:00,Car,Mohakhali,23.785263,90.407721,Shyamoli,23.781238,90.358275,3.13,39,221,completed,2026-06-30T13:31:50+06:00,True,Pathao,PTH-DRV-015,Sumon Ahmed,8801592246260,driver,Car,Dhaka-Metro-GA-47-2377,2024-09-19,4.91,temporarily_inactive,Gulshan,51,33,344,2026-02-20T06:37:41+06:00,2026-08-08T17:20:03+06:00
1188,USR100,+8801774878490,Rakib Hasan,PTH-RIDE-0001189,2026-08-02T07:35:21+06:00,Premium Car,Bashundhara,23.81826,90.431899,Banani,23.7882,90.405911,24.84,50,1165,completed,2026-08-02T08:39:21+06:00,True,Pathao,PTH-DRV-022,Rony Ahmed,8801406140466,driver,Premium Car,Dhaka-Metro-GA-14-3862,2024-03-08,4.36,active,Mohakhali,49,32,280,2026-02-19T05:07:42+06:00,2026-08-10T16:43:15+06:00
