index,user_id,phone,customer_name,order_id,order_time,seller_name,product_category,item_count,delivery_area,delivery_lat,delivery_lon,order_amount_bdt,payment_method,order_status,source_updated_at,synthetic,provider_name,rider_id,rider_name,rider_phone,rider_role,rider_vehicle_type,rider_vehicle_number,rider_joined_at,rider_rating,rider_status,rider_primary_area,rider_dataset_activity_count,rider_dataset_completed_count,rider_total_completed_activities,rider_first_activity_at,rider_last_activity_at
0,USR001,+8801584323851,Sanjida Khan,RKM0000001,2026-05-05T20:30:24+06:00,Pragya Demo Book House,Religion,2,Gulshan,23.786479,90.405542,2248,cash,delivered,2026-05-07T19:30:24+06:00,True,Rokomari,RKM-RDR-006,Shamim Karim,8801999724975,delivery_rider,Bike,Dhaka-Metro-LA-31-7317,2023-01-06,4.80,active,Gulshan,49,27,451,2026-02-12T06:57:54+06:00,2026-07-29T17:38:13+06:00
1,USR001,+8801584323851,Sanjida Khan,RKM0000002,2026-03-20T21:33:45+06:00,Pragya Demo Book House,Biography,5,Khilgaon,23.742614,90.433743,420,mobile_wallet,returned,2026-03-21T19:33:45+06:00,True,Rokomari,RKM-RDR-007,Noman Rahman,8801316743606,delivery_rider,Bike,Dhaka-Metro-LA-37-5287,2025-09-08,4.70,temporarily_inactive,Khilgaon,53,31,1154,2026-02-11T14:39:35+06:00,2026-08-09T03:13:19+06:00
2,USR001,+8801584323851,Sanjida Khan,RKM0000003,2026-06-14T09:33:44+06:00,Akshar Demo Publications,Non-Fiction,5,Shyamoli,23.782252,90.37044,4141,card,cancelled,2026-06-19T08:33:44+06:00,True,Rokomari,RKM-RDR-015,Mehedi Sheikh,8801376047729,delivery_rider,Bike,Dhaka-Metro-LA-48-9875,2025-11-17,4.56,active,Shyamoli,44,22,1705,2026-02-19T04:20:02+06:00,2026-08-03T03:52:15+06:00
3,USR001,+8801584323851,Sanjida Khan,RKM0000004,2026-06-10T12:40:07+06:00,Gyanpath Demo Publications,Non-Fiction,4,Shyamoli,23.77632,90.366029,1672,card,delivered,2026-06-19T19:40:07+06:00,True,Rokomari,RKM-RDR-015,Mehedi Sheikh,8801376047729,delivery_rider,Bike,Dhaka-Metro-LA-48-9875,2025-11-17,4.56,active,Shyamoli,44,22,1705,2026-02-19T04:20:02+06:00,2026-08-03T03:52:15+06:00
4,USR001,+8801584323851,Sanjida Khan,RKM0000005,2026-03-16T04:03:33+06:00,Shikkhaloy Demo Books,Exam Preparation,4,Tejgaon,23.762083,90.397176,897,mobile_wallet,processing,2026-03-17T13:03:33+06:00,True,Rokomari,RKM-RDR-016,Shuvo Mahmud,8801674629335,delivery_rider,Bicycle,BIC-76953,2023-10-17,4.53,active,Tejgaon,43,17,253,2026-02-13T17:57:55+06:00,2026-08-06T02:47:10+06:00
5,USR001,+8801584323851,Sanjida Khan,RKM0000006,2026-06-24T10:26:33+06:00,Natunpata Demo Publication,Fiction,5,Motijheel,23.732056,90.426038,2381,mobile_wallet,returned,2026-06-30T03:26:33+06:00,True,Rokomari,RKM-RDR-011,Sumon Uddin,8801903242764,delivery_rider,Bike,Dhaka-Metro-LA-44-1426,2023-08-04,4.66,active,Motijheel,43,22,1317,2026-02-12T04:42:40+06:00,2026-08-06T08:07:38+06:00
6,USR002,+8801757183416,Rakib Jahan,RKM0000007,2026-04-06T10:23:37+06:00,Sahityaghar Demo Publications,Children,4,Mirpur,23.815243,90.36387,1460,mobile_wallet,returned,2026-04-09T02:23:37+06:00,True,Rokomari,RKM-RDR-008,Mehedi Mia,8801903214455,delivery_rider,Bike,Dhaka-Metro-LA-48-7063,2023-02-20,4.42,active,Mirpur,58,32,333,2026-02-14T18:44:07+06:00,2026-08-08T13:29:34+06:00
7,USR002,+8801757183416,Rakib Jahan,RKM0000008,2026-03-27T08:35:23+06:00,Natunpata Demo Publication,Science & Technology,2,Wari,23.72948,90.419055,1280,card,delivered,2026-04-01T11:35:23+06:00,True,Rokomari,RKM-RDR-018,Sohel Sarker,8801409053113,delivery_rider,Bicycle,BIC-69174,2024-04-13,4.26,active,Wari,43,27,1288,2026-02-26T19:01:14+06:00,2026-08-07T20:15:31+06:00
8,USR002,+8801757183416,Rakib Jahan,RKM0000009,2026-04-04T20:44:54+06:00,Sahityaghar Demo Publications,Business,2,Khilgaon,23.747874,90.424736,2916,cash,processing,2026-04-12T03:44:54+06:00,True,Rokomari,RKM-RDR-007,Noman Rahman,8801316743606,delivery_rider,Bike,Dhaka-Metro-LA-37-5287,2025-09-08,4.70,temporarily_inactive,Khilgaon,53,31,1154,2026-02-11T14:39:35+06:00,2026-08-09T03:13:19+06:00
9,USR002,+8801757183416,Rakib Jahan,RKM0000010,2026-02-20T00:33:25+06:00,Sahityaghar Demo Publications,Biography,4,Mohakhali,23.777169,90.398103,987,mobile_wallet,returned,2026-02-23T17:33:25+06:00,True,Rokomari,RKM-RDR-009,Nayeem Hasan,8801324471418,delivery_rider,Bike,Dhaka-Metro-LA-34-5388,2024-11-23,4.65,active,Mohakhali,36,19,1188,2026-02-19T08:50:41+06:00,2026-08-02T04:47:49+06:00
10,USR002,+8801757183416,Rakib Jahan,RKM0000011,2026-04-11T03:52:25+06:00,Pathshala Demo Books,Exam Preparation,3,Mohakhali,23.77411,90.395457,1281,mobile_wallet,delivered,2026-04-19T17:52:25+06:00,True,Rokomari,RKM-RDR-009,Nayeem Hasan,8801324471418,delivery_rider,Bike,Dhaka-Metro-LA-34-5388,2024-11-23,4.65,active,Mohakhali,36,19,1188,2026-02-19T08:50:41+06:00,2026-08-02T04:47:49+06:00
11,USR002,+8801757183416,Rakib Jahan,RKM0000012,2026-06-15T09:47:18+06:00,Kalam Demo Publications,Science & Technology,2,Rampura,23.754621,90.429628,3756,mobile_wallet,delivered,2026-06-22T05:47:18+06:00,True,Rokomari,RKM-RDR-014,Hasan Sarker,8801938904423,delivery_rider,Bike,Dhaka-Metro-LA-21-8928,2023-08-20,4.35,active,Rampura,58,30,832,2026-02-11T14:04:39+06:00,2026-07-31T09:46:08+06:00
12,USR002,+8801757183416,Rakib Jahan,RKM0000013,2026-04-05T12:56:36+06:00,Akshar Demo Publications,Religion,1,Uttara,23.870858,90.380176,4279,mobile_wallet,returned,2026-04-14T13:56:36+06:00,True,Rokomari,RKM-RDR-017,Emon Rahman,8801932543816,delivery_rider,Bike,Dhaka-Metro-LA-59-3501,2026-03-29,4.62,active,Uttara,52,27,1300,2026-02-11T17:22:46+06:00,2026-08-06T10:33:58+06:00
13,USR003,+8801354621115,Tania Islam,RKM0000014,2026-07-13T07:42:02+06:00,Gyanpath Demo Publications,Science & Technology,1,Gulshan,23.79527,90.414445,2557,cash,returned,2026-07-19T17:42:02+06:00,True,Rokomari,RKM-RDR-006,Shamim Karim,8801999724975,delivery_rider,Bike,Dhaka-Metro-LA-31-7317,2023-01-06,4.80,active,Gulshan,49,27,451,2026-02-12T06:57:54+06:00,2026-07-29T17:38:13+06:00
14,USR003,+8801354621115,Tania Islam,RKM0000015,2026-06-07T10:09:21+06:00,Boibagan Demo Publications,History,1,Dhanmondi,23.739914,90.374823,4154,card,returned,2026-06-12T18:09:21+06:00,True,Rokomari,RKM-RDR-004,Fahim Karim,8801564428282,delivery_rider,Bike,Dhaka-Metro-LA-49-5778,2023-06-10,4.82,active,Dhanmondi,58,29,821,2026-02-14T08:31:15+06:00,2026-08-10T21:30:40+06:00
15,USR003,+8801354621115,Tania Islam,RKM0000016,2026-02-13T12:37:13+06:00,Pathshala Demo Books,Business,5,Badda,23.787348,90.424566,392,cash,delivered,2026-02-14T01:37:13+06:00,True,Rokomari,RKM-RDR-001,Hasan Chowdhury,8801871778083,delivery_rider,Bike,Dhaka-Metro-LA-49-2544,2023-03-12,4.55,active,Badda,27,10,1110,2026-02-11T03:30:55+06:00,2026-08-07T13:48:18+06:00
16,USR003,+8801354621115,Tania Islam,RKM0000017,2026-03-30T06:37:26+06:00,Natunpata Demo Publication,Biography,1,Uttara,23.868223,90.376481,3403,card,delivered,2026-04-07T04:37:26+06:00,True,Rokomari,RKM-RDR-017,Emon Rahman,8801932543816,delivery_rider,Bike,Dhaka-Metro-LA-59-3501,2026-03-29,4.62,active,Uttara,52,27,1300,2026-02-11T17:22:46+06:00,2026-08-06T10:33:58+06:00
17,USR003,+8801354621115,Tania Islam,RKM0000018,2026-06-07T18:00:20+06:00,Boibagan Demo Publications,Exam Preparation,5,Khilgaon,23.748474,90.424782,1588,mobile_wallet,delivered,2026-06-08T00:00:20+06:00,True,Rokomari,RKM-RDR-007,Noman Rahman,8801316743606,delivery_rider,Bike,Dhaka-Metro-LA-37-5287,2025-09-08,4.70,temporarily_inactive,Khilgaon,53,31,1154,2026-02-11T14:39:35+06:00,2026-08-09T03:13:19+06:00
18,USR003,+8801354621115,Tania Islam,RKM0000019,2026-08-04T21:46:20+06:00,Akshar Demo Publications,Fiction,3,Motijheel,23.741601,90.423203,3394,card,delivered,2026-08-14T20:46:20+06:00,True,Rokomari,RKM-RDR-011,Sumon Uddin,8801903242764,delivery_rider,Bike,Dhaka-Metro-LA-44-1426,2023-08-04,4.66,active,Motijheel,43,22,1317,2026-02-12T04:42:40+06:00,2026-08-06T08:07:38+06:00
19,USR003,+8801354621115,Tania Islam,RKM0000020,2026-03-28T17:37:58+06:00,Gyanpath Demo Publications,Science & Technology,5,Banani,23.793367,90.400538,3783,card,delivered,2026-04-02T01:37:58+06:00,True,Rokomari,RKM-RDR-002,Sabbir Sheikh,8801646093550,delivery_rider,Bike,Dhaka-Metro-LA-47-8925,2023-01-15,4.78,active,Banani,25,11,869,2026-02-10T18:00:19+06:00,2026-08-10T20:22:38+06:00
20,USR003,+8801354621115,Tania Islam,RKM0000021,2026-07-30T22:49:58+06:00,Pragya Demo Book House,Religion,1,Rampura,23.76052,90.419062,4736,card,returned,2026-08-05T02:49:58+06:00,True,Rokomari,RKM-RDR-014,Hasan Sarker,8801938904423,delivery_rider,Bike,Dhaka-Metro-LA-21-8928,2023-08-20,4.35,active,Rampura,58,30,832,2026-02-11T14:04:39+06:00,2026-07-31T09:46:08+06:00
21,USR003,+8801354621115,Tania Islam,RKM0000022,2026-03-08T19:35:27+06:00,Boibagan Demo Publications,Religion,2,Motijheel,23.735393,90.416457,2857,cash,processing,2026-03-13T22:35:27+06:00,True,Rokomari,RKM-RDR-011,Sumon Uddin,8801903242764,delivery_rider,Bike,Dhaka-Metro-LA-44-1426,2023-08-04,4.66,active,Motijheel,43,22,1317,2026-02-12T04:42:40+06:00,2026-08-06T08:07:38+06:00
22,USR004,+8801569374252,Mim Rahman,RKM0000023,2026-07-20T22:32:30+06:00,Kalam Demo Publications,Academic,5,Gulshan,23.787888,90.404538,3450,cash,delivered,2026-07-23T12:32:30+06:00,True,Rokomari,RKM-RDR-006,Shamim Karim,8801999724975,delivery_rider,Bike,Dhaka-Metro-LA-31-7317,2023-01-06,4.80,active,Gulshan,49,27,451,2026-02-12T06:57:54+06:00,2026-07-29T17:38:13+06:00
23,USR004,+8801569374252,Mim Rahman,RKM0000024,2026-03-09T08:54:52+06:00,Kalam Demo Publications,Business,2,Bashundhara,23.820922,90.424781,1388,mobile_wallet,processing,2026-03-15T21:54:52+06:00,True,Rokomari,RKM-RDR-003,Parvez Hasan,8801849556978,delivery_rider,Bike,Dhaka-Metro-LA-11-9736,2024-07-20,4.40,active,Bashundhara,48,23,1818,2026-02-10T11:36:34+06:00,2026-08-09T09:20:46+06:00
24,USR004,+8801569374252,Mim Rahman,RKM0000025,2026-04-15T00:39:15+06:00,Pragya Demo Book House,Non-Fiction,5,Wari,23.72635,90.412301,3429,card,delivered,2026-04-19T03:39:15+06:00,True,Rokomari,RKM-RDR-018,Sohel Sarker,8801409053113,delivery_rider,Bicycle,BIC-69174,2024-04-13,4.26,active,Wari,43,27,1288,2026-02-26T19:01:14+06:00,2026-08-07T20:15:31+06:00
25,USR004,+8801569374252,Mim Rahman,RKM0000026,2026-07-09T03:19:56+06:00,Gyanpath Demo Publications,Religion,2,Mohammadpur,23.776543,90.360995,4381,card,delivered,2026-07-13T13:19:56+06:00,True,Rokomari,RKM-RDR-010,Kawsar Hasan,8801752549830,delivery_rider,Bike,Dhaka-Metro-LA-32-8079,2024-06-06,4.23,active,Mohammadpur,50,24,1645,2026-02-11T04:16:48+06:00,2026-08-07T17:24:51+06:00
26,USR004,+8801569374252,Mim Rahman,RKM0000027,2026-04-30T23:46:36+06:00,Kalam Demo Publications,Biography,2,Bashundhara,23.822707,90.421614,1490,mobile_wallet,delivered,2026-05-02T09:46:36+06:00,True,Rokomari,RKM-RDR-003,Parvez Hasan,8801849556978,delivery_rider,Bike,Dhaka-Metro-LA-11-9736,2024-07-20,4.40,active,Bashundhara,48,23,1818,2026-02-10T11:36:34+06:00,2026-08-09T09:20:46+06:00
27,USR004,+8801569374252,Mim Rahman,RKM0000028,2026-06-04T16:06:53+06:00,Sahityaghar Demo Publications,Non-Fiction,5,Mohakhali,23.774453,90.396365,434,mobile_wallet,delivered,2026-06-11T17:06:53+06:00,True,Rokomari,RKM-RDR-009,Nayeem Hasan,8801324471418,delivery_rider,Bike,Dhaka-Metro-LA-34-5388,2024-11-23,4.65,active,Mohakhali,36,19,1188,2026-02-19T08:50:41+06:00,2026-08-02T04:47:49+06:00
28,USR004,+8801569374252,Mim Rahman,RKM0000029,2026-06-11T08:44:13+06:00,Pathshala Demo Books,Fiction,2,Pallabi,23.823354,90.368134,2828,cash,delivered,2026-06-12T07:44:13+06:00,True,Rokomari,RKM-RDR-013,Jubayer Karim,8801590153458,delivery_rider,Bike,Dhaka-Metro-LA-45-1553,2023-09-22,4.72,active,Pallabi,46,20,915,2026-02-11T18:18:56+06:00,2026-08-09T18:40:47+06:00
29,USR005,+8801526187734,Anika Hossain,RKM0000030,2026-05-22T20:40:02+06:00,Natunpata Demo Publication,Fiction,5,Pallabi,23.83284,90.361214,4267,cash,delivered,2026-06-01T03:40:02+06:00,True,Rokomari,RKM-RDR-013,Jubayer Karim,8801590153458,delivery_rider,Bike,Dhaka-Metro-LA-45-1553,2023-09-22,4.72,active,Pallabi,46,20,915,2026-02-11T18:18:56+06:00,2026-08-09T18:40:47+06:00
30,USR005,+8801526187734,Anika Hossain,RKM0000031,2026-07-31T09:46:08+06:00,Natunpata Demo Publication,Academic,1,Rampura,23.756514,90.423868,3592,cash,cancelled,2026-08-04T02:46:08+06:00,True,Rokomari,RKM-RDR-014,Hasan Sarker,8801938904423,delivery_rider,Bike,Dhaka-Metro-LA-21-8928,2023-08-20,4.35,active,Rampura,58,30,832,2026-02-11T14:04:39+06:00,2026-07-31T09:46:08+06:00
31,USR005,+8801526187734,Anika Hossain,RKM0000032,2026-08-02T01:14:52+06:00,Sahityaghar Demo Publications,Business,2,Motijheel,23.733986,90.415253,665,card,delivered,2026-08-06T10:14:52+06:00,True,Rokomari,RKM-RDR-011,Sumon Uddin,8801903242764,delivery_rider,Bike,Dhaka-Metro-LA-44-1426,2023-08-04,4.66,active,Motijheel,43,22,1317,2026-02-12T04:42:40+06:00,2026-08-06T08:07:38+06:00
32,USR005,+8801526187734,Anika Hossain,RKM0000033,2026-04-16T22:35:29+06:00,Pathshala Demo Books,Non-Fiction,4,Banani,23.799962,90.405153,445,card,returned,2026-04-25T04:35:29+06:00,True,Rokomari,RKM-RDR-020,Morshed Kabir,8801942462644,delivery_rider,Bike,Dhaka-Metro-LA-37-3930,2023-03-20,4.46,active,Banani,35,15,1313,2026-02-10T00:48:36+06:00,2026-08-09T15:47:43+06:00
33,USR005,+8801526187734,Anika Hossain,RKM0000034,2026-03-24T03:53:40+06:00,Natunpata Demo Publication,Children,3,Banani,23.797157,90.403498,836,mobile_wallet,cancelled,2026-03-25T13:53:40+06:00,True,Rokomari,RKM-RDR-020,Morshed Kabir,8801942462644,delivery_rider,Bike,Dhaka-Metro-LA-37-3930,2023-03-20,4.46,active,Banani,35,15,1313,2026-02-10T00:48:36+06:00,2026-08-09T15:47:43+06:00
34,USR005,+8801526187734,Anika Hossain,RKM0000035,2026-04-18T10:28:26+06:00,Shikkhaloy Demo Books,Fiction,1,Gulshan,23.794593,90.409836,2092,mobile_wallet,delivered,2026-04-18T12:28:26+06:00,True,Rokomari,RKM-RDR-006,Shamim Karim,8801999724975,delivery_rider,Bike,Dhaka-Metro-LA-31-7317,2023-01-06,4.80,active,Gulshan,49,27,451,2026-02-12T06:57:54+06:00,2026-07-29T17:38:13+06:00
35,USR005,+8801526187734,Anika Hossain,RKM0000036,2026-05-17T00:05:50+06:00,Natunpata Demo Publication,Biography,3,Khilgaon,23.755943,90.434242,4081,mobile_wallet,delivered,2026-05-26T10:05:50+06:00,True,Rokomari,RKM-RDR-007,Noman Rahman,8801316743606,delivery_rider,Bike,Dhaka-Metro-LA-37-5287,2025-09-08,4.70,temporarily_inactive,Khilgaon,53,31,1154,2026-02-11T14:39:35+06:00,2026-08-09T03:13:19+06:00
36,USR005,+8801526187734,Anika Hossain,RKM0000037,2026-03-02T14:19:54+06:00,Kalam Demo Publications,Biography,3,Old Dhaka,23.705671,90.409626,3121,card,cancelled,2026-03-07T11:19:54+06:00,True,Rokomari,RKM-RDR-012,Nadim Chowdhury,8801935031640,delivery_rider,Bicycle,BIC-35405,2023-12-08,4.61,active,Old Dhaka,51,24,1375,2026-02-10T07:52:12+06:00,2026-08-05T01:26:52+06:00
37,USR005,+8801526187734,Anika Hossain,RKM0000038,2026-05-28T14:34:29+06:00,Kalam Demo Publications,Religion,3,Mirpur,23.814396,90.368806,3588,cash,cancelled,2026-05-30T21:34:29+06:00,True,Rokomari,RKM-RDR-008,Mehedi Mia,8801903214455,delivery_rider,Bike,Dhaka-Metro-LA-48-7063,2023-02-20,4.42,active,Mirpur,58,32,333,2026-02-14T18:44:07+06:00,2026-08-08T13:29:34+06:00
38,USR005,+8801526187734,Anika Hossain,RKM0000039,2026-07-29T10:16:40+06:00,Akshar Demo Publications,Biography,2,Rampura,23.763099,90.428537,2045,cash,returned,2026-08-07T00:16:40+06:00,True,Rokomari,RKM-RDR-014,Hasan Sarker,8801938904423,delivery_rider,Bike,Dhaka-Metro-LA-21-8928,2023-08-20,4.35,active,Rampura,58,30,832,2026-02-11T14:04:39+06:00,2026-07-31T09:46:08+06:00
39,USR005,+8801526187734,Anika Hossain,RKM0000040,2026-05-10T12:32:45+06:00,Shikkhaloy Demo Books,Non-Fiction,2,Dhanmondi,23.745924,90.373599,905,cash,delivered,2026-05-18T11:32:45+06:00,True,Rokomari,RKM-RDR-004,Fahim Karim,8801564428282,delivery_rider,Bike,Dhaka-Metro-LA-49-5778,2023-06-10,4.82,active,Dhanmondi,58,29,821,2026-02-14T08:31:15+06:00,2026-08-10T21:30:40+06:00
40,USR005,+8801526187734,Anika Hossain,RKM0000041,2026-03-15T12:50:59+06:00,Akshar Demo Publications,Fiction,3,Khilgaon,23.756098,90.43272,3121,cash,delivered,2026-03-22T05:50:59+06:00,True,Rokomari,RKM-RDR-007,Noman Rahman,8801316743606,delivery_rider,Bike,Dhaka-Metro-LA-37-5287,2025-09-08,4.70,temporarily_inactive,Khilgaon,53,31,1154,2026-02-11T14:39:35+06:00,2026-08-09T03:13:19+06:00
41,USR006,+8801540236353,Sanjida Hasan,RKM0000042,2026-06-04T04:24:13+06:00,Boibagan Demo Publications,Fiction,5,Shyamoli,23.774672,90.359179,1570,card,delivered,2026-06-09T03:24:13+06:00,True,Rokomari,RKM-RDR-015,Mehedi Sheikh,8801376047729,delivery_rider,Bike,Dhaka-Metro-LA-48-9875,2025-11-17,4.56,active,Shyamoli,44,22,1705,2026-02-19T04:20:02+06:00,2026-08-03T03:52:15+06:00
42,USR006,+8801540236353,Sanjida Hasan,RKM0000043,2026-05-06T10:51:12+06:00,Boibagan Demo Publications,Exam Preparation,3,Banani,23.796483,90.412562,3319,cash,processing,2026-05-06T15:51:12+06:00,True,Rokomari,RKM-RDR-020,Morshed Kabir,8801942462644,delivery_rider,Bike,Dhaka-Metro-LA-37-3930,2023-03-20,4.46,active,Banani,35,15,1313,2026-02-10T00:48:36+06:00,2026-08-09T15:47:43+06:00
43,USR006,+8801540236353,Sanjida Hasan,RKM0000044,2026-05-11T13:44:40+06:00,Kalam Demo Publications,Non-Fiction,4,Badda,23.778057,90.430526,1014,cash,delivered,2026-05-13T00:44:40+06:00,True,Rokomari,RKM-RDR-019,Jubayer Sheikh,8801479247170,delivery_rider,Bicycle,BIC-57952,2025-05-30,4.90,active,Badda,26,11,467,2026-02-18T05:10:01+06:00,2026-08-10T02:50:03+06:00
44,USR006,+8801540236353,Sanjida Hasan,RKM0000045,2026-05-10T16:19:22+06:00,Akshar Demo Publications,Non-Fiction,2,Mohakhali,23.778448,90.401692,3747,mobile_wallet,processing,2026-05-15T16:19:22+06:00,True,Rokomari,RKM-RDR-009,Nayeem Hasan,8801324471418,delivery_rider,Bike,Dhaka-Metro-LA-34-5388,2024-11-23,4.65,active,Mohakhali,36,19,1188,2026-02-19T08:50:41+06:00,2026-08-02T04:47:49+06:00
45,USR006,+8801540236353,Sanjida Hasan,RKM0000046,2026-03-26T10:42:09+06:00,Pragya Demo Book House,Biography,3,Motijheel,23.737851,90.416052,4028,mobile_wallet,delivered,2026-04-05T04:42:09+06:00,True,Rokomari,RKM-RDR-011,Sumon Uddin,8801903242764,delivery_rider,Bike,Dhaka-Metro-LA-44-1426,2023-08-04,4.66,active,Motijheel,43,22,1317,2026-02-12T04:42:40+06:00,2026-08-06T08:07:38+06:00
46,USR006,+8801540236353,Sanjida Hasan,RKM0000047,2026-06-01T07:01:34+06:00,Shikkhaloy Demo Books,Science & Technology,5,Badda,23.788495,90.420491,2120,mobile_wallet,processing,2026-06-08T16:01:34+06:00,True,Rokomari,RKM-RDR-019,Jubayer Sheikh,8801479247170,delivery_rider,Bicycle,BIC-57952,2025-05-30,4.90,active,Badda,26,11,467,2026-02-18T05:10:01+06:00,2026-08-10T02:50:03+06:00
47,USR007,+8801414017475,Sadia Chowdhury,RKM0000048,2026-07-08T09:13:28+06:00,Akshar Demo Publications,Exam Preparation,5,Banani,23.802662,90.408468,301,mobile_wallet,processing,2026-07-10T09:13:28+06:00,True,Rokomari,RKM-RDR-002,Sabbir Sheikh,8801646093550,delivery_rider,Bike,Dhaka-Metro-LA-47-8925,2023-01-15,4.78,active,Banani,25,11,869,2026-02-10T18:00:19+06:00,2026-08-10T20:22:38+06:00
48,USR007,+8801414017475,Sadia Chowdhury,RKM0000049,2026-02-27T23:48:35+06:00,Boibagan Demo Publications,Biography,4,Banani,23.795326,90.403643,4105,cash,returned,2026-03-05T17:48:35+06:00,True,Rokomari,RKM-RDR-020,Morshed Kabir,8801942462644,delivery_rider,Bike,Dhaka-Metro-LA-37-3930,2023-03-20,4.46,active,Banani,35,15,1313,2026-02-10T00:48:36+06:00,2026-08-09T15:47:43+06:00
49,USR007,+8801414017475,Sadia Chowdhury,RKM0000050,2026-07-20T12:25:55+06:00,Natunpata Demo Publication,Academic,4,Mirpur,23.828536,90.357946,4345,card,delivered,2026-07-26T23:25:55+06:00,True,Rokomari,RKM-RDR-008,Mehedi Mia,8801903214455,delivery_rider,Bike,Dhaka-Metro-LA-48-7063,2023-02-20,4.42,active,Mirpur,58,32,333,2026-02-14T18:44:07+06:00,2026-08-08T13:29:34+06:00
50,USR007,+8801414017475,Sadia Chowdhury,RKM0000051,2026-06-06T18:06:29+06:00,Pragya Demo Book House,Science & Technology,4,Khilgaon,23.750661,90.428578,4535,cash,processing,2026-06-11T11:06:29+06:00,True,Rokomari,RKM-RDR-007,Noman Rahman,8801316743606,delivery_rider,Bike,Dhaka-Metro-LA-37-5287,2025-09-08,4.70,temporarily_inactive,Khilgaon,53,31,1154,2026-02-11T14:39:35+06:00,2026-08-09T03:13:19+06:00
51,USR007,+8801414017475,Sadia Chowdhury,RKM0000052,2026-03-07T00:23:51+06:00,Gyanpath Demo Publications,Biography,1,Farmgate,23.754575,90.398311,3597,mobile_wallet,processing,2026-03-11T09:23:51+06:00,True,Rokomari,RKM-RDR-005,Tanvir Hasan,8801510283842,delivery_rider,Bicycle,BIC-99533,2024-10-07,4.86,active,Farmgate,51,22,318,2026-02-14T11:05:37+06:00,2026-08-06T15:48:56+06:00
52,USR007,+8801414017475,Sadia Chowdhury,RKM0000053,2026-08-05T11:05:23+06:00,Kalam Demo Publications,History,4,Dhanmondi,23.754068,90.373556,2395,mobile_wallet,processing,2026-08-14T06:05:23+06:00,True,Rokomari,RKM-RDR-004,Fahim Karim,8801564428282,delivery_rider,Bike,Dhaka-Metro-LA-49-5778,2023-06-10,4.82,active,Dhanmondi,58,29,821,2026-02-14T08:31:15+06:00,2026-08-10T21:30:40+06:00
53,USR007,+8801414017475,Sadia Chowdhury,RKM0000054,2026-05-18T05:18:00+06:00,Shikkhaloy Demo Books,Biography,3,Banani,23.788132,90.407573,1404,mobile_wallet,returned,2026-05-25T15:18:00+06:00,True,Rokomari,RKM-RDR-002,Sabbir Sheikh,8801646093550,delivery_rider,Bike,Dhaka-Metro-LA-47-8925,2023-01-15,4.78,active,Banani,25,11,869,2026-02-10T18:00:19+06:00,2026-08-10T20:22:38+06:00
54,USR007,+8801414017475,Sadia Chowdhury,RKM0000055,2026-05-04T01:44:58+06:00,Kalam Demo Publications,Academic,2,Badda,23.778982,90.425988,2314,cash,delivered,2026-05-06T21:44:58+06:00,True,Rokomari,RKM-RDR-019,Jubayer Sheikh,8801479247170,delivery_rider,Bicycle,BIC-57952,2025-05-30,4.90,active,Badda,26,11,467,2026-02-18T05:10:01+06:00,2026-08-10T02:50:03+06:00
55,USR007,+8801414017475,Sadia Chowdhury,RKM0000056,2026-04-25T07:53:13+06:00,Shikkhaloy Demo Books,History,5,Shyamoli,23.778098,90.364722,1211,card,delivered,2026-04-29T12:53:13+06:00,True,Rokomari,RKM-RDR-015,Mehedi Sheikh,8801376047729,delivery_rider,Bike,Dhaka-Metro-LA-48-9875,2025-11-17,4.56,active,Shyamoli,44,22,1705,2026-02-19T04:20:02+06:00,2026-08-03T03:52:15+06:00
56,USR007,+8801414017475,Sadia Chowdhury,RKM0000057,2026-06-23T11:31:02+06:00,Boibagan Demo Publications,Biography,4,Uttara,23.871154,90.385045,4517,cash,delivered,2026-07-03T05:31:02+06:00,True,Rokomari,RKM-RDR-017,Emon Rahman,8801932543816,delivery_rider,Bike,Dhaka-Metro-LA-59-3501,2026-03-29,4.62,active,Uttara,52,27,1300,2026-02-11T17:22:46+06:00,2026-08-06T10:33:58+06:00
57,USR007,+8801414017475,Sadia Chowdhury,RKM0000058,2026-06-07T19:11:48+06:00,Akshar Demo Publications,Religion,5,Uttara,23.867459,90.379125,1854,card,delivered,2026-06-11T08:11:48+06:00,True,Rokomari,RKM-RDR-017,Emon Rahman,8801932543816,delivery_rider,Bike,Dhaka-Metro-LA-59-3501,2026-03-29,4.62,active,Uttara,52,27,1300,2026-02-11T17:22:46+06:00,2026-08-06T10:33:58+06:00
58,USR008,+8801416261428,Imran Jahan,RKM0000059,2026-08-06T10:33:58+06:00,Pragya Demo Book House,Business,1,Uttara,23.87348,90.372454,2197,mobile_wallet,delivered,2026-08-07T15:33:58+06:00,True,Rokomari,RKM-RDR-017,Emon Rahman,8801932543816,delivery_rider,Bike,Dhaka-Metro-LA-59-3501,2026-03-29,4.62,active,Uttara,52,27,1300,2026-02-11T17:22:46+06:00,2026-08-06T10:33:58+06:00
59,USR008,+8801416261428,Imran Jahan,RKM0000060,2026-02-13T17:57:55+06:00,Pathshala Demo Books,History,4,Tejgaon,23.769247,90.388478,3328,card,processing,2026-02-16T07:57:55+06:00,True,Rokomari,RKM-RDR-016,Shuvo Mahmud,8801674629335,delivery_rider,Bicycle,BIC-76953,2023-10-17,4.53,active,Tejgaon,43,17,253,2026-02-13T17:57:55+06:00,2026-08-06T02:47:10+06:00
60,USR008,+8801416261428,Imran Jahan,RKM0000061,2026-04-29T23:11:54+06:00,Pragya Demo Book House,Non-Fiction,3,Mohammadpur,23.776289,90.350974,3349,cash,cancelled,2026-05-08T00:11:54+06:00,True,Rokomari,RKM-RDR-010,Kawsar Hasan,8801752549830,delivery_rider,Bike,Dhaka-Metro-LA-32-8079,2024-06-06,4.23,active,Mohammadpur,50,24,1645,2026-02-11T04:16:48+06:00,2026-08-07T17:24:51+06:00
61,USR008,+8801416261428,Imran Jahan,RKM0000062,2026-04-17T10:40:02+06:00,Shikkhaloy Demo Books,Biography,4,Mohakhali,23.771922,90.399701,2361,cash,delivered,2026-04-21T00:40:02+06:00,True,Rokomari,RKM-RDR-009,Nayeem Hasan,8801324471418,delivery_rider,Bike,Dhaka-Metro-LA-34-5388,2024-11-23,4.65,active,Mohakhali,36,19,1188,2026-02-19T08:50:41+06:00,2026-08-02T04:47:49+06:00
62,USR008,+8801416261428,Imran Jahan,RKM0000063,2026-06-16T06:43:58+06:00,Shikkhaloy Demo Books,Science & Technology,5,Farmgate,23.764721,90.396395,4265,card,processing,2026-06-26T03:43:58+06:00,True,Rokomari,RKM-RDR-005,Tanvir Hasan,8801510283842,delivery_rider,Bicycle,BIC-99533,2024-10-07,4.86,active,Farmgate,51,22,318,2026-02-14T11:05:37+06:00,2026-08-06T15:48:56+06:00
63,USR008,+8801416261428,Imran Jahan,RKM0000064,2026-05-11T18:29:45+06:00,Kalam Demo Publications,Non-Fiction,1,Dhanmondi,23.739731,90.376364,393,mobile_wallet,delivered,2026-05-20T00:29:45+06:00,True,Rokomari,RKM-RDR-004,Fahim Karim,8801564428282,delivery_rider,Bike,Dhaka-Metro-LA-49-5778,2023-06-10,4.82,active,Dhanmondi,58,29,821,2026-02-14T08:31:15+06:00,2026-08-10T21:30:40+06:00
64,USR009,+8801912664313,Samira Jahan,RKM0000065,2026-04-24T03:51:56+06:00,Pathshala Demo Books,Exam Preparation,4,Mirpur,23.819385,90.367701,1132,mobile_wallet,returned,2026-04-24T07:51:56+06:00,True,Rokomari,RKM-RDR-008,Mehedi Mia,8801903214455,delivery_rider,Bike,Dhaka-Metro-LA-48-7063,2023-02-20,4.42,active,Mirpur,58,32,333,2026-02-14T18:44:07+06:00,2026-08-08T13:29:34+06:00
65,USR009,+8801912664313,Samira Jahan,RKM0000066,2026-04-18T07:42:44+06:00,Pragya Demo Book House,Non-Fiction,3,Banani,23.802276,90.409513,1470,card,cancelled,2026-04-27T07:42:44+06:00,True,Rokomari,RKM-RDR-020,Morshed Kabir,8801942462644,delivery_rider,Bike,Dhaka-Metro-LA-37-3930,2023-03-20,4.46,active,Banani,35,15,1313,2026-02-10T00:48:36+06:00,2026-08-09T15:47:43+06:00
66,USR009,+8801912664313,Samira Jahan,RKM0000067,2026-03-04T11:30:05+06:00,Natunpata Demo Publication,Children,3,Rampura,23.759039,90.41322,469,cash,delivered,2026-03-12T04:30:05+06:00,True,Rokomari,RKM-RDR-014,Hasan Sarker,8801938904423,delivery_rider,Bike,Dhaka-Metro-LA-21-8928,2023-08-20,4.35,active,Rampura,58,30,832,2026-02-11T14:04:39+06:00,2026-07-31T09:46:08+06:00
67,USR009,+8801912664313,Samira Jahan,RKM0000068,2026-04-09T23:12:14+06:00,Pragya Demo Book House,Business,2,Shyamoli,23.778565,90.371069,529,cash,delivered,2026-04-18T01:12:14+06:00,True,Rokomari,RKM-RDR-015,Mehedi Sheikh,8801376047729,delivery_rider,Bike,Dhaka-Metro-LA-48-9875,2025-11-17,4.56,active,Shyamoli,44,22,1705,2026-02-19T04:20:02+06:00,2026-08-03T03:52:15+06:00
68,USR009,+8801912664313,Samira Jahan,RKM0000069,2026-06-04T18:16:49+06:00,Sahityaghar Demo Publications,Non-Fiction,4,Mohakhali,23.770114,90.398077,2182,card,processing,2026-06-06T19:16:49+06:00,True,Rokomari,RKM-RDR-009,Nayeem Hasan,8801324471418,delivery_rider,Bike,Dhaka-Metro-LA-34-5388,2024-11-23,4.65,active,Mohakhali,36,19,1188,2026-02-19T08:50:41+06:00,2026-08-02T04:47:49+06:00
69,USR009,+8801912664313,Samira Jahan,RKM0000070,2026-04-03T18:11:10+06:00,Pragya Demo Book House,Business,1,Khilgaon,23.756721,90.423812,796,card,returned,2026-04-04T09:11:10+06:00,True,Rokomari,RKM-RDR-007,Noman Rahman,8801316743606,delivery_rider,Bike,Dhaka-Metro-LA-37-5287,2025-09-08,4.70,temporarily_inactive,Khilgaon,53,31,1154,2026-02-11T14:39:35+06:00,2026-08-09T03:13:19+06:00
70,USR010,+8801645545273,Nadia Uddin,RKM0000071,2026-03-01T19:44:10+06:00,Boibagan Demo Publications,Academic,3,Khilgaon,23.748322,90.436511,575,card,returned,2026-03-07T12:44:10+06:00,True,Rokomari,RKM-RDR-007,Noman Rahman,8801316743606,delivery_rider,Bike,Dhaka-Metro-LA-37-5287,2025-09-08,4.70,temporarily_inactive,Khilgaon,53,31,1154,2026-02-11T14:39:35+06:00,2026-08-09T03:13:19+06:00
71,USR010,+8801645545273,Nadia Uddin,RKM0000072,2026-07-22T17:43:17+06:00,Pragya Demo Book House,Children,1,Farmgate,23.764474,90.381235,3747,cash,delivered,2026-07-29T18:43:17+06:00,True,Rokomari,RKM-RDR-005,Tanvir Hasan,8801510283842,delivery_rider,Bicycle,BIC-99533,2024-10-07,4.86,active,Farmgate,51,22,318,2026-02-14T11:05:37+06:00,2026-08-06T15:48:56+06:00
72,USR010,+8801645545273,Nadia Uddin,RKM0000073,2026-05-18T19:47:34+06:00,Pragya Demo Book House,Children,2,Tejgaon,23.762065,90.399869,4135,cash,returned,2026-05-27T15:47:34+06:00,True,Rokomari,RKM-RDR-016,Shuvo Mahmud,8801674629335,delivery_rider,Bicycle,BIC-76953,2023-10-17,4.53,active,Tejgaon,43,17,253,2026-02-13T17:57:55+06:00,2026-08-06T02:47:10+06:00
73,USR010,+8801645545273,Nadia Uddin,RKM0000074,2026-03-07T19:51:33+06:00,Boibagan Demo Publications,Academic,4,Banani,23.792036,90.401338,2797,cash,delivered,2026-03-15T04:51:33+06:00,True,Rokomari,RKM-RDR-020,Morshed Kabir,8801942462644,delivery_rider,Bike,Dhaka-Metro-LA-37-3930,2023-03-20,4.46,active,Banani,35,15,1313,2026-02-10T00:48:36+06:00,2026-08-09T15:47:43+06:00
74,USR010,+8801645545273,Nadia Uddin,RKM0000075,2026-04-17T13:41:23+06:00,Gyanpath Demo Publications,Children,4,Mirpur,23.815499,90.365633,2919,mobile_wallet,delivered,2026-04-21T16:41:23+06:00,True,Rokomari,RKM-RDR-008,Mehedi Mia,8801903214455,delivery_rider,Bike,Dhaka-Metro-LA-48-7063,2023-02-20,4.42,active,Mirpur,58,32,333,2026-02-14T18:44:07+06:00,2026-08-08T13:29:34+06:00
75,USR010,+8801645545273,Nadia Uddin,RKM0000076,2026-03-12T13:09:35+06:00,Akshar Demo Publications,History,5,Khilgaon,23.755367,90.430934,547,card,delivered,2026-03-12T14:09:35+06:00,True,Rokomari,RKM-RDR-007,Noman Rahman,8801316743606,delivery_rider,Bike,Dhaka-Metro-LA-37-5287,2025-09-08,4.70,temporarily_inactive,Khilgaon,53,31,1154,2026-02-11T14:39:35+06:00,2026-08-09T03:13:19+06:00
76,USR010,+8801645545273,Nadia Uddin,RKM0000077,2026-08-02T07:53:29+06:00,Natunpata Demo Publication,Fiction,5,Dhanmondi,23.742971,90.36957,3776,cash,delivered,2026-08-04T23:53:29+06:00,True,Rokomari,RKM-RDR-004,Fahim Karim,8801564428282,delivery_rider,Bike,Dhaka-Metro-LA-49-5778,2023-06-10,4.82,active,Dhanmondi,58,29,821,2026-02-14T08:31:15+06:00,2026-08-10T21:30:40+06:00
77,USR010,+8801645545273,Nadia Uddin,RKM0000078,2026-03-13T08:07:00+06:00,Sahityaghar Demo Publications,Science & Technology,5,Pallabi,23.820712,90.367069,2358,mobile_wallet,returned,2026-03-19T04:07:00+06:00,True,Rokomari,RKM-RDR-013,Jubayer Karim,8801590153458,delivery_rider,Bike,Dhaka-Metro-LA-45-1553,2023-09-22,4.72,active,Pallabi,46,20,915,2026-02-11T18:18:56+06:00,2026-08-09T18:40:47+06:00
78,USR010,+8801645545273,Nadia Uddin,RKM0000079,2026-02-19T17:32:35+06:00,Boibagan Demo Publications,Science & Technology,5,Khilgaon,23.744716,90.426602,3831,card,returned,2026-02-19T18:32:35+06:00,True,Rokomari,RKM-RDR-007,Noman Rahman,8801316743606,delivery_rider,Bike,Dhaka-Metro-LA-37-5287,2025-09-08,4.70,temporarily_inactive,Khilgaon,53,31,1154,2026-02-11T14:39:35+06:00,2026-08-09T03:13:19+06:00
79,USR010,+8801645545273,Nadia Uddin,RKM0000080,2026-07-23T02:40:32+06:00,Gyanpath Demo Publications,History,5,Pallabi,23.834121,90.37225,3113,mobile_wallet,returned,2026-07-23T13:40:32+06:00,True,Rokomari,RKM-RDR-013,Jubayer Karim,8801590153458,delivery_rider,Bike,Dhaka-Metro-LA-45-1553,2023-09-22,4.72,active,Pallabi,46,20,915,2026-02-11T18:18:56+06:00,2026-08-09T18:40:47+06:00
80,USR010,+8801645545273,Nadia Uddin,RKM0000081,2026-06-25T15:55:10+06:00,Sahityaghar Demo Publications,Exam Preparation,3,Badda,23.783582,90.43162,2806,cash,cancelled,2026-06-28T16:55:10+06:00,True,Rokomari,RKM-RDR-001,Hasan Chowdhury,8801871778083,delivery_rider,Bike,Dhaka-Metro-LA-49-2544,2023-03-12,4.55,active,Badda,27,10,1110,2026-02-11T03:30:55+06:00,2026-08-07T13:48:18+06:00
81,USR010,+8801645545273,Nadia Uddin,RKM0000082,2026-02-11T04:16:48+06:00,Akshar Demo Publications,Exam Preparation,3,Mohammadpur,23.765699,90.355403,2161,cash,returned,2026-02-19T05:16:48+06:00,True,Rokomari,RKM-RDR-010,Kawsar Hasan,8801752549830,delivery_rider,Bike,Dhaka-Metro-LA-32-8079,2024-06-06,4.23,active,Mohammadpur,50,24,1645,2026-02-11T04:16:48+06:00,2026-08-07T17:24:51+06:00
82,USR011,+8801667091759,Samira Mahmud,RKM0000083,2026-02-28T03:04:47+06:00,Pathshala Demo Books,Business,3,Khilgaon,23.758106,90.430713,4392,card,processing,2026-03-03T08:04:47+06:00,True,Rokomari,RKM-RDR-007,Noman Rahman,8801316743606,delivery_rider,Bike,Dhaka-Metro-LA-37-5287,2025-09-08,4.70,temporarily_inactive,Khilgaon,53,31,1154,2026-02-11T14:39:35+06:00,2026-08-09T03:13:19+06:00
83,USR011,+8801667091759,Samira Mahmud,RKM0000084,2026-03-20T15:42:57+06:00,Natunpata Demo Publication,Business,3,Pallabi,23.835827,90.357475,1743,cash,cancelled,2026-03-24T10:42:57+06:00,True,Rokomari,RKM-RDR-013,Jubayer Karim,8801590153458,delivery_rider,Bike,Dhaka-Metro-LA-45-1553,2023-09-22,4.72,active,Pallabi,46,20,915,2026-02-11T18:18:56+06:00,2026-08-09T18:40:47+06:00
84,USR011,+8801667091759,Samira Mahmud,RKM0000085,2026-03-24T23:25:32+06:00,Gyanpath Demo Publications,Science & Technology,5,Motijheel,23.74115,90.420118,701,mobile_wallet,delivered,2026-03-26T03:25:32+06:00,True,Rokomari,RKM-RDR-011,Sumon Uddin,8801903242764,delivery_rider,Bike,Dhaka-Metro-LA-44-1426,2023-08-04,4.66,active,Motijheel,43,22,1317,2026-02-12T04:42:40+06:00,2026-08-06T08:07:38+06:00
85,USR011,+8801667091759,Samira Mahmud,RKM0000086,2026-02-18T05:10:01+06:00,Pragya Demo Book House,Children,2,Badda,23.778667,90.429028,2035,mobile_wallet,returned,2026-02-19T07:10:01+06:00,True,Rokomari,RKM-RDR-019,Jubayer Sheikh,8801479247170,delivery_rider,Bicycle,BIC-57952,2025-05-30,4.90,active,Badda,26,11,467,2026-02-18T05:10:01+06:00,2026-08-10T02:50:03+06:00
86,USR011,+8801667091759,Samira Mahmud,RKM0000087,2026-06-05T15:34:17+06:00,Pathshala Demo Books,Biography,4,Motijheel,23.733144,90.417282,4502,cash,returned,2026-06-11T02:34:17+06:00,True,Rokomari,RKM-RDR-011,Sumon Uddin,8801903242764,delivery_rider,Bike,Dhaka-Metro-LA-44-1426,2023-08-04,4.66,active,Motijheel,43,22,1317,2026-02-12T04:42:40+06:00,2026-08-06T08:07:38+06:00
87,USR011,+8801667091759,Samira Mahmud,RKM0000088,2026-03-21T07:31:05+06:00,Akshar Demo Publications,Religion,1,Bashundhara,23.807697,90.418163,738,cash,delivered,2026-03-30T19:31:05+06:00,True,Rokomari,RKM-RDR-003,Parvez Hasan,8801849556978,delivery_rider,Bike,Dhaka-Metro-LA-11-9736,2024-07-20,4.40,active,Bashundhara,48,23,1818,2026-02-10T11:36:34+06:00,2026-08-09T09:20:46+06:00
88,USR011,+8801667091759,Samira Mahmud,RKM0000089,2026-07-27T20:10:11+06:00,Boibagan Demo Publications,Exam Preparation,2,Old Dhaka,23.701878,90.402252,942,mobile_wallet,delivered,2026-08-01T18:10:11+06:00,True,Rokomari,RKM-RDR-012,Nadim Chowdhury,8801935031640,delivery_rider,Bicycle,BIC-35405,2023-12-08,4.61,active,Old Dhaka,51,24,1375,2026-02-10T07:52:12+06:00,2026-08-05T01:26:52+06:00
89,USR011,+8801667091759,Samira Mahmud,RKM0000090,2026-03-12T20:24:57+06:00,Shikkhaloy Demo Books,Non-Fiction,1,Shyamoli,23.777653,90.36895,1646,card,delivered,2026-03-21T11:24:57+06:00,True,Rokomari,RKM-RDR-015,Mehedi Sheikh,8801376047729,delivery_rider,Bike,Dhaka-Metro-LA-48-9875,2025-11-17,4.56,active,Shyamoli,44,22,1705,2026-02-19T04:20:02+06:00,2026-08-03T03:52:15+06:00
90,USR011,+8801667091759,Samira Mahmud,RKM0000091,2026-07-16T00:56:56+06:00,Shikkhaloy Demo Books,Exam Preparation,2,Badda,23.773,90.428684,362,card,delivered,2026-07-16T09:56:56+06:00,True,Rokomari,RKM-RDR-001,Hasan Chowdhury,8801871778083,delivery_rider,Bike,Dhaka-Metro-LA-49-2544,2023-03-12,4.55,active,Badda,27,10,1110,2026-02-11T03:30:55+06:00,2026-08-07T13:48:18+06:00
91,USR011,+8801667091759,Samira Mahmud,RKM0000092,2026-07-19T23:04:47+06:00,Natunpata Demo Publication,Religion,5,Dhanmondi,23.74835,90.380952,4753,card,returned,2026-07-20T11:04:47+06:00,True,Rokomari,RKM-RDR-004,Fahim Karim,8801564428282,delivery_rider,Bike,Dhaka-Metro-LA-49-5778,2023-06-10,4.82,active,Dhanmondi,58,29,821,2026-02-14T08:31:15+06:00,2026-08-10T21:30:40+06:00
92,USR011,+8801667091759,Samira Mahmud,RKM0000093,2026-05-12T18:27:33+06:00,Pathshala Demo Books,Business,4,Gulshan,23.791915,90.404424,3516,mobile_wallet,returned,2026-05-17T23:27:33+06:00,True,Rokomari,RKM-RDR-006,Shamim Karim,8801999724975,delivery_rider,Bike,Dhaka-Metro-LA-31-7317,2023-01-06,4.80,active,Gulshan,49,27,451,2026-02-12T06:57:54+06:00,2026-07-29T17:38:13+06:00
93,USR011,+8801667091759,Samira Mahmud,RKM0000094,2026-06-10T19:56:54+06:00,Boibagan Demo Publications,Science & Technology,1,Gulshan,23.783835,90.405353,1466,cash,delivered,2026-06-15T03:56:54+06:00,True,Rokomari,RKM-RDR-006,Shamim Karim,8801999724975,delivery_rider,Bike,Dhaka-Metro-LA-31-7317,2023-01-06,4.80,active,Gulshan,49,27,451,2026-02-12T06:57:54+06:00,2026-07-29T17:38:13+06:00
94,USR012,+8801503416513,Siam Hasan,RKM0000095,2026-04-06T16:47:52+06:00,Natunpata Demo Publication,Biography,4,Farmgate,23.752533,90.381681,1142,mobile_wallet,delivered,2026-04-15T04:47:52+06:00,True,Rokomari,RKM-RDR-005,Tanvir Hasan,8801510283842,delivery_rider,Bicycle,BIC-99533,2024-10-07,4.86,active,Farmgate,51,22,318,2026-02-14T11:05:37+06:00,2026-08-06T15:48:56+06:00
95,USR012,+8801503416513,Siam Hasan,RKM0000096,2026-06-17T00:29:36+06:00,Natunpata Demo Publication,Exam Preparation,5,Farmgate,23.751897,90.391196,4326,mobile_wallet,delivered,2026-06-22T09:29:36+06:00,True,Rokomari,RKM-RDR-005,Tanvir Hasan,8801510283842,delivery_rider,Bicycle,BIC-99533,2024-10-07,4.86,active,Farmgate,51,22,318,2026-02-14T11:05:37+06:00,2026-08-06T15:48:56+06:00
96,USR012,+8801503416513,Siam Hasan,RKM0000097,2026-03-06T12:29:10+06:00,Pathshala Demo Books,Non-Fiction,2,Bashundhara,23.822124,90.427099,4444,mobile_wallet,returned,2026-03-08T14:29:10+06:00,True,Rokomari,RKM-RDR-003,Parvez Hasan,8801849556978,delivery_rider,Bike,Dhaka-Metro-LA-11-9736,2024-07-20,4.40,active,Bashundhara,48,23,1818,2026-02-10T11:36:34+06:00,2026-08-09T09:20:46+06:00
97,USR012,+8801503416513,Siam Hasan,RKM0000098,2026-05-08T02:27:25+06:00,Shikkhaloy Demo Books,Non-Fiction,5,Rampura,23.769711,90.41258,852,cash,cancelled,2026-05-10T07:27:25+06:00,True,Rokomari,RKM-RDR-014,Hasan Sarker,8801938904423,delivery_rider,Bike,Dhaka-Metro-LA-21-8928,2023-08-20,4.35,active,Rampura,58,30,832,2026-02-11T14:04:39+06:00,2026-07-31T09:46:08+06:00
98,USR012,+8801503416513,Siam Hasan,RKM0000099,2026-05-07T20:30:03+06:00,Akshar Demo Publications,Non-Fiction,3,Mohakhali,23.771307,90.407435,3716,cash,cancelled,2026-05-12T17:30:03+06:00,True,Rokomari,RKM-RDR-009,Nayeem Hasan,8801324471418,delivery_rider,Bike,Dhaka-Metro-LA-34-5388,2024-11-23,4.65,active,Mohakhali,36,19,1188,2026-02-19T08:50:41+06:00,2026-08-02T04:47:49+06:00
99,USR012,+8801503416513,Siam Hasan,RKM0000100,2026-04-27T23:31:56+06:00,Gyanpath Demo Publications,Business,3,Wari,23.714792,90.424057,1620,cash,cancelled,2026-05-01T01:31:56+06:00,True,Rokomari,RKM-RDR-018,Sohel Sarker,8801409053113,delivery_rider,Bicycle,BIC-69174,2024-04-13,4.26,active,Wari,43,27,1288,2026-02-26T19:01:14+06:00,2026-08-07T20:15:31+06:00
100,USR012,+8801503416513,Siam Hasan,RKM0000101,2026-02-28T10:42:16+06:00,Pathshala Demo Books,Business,5,Mohammadpur,23.763791,90.349722,1145,card,processing,2026-03-05T22:42:16+06:00,True,Rokomari,RKM-RDR-010,Kawsar Hasan,8801752549830,delivery_rider,Bike,Dhaka-Metro-LA-32-8079,2024-06-06,4.23,active,Mohammadpur,50,24,1645,2026-02-11T04:16:48+06:00,2026-08-07T17:24:51+06:00
101,USR012,+8801503416513,Siam Hasan,RKM0000102,2026-08-07T17:24:51+06:00,Gyanpath Demo Publications,Children,2,Mohammadpur,23.760313,90.353218,1919,mobile_wallet,processing,2026-08-16T01:24:51+06:00,True,Rokomari,RKM-RDR-010,Kawsar Hasan,8801752549830,delivery_rider,Bike,Dhaka-Metro-LA-32-8079,2024-06-06,4.23,active,Mohammadpur,50,24,1645,2026-02-11T04:16:48+06:00,2026-08-07T17:24:51+06:00
102,USR012,+8801503416513,Siam Hasan,RKM0000103,2026-05-01T14:32:28+06:00,Akshar Demo Publications,Non-Fiction,1,Gulshan,23.800814,90.406058,3453,cash,delivered,2026-05-11T13:32:28+06:00,True,Rokomari,RKM-RDR-006,Shamim Karim,8801999724975,delivery_rider,Bike,Dhaka-Metro-LA-31-7317,2023-01-06,4.80,active,Gulshan,49,27,451,2026-02-12T06:57:54+06:00,2026-07-29T17:38:13+06:00
103,USR012,+8801503416513,Siam Hasan,RKM0000104,2026-07-14T03:41:11+06:00,Akshar Demo Publications,Business,2,Khilgaon,23.757719,90.433749,1636,card,delivered,2026-07-16T08:41:11+06:00,True,Rokomari,RKM-RDR-007,Noman Rahman,8801316743606,delivery_rider,Bike,Dhaka-Metro-LA-37-5287,2025-09-08,4.70,temporarily_inactive,Khilgaon,53,31,1154,2026-02-11T14:39:35+06:00,2026-08-09T03:13:19+06:00
104,USR012,+8801503416513,Siam Hasan,RKM0000105,2026-04-24T20:10:44+06:00,Kalam Demo Publications,Exam Preparation,5,Dhanmondi,23.752297,90.37902,2980,cash,processing,2026-05-04T00:10:44+06:00,True,Rokomari,RKM-RDR-004,Fahim Karim,8801564428282,delivery_rider,Bike,Dhaka-Metro-LA-49-5778,2023-06-10,4.82,active,Dhanmondi,58,29,821,2026-02-14T08:31:15+06:00,2026-08-10T21:30:40+06:00
105,USR012,+8801503416513,Siam Hasan,RKM0000106,2026-04-11T12:19:41+06:00,Pragya Demo Book House,Biography,4,Old Dhaka,23.703671,90.405501,2852,card,delivered,2026-04-15T23:19:41+06:00,True,Rokomari,RKM-RDR-012,Nadim Chowdhury,8801935031640,delivery_rider,Bicycle,BIC-35405,2023-12-08,4.61,active,Old Dhaka,51,24,1375,2026-02-10T07:52:12+06:00,2026-08-05T01:26:52+06:00
106,USR013,+8801357928509,Arif Sultana,RKM0000107,2026-03-14T22:35:02+06:00,Natunpata Demo Publication,Children,3,Mohammadpur,23.77316,90.359597,3235,cash,delivered,2026-03-23T05:35:02+06:00,True,Rokomari,RKM-RDR-010,Kawsar Hasan,8801752549830,delivery_rider,Bike,Dhaka-Metro-LA-32-8079,2024-06-06,4.23,active,Mohammadpur,50,24,1645,2026-02-11T04:16:48+06:00,2026-08-07T17:24:51+06:00
107,USR013,+8801357928509,Arif Sultana,RKM0000108,2026-04-03T19:15:52+06:00,Gyanpath Demo Publications,Non-Fiction,3,Mirpur,23.814103,90.36139,332,cash,returned,2026-04-12T07:15:52+06:00,True,Rokomari,RKM-RDR-008,Mehedi Mia,8801903214455,delivery_rider,Bike,Dhaka-Metro-LA-48-7063,2023-02-20,4.42,active,Mirpur,58,32,333,2026-02-14T18:44:07+06:00,2026-08-08T13:29:34+06:00
108,USR013,+8801357928509,Arif Sultana,RKM0000109,2026-06-11T10:06:45+06:00,Sahityaghar Demo Publications,Religion,5,Mohammadpur,23.77641,90.364377,2978,cash,delivered,2026-06-17T20:06:45+06:00,True,Rokomari,RKM-RDR-010,Kawsar Hasan,8801752549830,delivery_rider,Bike,Dhaka-Metro-LA-32-8079,2024-06-06,4.23,active,Mohammadpur,50,24,1645,2026-02-11T04:16:48+06:00,2026-08-07T17:24:51+06:00
109,USR013,+8801357928509,Arif Sultana,RKM0000110,2026-02-22T02:34:54+06:00,Pragya Demo Book House,Science & Technology,1,Mirpur,23.821622,90.372704,1218,card,delivered,2026-02-24T08:34:54+06:00,True,Rokomari,RKM-RDR-008,Mehedi Mia,8801903214455,delivery_rider,Bike,Dhaka-Metro-LA-48-7063,2023-02-20,4.42,active,Mirpur,58,32,333,2026-02-14T18:44:07+06:00,2026-08-08T13:29:34+06:00
110,USR013,+8801357928509,Arif Sultana,RKM0000111,2026-05-12T08:09:36+06:00,Natunpata Demo Publication,Business,5,Mirpur,23.830791,90.365024,4703,card,delivered,2026-05-21T19:09:36+06:00,True,Rokomari,RKM-RDR-008,Mehedi Mia,8801903214455,delivery_rider,Bike,Dhaka-Metro-LA-48-7063,2023-02-20,4.42,active,Mirpur,58,32,333,2026-02-14T18:44:07+06:00,2026-08-08T13:29:34+06:00
111,USR013,+8801357928509,Arif Sultana,RKM0000112,2026-05-15T12:25:25+06:00,Pragya Demo Book House,Academic,2,Tejgaon,23.767787,90.398475,788,cash,delivered,2026-05-15T13:25:25+06:00,True,Rokomari,RKM-RDR-016,Shuvo Mahmud,8801674629335,delivery_rider,Bicycle,BIC-76953,2023-10-17,4.53,active,Tejgaon,43,17,253,2026-02-13T17:57:55+06:00,2026-08-06T02:47:10+06:00
112,USR013,+8801357928509,Arif Sultana,RKM0000113,2026-07-29T04:24:16+06:00,Pragya Demo Book House,Children,1,Uttara,23.881061,90.372363,863,mobile_wallet,returned,2026-08-03T15:24:16+06:00,True,Rokomari,RKM-RDR-017,Emon Rahman,8801932543816,delivery_rider,Bike,Dhaka-Metro-LA-59-3501,2026-03-29,4.62,active,Uttara,52,27,1300,2026-02-11T17:22:46+06:00,2026-08-06T10:33:58+06:00
113,USR013,+8801357928509,Arif Sultana,RKM0000114,2026-04-26T00:28:11+06:00,Natunpata Demo Publication,Religion,4,Wari,23.719533,90.422109,937,cash,delivered,2026-04-29T23:28:11+06:00,True,Rokomari,RKM-RDR-018,Sohel Sarker,8801409053113,delivery_rider,Bicycle,BIC-69174,2024-04-13,4.26,active,Wari,43,27,1288,2026-02-26T19:01:14+06:00,2026-08-07T20:15:31+06:00
114,USR013,+8801357928509,Arif Sultana,RKM0000115,2026-04-19T12:36:43+06:00,Boibagan Demo Publications,Non-Fiction,5,Shyamoli,23.770631,90.361211,938,mobile_wallet,delivered,2026-04-21T02:36:43+06:00,True,Rokomari,RKM-RDR-015,Mehedi Sheikh,8801376047729,delivery_rider,Bike,Dhaka-Metro-LA-48-9875,2025-11-17,4.56,active,Shyamoli,44,22,1705,2026-02-19T04:20:02+06:00,2026-08-03T03:52:15+06:00
115,USR013,+8801357928509,Arif Sultana,RKM0000116,2026-04-18T10:39:44+06:00,Natunpata Demo Publication,Religion,3,Wari,23.713341,90.421693,972,mobile_wallet,cancelled,2026-04-23T18:39:44+06:00,True,Rokomari,RKM-RDR-018,Sohel Sarker,8801409053113,delivery_rider,Bicycle,BIC-69174,2024-04-13,4.26,active,Wari,43,27,1288,2026-02-26T19:01:14+06:00,2026-08-07T20:15:31+06:00
116,USR013,+8801357928509,Arif Sultana,RKM0000117,2026-02-19T08:29:23+06:00,Sahityaghar Demo Publications,Biography,2,Uttara,23.873203,90.375867,766,cash,processing,2026-02-20T20:29:23+06:00,True,Rokomari,RKM-RDR-017,Emon Rahman,8801932543816,delivery_rider,Bike,Dhaka-Metro-LA-59-3501,2026-03-29,4.62,active,Uttara,52,27,1300,2026-02-11T17:22:46+06:00,2026-08-06T10:33:58+06:00
117,USR014,+8801787913695,Anika Karim,RKM0000118,2026-02-17T09:21:51+06:00,Gyanpath Demo Publications,Exam Preparation,1,Rampura,23.764976,90.429075,1422,mobile_wallet,cancelled,2026-02-17T14:21:51+06:00,True,Rokomari,RKM-RDR-014,Hasan Sarker,8801938904423,delivery_rider,Bike,Dhaka-Metro-LA-21-8928,2023-08-20,4.35,active,Rampura,58,30,832,2026-02-11T14:04:39+06:00,2026-07-31T09:46:08+06:00
118,USR014,+8801787913695,Anika Karim,RKM0000119,2026-04-23T22:26:59+06:00,Sahityaghar Demo Publications,Children,2,Old Dhaka,23.713754,90.400084,1519,mobile_wallet,delivered,2026-04-24T23:26:59+06:00,True,Rokomari,RKM-RDR-012,Nadim Chowdhury,8801935031640,delivery_rider,Bicycle,BIC-35405,2023-12-08,4.61,active,Old Dhaka,51,24,1375,2026-02-10T07:52:12+06:00,2026-08-05T01:26:52+06:00
119,USR014,+8801787913695,Anika Karim,RKM0000120,2026-02-20T16:36:40+06:00,Shikkhaloy Demo Books,Business,1,Shyamoli,23.768677,90.370361,1666,mobile_wallet,processing,2026-02-21T20:36:40+06:00,True,Rokomari,RKM-RDR-015,Mehedi Sheikh,8801376047729,delivery_rider,Bike,Dhaka-Metro-LA-48-9875,2025-11-17,4.56,active,Shyamoli,44,22,1705,2026-02-19T04:20:02+06:00,2026-08-03T03:52:15+06:00
120,USR014,+8801787913695,Anika Karim,RKM0000121,2026-07-15T17:30:34+06:00,Boibagan Demo Publications,Academic,3,Banani,23.802289,90.411543,453,cash,delivered,2026-07-19T13:30:34+06:00,True,Rokomari,RKM-RDR-002,Sabbir Sheikh,8801646093550,delivery_rider,Bike,Dhaka-Metro-LA-47-8925,2023-01-15,4.78,active,Banani,25,11,869,2026-02-10T18:00:19+06:00,2026-08-10T20:22:38+06:00
121,USR014,+8801787913695,Anika Karim,RKM0000122,2026-07-17T06:20:53+06:00,Boibagan Demo Publications,Business,3,Bashundhara,23.820285,90.431854,2758,mobile_wallet,delivered,2026-07-18T17:20:53+06:00,True,Rokomari,RKM-RDR-003,Parvez Hasan,8801849556978,delivery_rider,Bike,Dhaka-Metro-LA-11-9736,2024-07-20,4.40,active,Bashundhara,48,23,1818,2026-02-10T11:36:34+06:00,2026-08-09T09:20:46+06:00
122,USR014,+8801787913695,Anika Karim,RKM0000123,2026-05-01T12:55:14+06:00,Gyanpath Demo Publications,Non-Fiction,4,Rampura,23.757587,90.415244,2921,cash,delivered,2026-05-05T22:55:14+06:00,True,Rokomari,RKM-RDR-014,Hasan Sarker,8801938904423,delivery_rider,Bike,Dhaka-Metro-LA-21-8928,2023-08-20,4.35,active,Rampura,58,30,832,2026-02-11T14:04:39+06:00,2026-07-31T09:46:08+06:00
123,USR014,+8801787913695,Anika Karim,RKM0000124,2026-08-05T01:26:52+06:00,Pragya Demo Book House,Non-Fiction,5,Old Dhaka,23.712815,90.398688,3951,card,returned,2026-08-06T12:26:52+06:00,True,Rokomari,RKM-RDR-012,Nadim Chowdhury,8801935031640,delivery_rider,Bicycle,BIC-35405,2023-12-08,4.61,active,Old Dhaka,51,24,1375,2026-02-10T07:52:12+06:00,2026-08-05T01:26:52+06:00
124,USR014,+8801787913695,Anika Karim,RKM0000125,2026-03-16T02:33:22+06:00,Natunpata Demo Publication,Academic,1,Wari,23.715237,90.418841,4594,card,delivered,2026-03-25T04:33:22+06:00,True,Rokomari,RKM-RDR-018,Sohel Sarker,8801409053113,delivery_rider,Bicycle,BIC-69174,2024-04-13,4.26,active,Wari,43,27,1288,2026-02-26T19:01:14+06:00,2026-08-07T20:15:31+06:00
125,USR014,+8801787913695,Anika Karim,RKM0000126,2026-02-27T12:31:27+06:00,Pragya Demo Book House,Business,1,Banani,23.789947,90.400357,2491,card,delivered,2026-03-04T17:31:27+06:00,True,Rokomari,RKM-RDR-002,Sabbir Sheikh,8801646093550,delivery_rider,Bike,Dhaka-Metro-LA-47-8925,2023-01-15,4.78,active,Banani,25,11,869,2026-02-10T18:00:19+06:00,2026-08-10T20:22:38+06:00
126,USR014,+8801787913695,Anika Karim,RKM0000127,2026-07-13T03:13:38+06:00,Gyanpath Demo Publications,History,5,Bashundhara,23.815649,90.430079,1935,card,cancelled,2026-07-20T01:13:38+06:00,True,Rokomari,RKM-RDR-003,Parvez Hasan,8801849556978,delivery_rider,Bike,Dhaka-Metro-LA-11-9736,2024-07-20,4.40,active,Bashundhara,48,23,1818,2026-02-10T11:36:34+06:00,2026-08-09T09:20:46+06:00
127,USR015,+8801807655276,Tanvir Rahman,RKM0000128,2026-04-25T15:30:43+06:00,Boibagan Demo Publications,Business,2,Pallabi,23.826742,90.371251,3846,mobile_wallet,delivered,2026-05-04T14:30:43+06:00,True,Rokomari,RKM-RDR-013,Jubayer Karim,8801590153458,delivery_rider,Bike,Dhaka-Metro-LA-45-1553,2023-09-22,4.72,active,Pallabi,46,20,915,2026-02-11T18:18:56+06:00,2026-08-09T18:40:47+06:00
128,USR015,+8801807655276,Tanvir Rahman,RKM0000129,2026-08-02T01:08:09+06:00,Pathshala Demo Books,Religion,5,Old Dhaka,23.705759,90.409782,946,card,cancelled,2026-08-04T02:08:09+06:00,True,Rokomari,RKM-RDR-012,Nadim Chowdhury,8801935031640,delivery_rider,Bicycle,BIC-35405,2023-12-08,4.61,active,Old Dhaka,51,24,1375,2026-02-10T07:52:12+06:00,2026-08-05T01:26:52+06:00
129,USR015,+8801807655276,Tanvir Rahman,RKM0000130,2026-06-09T12:32:58+06:00,Sahityaghar Demo Publications,Exam Preparation,2,Tejgaon,23.760087,90.383257,2507,mobile_wallet,cancelled,2026-06-14T10:32:58+06:00,True,Rokomari,RKM-RDR-016,Shuvo Mahmud,8801674629335,delivery_rider,Bicycle,BIC-76953,2023-10-17,4.53,active,Tejgaon,43,17,253,2026-02-13T17:57:55+06:00,2026-08-06T02:47:10+06:00
130,USR015,+8801807655276,Tanvir Rahman,RKM0000131,2026-04-29T04:55:40+06:00,Akshar Demo Publications,Children,5,Tejgaon,23.758473,90.39395,275,cash,processing,2026-05-07T00:55:40+06:00,True,Rokomari,RKM-RDR-016,Shuvo Mahmud,8801674629335,delivery_rider,Bicycle,BIC-76953,2023-10-17,4.53,active,Tejgaon,43,17,253,2026-02-13T17:57:55+06:00,2026-08-06T02:47:10+06:00
131,USR015,+8801807655276,Tanvir Rahman,RKM0000132,2026-07-14T06:12:41+06:00,Boibagan Demo Publications,Children,1,Badda,23.775866,90.432493,2609,mobile_wallet,delivered,2026-07-22T16:12:41+06:00,True,Rokomari,RKM-RDR-019,Jubayer Sheikh,8801479247170,delivery_rider,Bicycle,BIC-57952,2025-05-30,4.90,active,Badda,26,11,467,2026-02-18T05:10:01+06:00,2026-08-10T02:50:03+06:00
132,USR015,+8801807655276,Tanvir Rahman,RKM0000133,2026-04-14T00:24:38+06:00,Pragya Demo Book House,Academic,4,Shyamoli,23.768847,90.364166,510,cash,cancelled,2026-04-18T15:24:38+06:00,True,Rokomari,RKM-RDR-015,Mehedi Sheikh,8801376047729,delivery_rider,Bike,Dhaka-Metro-LA-48-9875,2025-11-17,4.56,active,Shyamoli,44,22,1705,2026-02-19T04:20:02+06:00,2026-08-03T03:52:15+06:00
133,USR015,+8801807655276,Tanvir Rahman,RKM0000134,2026-02-14T11:05:37+06:00,Kalam Demo Publications,Exam Preparation,2,Farmgate,23.762337,90.398376,2676,mobile_wallet,returned,2026-02-18T00:05:37+06:00,True,Rokomari,RKM-RDR-005,Tanvir Hasan,8801510283842,delivery_rider,Bicycle,BIC-99533,2024-10-07,4.86,active,Farmgate,51,22,318,2026-02-14T11:05:37+06:00,2026-08-06T15:48:56+06:00
134,USR015,+8801807655276,Tanvir Rahman,RKM0000135,2026-03-23T19:37:50+06:00,Pathshala Demo Books,Biography,5,Banani,23.793901,90.413594,4250,mobile_wallet,returned,2026-03-30T02:37:50+06:00,True,Rokomari,RKM-RDR-020,Morshed Kabir,8801942462644,delivery_rider,Bike,Dhaka-Metro-LA-37-3930,2023-03-20,4.46,active,Banani,35,15,1313,2026-02-10T00:48:36+06:00,2026-08-09T15:47:43+06:00
135,USR015,+8801807655276,Tanvir Rahman,RKM0000136,2026-04-05T02:48:04+06:00,Pathshala Demo Books,Non-Fiction,2,Mohammadpur,23.761011,90.358929,1811,card,delivered,2026-04-10T20:48:04+06:00,True,Rokomari,RKM-RDR-010,Kawsar Hasan,8801752549830,delivery_rider,Bike,Dhaka-Metro-LA-32-8079,2024-06-06,4.23,active,Mohammadpur,50,24,1645,2026-02-11T04:16:48+06:00,2026-08-07T17:24:51+06:00
136,USR015,+8801807655276,Tanvir Rahman,RKM0000137,2026-06-24T05:56:27+06:00,Boibagan Demo Publications,Biography,3,Dhanmondi,23.747854,90.384043,610,mobile_wallet,delivered,2026-06-25T14:56:27+06:00,True,Rokomari,RKM-RDR-004,Fahim Karim,8801564428282,delivery_rider,Bike,Dhaka-Metro-LA-49-5778,2023-06-10,4.82,active,Dhanmondi,58,29,821,2026-02-14T08:31:15+06:00,2026-08-10T21:30:40+06:00
137,USR015,+8801807655276,Tanvir Rahman,RKM0000138,2026-05-07T03:22:00+06:00,Natunpata Demo Publication,Science & Technology,4,Mohammadpur,23.773575,90.351614,2019,mobile_wallet,processing,2026-05-08T23:22:00+06:00,True,Rokomari,RKM-RDR-010,Kawsar Hasan,8801752549830,delivery_rider,Bike,Dhaka-Metro-LA-32-8079,2024-06-06,4.23,active,Mohammadpur,50,24,1645,2026-02-11T04:16:48+06:00,2026-08-07T17:24:51+06:00
138,USR015,+8801807655276,Tanvir Rahman,RKM0000139,2026-04-16T16:02:16+06:00,Pathshala Demo Books,Business,4,Rampura,23.756296,90.42248,728,mobile_wallet,delivered,2026-04-17T15:02:16+06:00,True,Rokomari,RKM-RDR-014,Hasan Sarker,8801938904423,delivery_rider,Bike,Dhaka-Metro-LA-21-8928,2023-08-20,4.35,active,Rampura,58,30,832,2026-02-11T14:04:39+06:00,2026-07-31T09:46:08+06:00
139,USR016,+8801566053876,Nusrat Karim,RKM0000140,2026-06-16T07:49:42+06:00,Natunpata Demo Publication,Biography,3,Uttara,23.87158,90.378052,711,card,delivered,2026-06-19T16:49:42+06:00,True,Rokomari,RKM-RDR-017,Emon Rahman,8801932543816,delivery_rider,Bike,Dhaka-Metro-LA-59-3501,2026-03-29,4.62,active,Uttara,52,27,1300,2026-02-11T17:22:46+06:00,2026-08-06T10:33:58+06:00
140,USR016,+8801566053876,Nusrat Karim,RKM0000141,2026-02-11T14:04:39+06:00,Kalam Demo Publications,Fiction,4,Rampura,23.760491,90.413005,3713,cash,delivered,2026-02-16T06:04:39+06:00,True,Rokomari,RKM-RDR-014,Hasan Sarker,8801938904423,delivery_rider,Bike,Dhaka-Metro-LA-21-8928,2023-08-20,4.35,active,Rampura,58,30,832,2026-02-11T14:04:39+06:00,2026-07-31T09:46:08+06:00
141,USR016,+8801566053876,Nusrat Karim,RKM0000142,2026-02-11T17:22:46+06:00,Pathshala Demo Books,Religion,4,Uttara,23.875931,90.379833,3789,mobile_wallet,delivered,2026-02-16T18:22:46+06:00,True,Rokomari,RKM-RDR-017,Emon Rahman,8801932543816,delivery_rider,Bike,Dhaka-Metro-LA-59-3501,2026-03-29,4.62,active,Uttara,52,27,1300,2026-02-11T17:22:46+06:00,2026-08-06T10:33:58+06:00
142,USR016,+8801566053876,Nusrat Karim,RKM0000143,2026-06-25T06:07:47+06:00,Pathshala Demo Books,Exam Preparation,2,Uttara,23.869141,90.375574,3740,card,returned,2026-07-04T11:07:47+06:00,True,Rokomari,RKM-RDR-017,Emon Rahman,8801932543816,delivery_rider,Bike,Dhaka-Metro-LA-59-3501,2026-03-29,4.62,active,Uttara,52,27,1300,2026-02-11T17:22:46+06:00,2026-08-06T10:33:58+06:00
143,USR016,+8801566053876,Nusrat Karim,RKM0000144,2026-07-23T19:13:03+06:00,Akshar Demo Publications,Business,5,Rampura,23.767936,90.423784,1797,cash,returned,2026-07-31T21:13:03+06:00,True,Rokomari,RKM-RDR-014,Hasan Sarker,8801938904423,delivery_rider,Bike,Dhaka-Metro-LA-21-8928,2023-08-20,4.35,active,Rampura,58,30,832,2026-02-11T14:04:39+06:00,2026-07-31T09:46:08+06:00
144,USR016,+8801566053876,Nusrat Karim,RKM0000145,2026-05-07T21:54:43+06:00,Sahityaghar Demo Publications,Biography,3,Motijheel,23.731351,90.423544,4742,cash,processing,2026-05-13T09:54:43+06:00,True,Rokomari,RKM-RDR-011,Sumon Uddin,8801903242764,delivery_rider,Bike,Dhaka-Metro-LA-44-1426,2023-08-04,4.66,active,Motijheel,43,22,1317,2026-02-12T04:42:40+06:00,2026-08-06T08:07:38+06:00
145,USR016,+8801566053876,Nusrat Karim,RKM0000146,2026-08-02T08:23:03+06:00,Sahityaghar Demo Publications,Exam Preparation,1,Mohammadpur,23.768924,90.361586,1899,mobile_wallet,processing,2026-08-07T22:23:03+06:00,True,Rokomari,RKM-RDR-010,Kawsar Hasan,8801752549830,delivery_rider,Bike,Dhaka-Metro-LA-32-8079,2024-06-06,4.23,active,Mohammadpur,50,24,1645,2026-02-11T04:16:48+06:00,2026-08-07T17:24:51+06:00
146,USR016,+8801566053876,Nusrat Karim,RKM0000147,2026-04-17T17:34:07+06:00,Akshar Demo Publications,Exam Preparation,5,Motijheel,23.734137,90.414211,2168,cash,delivered,2026-04-24T23:34:07+06:00,True,Rokomari,RKM-RDR-011,Sumon Uddin,8801903242764,delivery_rider,Bike,Dhaka-Metro-LA-44-1426,2023-08-04,4.66,active,Motijheel,43,22,1317,2026-02-12T04:42:40+06:00,2026-08-06T08:07:38+06:00
147,USR017,+8801485053811,Farzana Islam,RKM0000148,2026-05-19T15:59:36+06:00,Gyanpath Demo Publications,Fiction,1,Mirpur,23.813921,90.363636,3046,cash,returned,2026-05-28T21:59:36+06:00,True,Rokomari,RKM-RDR-008,Mehedi Mia,8801903214455,delivery_rider,Bike,Dhaka-Metro-LA-48-7063,2023-02-20,4.42,active,Mirpur,58,32,333,2026-02-14T18:44:07+06:00,2026-08-08T13:29:34+06:00
148,USR017,+8801485053811,Farzana Islam,RKM0000149,2026-06-16T21:12:21+06:00,Akshar Demo Publications,Biography,1,Mirpur,23.820213,90.372566,1172,card,delivered,2026-06-24T04:12:21+06:00,True,Rokomari,RKM-RDR-008,Mehedi Mia,8801903214455,delivery_rider,Bike,Dhaka-Metro-LA-48-7063,2023-02-20,4.42,active,Mirpur,58,32,333,2026-02-14T18:44:07+06:00,2026-08-08T13:29:34+06:00
149,USR017,+8801485053811,Farzana Islam,RKM0000150,2026-03-24T09:53:21+06:00,Gyanpath Demo Publications,Biography,3,Bashundhara,23.810519,90.424035,3848,mobile_wallet,processing,2026-03-31T20:53:21+06:00,True,Rokomari,RKM-RDR-003,Parvez Hasan,8801849556978,delivery_rider,Bike,Dhaka-Metro-LA-11-9736,2024-07-20,4.40,active,Bashundhara,48,23,1818,2026-02-10T11:36:34+06:00,2026-08-09T09:20:46+06:00
150,USR017,+8801485053811,Farzana Islam,RKM0000151,2026-07-29T04:48:43+06:00,Sahityaghar Demo Publications,Exam Preparation,1,Tejgaon,23.772726,90.400004,2390,card,processing,2026-08-04T10:48:43+06:00,True,Rokomari,RKM-RDR-016,Shuvo Mahmud,8801674629335,delivery_rider,Bicycle,BIC-76953,2023-10-17,4.53,active,Tejgaon,43,17,253,2026-02-13T17:57:55+06:00,2026-08-06T02:47:10+06:00
151,USR017,+8801485053811,Farzana Islam,RKM0000152,2026-04-13T04:02:24+06:00,Kalam Demo Publications,Exam Preparation,3,Uttara,23.871324,90.387393,3543,card,delivered,2026-04-19T14:02:24+06:00,True,Rokomari,RKM-RDR-017,Emon Rahman,8801932543816,delivery_rider,Bike,Dhaka-Metro-LA-59-3501,2026-03-29,4.62,active,Uttara,52,27,1300,2026-02-11T17:22:46+06:00,2026-08-06T10:33:58+06:00
152,USR017,+8801485053811,Farzana Islam,RKM0000153,2026-05-22T11:54:14+06:00,Gyanpath Demo Publications,Religion,3,Banani,23.796938,90.406104,1797,card,delivered,2026-05-24T03:54:14+06:00,True,Rokomari,RKM-RDR-020,Morshed Kabir,8801942462644,delivery_rider,Bike,Dhaka-Metro-LA-37-3930,2023-03-20,4.46,active,Banani,35,15,1313,2026-02-10T00:48:36+06:00,2026-08-09T15:47:43+06:00
153,USR017,+8801485053811,Farzana Islam,RKM0000154,2026-07-05T04:12:31+06:00,Pragya Demo Book House,Children,1,Farmgate,23.757831,90.391359,2454,mobile_wallet,processing,2026-07-09T21:12:31+06:00,True,Rokomari,RKM-RDR-005,Tanvir Hasan,8801510283842,delivery_rider,Bicycle,BIC-99533,2024-10-07,4.86,active,Farmgate,51,22,318,2026-02-14T11:05:37+06:00,2026-08-06T15:48:56+06:00
154,USR017,+8801485053811,Farzana Islam,RKM0000155,2026-07-13T18:01:26+06:00,Kalam Demo Publications,Business,5,Dhanmondi,23.74162,90.375868,468,card,cancelled,2026-07-22T16:01:26+06:00,True,Rokomari,RKM-RDR-004,Fahim Karim,8801564428282,delivery_rider,Bike,Dhaka-Metro-LA-49-5778,2023-06-10,4.82,active,Dhanmondi,58,29,821,2026-02-14T08:31:15+06:00,2026-08-10T21:30:40+06:00
155,USR018,+8801396253657,Naim Khan,RKM0000156,2026-08-05T12:03:27+06:00,Boibagan Demo Publications,Children,1,Tejgaon,23.76138,90.391496,1845,card,delivered,2026-08-07T05:03:27+06:00,True,Rokomari,RKM-RDR-016,Shuvo Mahmud,8801674629335,delivery_rider,Bicycle,BIC-76953,2023-10-17,4.53,active,Tejgaon,43,17,253,2026-02-13T17:57:55+06:00,2026-08-06T02:47:10+06:00
156,USR018,+8801396253657,Naim Khan,RKM0000157,2026-03-30T10:45:03+06:00,Pragya Demo Book House,Science & Technology,5,Bashundhara,23.815591,90.428812,2948,card,cancelled,2026-04-03T17:45:03+06:00,True,Rokomari,RKM-RDR-003,Parvez Hasan,8801849556978,delivery_rider,Bike,Dhaka-Metro-LA-11-9736,2024-07-20,4.40,active,Bashundhara,48,23,1818,2026-02-10T11:36:34+06:00,2026-08-09T09:20:46+06:00
157,USR018,+8801396253657,Naim Khan,RKM0000158,2026-03-31T16:28:43+06:00,Kalam Demo Publications,Fiction,2,Khilgaon,23.743937,90.425932,4202,mobile_wallet,delivered,2026-04-02T05:28:43+06:00,True,Rokomari,RKM-RDR-007,Noman Rahman,8801316743606,delivery_rider,Bike,Dhaka-Metro-LA-37-5287,2025-09-08,4.70,temporarily_inactive,Khilgaon,53,31,1154,2026-02-11T14:39:35+06:00,2026-08-09T03:13:19+06:00
158,USR018,+8801396253657,Naim Khan,RKM0000159,2026-06-04T10:24:37+06:00,Boibagan Demo Publications,Science & Technology,5,Dhanmondi,23.746992,90.383238,1178,cash,delivered,2026-06-14T04:24:37+06:00,True,Rokomari,RKM-RDR-004,Fahim Karim,8801564428282,delivery_rider,Bike,Dhaka-Metro-LA-49-5778,2023-06-10,4.82,active,Dhanmondi,58,29,821,2026-02-14T08:31:15+06:00,2026-08-10T21:30:40+06:00
159,USR018,+8801396253657,Naim Khan,RKM0000160,2026-03-06T07:51:19+06:00,Kalam Demo Publications,Children,2,Khilgaon,23.755234,90.434708,3660,mobile_wallet,delivered,2026-03-12T04:51:19+06:00,True,Rokomari,RKM-RDR-007,Noman Rahman,8801316743606,delivery_rider,Bike,Dhaka-Metro-LA-37-5287,2025-09-08,4.70,temporarily_inactive,Khilgaon,53,31,1154,2026-02-11T14:39:35+06:00,2026-08-09T03:13:19+06:00
160,USR018,+8801396253657,Naim Khan,RKM0000161,2026-02-25T21:27:21+06:00,Akshar Demo Publications,Children,4,Motijheel,23.737642,90.419136,2258,mobile_wallet,returned,2026-03-05T10:27:21+06:00,True,Rokomari,RKM-RDR-011,Sumon Uddin,8801903242764,delivery_rider,Bike,Dhaka-Metro-LA-44-1426,2023-08-04,4.66,active,Motijheel,43,22,1317,2026-02-12T04:42:40+06:00,2026-08-06T08:07:38+06:00
161,USR019,+8801759980555,Tanjim Uddin,RKM0000162,2026-02-12T04:42:40+06:00,Boibagan Demo Publications,Science & Technology,3,Motijheel,23.740614,90.419472,251,card,returned,2026-02-19T14:42:40+06:00,True,Rokomari,RKM-RDR-011,Sumon Uddin,8801903242764,delivery_rider,Bike,Dhaka-Metro-LA-44-1426,2023-08-04,4.66,active,Motijheel,43,22,1317,2026-02-12T04:42:40+06:00,2026-08-06T08:07:38+06:00
162,USR019,+8801759980555,Tanjim Uddin,RKM0000163,2026-04-11T16:50:47+06:00,Akshar Demo Publications,Non-Fiction,2,Dhanmondi,23.745152,90.36769,4455,mobile_wallet,cancelled,2026-04-16T02:50:47+06:00,True,Rokomari,RKM-RDR-004,Fahim Karim,8801564428282,delivery_rider,Bike,Dhaka-Metro-LA-49-5778,2023-06-10,4.82,active,Dhanmondi,58,29,821,2026-02-14T08:31:15+06:00,2026-08-10T21:30:40+06:00
163,USR019,+8801759980555,Tanjim Uddin,RKM0000164,2026-03-04T23:45:49+06:00,Akshar Demo Publications,Business,4,Farmgate,23.749184,90.39286,4799,cash,delivered,2026-03-11T17:45:49+06:00,True,Rokomari,RKM-RDR-005,Tanvir Hasan,8801510283842,delivery_rider,Bicycle,BIC-99533,2024-10-07,4.86,active,Farmgate,51,22,318,2026-02-14T11:05:37+06:00,2026-08-06T15:48:56+06:00
164,USR019,+8801759980555,Tanjim Uddin,RKM0000165,2026-05-20T21:31:54+06:00,Boibagan Demo Publications,Business,3,Dhanmondi,23.745903,90.37698,2315,mobile_wallet,returned,2026-05-30T05:31:54+06:00,True,Rokomari,RKM-RDR-004,Fahim Karim,8801564428282,delivery_rider,Bike,Dhaka-Metro-LA-49-5778,2023-06-10,4.82,active,Dhanmondi,58,29,821,2026-02-14T08:31:15+06:00,2026-08-10T21:30:40+06:00
165,USR019,+8801759980555,Tanjim Uddin,RKM0000166,2026-05-31T08:33:47+06:00,Akshar Demo Publications,Religion,4,Wari,23.716849,90.410471,2037,cash,delivered,2026-06-04T22:33:47+06:00,True,Rokomari,RKM-RDR-018,Sohel Sarker,8801409053113,delivery_rider,Bicycle,BIC-69174,2024-04-13,4.26,active,Wari,43,27,1288,2026-02-26T19:01:14+06:00,2026-08-07T20:15:31+06:00
166,USR019,+8801759980555,Tanjim Uddin,RKM0000167,2026-08-01T12:50:55+06:00,Kalam Demo Publications,History,5,Khilgaon,23.741989,90.423304,1286,mobile_wallet,delivered,2026-08-03T00:50:55+06:00,True,Rokomari,RKM-RDR-007,Noman Rahman,8801316743606,delivery_rider,Bike,Dhaka-Metro-LA-37-5287,2025-09-08,4.70,temporarily_inactive,Khilgaon,53,31,1154,2026-02-11T14:39:35+06:00,2026-08-09T03:13:19+06:00
167,USR019,+8801759980555,Tanjim Uddin,RKM0000168,2026-05-03T05:44:52+06:00,Shikkhaloy Demo Books,Fiction,3,Pallabi,23.821378,90.362304,3626,card,returned,2026-05-05T22:44:52+06:00,True,Rokomari,RKM-RDR-013,Jubayer Karim,8801590153458,delivery_rider,Bike,Dhaka-Metro-LA-45-1553,2023-09-22,4.72,active,Pallabi,46,20,915,2026-02-11T18:18:56+06:00,2026-08-09T18:40:47+06:00
168,USR019,+8801759980555,Tanjim Uddin,RKM0000169,2026-02-15T08:51:40+06:00,Pragya Demo Book House,Exam Preparation,3,Dhanmondi,23.739747,90.371091,2290,mobile_wallet,delivered,2026-02-21T02:51:40+06:00,True,Rokomari,RKM-RDR-004,Fahim Karim,8801564428282,delivery_rider,Bike,Dhaka-Metro-LA-49-5778,2023-06-10,4.82,active,Dhanmondi,58,29,821,2026-02-14T08:31:15+06:00,2026-08-10T21:30:40+06:00
169,USR019,+8801759980555,Tanjim Uddin,RKM0000170,2026-05-17T17:44:03+06:00,Gyanpath Demo Publications,Academic,4,Dhanmondi,23.748873,90.377988,1203,card,processing,2026-05-22T00:44:03+06:00,True,Rokomari,RKM-RDR-004,Fahim Karim,8801564428282,delivery_rider,Bike,Dhaka-Metro-LA-49-5778,2023-06-10,4.82,active,Dhanmondi,58,29,821,2026-02-14T08:31:15+06:00,2026-08-10T21:30:40+06:00
170,USR020,+8801394446203,Nadia Chowdhury,RKM0000171,2026-06-20T18:18:40+06:00,Pragya Demo Book House,Religion,2,Old Dhaka,23.704638,90.412915,4278,card,processing,2026-06-26T10:18:40+06:00,True,Rokomari,RKM-RDR-012,Nadim Chowdhury,8801935031640,delivery_rider,Bicycle,BIC-35405,2023-12-08,4.61,active,Old Dhaka,51,24,1375,2026-02-10T07:52:12+06:00,2026-08-05T01:26:52+06:00
171,USR020,+8801394446203,Nadia Chowdhury,RKM0000172,2026-06-18T19:05:03+06:00,Natunpata Demo Publication,Religion,5,Gulshan,23.796409,90.410935,1077,cash,processing,2026-06-20T22:05:03+06:00,True,Rokomari,RKM-RDR-006,Shamim Karim,8801999724975,delivery_rider,Bike,Dhaka-Metro-LA-31-7317,2023-01-06,4.80,active,Gulshan,49,27,451,2026-02-12T06:57:54+06:00,2026-07-29T17:38:13+06:00
172,USR020,+8801394446203,Nadia Chowdhury,RKM0000173,2026-05-10T19:30:35+06:00,Gyanpath Demo Publications,Exam Preparation,3,Shyamoli,23.780969,90.370028,330,card,returned,2026-05-13T00:30:35+06:00,True,Rokomari,RKM-RDR-015,Mehedi Sheikh,8801376047729,delivery_rider,Bike,Dhaka-Metro-LA-48-9875,2025-11-17,4.56,active,Shyamoli,44,22,1705,2026-02-19T04:20:02+06:00,2026-08-03T03:52:15+06:00
173,USR020,+8801394446203,Nadia Chowdhury,RKM0000174,2026-05-06T12:05:03+06:00,Pragya Demo Book House,Business,2,Old Dhaka,23.705333,90.407703,1507,mobile_wallet,delivered,2026-05-11T02:05:03+06:00,True,Rokomari,RKM-RDR-012,Nadim Chowdhury,8801935031640,delivery_rider,Bicycle,BIC-35405,2023-12-08,4.61,active,Old Dhaka,51,24,1375,2026-02-10T07:52:12+06:00,2026-08-05T01:26:52+06:00
174,USR020,+8801394446203,Nadia Chowdhury,RKM0000175,2026-04-23T12:31:58+06:00,Akshar Demo Publications,Science & Technology,2,Motijheel,23.725302,90.414075,3150,cash,delivered,2026-04-27T00:31:58+06:00,True,Rokomari,RKM-RDR-011,Sumon Uddin,8801903242764,delivery_rider,Bike,Dhaka-Metro-LA-44-1426,2023-08-04,4.66,active,Motijheel,43,22,1317,2026-02-12T04:42:40+06:00,2026-08-06T08:07:38+06:00
175,USR020,+8801394446203,Nadia Chowdhury,RKM0000176,2026-07-31T05:32:57+06:00,Pragya Demo Book House,Biography,2,Dhanmondi,23.743006,90.371704,4621,card,delivered,2026-08-09T13:32:57+06:00,True,Rokomari,RKM-RDR-004,Fahim Karim,8801564428282,delivery_rider,Bike,Dhaka-Metro-LA-49-5778,2023-06-10,4.82,active,Dhanmondi,58,29,821,2026-02-14T08:31:15+06:00,2026-08-10T21:30:40+06:00
176,USR020,+8801394446203,Nadia Chowdhury,RKM0000177,2026-03-23T17:40:50+06:00,Boibagan Demo Publications,Academic,1,Mohammadpur,23.776395,90.36364,1792,cash,processing,2026-04-01T12:40:50+06:00,True,Rokomari,RKM-RDR-010,Kawsar Hasan,8801752549830,delivery_rider,Bike,Dhaka-Metro-LA-32-8079,2024-06-06,4.23,active,Mohammadpur,50,24,1645,2026-02-11T04:16:48+06:00,2026-08-07T17:24:51+06:00
177,USR020,+8801394446203,Nadia Chowdhury,RKM0000178,2026-07-01T22:00:18+06:00,Kalam Demo Publications,Science & Technology,2,Bashundhara,23.814304,90.42109,3915,card,cancelled,2026-07-03T12:00:18+06:00,True,Rokomari,RKM-RDR-003,Parvez Hasan,8801849556978,delivery_rider,Bike,Dhaka-Metro-LA-11-9736,2024-07-20,4.40,active,Bashundhara,48,23,1818,2026-02-10T11:36:34+06:00,2026-08-09T09:20:46+06:00
178,USR020,+8801394446203,Nadia Chowdhury,RKM0000179,2026-03-19T11:57:03+06:00,Boibagan Demo Publications,Biography,3,Shyamoli,23.777129,90.37327,2774,card,returned,2026-03-27T15:57:03+06:00,True,Rokomari,RKM-RDR-015,Mehedi Sheikh,8801376047729,delivery_rider,Bike,Dhaka-Metro-LA-48-9875,2025-11-17,4.56,active,Shyamoli,44,22,1705,2026-02-19T04:20:02+06:00,2026-08-03T03:52:15+06:00
179,USR021,+8801643629810,Shanto Islam,RKM0000180,2026-04-21T09:06:20+06:00,Natunpata Demo Publication,Science & Technology,4,Badda,23.786505,90.418192,782,cash,processing,2026-04-28T05:06:20+06:00,True,Rokomari,RKM-RDR-019,Jubayer Sheikh,8801479247170,delivery_rider,Bicycle,BIC-57952,2025-05-30,4.90,active,Badda,26,11,467,2026-02-18T05:10:01+06:00,2026-08-10T02:50:03+06:00
180,USR021,+8801643629810,Shanto Islam,RKM0000181,2026-03-09T14:07:41+06:00,Boibagan Demo Publications,Religion,4,Bashundhara,23.810053,90.419041,3453,cash,delivered,2026-03-10T22:07:41+06:00,True,Rokomari,RKM-RDR-003,Parvez Hasan,8801849556978,delivery_rider,Bike,Dhaka-Metro-LA-11-9736,2024-07-20,4.40,active,Bashundhara,48,23,1818,2026-02-10T11:36:34+06:00,2026-08-09T09:20:46+06:00
181,USR021,+8801643629810,Shanto Islam,RKM0000182,2026-04-07T21:43:15+06:00,Gyanpath Demo Publications,Science & Technology,3,Old Dhaka,23.712707,90.414242,4626,mobile_wallet,returned,2026-04-12T12:43:15+06:00,True,Rokomari,RKM-RDR-012,Nadim Chowdhury,8801935031640,delivery_rider,Bicycle,BIC-35405,2023-12-08,4.61,active,Old Dhaka,51,24,1375,2026-02-10T07:52:12+06:00,2026-08-05T01:26:52+06:00
182,USR021,+8801643629810,Shanto Islam,RKM0000183,2026-07-13T06:51:23+06:00,Kalam Demo Publications,Exam Preparation,2,Gulshan,23.784887,90.403552,1977,cash,delivered,2026-07-16T11:51:23+06:00,True,Rokomari,RKM-RDR-006,Shamim Karim,8801999724975,delivery_rider,Bike,Dhaka-Metro-LA-31-7317,2023-01-06,4.80,active,Gulshan,49,27,451,2026-02-12T06:57:54+06:00,2026-07-29T17:38:13+06:00
183,USR021,+8801643629810,Shanto Islam,RKM0000184,2026-03-11T19:50:52+06:00,Boibagan Demo Publications,Non-Fiction,1,Gulshan,23.798171,90.411002,897,card,delivered,2026-03-18T09:50:52+06:00,True,Rokomari,RKM-RDR-006,Shamim Karim,8801999724975,delivery_rider,Bike,Dhaka-Metro-LA-31-7317,2023-01-06,4.80,active,Gulshan,49,27,451,2026-02-12T06:57:54+06:00,2026-07-29T17:38:13+06:00
184,USR021,+8801643629810,Shanto Islam,RKM0000185,2026-03-20T04:08:43+06:00,Pathshala Demo Books,History,4,Khilgaon,23.755848,90.432559,1371,cash,delivered,2026-03-25T15:08:43+06:00,True,Rokomari,RKM-RDR-007,Noman Rahman,8801316743606,delivery_rider,Bike,Dhaka-Metro-LA-37-5287,2025-09-08,4.70,temporarily_inactive,Khilgaon,53,31,1154,2026-02-11T14:39:35+06:00,2026-08-09T03:13:19+06:00
185,USR021,+8801643629810,Shanto Islam,RKM0000186,2026-05-12T16:06:25+06:00,Sahityaghar Demo Publications,Exam Preparation,1,Banani,23.801372,90.412307,1333,cash,delivered,2026-05-21T17:06:25+06:00,True,Rokomari,RKM-RDR-002,Sabbir Sheikh,8801646093550,delivery_rider,Bike,Dhaka-Metro-LA-47-8925,2023-01-15,4.78,active,Banani,25,11,869,2026-02-10T18:00:19+06:00,2026-08-10T20:22:38+06:00
186,USR021,+8801643629810,Shanto Islam,RKM0000187,2026-08-06T08:07:38+06:00,Akshar Demo Publications,Business,3,Motijheel,23.734936,90.421179,3161,card,processing,2026-08-10T15:07:38+06:00,True,Rokomari,RKM-RDR-011,Sumon Uddin,8801903242764,delivery_rider,Bike,Dhaka-Metro-LA-44-1426,2023-08-04,4.66,active,Motijheel,43,22,1317,2026-02-12T04:42:40+06:00,2026-08-06T08:07:38+06:00
187,USR021,+8801643629810,Shanto Islam,RKM0000188,2026-05-19T02:28:02+06:00,Pathshala Demo Books,Academic,5,Uttara,23.88163,90.377958,4236,mobile_wallet,processing,2026-05-20T00:28:02+06:00,True,Rokomari,RKM-RDR-017,Emon Rahman,8801932543816,delivery_rider,Bike,Dhaka-Metro-LA-59-3501,2026-03-29,4.62,active,Uttara,52,27,1300,2026-02-11T17:22:46+06:00,2026-08-06T10:33:58+06:00
188,USR021,+8801643629810,Shanto Islam,RKM0000189,2026-03-12T16:28:19+06:00,Gyanpath Demo Publications,Non-Fiction,2,Mohammadpur,23.774201,90.360593,825,cash,cancelled,2026-03-15T13:28:19+06:00,True,Rokomari,RKM-RDR-010,Kawsar Hasan,8801752549830,delivery_rider,Bike,Dhaka-Metro-LA-32-8079,2024-06-06,4.23,active,Mohammadpur,50,24,1645,2026-02-11T04:16:48+06:00,2026-08-07T17:24:51+06:00
189,USR022,+8801385714090,Nabil Mahmud,RKM0000190,2026-05-21T19:30:33+06:00,Akshar Demo Publications,Biography,3,Old Dhaka,23.704809,90.405673,4543,mobile_wallet,delivered,2026-05-29T04:30:33+06:00,True,Rokomari,RKM-RDR-012,Nadim Chowdhury,8801935031640,delivery_rider,Bicycle,BIC-35405,2023-12-08,4.61,active,Old Dhaka,51,24,1375,2026-02-10T07:52:12+06:00,2026-08-05T01:26:52+06:00
190,USR022,+8801385714090,Nabil Mahmud,RKM0000191,2026-07-26T23:38:08+06:00,Kalam Demo Publications,Exam Preparation,4,Badda,23.776315,90.420829,3810,card,cancelled,2026-07-28T14:38:08+06:00,True,Rokomari,RKM-RDR-001,Hasan Chowdhury,8801871778083,delivery_rider,Bike,Dhaka-Metro-LA-49-2544,2023-03-12,4.55,active,Badda,27,10,1110,2026-02-11T03:30:55+06:00,2026-08-07T13:48:18+06:00
191,USR022,+8801385714090,Nabil Mahmud,RKM0000192,2026-04-23T15:57:00+06:00,Natunpata Demo Publication,Academic,1,Tejgaon,23.770038,90.392567,819,cash,delivered,2026-04-30T17:57:00+06:00,True,Rokomari,RKM-RDR-016,Shuvo Mahmud,8801674629335,delivery_rider,Bicycle,BIC-76953,2023-10-17,4.53,active,Tejgaon,43,17,253,2026-02-13T17:57:55+06:00,2026-08-06T02:47:10+06:00
192,USR022,+8801385714090,Nabil Mahmud,RKM0000193,2026-03-26T06:16:13+06:00,Natunpata Demo Publication,Children,2,Khilgaon,23.753621,90.434832,1557,mobile_wallet,delivered,2026-03-28T07:16:13+06:00,True,Rokomari,RKM-RDR-007,Noman Rahman,8801316743606,delivery_rider,Bike,Dhaka-Metro-LA-37-5287,2025-09-08,4.70,temporarily_inactive,Khilgaon,53,31,1154,2026-02-11T14:39:35+06:00,2026-08-09T03:13:19+06:00
193,USR022,+8801385714090,Nabil Mahmud,RKM0000194,2026-05-10T10:32:48+06:00,Pragya Demo Book House,Biography,2,Farmgate,23.76402,90.383188,4063,cash,delivered,2026-05-15T08:32:48+06:00,True,Rokomari,RKM-RDR-005,Tanvir Hasan,8801510283842,delivery_rider,Bicycle,BIC-99533,2024-10-07,4.86,active,Farmgate,51,22,318,2026-02-14T11:05:37+06:00,2026-08-06T15:48:56+06:00
194,USR022,+8801385714090,Nabil Mahmud,RKM0000195,2026-08-03T03:52:15+06:00,Akshar Demo Publications,Fiction,5,Shyamoli,23.780739,90.35646,4790,mobile_wallet,delivered,2026-08-04T22:52:15+06:00,True,Rokomari,RKM-RDR-015,Mehedi Sheikh,8801376047729,delivery_rider,Bike,Dhaka-Metro-LA-48-9875,2025-11-17,4.56,active,Shyamoli,44,22,1705,2026-02-19T04:20:02+06:00,2026-08-03T03:52:15+06:00
195,USR022,+8801385714090,Nabil Mahmud,RKM0000196,2026-05-07T10:20:51+06:00,Pragya Demo Book House,Religion,2,Mirpur,23.825779,90.362467,2176,mobile_wallet,delivered,2026-05-16T14:20:51+06:00,True,Rokomari,RKM-RDR-008,Mehedi Mia,8801903214455,delivery_rider,Bike,Dhaka-Metro-LA-48-7063,2023-02-20,4.42,active,Mirpur,58,32,333,2026-02-14T18:44:07+06:00,2026-08-08T13:29:34+06:00
196,USR023,+8801326177008,Touhid Islam,RKM0000197,2026-05-07T08:16:46+06:00,Sahityaghar Demo Publications,Children,1,Tejgaon,23.75555,90.382464,3676,mobile_wallet,delivered,2026-05-08T13:16:46+06:00,True,Rokomari,RKM-RDR-016,Shuvo Mahmud,8801674629335,delivery_rider,Bicycle,BIC-76953,2023-10-17,4.53,active,Tejgaon,43,17,253,2026-02-13T17:57:55+06:00,2026-08-06T02:47:10+06:00
197,USR023,+8801326177008,Touhid Islam,RKM0000198,2026-07-04T10:03:03+06:00,Pragya Demo Book House,Academic,2,Mohakhali,23.7775,90.393014,4365,cash,delivered,2026-07-07T04:03:03+06:00,True,Rokomari,RKM-RDR-009,Nayeem Hasan,8801324471418,delivery_rider,Bike,Dhaka-Metro-LA-34-5388,2024-11-23,4.65,active,Mohakhali,36,19,1188,2026-02-19T08:50:41+06:00,2026-08-02T04:47:49+06:00
198,USR023,+8801326177008,Touhid Islam,RKM0000199,2026-06-04T19:48:39+06:00,Pathshala Demo Books,Non-Fiction,5,Wari,23.721312,90.421949,4684,cash,cancelled,2026-06-09T23:48:39+06:00,True,Rokomari,RKM-RDR-018,Sohel Sarker,8801409053113,delivery_rider,Bicycle,BIC-69174,2024-04-13,4.26,active,Wari,43,27,1288,2026-02-26T19:01:14+06:00,2026-08-07T20:15:31+06:00
199,USR023,+8801326177008,Touhid Islam,RKM0000200,2026-06-21T16:48:39+06:00,Shikkhaloy Demo Books,History,1,Bashundhara,23.816529,90.42525,3404,card,processing,2026-07-01T12:48:39+06:00,True,Rokomari,RKM-RDR-003,Parvez Hasan,8801849556978,delivery_rider,Bike,Dhaka-Metro-LA-11-9736,2024-07-20,4.40,active,Bashundhara,48,23,1818,2026-02-10T11:36:34+06:00,2026-08-09T09:20:46+06:00
200,USR023,+8801326177008,Touhid Islam,RKM0000201,2026-02-20T02:27:21+06:00,Kalam Demo Publications,Fiction,2,Khilgaon,23.745741,90.429064,2669,mobile_wallet,cancelled,2026-02-24T19:27:21+06:00,True,Rokomari,RKM-RDR-007,Noman Rahman,8801316743606,delivery_rider,Bike,Dhaka-Metro-LA-37-5287,2025-09-08,4.70,temporarily_inactive,Khilgaon,53,31,1154,2026-02-11T14:39:35+06:00,2026-08-09T03:13:19+06:00
201,USR023,+8801326177008,Touhid Islam,RKM0000202,2026-03-28T03:18:46+06:00,Boibagan Demo Publications,Academic,3,Tejgaon,23.761756,90.391931,2719,mobile_wallet,processing,2026-04-04T18:18:46+06:00,True,Rokomari,RKM-RDR-016,Shuvo Mahmud,8801674629335,delivery_rider,Bicycle,BIC-76953,2023-10-17,4.53,active,Tejgaon,43,17,253,2026-02-13T17:57:55+06:00,2026-08-06T02:47:10+06:00
202,USR023,+8801326177008,Touhid Islam,RKM0000203,2026-05-09T17:39:21+06:00,Boibagan Demo Publications,Fiction,5,Badda,23.781628,90.422521,315,mobile_wallet,delivered,2026-05-11T12:39:21+06:00,True,Rokomari,RKM-RDR-001,Hasan Chowdhury,8801871778083,delivery_rider,Bike,Dhaka-Metro-LA-49-2544,2023-03-12,4.55,active,Badda,27,10,1110,2026-02-11T03:30:55+06:00,2026-08-07T13:48:18+06:00
203,USR023,+8801326177008,Touhid Islam,RKM0000204,2026-03-20T15:08:00+06:00,Boibagan Demo Publications,Science & Technology,4,Mohammadpur,23.772803,90.362459,3813,card,delivered,2026-03-22T07:08:00+06:00,True,Rokomari,RKM-RDR-010,Kawsar Hasan,8801752549830,delivery_rider,Bike,Dhaka-Metro-LA-32-8079,2024-06-06,4.23,active,Mohammadpur,50,24,1645,2026-02-11T04:16:48+06:00,2026-08-07T17:24:51+06:00
204,USR023,+8801326177008,Touhid Islam,RKM0000205,2026-04-27T03:24:24+06:00,Gyanpath Demo Publications,Academic,1,Old Dhaka,23.710575,90.411465,4683,cash,cancelled,2026-05-01T00:24:24+06:00,True,Rokomari,RKM-RDR-012,Nadim Chowdhury,8801935031640,delivery_rider,Bicycle,BIC-35405,2023-12-08,4.61,active,Old Dhaka,51,24,1375,2026-02-10T07:52:12+06:00,2026-08-05T01:26:52+06:00
205,USR024,+8801803972985,Sanjida Chowdhury,RKM0000206,2026-06-05T08:01:00+06:00,Sahityaghar Demo Publications,Non-Fiction,2,Shyamoli,23.768724,90.369292,4550,mobile_wallet,processing,2026-06-11T15:01:00+06:00,True,Rokomari,RKM-RDR-015,Mehedi Sheikh,8801376047729,delivery_rider,Bike,Dhaka-Metro-LA-48-9875,2025-11-17,4.56,active,Shyamoli,44,22,1705,2026-02-19T04:20:02+06:00,2026-08-03T03:52:15+06:00
206,USR024,+8801803972985,Sanjida Chowdhury,RKM0000207,2026-03-19T19:47:25+06:00,Kalam Demo Publications,History,1,Gulshan,23.790499,90.399727,2057,mobile_wallet,delivered,2026-03-20T16:47:25+06:00,True,Rokomari,RKM-RDR-006,Shamim Karim,8801999724975,delivery_rider,Bike,Dhaka-Metro-LA-31-7317,2023-01-06,4.80,active,Gulshan,49,27,451,2026-02-12T06:57:54+06:00,2026-07-29T17:38:13+06:00
207,USR024,+8801803972985,Sanjida Chowdhury,RKM0000208,2026-03-13T18:05:52+06:00,Boibagan Demo Publications,Science & Technology,1,Wari,23.718587,90.415136,1168,cash,delivered,2026-03-16T16:05:52+06:00,True,Rokomari,RKM-RDR-018,Sohel Sarker,8801409053113,delivery_rider,Bicycle,BIC-69174,2024-04-13,4.26,active,Wari,43,27,1288,2026-02-26T19:01:14+06:00,2026-08-07T20:15:31+06:00
208,USR024,+8801803972985,Sanjida Chowdhury,RKM0000209,2026-04-06T10:17:37+06:00,Akshar Demo Publications,Science & Technology,1,Rampura,23.765274,90.416905,517,card,delivered,2026-04-08T22:17:37+06:00,True,Rokomari,RKM-RDR-014,Hasan Sarker,8801938904423,delivery_rider,Bike,Dhaka-Metro-LA-21-8928,2023-08-20,4.35,active,Rampura,58,30,832,2026-02-11T14:04:39+06:00,2026-07-31T09:46:08+06:00
209,USR024,+8801803972985,Sanjida Chowdhury,RKM0000210,2026-04-07T20:40:13+06:00,Kalam Demo Publications,Religion,5,Shyamoli,23.776421,90.360224,765,cash,cancelled,2026-04-15T05:40:13+06:00,True,Rokomari,RKM-RDR-015,Mehedi Sheikh,8801376047729,delivery_rider,Bike,Dhaka-Metro-LA-48-9875,2025-11-17,4.56,active,Shyamoli,44,22,1705,2026-02-19T04:20:02+06:00,2026-08-03T03:52:15+06:00
210,USR024,+8801803972985,Sanjida Chowdhury,RKM0000211,2026-08-04T00:41:15+06:00,Pragya Demo Book House,Religion,4,Bashundhara,23.821756,90.42612,3075,card,delivered,2026-08-07T10:41:15+06:00,True,Rokomari,RKM-RDR-003,Parvez Hasan,8801849556978,delivery_rider,Bike,Dhaka-Metro-LA-11-9736,2024-07-20,4.40,active,Bashundhara,48,23,1818,2026-02-10T11:36:34+06:00,2026-08-09T09:20:46+06:00
211,USR024,+8801803972985,Sanjida Chowdhury,RKM0000212,2026-03-30T01:18:20+06:00,Pragya Demo Book House,Exam Preparation,4,Pallabi,23.836187,90.363537,3696,mobile_wallet,processing,2026-04-04T21:18:20+06:00,True,Rokomari,RKM-RDR-013,Jubayer Karim,8801590153458,delivery_rider,Bike,Dhaka-Metro-LA-45-1553,2023-09-22,4.72,active,Pallabi,46,20,915,2026-02-11T18:18:56+06:00,2026-08-09T18:40:47+06:00
212,USR024,+8801803972985,Sanjida Chowdhury,RKM0000213,2026-07-11T23:03:40+06:00,Pragya Demo Book House,Non-Fiction,5,Rampura,23.759506,90.426961,2978,mobile_wallet,delivered,2026-07-12T19:03:40+06:00,True,Rokomari,RKM-RDR-014,Hasan Sarker,8801938904423,delivery_rider,Bike,Dhaka-Metro-LA-21-8928,2023-08-20,4.35,active,Rampura,58,30,832,2026-02-11T14:04:39+06:00,2026-07-31T09:46:08+06:00
213,USR025,+8801328508768,Tanjim Sultana,RKM0000214,2026-06-08T13:48:27+06:00,Kalam Demo Publications,Fiction,1,Khilgaon,23.742894,90.431481,1698,mobile_wallet,delivered,2026-06-13T04:48:27+06:00,True,Rokomari,RKM-RDR-007,Noman Rahman,8801316743606,delivery_rider,Bike,Dhaka-Metro-LA-37-5287,2025-09-08,4.70,temporarily_inactive,Khilgaon,53,31,1154,2026-02-11T14:39:35+06:00,2026-08-09T03:13:19+06:00
214,USR025,+8801328508768,Tanjim Sultana,RKM0000215,2026-03-15T18:48:53+06:00,Kalam Demo Publications,Religion,4,Mohammadpur,23.772261,90.357648,3132,card,cancelled,2026-03-16T00:48:53+06:00,True,Rokomari,RKM-RDR-010,Kawsar Hasan,8801752549830,delivery_rider,Bike,Dhaka-Metro-LA-32-8079,2024-06-06,4.23,active,Mohammadpur,50,24,1645,2026-02-11T04:16:48+06:00,2026-08-07T17:24:51+06:00
215,USR025,+8801328508768,Tanjim Sultana,RKM0000216,2026-06-12T04:30:54+06:00,Natunpata Demo Publication,Biography,3,Uttara,23.86821,90.381015,4286,cash,delivered,2026-06-14T13:30:54+06:00,True,Rokomari,RKM-RDR-017,Emon Rahman,8801932543816,delivery_rider,Bike,Dhaka-Metro-LA-59-3501,2026-03-29,4.62,active,Uttara,52,27,1300,2026-02-11T17:22:46+06:00,2026-08-06T10:33:58+06:00
216,USR025,+8801328508768,Tanjim Sultana,RKM0000217,2026-08-09T18:40:47+06:00,Akshar Demo Publications,Non-Fiction,1,Pallabi,23.828101,90.369668,1895,cash,returned,2026-08-10T04:40:47+06:00,True,Rokomari,RKM-RDR-013,Jubayer Karim,8801590153458,delivery_rider,Bike,Dhaka-Metro-LA-45-1553,2023-09-22,4.72,active,Pallabi,46,20,915,2026-02-11T18:18:56+06:00,2026-08-09T18:40:47+06:00
217,USR025,+8801328508768,Tanjim Sultana,RKM0000218,2026-08-10T21:30:40+06:00,Akshar Demo Publications,Non-Fiction,4,Dhanmondi,23.747202,90.373673,637,card,processing,2026-08-11T09:30:40+06:00,True,Rokomari,RKM-RDR-004,Fahim Karim,8801564428282,delivery_rider,Bike,Dhaka-Metro-LA-49-5778,2023-06-10,4.82,active,Dhanmondi,58,29,821,2026-02-14T08:31:15+06:00,2026-08-10T21:30:40+06:00
218,USR025,+8801328508768,Tanjim Sultana,RKM0000219,2026-04-10T18:18:13+06:00,Kalam Demo Publications,Business,1,Mohakhali,23.775231,90.403433,3689,cash,cancelled,2026-04-18T17:18:13+06:00,True,Rokomari,RKM-RDR-009,Nayeem Hasan,8801324471418,delivery_rider,Bike,Dhaka-Metro-LA-34-5388,2024-11-23,4.65,active,Mohakhali,36,19,1188,2026-02-19T08:50:41+06:00,2026-08-02T04:47:49+06:00
219,USR025,+8801328508768,Tanjim Sultana,RKM0000220,2026-07-02T05:42:15+06:00,Shikkhaloy Demo Books,Non-Fiction,4,Mohakhali,23.785522,90.406824,255,cash,cancelled,2026-07-11T06:42:15+06:00,True,Rokomari,RKM-RDR-009,Nayeem Hasan,8801324471418,delivery_rider,Bike,Dhaka-Metro-LA-34-5388,2024-11-23,4.65,active,Mohakhali,36,19,1188,2026-02-19T08:50:41+06:00,2026-08-02T04:47:49+06:00
220,USR025,+8801328508768,Tanjim Sultana,RKM0000221,2026-08-07T13:48:18+06:00,Pragya Demo Book House,Academic,5,Badda,23.773149,90.430618,553,cash,delivered,2026-08-08T13:48:18+06:00,True,Rokomari,RKM-RDR-001,Hasan Chowdhury,8801871778083,delivery_rider,Bike,Dhaka-Metro-LA-49-2544,2023-03-12,4.55,active,Badda,27,10,1110,2026-02-11T03:30:55+06:00,2026-08-07T13:48:18+06:00
221,USR026,+8801795919068,Imran Ahmed,RKM0000222,2026-03-30T01:16:36+06:00,Akshar Demo Publications,Fiction,3,Dhanmondi,23.749287,90.380409,2510,mobile_wallet,delivered,2026-04-01T03:16:36+06:00,True,Rokomari,RKM-RDR-004,Fahim Karim,8801564428282,delivery_rider,Bike,Dhaka-Metro-LA-49-5778,2023-06-10,4.82,active,Dhanmondi,58,29,821,2026-02-14T08:31:15+06:00,2026-08-10T21:30:40+06:00
222,USR026,+8801795919068,Imran Ahmed,RKM0000223,2026-03-15T11:14:39+06:00,Boibagan Demo Publications,Academic,4,Uttara,23.874867,90.384435,1099,mobile_wallet,delivered,2026-03-20T09:14:39+06:00,True,Rokomari,RKM-RDR-017,Emon Rahman,8801932543816,delivery_rider,Bike,Dhaka-Metro-LA-59-3501,2026-03-29,4.62,active,Uttara,52,27,1300,2026-02-11T17:22:46+06:00,2026-08-06T10:33:58+06:00
223,USR026,+8801795919068,Imran Ahmed,RKM0000224,2026-04-04T22:35:22+06:00,Sahityaghar Demo Publications,Children,1,Farmgate,23.754706,90.388032,1054,mobile_wallet,delivered,2026-04-08T13:35:22+06:00,True,Rokomari,RKM-RDR-005,Tanvir Hasan,8801510283842,delivery_rider,Bicycle,BIC-99533,2024-10-07,4.86,active,Farmgate,51,22,318,2026-02-14T11:05:37+06:00,2026-08-06T15:48:56+06:00
224,USR026,+8801795919068,Imran Ahmed,RKM0000225,2026-06-30T10:54:47+06:00,Boibagan Demo Publications,Science & Technology,3,Rampura,23.755635,90.424895,2476,cash,delivered,2026-07-08T15:54:47+06:00,True,Rokomari,RKM-RDR-014,Hasan Sarker,8801938904423,delivery_rider,Bike,Dhaka-Metro-LA-21-8928,2023-08-20,4.35,active,Rampura,58,30,832,2026-02-11T14:04:39+06:00,2026-07-31T09:46:08+06:00
225,USR026,+8801795919068,Imran Ahmed,RKM0000226,2026-03-26T00:37:09+06:00,Natunpata Demo Publication,Religion,2,Bashundhara,23.807533,90.42969,1811,cash,returned,2026-03-29T23:37:09+06:00,True,Rokomari,RKM-RDR-003,Parvez Hasan,8801849556978,delivery_rider,Bike,Dhaka-Metro-LA-11-9736,2024-07-20,4.40,active,Bashundhara,48,23,1818,2026-02-10T11:36:34+06:00,2026-08-09T09:20:46+06:00
226,USR026,+8801795919068,Imran Ahmed,RKM0000227,2026-07-31T14:10:50+06:00,Sahityaghar Demo Publications,Science & Technology,2,Tejgaon,23.760231,90.389937,1889,card,delivered,2026-08-03T02:10:50+06:00,True,Rokomari,RKM-RDR-016,Shuvo Mahmud,8801674629335,delivery_rider,Bicycle,BIC-76953,2023-10-17,4.53,active,Tejgaon,43,17,253,2026-02-13T17:57:55+06:00,2026-08-06T02:47:10+06:00
227,USR026,+8801795919068,Imran Ahmed,RKM0000228,2026-06-12T03:58:56+06:00,Boibagan Demo Publications,Religion,1,Rampura,23.765683,90.412798,4062,mobile_wallet,cancelled,2026-06-17T08:58:56+06:00,True,Rokomari,RKM-RDR-014,Hasan Sarker,8801938904423,delivery_rider,Bike,Dhaka-Metro-LA-21-8928,2023-08-20,4.35,active,Rampura,58,30,832,2026-02-11T14:04:39+06:00,2026-07-31T09:46:08+06:00
228,USR026,+8801795919068,Imran Ahmed,RKM0000229,2026-03-14T04:44:01+06:00,Natunpata Demo Publication,Children,2,Wari,23.714593,90.420804,2931,mobile_wallet,cancelled,2026-03-18T14:44:01+06:00,True,Rokomari,RKM-RDR-018,Sohel Sarker,8801409053113,delivery_rider,Bicycle,BIC-69174,2024-04-13,4.26,active,Wari,43,27,1288,2026-02-26T19:01:14+06:00,2026-08-07T20:15:31+06:00
229,USR026,+8801795919068,Imran Ahmed,RKM0000230,2026-04-20T06:08:13+06:00,Boibagan Demo Publications,History,3,Gulshan,23.798626,90.404684,4416,mobile_wallet,delivered,2026-04-27T01:08:13+06:00,True,Rokomari,RKM-RDR-006,Shamim Karim,8801999724975,delivery_rider,Bike,Dhaka-Metro-LA-31-7317,2023-01-06,4.80,active,Gulshan,49,27,451,2026-02-12T06:57:54+06:00,2026-07-29T17:38:13+06:00
230,USR026,+8801795919068,Imran Ahmed,RKM0000231,2026-04-21T22:34:43+06:00,Pragya Demo Book House,Science & Technology,2,Dhanmondi,23.751133,90.379084,4287,mobile_wallet,cancelled,2026-04-22T12:34:43+06:00,True,Rokomari,RKM-RDR-004,Fahim Karim,8801564428282,delivery_rider,Bike,Dhaka-Metro-LA-49-5778,2023-06-10,4.82,active,Dhanmondi,58,29,821,2026-02-14T08:31:15+06:00,2026-08-10T21:30:40+06:00
231,USR026,+8801795919068,Imran Ahmed,RKM0000232,2026-05-07T14:19:06+06:00,Gyanpath Demo Publications,Biography,5,Dhanmondi,23.755105,90.380516,754,mobile_wallet,delivered,2026-05-09T21:19:06+06:00,True,Rokomari,RKM-RDR-004,Fahim Karim,8801564428282,delivery_rider,Bike,Dhaka-Metro-LA-49-5778,2023-06-10,4.82,active,Dhanmondi,58,29,821,2026-02-14T08:31:15+06:00,2026-08-10T21:30:40+06:00
232,USR027,+8801706292887,Rumana Ahmed,RKM0000233,2026-03-28T19:30:02+06:00,Natunpata Demo Publication,Religion,3,Khilgaon,23.750645,90.435048,392,card,returned,2026-04-05T13:30:02+06:00,True,Rokomari,RKM-RDR-007,Noman Rahman,8801316743606,delivery_rider,Bike,Dhaka-Metro-LA-37-5287,2025-09-08,4.70,temporarily_inactive,Khilgaon,53,31,1154,2026-02-11T14:39:35+06:00,2026-08-09T03:13:19+06:00
233,USR027,+8801706292887,Rumana Ahmed,RKM0000234,2026-04-02T06:27:55+06:00,Boibagan Demo Publications,Business,4,Uttara,23.870274,90.385145,4126,card,returned,2026-04-03T14:27:55+06:00,True,Rokomari,RKM-RDR-017,Emon Rahman,8801932543816,delivery_rider,Bike,Dhaka-Metro-LA-59-3501,2026-03-29,4.62,active,Uttara,52,27,1300,2026-02-11T17:22:46+06:00,2026-08-06T10:33:58+06:00
234,USR027,+8801706292887,Rumana Ahmed,RKM0000235,2026-05-17T04:51:08+06:00,Pathshala Demo Books,Biography,3,Mohakhali,23.781035,90.407767,2518,mobile_wallet,delivered,2026-05-27T01:51:08+06:00,True,Rokomari,RKM-RDR-009,Nayeem Hasan,8801324471418,delivery_rider,Bike,Dhaka-Metro-LA-34-5388,2024-11-23,4.65,active,Mohakhali,36,19,1188,2026-02-19T08:50:41+06:00,2026-08-02T04:47:49+06:00
235,USR027,+8801706292887,Rumana Ahmed,RKM0000236,2026-03-23T10:44:25+06:00,Boibagan Demo Publications,Science & Technology,1,Mohammadpur,23.762478,90.363791,2675,cash,cancelled,2026-03-25T15:44:25+06:00,True,Rokomari,RKM-RDR-010,Kawsar Hasan,8801752549830,delivery_rider,Bike,Dhaka-Metro-LA-32-8079,2024-06-06,4.23,active,Mohammadpur,50,24,1645,2026-02-11T04:16:48+06:00,2026-08-07T17:24:51+06:00
236,USR027,+8801706292887,Rumana Ahmed,RKM0000237,2026-07-23T07:50:41+06:00,Sahityaghar Demo Publications,Non-Fiction,1,Mohammadpur,23.767092,90.354951,3074,mobile_wallet,delivered,2026-07-24T03:50:41+06:00,True,Rokomari,RKM-RDR-010,Kawsar Hasan,8801752549830,delivery_rider,Bike,Dhaka-Metro-LA-32-8079,2024-06-06,4.23,active,Mohammadpur,50,24,1645,2026-02-11T04:16:48+06:00,2026-08-07T17:24:51+06:00
237,USR027,+8801706292887,Rumana Ahmed,RKM0000238,2026-05-25T21:05:37+06:00,Pathshala Demo Books,Science & Technology,5,Shyamoli,23.769099,90.371348,1549,mobile_wallet,delivered,2026-06-03T23:05:37+06:00,True,Rokomari,RKM-RDR-015,Mehedi Sheikh,8801376047729,delivery_rider,Bike,Dhaka-Metro-LA-48-9875,2025-11-17,4.56,active,Shyamoli,44,22,1705,2026-02-19T04:20:02+06:00,2026-08-03T03:52:15+06:00
238,USR027,+8801706292887,Rumana Ahmed,RKM0000239,2026-03-07T13:02:25+06:00,Boibagan Demo Publications,History,3,Badda,23.780789,90.431962,2580,card,cancelled,2026-03-11T11:02:25+06:00,True,Rokomari,RKM-RDR-019,Jubayer Sheikh,8801479247170,delivery_rider,Bicycle,BIC-57952,2025-05-30,4.90,active,Badda,26,11,467,2026-02-18T05:10:01+06:00,2026-08-10T02:50:03+06:00
239,USR027,+8801706292887,Rumana Ahmed,RKM0000240,2026-02-22T11:24:59+06:00,Kalam Demo Publications,Children,1,Tejgaon,23.757915,90.394573,258,card,cancelled,2026-03-02T03:24:59+06:00,True,Rokomari,RKM-RDR-016,Shuvo Mahmud,8801674629335,delivery_rider,Bicycle,BIC-76953,2023-10-17,4.53,active,Tejgaon,43,17,253,2026-02-13T17:57:55+06:00,2026-08-06T02:47:10+06:00
240,USR027,+8801706292887,Rumana Ahmed,RKM0000241,2026-06-14T18:28:33+06:00,Pathshala Demo Books,Biography,4,Badda,23.776076,90.421902,4562,card,cancelled,2026-06-15T20:28:33+06:00,True,Rokomari,RKM-RDR-019,Jubayer Sheikh,8801479247170,delivery_rider,Bicycle,BIC-57952,2025-05-30,4.90,active,Badda,26,11,467,2026-02-18T05:10:01+06:00,2026-08-10T02:50:03+06:00
241,USR027,+8801706292887,Rumana Ahmed,RKM0000242,2026-02-17T17:20:06+06:00,Shikkhaloy Demo Books,Science & Technology,2,Khilgaon,23.748362,90.428254,855,cash,returned,2026-02-24T21:20:06+06:00,True,Rokomari,RKM-RDR-007,Noman Rahman,8801316743606,delivery_rider,Bike,Dhaka-Metro-LA-37-5287,2025-09-08,4.70,temporarily_inactive,Khilgaon,53,31,1154,2026-02-11T14:39:35+06:00,2026-08-09T03:13:19+06:00
242,USR027,+8801706292887,Rumana Ahmed,RKM0000243,2026-05-02T17:29:36+06:00,Boibagan Demo Publications,Academic,1,Wari,23.723214,90.421847,3367,cash,delivered,2026-05-12T15:29:36+06:00,True,Rokomari,RKM-RDR-018,Sohel Sarker,8801409053113,delivery_rider,Bicycle,BIC-69174,2024-04-13,4.26,active,Wari,43,27,1288,2026-02-26T19:01:14+06:00,2026-08-07T20:15:31+06:00
243,USR027,+8801706292887,Rumana Ahmed,RKM0000244,2026-03-30T14:24:50+06:00,Akshar Demo Publications,Fiction,3,Pallabi,23.833592,90.368824,3647,card,delivered,2026-04-05T21:24:50+06:00,True,Rokomari,RKM-RDR-013,Jubayer Karim,8801590153458,delivery_rider,Bike,Dhaka-Metro-LA-45-1553,2023-09-22,4.72,active,Pallabi,46,20,915,2026-02-11T18:18:56+06:00,2026-08-09T18:40:47+06:00
244,USR028,+8801717722707,Raisa Sultana,RKM0000245,2026-05-23T16:06:26+06:00,Shikkhaloy Demo Books,Science & Technology,2,Mirpur,23.821058,90.357267,3379,mobile_wallet,returned,2026-05-24T20:06:26+06:00,True,Rokomari,RKM-RDR-008,Mehedi Mia,8801903214455,delivery_rider,Bike,Dhaka-Metro-LA-48-7063,2023-02-20,4.42,active,Mirpur,58,32,333,2026-02-14T18:44:07+06:00,2026-08-08T13:29:34+06:00
245,USR028,+8801717722707,Raisa Sultana,RKM0000246,2026-03-27T21:36:38+06:00,Boibagan Demo Publications,Exam Preparation,2,Uttara,23.880161,90.386896,3935,card,processing,2026-03-28T16:36:38+06:00,True,Rokomari,RKM-RDR-017,Emon Rahman,8801932543816,delivery_rider,Bike,Dhaka-Metro-LA-59-3501,2026-03-29,4.62,active,Uttara,52,27,1300,2026-02-11T17:22:46+06:00,2026-08-06T10:33:58+06:00
246,USR028,+8801717722707,Raisa Sultana,RKM0000247,2026-04-15T21:05:51+06:00,Pathshala Demo Books,History,2,Dhanmondi,23.739767,90.379691,4650,card,processing,2026-04-17T03:05:51+06:00,True,Rokomari,RKM-RDR-004,Fahim Karim,8801564428282,delivery_rider,Bike,Dhaka-Metro-LA-49-5778,2023-06-10,4.82,active,Dhanmondi,58,29,821,2026-02-14T08:31:15+06:00,2026-08-10T21:30:40+06:00
247,USR028,+8801717722707,Raisa Sultana,RKM0000248,2026-05-21T17:42:48+06:00,Pragya Demo Book House,Biography,3,Motijheel,23.728182,90.418104,2216,mobile_wallet,delivered,2026-05-22T14:42:48+06:00,True,Rokomari,RKM-RDR-011,Sumon Uddin,8801903242764,delivery_rider,Bike,Dhaka-Metro-LA-44-1426,2023-08-04,4.66,active,Motijheel,43,22,1317,2026-02-12T04:42:40+06:00,2026-08-06T08:07:38+06:00
248,USR028,+8801717722707,Raisa Sultana,RKM0000249,2026-05-29T13:38:13+06:00,Boibagan Demo Publications,Fiction,3,Khilgaon,23.741998,90.423012,1881,cash,delivered,2026-05-30T19:38:13+06:00,True,Rokomari,RKM-RDR-007,Noman Rahman,8801316743606,delivery_rider,Bike,Dhaka-Metro-LA-37-5287,2025-09-08,4.70,temporarily_inactive,Khilgaon,53,31,1154,2026-02-11T14:39:35+06:00,2026-08-09T03:13:19+06:00
249,USR028,+8801717722707,Raisa Sultana,RKM0000250,2026-07-14T12:05:30+06:00,Gyanpath Demo Publications,Exam Preparation,2,Uttara,23.86775,90.384577,4408,card,processing,2026-07-20T09:05:30+06:00,True,Rokomari,RKM-RDR-017,Emon Rahman,8801932543816,delivery_rider,Bike,Dhaka-Metro-LA-59-3501,2026-03-29,4.62,active,Uttara,52,27,1300,2026-02-11T17:22:46+06:00,2026-08-06T10:33:58+06:00
250,USR028,+8801717722707,Raisa Sultana,RKM0000251,2026-04-08T22:42:11+06:00,Kalam Demo Publications,Business,4,Wari,23.728368,90.413129,2099,cash,delivered,2026-04-11T06:42:11+06:00,True,Rokomari,RKM-RDR-018,Sohel Sarker,8801409053113,delivery_rider,Bicycle,BIC-69174,2024-04-13,4.26,active,Wari,43,27,1288,2026-02-26T19:01:14+06:00,2026-08-07T20:15:31+06:00
251,USR028,+8801717722707,Raisa Sultana,RKM0000252,2026-06-25T05:00:20+06:00,Kalam Demo Publications,Non-Fiction,4,Rampura,23.767738,90.42555,4634,cash,cancelled,2026-06-27T23:00:20+06:00,True,Rokomari,RKM-RDR-014,Hasan Sarker,8801938904423,delivery_rider,Bike,Dhaka-Metro-LA-21-8928,2023-08-20,4.35,active,Rampura,58,30,832,2026-02-11T14:04:39+06:00,2026-07-31T09:46:08+06:00
252,USR029,+8801526609535,Saif Islam,RKM0000253,2026-06-15T02:42:42+06:00,Natunpata Demo Publication,Biography,1,Badda,23.778712,90.428037,3811,mobile_wallet,processing,2026-06-17T09:42:42+06:00,True,Rokomari,RKM-RDR-001,Hasan Chowdhury,8801871778083,delivery_rider,Bike,Dhaka-Metro-LA-49-2544,2023-03-12,4.55,active,Badda,27,10,1110,2026-02-11T03:30:55+06:00,2026-08-07T13:48:18+06:00
253,USR029,+8801526609535,Saif Islam,RKM0000254,2026-04-10T18:21:20+06:00,Shikkhaloy Demo Books,Religion,2,Mirpur,23.830518,90.362919,1237,mobile_wallet,delivered,2026-04-16T02:21:20+06:00,True,Rokomari,RKM-RDR-008,Mehedi Mia,8801903214455,delivery_rider,Bike,Dhaka-Metro-LA-48-7063,2023-02-20,4.42,active,Mirpur,58,32,333,2026-02-14T18:44:07+06:00,2026-08-08T13:29:34+06:00
254,USR029,+8801526609535,Saif Islam,RKM0000255,2026-07-13T20:17:30+06:00,Natunpata Demo Publication,Children,1,Dhanmondi,23.739448,90.368733,2953,cash,returned,2026-07-18T02:17:30+06:00,True,Rokomari,RKM-RDR-004,Fahim Karim,8801564428282,delivery_rider,Bike,Dhaka-Metro-LA-49-5778,2023-06-10,4.82,active,Dhanmondi,58,29,821,2026-02-14T08:31:15+06:00,2026-08-10T21:30:40+06:00
255,USR029,+8801526609535,Saif Islam,RKM0000256,2026-03-17T23:14:06+06:00,Boibagan Demo Publications,Children,1,Mohammadpur,23.759492,90.35623,938,cash,delivered,2026-03-22T03:14:06+06:00,True,Rokomari,RKM-RDR-010,Kawsar Hasan,8801752549830,delivery_rider,Bike,Dhaka-Metro-LA-32-8079,2024-06-06,4.23,active,Mohammadpur,50,24,1645,2026-02-11T04:16:48+06:00,2026-08-07T17:24:51+06:00
256,USR029,+8801526609535,Saif Islam,RKM0000257,2026-05-16T13:10:00+06:00,Sahityaghar Demo Publications,Fiction,4,Motijheel,23.73955,90.426091,1739,mobile_wallet,delivered,2026-05-26T03:10:00+06:00,True,Rokomari,RKM-RDR-011,Sumon Uddin,8801903242764,delivery_rider,Bike,Dhaka-Metro-LA-44-1426,2023-08-04,4.66,active,Motijheel,43,22,1317,2026-02-12T04:42:40+06:00,2026-08-06T08:07:38+06:00
257,USR029,+8801526609535,Saif Islam,RKM0000258,2026-02-24T19:31:18+06:00,Sahityaghar Demo Publications,Exam Preparation,5,Mohakhali,23.782633,90.398803,1604,cash,delivered,2026-03-06T02:31:18+06:00,True,Rokomari,RKM-RDR-009,Nayeem Hasan,8801324471418,delivery_rider,Bike,Dhaka-Metro-LA-34-5388,2024-11-23,4.65,active,Mohakhali,36,19,1188,2026-02-19T08:50:41+06:00,2026-08-02T04:47:49+06:00
258,USR030,+8801462025102,Tanjim Mahmud,RKM0000259,2026-07-09T04:55:49+06:00,Pragya Demo Book House,Academic,2,Mohammadpur,23.765996,90.349668,1813,card,delivered,2026-07-16T09:55:49+06:00,True,Rokomari,RKM-RDR-010,Kawsar Hasan,8801752549830,delivery_rider,Bike,Dhaka-Metro-LA-32-8079,2024-06-06,4.23,active,Mohammadpur,50,24,1645,2026-02-11T04:16:48+06:00,2026-08-07T17:24:51+06:00
259,USR030,+8801462025102,Tanjim Mahmud,RKM0000260,2026-06-19T08:58:48+06:00,Pragya Demo Book House,History,4,Gulshan,23.791912,90.399801,4622,cash,cancelled,2026-06-24T18:58:48+06:00,True,Rokomari,RKM-RDR-006,Shamim Karim,8801999724975,delivery_rider,Bike,Dhaka-Metro-LA-31-7317,2023-01-06,4.80,active,Gulshan,49,27,451,2026-02-12T06:57:54+06:00,2026-07-29T17:38:13+06:00
260,USR030,+8801462025102,Tanjim Mahmud,RKM0000261,2026-03-06T22:06:00+06:00,Sahityaghar Demo Publications,Non-Fiction,5,Motijheel,23.730961,90.425729,1722,cash,returned,2026-03-09T14:06:00+06:00,True,Rokomari,RKM-RDR-011,Sumon Uddin,8801903242764,delivery_rider,Bike,Dhaka-Metro-LA-44-1426,2023-08-04,4.66,active,Motijheel,43,22,1317,2026-02-12T04:42:40+06:00,2026-08-06T08:07:38+06:00
261,USR030,+8801462025102,Tanjim Mahmud,RKM0000262,2026-03-19T04:39:38+06:00,Gyanpath Demo Publications,Biography,1,Badda,23.788974,90.435399,2197,cash,delivered,2026-03-28T10:39:38+06:00,True,Rokomari,RKM-RDR-019,Jubayer Sheikh,8801479247170,delivery_rider,Bicycle,BIC-57952,2025-05-30,4.90,active,Badda,26,11,467,2026-02-18T05:10:01+06:00,2026-08-10T02:50:03+06:00
262,USR030,+8801462025102,Tanjim Mahmud,RKM0000263,2026-06-26T17:53:46+06:00,Kalam Demo Publications,Academic,4,Mirpur,23.829818,90.359263,1470,mobile_wallet,delivered,2026-06-28T06:53:46+06:00,True,Rokomari,RKM-RDR-008,Mehedi Mia,8801903214455,delivery_rider,Bike,Dhaka-Metro-LA-48-7063,2023-02-20,4.42,active,Mirpur,58,32,333,2026-02-14T18:44:07+06:00,2026-08-08T13:29:34+06:00
263,USR030,+8801462025102,Tanjim Mahmud,RKM0000264,2026-08-08T13:29:34+06:00,Gyanpath Demo Publications,Business,3,Mirpur,23.826749,90.356628,4182,card,delivered,2026-08-11T15:29:34+06:00,True,Rokomari,RKM-RDR-008,Mehedi Mia,8801903214455,delivery_rider,Bike,Dhaka-Metro-LA-48-7063,2023-02-20,4.42,active,Mirpur,58,32,333,2026-02-14T18:44:07+06:00,2026-08-08T13:29:34+06:00
264,USR030,+8801462025102,Tanjim Mahmud,RKM0000265,2026-03-07T19:04:10+06:00,Pragya Demo Book House,Academic,5,Pallabi,23.828744,90.363806,466,mobile_wallet,delivered,2026-03-15T12:04:10+06:00,True,Rokomari,RKM-RDR-013,Jubayer Karim,8801590153458,delivery_rider,Bike,Dhaka-Metro-LA-45-1553,2023-09-22,4.72,active,Pallabi,46,20,915,2026-02-11T18:18:56+06:00,2026-08-09T18:40:47+06:00
265,USR030,+8801462025102,Tanjim Mahmud,RKM0000266,2026-03-11T03:08:21+06:00,Pathshala Demo Books,Fiction,5,Bashundhara,23.809127,90.417312,1856,mobile_wallet,delivered,2026-03-12T15:08:21+06:00,True,Rokomari,RKM-RDR-003,Parvez Hasan,8801849556978,delivery_rider,Bike,Dhaka-Metro-LA-11-9736,2024-07-20,4.40,active,Bashundhara,48,23,1818,2026-02-10T11:36:34+06:00,2026-08-09T09:20:46+06:00
266,USR030,+8801462025102,Tanjim Mahmud,RKM0000267,2026-02-10T00:48:36+06:00,Sahityaghar Demo Publications,Business,5,Banani,23.787392,90.415348,624,card,processing,2026-02-17T18:48:36+06:00,True,Rokomari,RKM-RDR-020,Morshed Kabir,8801942462644,delivery_rider,Bike,Dhaka-Metro-LA-37-3930,2023-03-20,4.46,active,Banani,35,15,1313,2026-02-10T00:48:36+06:00,2026-08-09T15:47:43+06:00
267,USR031,+8801444217372,Mahi Rahman,RKM0000268,2026-04-25T20:43:55+06:00,Pragya Demo Book House,Fiction,1,Old Dhaka,23.711315,90.401817,3518,mobile_wallet,delivered,2026-04-26T07:43:55+06:00,True,Rokomari,RKM-RDR-012,Nadim Chowdhury,8801935031640,delivery_rider,Bicycle,BIC-35405,2023-12-08,4.61,active,Old Dhaka,51,24,1375,2026-02-10T07:52:12+06:00,2026-08-05T01:26:52+06:00
268,USR031,+8801444217372,Mahi Rahman,RKM0000269,2026-03-08T12:56:08+06:00,Shikkhaloy Demo Books,Non-Fiction,5,Bashundhara,23.819067,90.420013,655,card,processing,2026-03-18T10:56:08+06:00,True,Rokomari,RKM-RDR-003,Parvez Hasan,8801849556978,delivery_rider,Bike,Dhaka-Metro-LA-11-9736,2024-07-20,4.40,active,Bashundhara,48,23,1818,2026-02-10T11:36:34+06:00,2026-08-09T09:20:46+06:00
269,USR031,+8801444217372,Mahi Rahman,RKM0000270,2026-05-22T19:57:27+06:00,Pathshala Demo Books,Biography,2,Bashundhara,23.821065,90.416553,2025,card,delivered,2026-05-26T08:57:27+06:00,True,Rokomari,RKM-RDR-003,Parvez Hasan,8801849556978,delivery_rider,Bike,Dhaka-Metro-LA-11-9736,2024-07-20,4.40,active,Bashundhara,48,23,1818,2026-02-10T11:36:34+06:00,2026-08-09T09:20:46+06:00
270,USR031,+8801444217372,Mahi Rahman,RKM0000271,2026-03-12T09:42:00+06:00,Pragya Demo Book House,Religion,5,Rampura,23.760438,90.413788,2277,cash,delivered,2026-03-12T10:42:00+06:00,True,Rokomari,RKM-RDR-014,Hasan Sarker,8801938904423,delivery_rider,Bike,Dhaka-Metro-LA-21-8928,2023-08-20,4.35,active,Rampura,58,30,832,2026-02-11T14:04:39+06:00,2026-07-31T09:46:08+06:00
271,USR031,+8801444217372,Mahi Rahman,RKM0000272,2026-06-02T21:26:49+06:00,Pragya Demo Book House,Exam Preparation,2,Wari,23.714145,90.426029,4106,mobile_wallet,delivered,2026-06-05T03:26:49+06:00,True,Rokomari,RKM-RDR-018,Sohel Sarker,8801409053113,delivery_rider,Bicycle,BIC-69174,2024-04-13,4.26,active,Wari,43,27,1288,2026-02-26T19:01:14+06:00,2026-08-07T20:15:31+06:00
272,USR031,+8801444217372,Mahi Rahman,RKM0000273,2026-04-03T14:37:33+06:00,Boibagan Demo Publications,History,4,Tejgaon,23.770858,90.394952,3168,card,returned,2026-04-11T13:37:33+06:00,True,Rokomari,RKM-RDR-016,Shuvo Mahmud,8801674629335,delivery_rider,Bicycle,BIC-76953,2023-10-17,4.53,active,Tejgaon,43,17,253,2026-02-13T17:57:55+06:00,2026-08-06T02:47:10+06:00
273,USR031,+8801444217372,Mahi Rahman,RKM0000274,2026-02-24T13:24:45+06:00,Sahityaghar Demo Publications,Religion,1,Bashundhara,23.806665,90.419981,4172,card,delivered,2026-03-05T01:24:45+06:00,True,Rokomari,RKM-RDR-003,Parvez Hasan,8801849556978,delivery_rider,Bike,Dhaka-Metro-LA-11-9736,2024-07-20,4.40,active,Bashundhara,48,23,1818,2026-02-10T11:36:34+06:00,2026-08-09T09:20:46+06:00
274,USR031,+8801444217372,Mahi Rahman,RKM0000275,2026-07-17T11:09:10+06:00,Shikkhaloy Demo Books,Exam Preparation,2,Gulshan,23.800335,90.40429,1758,mobile_wallet,cancelled,2026-07-22T16:09:10+06:00,True,Rokomari,RKM-RDR-006,Shamim Karim,8801999724975,delivery_rider,Bike,Dhaka-Metro-LA-31-7317,2023-01-06,4.80,active,Gulshan,49,27,451,2026-02-12T06:57:54+06:00,2026-07-29T17:38:13+06:00
275,USR031,+8801444217372,Mahi Rahman,RKM0000276,2026-02-25T21:33:39+06:00,Pragya Demo Book House,Fiction,5,Mohammadpur,23.764193,90.364884,4579,mobile_wallet,delivered,2026-03-01T01:33:39+06:00,True,Rokomari,RKM-RDR-010,Kawsar Hasan,8801752549830,delivery_rider,Bike,Dhaka-Metro-LA-32-8079,2024-06-06,4.23,active,Mohammadpur,50,24,1645,2026-02-11T04:16:48+06:00,2026-08-07T17:24:51+06:00
276,USR032,+8801535357252,Nafisa Khan,RKM0000277,2026-08-06T14:51:36+06:00,Sahityaghar Demo Publications,Non-Fiction,4,Farmgate,23.755836,90.39227,3083,cash,delivered,2026-08-14T03:51:36+06:00,True,Rokomari,RKM-RDR-005,Tanvir Hasan,8801510283842,delivery_rider,Bicycle,BIC-99533,2024-10-07,4.86,active,Farmgate,51,22,318,2026-02-14T11:05:37+06:00,2026-08-06T15:48:56+06:00
277,USR032,+8801535357252,Nafisa Khan,RKM0000278,2026-03-24T14:28:31+06:00,Natunpata Demo Publication,Children,5,Rampura,23.762871,90.419476,426,mobile_wallet,delivered,2026-03-27T19:28:31+06:00,True,Rokomari,RKM-RDR-014,Hasan Sarker,8801938904423,delivery_rider,Bike,Dhaka-Metro-LA-21-8928,2023-08-20,4.35,active,Rampura,58,30,832,2026-02-11T14:04:39+06:00,2026-07-31T09:46:08+06:00
278,USR032,+8801535357252,Nafisa Khan,RKM0000279,2026-04-26T03:38:35+06:00,Kalam Demo Publications,Exam Preparation,4,Tejgaon,23.756036,90.398742,3896,cash,processing,2026-05-03T05:38:35+06:00,True,Rokomari,RKM-RDR-016,Shuvo Mahmud,8801674629335,delivery_rider,Bicycle,BIC-76953,2023-10-17,4.53,active,Tejgaon,43,17,253,2026-02-13T17:57:55+06:00,2026-08-06T02:47:10+06:00
279,USR032,+8801535357252,Nafisa Khan,RKM0000280,2026-05-29T00:30:18+06:00,Pragya Demo Book House,Science & Technology,2,Banani,23.796206,90.409466,4401,cash,delivered,2026-06-05T17:30:18+06:00,True,Rokomari,RKM-RDR-020,Morshed Kabir,8801942462644,delivery_rider,Bike,Dhaka-Metro-LA-37-3930,2023-03-20,4.46,active,Banani,35,15,1313,2026-02-10T00:48:36+06:00,2026-08-09T15:47:43+06:00
280,USR032,+8801535357252,Nafisa Khan,RKM0000281,2026-02-11T03:19:31+06:00,Gyanpath Demo Publications,Religion,1,Old Dhaka,23.706672,90.404652,2524,mobile_wallet,processing,2026-02-17T06:19:31+06:00,True,Rokomari,RKM-RDR-012,Nadim Chowdhury,8801935031640,delivery_rider,Bicycle,BIC-35405,2023-12-08,4.61,active,Old Dhaka,51,24,1375,2026-02-10T07:52:12+06:00,2026-08-05T01:26:52+06:00
281,USR032,+8801535357252,Nafisa Khan,RKM0000282,2026-03-12T17:06:05+06:00,Pathshala Demo Books,Exam Preparation,5,Mirpur,23.831233,90.36677,660,card,delivered,2026-03-16T01:06:05+06:00,True,Rokomari,RKM-RDR-008,Mehedi Mia,8801903214455,delivery_rider,Bike,Dhaka-Metro-LA-48-7063,2023-02-20,4.42,active,Mirpur,58,32,333,2026-02-14T18:44:07+06:00,2026-08-08T13:29:34+06:00
282,USR032,+8801535357252,Nafisa Khan,RKM0000283,2026-06-18T05:27:27+06:00,Shikkhaloy Demo Books,Exam Preparation,4,Wari,23.725265,90.409903,667,mobile_wallet,returned,2026-06-24T07:27:27+06:00,True,Rokomari,RKM-RDR-018,Sohel Sarker,8801409053113,delivery_rider,Bicycle,BIC-69174,2024-04-13,4.26,active,Wari,43,27,1288,2026-02-26T19:01:14+06:00,2026-08-07T20:15:31+06:00
283,USR032,+8801535357252,Nafisa Khan,RKM0000284,2026-04-08T10:45:04+06:00,Sahityaghar Demo Publications,Science & Technology,5,Mohammadpur,23.760207,90.358363,1234,mobile_wallet,returned,2026-04-16T00:45:04+06:00,True,Rokomari,RKM-RDR-010,Kawsar Hasan,8801752549830,delivery_rider,Bike,Dhaka-Metro-LA-32-8079,2024-06-06,4.23,active,Mohammadpur,50,24,1645,2026-02-11T04:16:48+06:00,2026-08-07T17:24:51+06:00
284,USR032,+8801535357252,Nafisa Khan,RKM0000285,2026-02-12T06:57:54+06:00,Sahityaghar Demo Publications,Biography,5,Gulshan,23.794259,90.402643,762,card,delivered,2026-02-15T05:57:54+06:00,True,Rokomari,RKM-RDR-006,Shamim Karim,8801999724975,delivery_rider,Bike,Dhaka-Metro-LA-31-7317,2023-01-06,4.80,active,Gulshan,49,27,451,2026-02-12T06:57:54+06:00,2026-07-29T17:38:13+06:00
285,USR033,+8801813484178,Priya Ahmed,RKM0000286,2026-03-27T07:29:07+06:00,Natunpata Demo Publication,Academic,2,Gulshan,23.791866,90.403153,3505,cash,delivered,2026-04-06T00:29:07+06:00,True,Rokomari,RKM-RDR-006,Shamim Karim,8801999724975,delivery_rider,Bike,Dhaka-Metro-LA-31-7317,2023-01-06,4.80,active,Gulshan,49,27,451,2026-02-12T06:57:54+06:00,2026-07-29T17:38:13+06:00
286,USR033,+8801813484178,Priya Ahmed,RKM0000287,2026-08-09T21:14:53+06:00,Gyanpath Demo Publications,Business,3,Badda,23.783319,90.425474,362,mobile_wallet,returned,2026-08-10T03:14:53+06:00,True,Rokomari,RKM-RDR-019,Jubayer Sheikh,8801479247170,delivery_rider,Bicycle,BIC-57952,2025-05-30,4.90,active,Badda,26,11,467,2026-02-18T05:10:01+06:00,2026-08-10T02:50:03+06:00
287,USR033,+8801813484178,Priya Ahmed,RKM0000288,2026-07-16T15:13:19+06:00,Akshar Demo Publications,Science & Technology,2,Shyamoli,23.773678,90.36038,296,cash,delivered,2026-07-23T23:13:19+06:00,True,Rokomari,RKM-RDR-015,Mehedi Sheikh,8801376047729,delivery_rider,Bike,Dhaka-Metro-LA-48-9875,2025-11-17,4.56,active,Shyamoli,44,22,1705,2026-02-19T04:20:02+06:00,2026-08-03T03:52:15+06:00
288,USR033,+8801813484178,Priya Ahmed,RKM0000289,2026-06-22T00:05:20+06:00,Natunpata Demo Publication,History,1,Gulshan,23.784149,90.40736,568,cash,cancelled,2026-07-01T10:05:20+06:00,True,Rokomari,RKM-RDR-006,Shamim Karim,8801999724975,delivery_rider,Bike,Dhaka-Metro-LA-31-7317,2023-01-06,4.80,active,Gulshan,49,27,451,2026-02-12T06:57:54+06:00,2026-07-29T17:38:13+06:00
289,USR033,+8801813484178,Priya Ahmed,RKM0000290,2026-04-17T14:28:00+06:00,Pathshala Demo Books,History,2,Uttara,23.873733,90.385226,3119,card,delivered,2026-04-18T18:28:00+06:00,True,Rokomari,RKM-RDR-017,Emon Rahman,8801932543816,delivery_rider,Bike,Dhaka-Metro-LA-59-3501,2026-03-29,4.62,active,Uttara,52,27,1300,2026-02-11T17:22:46+06:00,2026-08-06T10:33:58+06:00
290,USR033,+8801813484178,Priya Ahmed,RKM0000291,2026-04-29T17:33:53+06:00,Natunpata Demo Publication,Fiction,4,Motijheel,23.738022,90.423337,1514,mobile_wallet,returned,2026-05-04T07:33:53+06:00,True,Rokomari,RKM-RDR-011,Sumon Uddin,8801903242764,delivery_rider,Bike,Dhaka-Metro-LA-44-1426,2023-08-04,4.66,active,Motijheel,43,22,1317,2026-02-12T04:42:40+06:00,2026-08-06T08:07:38+06:00
291,USR034,+8801580160103,Sadia Mahmud,RKM0000292,2026-06-29T02:56:35+06:00,Sahityaghar Demo Publications,Academic,5,Badda,23.789483,90.426809,4302,cash,returned,2026-06-30T04:56:35+06:00,True,Rokomari,RKM-RDR-019,Jubayer Sheikh,8801479247170,delivery_rider,Bicycle,BIC-57952,2025-05-30,4.90,active,Badda,26,11,467,2026-02-18T05:10:01+06:00,2026-08-10T02:50:03+06:00
292,USR034,+8801580160103,Sadia Mahmud,RKM0000293,2026-04-23T12:23:38+06:00,Pragya Demo Book House,Non-Fiction,4,Mohammadpur,23.767985,90.362881,4118,card,delivered,2026-04-23T23:23:38+06:00,True,Rokomari,RKM-RDR-010,Kawsar Hasan,8801752549830,delivery_rider,Bike,Dhaka-Metro-LA-32-8079,2024-06-06,4.23,active,Mohammadpur,50,24,1645,2026-02-11T04:16:48+06:00,2026-08-07T17:24:51+06:00
293,USR034,+8801580160103,Sadia Mahmud,RKM0000294,2026-06-03T07:27:18+06:00,Shikkhaloy Demo Books,Non-Fiction,4,Wari,23.716515,90.417332,4108,card,delivered,2026-06-08T03:27:18+06:00,True,Rokomari,RKM-RDR-018,Sohel Sarker,8801409053113,delivery_rider,Bicycle,BIC-69174,2024-04-13,4.26,active,Wari,43,27,1288,2026-02-26T19:01:14+06:00,2026-08-07T20:15:31+06:00
294,USR034,+8801580160103,Sadia Mahmud,RKM0000295,2026-03-09T05:38:32+06:00,Shikkhaloy Demo Books,Business,5,Rampura,23.765338,90.411817,4024,cash,cancelled,2026-03-09T07:38:32+06:00,True,Rokomari,RKM-RDR-014,Hasan Sarker,8801938904423,delivery_rider,Bike,Dhaka-Metro-LA-21-8928,2023-08-20,4.35,active,Rampura,58,30,832,2026-02-11T14:04:39+06:00,2026-07-31T09:46:08+06:00
295,USR034,+8801580160103,Sadia Mahmud,RKM0000296,2026-02-13T08:15:18+06:00,Sahityaghar Demo Publications,Academic,3,Gulshan,23.798864,90.406266,3018,card,returned,2026-02-17T04:15:18+06:00,True,Rokomari,RKM-RDR-006,Shamim Karim,8801999724975,delivery_rider,Bike,Dhaka-Metro-LA-31-7317,2023-01-06,4.80,active,Gulshan,49,27,451,2026-02-12T06:57:54+06:00,2026-07-29T17:38:13+06:00
296,USR034,+8801580160103,Sadia Mahmud,RKM0000297,2026-05-01T14:32:44+06:00,Akshar Demo Publications,Non-Fiction,4,Wari,23.715738,90.414483,1612,card,delivered,2026-05-05T19:32:44+06:00,True,Rokomari,RKM-RDR-018,Sohel Sarker,8801409053113,delivery_rider,Bicycle,BIC-69174,2024-04-13,4.26,active,Wari,43,27,1288,2026-02-26T19:01:14+06:00,2026-08-07T20:15:31+06:00
297,USR034,+8801580160103,Sadia Mahmud,RKM0000298,2026-06-01T22:58:37+06:00,Boibagan Demo Publications,Academic,3,Badda,23.773283,90.423218,3706,mobile_wallet,delivered,2026-06-02T13:58:37+06:00,True,Rokomari,RKM-RDR-019,Jubayer Sheikh,8801479247170,delivery_rider,Bicycle,BIC-57952,2025-05-30,4.90,active,Badda,26,11,467,2026-02-18T05:10:01+06:00,2026-08-10T02:50:03+06:00
298,USR034,+8801580160103,Sadia Mahmud,RKM0000299,2026-08-01T04:34:47+06:00,Boibagan Demo Publications,Fiction,5,Khilgaon,23.74411,90.430785,3124,mobile_wallet,delivered,2026-08-07T08:34:47+06:00,True,Rokomari,RKM-RDR-007,Noman Rahman,8801316743606,delivery_rider,Bike,Dhaka-Metro-LA-37-5287,2025-09-08,4.70,temporarily_inactive,Khilgaon,53,31,1154,2026-02-11T14:39:35+06:00,2026-08-09T03:13:19+06:00
299,USR034,+8801580160103,Sadia Mahmud,RKM0000300,2026-07-21T07:09:18+06:00,Boibagan Demo Publications,Fiction,2,Farmgate,23.749486,90.390758,582,cash,returned,2026-07-27T20:09:18+06:00,True,Rokomari,RKM-RDR-005,Tanvir Hasan,8801510283842,delivery_rider,Bicycle,BIC-99533,2024-10-07,4.86,active,Farmgate,51,22,318,2026-02-14T11:05:37+06:00,2026-08-06T15:48:56+06:00
300,USR035,+8801786507106,Imran Hasan,RKM0000301,2026-04-30T04:04:11+06:00,Gyanpath Demo Publications,Religion,1,Old Dhaka,23.701639,90.413863,2218,cash,delivered,2026-05-01T04:04:11+06:00,True,Rokomari,RKM-RDR-012,Nadim Chowdhury,8801935031640,delivery_rider,Bicycle,BIC-35405,2023-12-08,4.61,active,Old Dhaka,51,24,1375,2026-02-10T07:52:12+06:00,2026-08-05T01:26:52+06:00
301,USR035,+8801786507106,Imran Hasan,RKM0000302,2026-05-25T17:26:13+06:00,Natunpata Demo Publication,Fiction,3,Farmgate,23.753086,90.393718,1286,cash,delivered,2026-05-26T08:26:13+06:00,True,Rokomari,RKM-RDR-005,Tanvir Hasan,8801510283842,delivery_rider,Bicycle,BIC-99533,2024-10-07,4.86,active,Farmgate,51,22,318,2026-02-14T11:05:37+06:00,2026-08-06T15:48:56+06:00
302,USR035,+8801786507106,Imran Hasan,RKM0000303,2026-03-13T05:33:05+06:00,Boibagan Demo Publications,Children,2,Rampura,23.75254,90.418289,567,card,delivered,2026-03-18T10:33:05+06:00,True,Rokomari,RKM-RDR-014,Hasan Sarker,8801938904423,delivery_rider,Bike,Dhaka-Metro-LA-21-8928,2023-08-20,4.35,active,Rampura,58,30,832,2026-02-11T14:04:39+06:00,2026-07-31T09:46:08+06:00
303,USR035,+8801786507106,Imran Hasan,RKM0000304,2026-04-12T00:26:39+06:00,Natunpata Demo Publication,Non-Fiction,5,Mohammadpur,23.775875,90.357742,4228,card,delivered,2026-04-15T03:26:39+06:00,True,Rokomari,RKM-RDR-010,Kawsar Hasan,8801752549830,delivery_rider,Bike,Dhaka-Metro-LA-32-8079,2024-06-06,4.23,active,Mohammadpur,50,24,1645,2026-02-11T04:16:48+06:00,2026-08-07T17:24:51+06:00
304,USR035,+8801786507106,Imran Hasan,RKM0000305,2026-06-04T09:59:17+06:00,Sahityaghar Demo Publications,History,3,Rampura,23.769681,90.428359,3677,card,returned,2026-06-12T10:59:17+06:00,True,Rokomari,RKM-RDR-014,Hasan Sarker,8801938904423,delivery_rider,Bike,Dhaka-Metro-LA-21-8928,2023-08-20,4.35,active,Rampura,58,30,832,2026-02-11T14:04:39+06:00,2026-07-31T09:46:08+06:00
305,USR035,+8801786507106,Imran Hasan,RKM0000306,2026-06-18T18:26:04+06:00,Akshar Demo Publications,Children,2,Wari,23.729289,90.414225,2152,cash,delivered,2026-06-28T17:26:04+06:00,True,Rokomari,RKM-RDR-018,Sohel Sarker,8801409053113,delivery_rider,Bicycle,BIC-69174,2024-04-13,4.26,active,Wari,43,27,1288,2026-02-26T19:01:14+06:00,2026-08-07T20:15:31+06:00
306,USR035,+8801786507106,Imran Hasan,RKM0000307,2026-04-12T19:58:42+06:00,Pathshala Demo Books,Science & Technology,5,Mirpur,23.820782,90.365181,1184,cash,processing,2026-04-14T04:58:42+06:00,True,Rokomari,RKM-RDR-008,Mehedi Mia,8801903214455,delivery_rider,Bike,Dhaka-Metro-LA-48-7063,2023-02-20,4.42,active,Mirpur,58,32,333,2026-02-14T18:44:07+06:00,2026-08-08T13:29:34+06:00
307,USR035,+8801786507106,Imran Hasan,RKM0000308,2026-07-30T19:59:44+06:00,Gyanpath Demo Publications,History,3,Mohammadpur,23.761364,90.353475,1575,mobile_wallet,cancelled,2026-08-06T15:59:44+06:00,True,Rokomari,RKM-RDR-010,Kawsar Hasan,8801752549830,delivery_rider,Bike,Dhaka-Metro-LA-32-8079,2024-06-06,4.23,active,Mohammadpur,50,24,1645,2026-02-11T04:16:48+06:00,2026-08-07T17:24:51+06:00
308,USR035,+8801786507106,Imran Hasan,RKM0000309,2026-07-17T14:31:28+06:00,Sahityaghar Demo Publications,Science & Technology,5,Badda,23.78619,90.420379,732,card,delivered,2026-07-27T14:31:28+06:00,True,Rokomari,RKM-RDR-001,Hasan Chowdhury,8801871778083,delivery_rider,Bike,Dhaka-Metro-LA-49-2544,2023-03-12,4.55,active,Badda,27,10,1110,2026-02-11T03:30:55+06:00,2026-08-07T13:48:18+06:00
309,USR035,+8801786507106,Imran Hasan,RKM0000310,2026-04-05T12:54:18+06:00,Natunpata Demo Publication,History,4,Shyamoli,23.778601,90.357792,4741,mobile_wallet,processing,2026-04-06T13:54:18+06:00,True,Rokomari,RKM-RDR-015,Mehedi Sheikh,8801376047729,delivery_rider,Bike,Dhaka-Metro-LA-48-9875,2025-11-17,4.56,active,Shyamoli,44,22,1705,2026-02-19T04:20:02+06:00,2026-08-03T03:52:15+06:00
310,USR035,+8801786507106,Imran Hasan,RKM0000311,2026-04-30T20:11:48+06:00,Pragya Demo Book House,Non-Fiction,2,Banani,23.794696,90.414017,4214,cash,delivered,2026-05-05T04:11:48+06:00,True,Rokomari,RKM-RDR-020,Morshed Kabir,8801942462644,delivery_rider,Bike,Dhaka-Metro-LA-37-3930,2023-03-20,4.46,active,Banani,35,15,1313,2026-02-10T00:48:36+06:00,2026-08-09T15:47:43+06:00
311,USR036,+8801879457558,Rumana Islam,RKM0000312,2026-07-20T12:47:29+06:00,Pragya Demo Book House,Science & Technology,1,Old Dhaka,23.708595,90.39958,1231,cash,cancelled,2026-07-21T23:47:29+06:00,True,Rokomari,RKM-RDR-012,Nadim Chowdhury,8801935031640,delivery_rider,Bicycle,BIC-35405,2023-12-08,4.61,active,Old Dhaka,51,24,1375,2026-02-10T07:52:12+06:00,2026-08-05T01:26:52+06:00
312,USR036,+8801879457558,Rumana Islam,RKM0000313,2026-04-17T05:50:56+06:00,Pragya Demo Book House,Children,1,Mohakhali,23.769476,90.399406,1112,mobile_wallet,delivered,2026-04-21T18:50:56+06:00,True,Rokomari,RKM-RDR-009,Nayeem Hasan,8801324471418,delivery_rider,Bike,Dhaka-Metro-LA-34-5388,2024-11-23,4.65,active,Mohakhali,36,19,1188,2026-02-19T08:50:41+06:00,2026-08-02T04:47:49+06:00
313,USR036,+8801879457558,Rumana Islam,RKM0000314,2026-05-15T17:27:59+06:00,Pragya Demo Book House,Fiction,2,Old Dhaka,23.710561,90.402997,3331,card,delivered,2026-05-23T08:27:59+06:00,True,Rokomari,RKM-RDR-012,Nadim Chowdhury,8801935031640,delivery_rider,Bicycle,BIC-35405,2023-12-08,4.61,active,Old Dhaka,51,24,1375,2026-02-10T07:52:12+06:00,2026-08-05T01:26:52+06:00
314,USR036,+8801879457558,Rumana Islam,RKM0000315,2026-06-24T22:28:04+06:00,Pragya Demo Book House,Biography,5,Gulshan,23.798042,90.405539,2565,cash,delivered,2026-07-01T21:28:04+06:00,True,Rokomari,RKM-RDR-006,Shamim Karim,8801999724975,delivery_rider,Bike,Dhaka-Metro-LA-31-7317,2023-01-06,4.80,active,Gulshan,49,27,451,2026-02-12T06:57:54+06:00,2026-07-29T17:38:13+06:00
315,USR036,+8801879457558,Rumana Islam,RKM0000316,2026-06-06T12:11:48+06:00,Pathshala Demo Books,Children,3,Dhanmondi,23.7451,90.383237,4338,mobile_wallet,returned,2026-06-12T23:11:48+06:00,True,Rokomari,RKM-RDR-004,Fahim Karim,8801564428282,delivery_rider,Bike,Dhaka-Metro-LA-49-5778,2023-06-10,4.82,active,Dhanmondi,58,29,821,2026-02-14T08:31:15+06:00,2026-08-10T21:30:40+06:00
316,USR036,+8801879457558,Rumana Islam,RKM0000317,2026-05-16T22:33:57+06:00,Pathshala Demo Books,History,3,Mohammadpur,23.767594,90.355621,958,mobile_wallet,returned,2026-05-19T13:33:57+06:00,True,Rokomari,RKM-RDR-010,Kawsar Hasan,8801752549830,delivery_rider,Bike,Dhaka-Metro-LA-32-8079,2024-06-06,4.23,active,Mohammadpur,50,24,1645,2026-02-11T04:16:48+06:00,2026-08-07T17:24:51+06:00
317,USR036,+8801879457558,Rumana Islam,RKM0000318,2026-05-18T10:28:57+06:00,Natunpata Demo Publication,Business,4,Gulshan,23.787809,90.405655,3275,cash,delivered,2026-05-27T10:28:57+06:00,True,Rokomari,RKM-RDR-006,Shamim Karim,8801999724975,delivery_rider,Bike,Dhaka-Metro-LA-31-7317,2023-01-06,4.80,active,Gulshan,49,27,451,2026-02-12T06:57:54+06:00,2026-07-29T17:38:13+06:00
318,USR036,+8801879457558,Rumana Islam,RKM0000319,2026-02-16T04:54:47+06:00,Boibagan Demo Publications,Business,3,Dhanmondi,23.744872,90.370308,3122,mobile_wallet,returned,2026-02-19T17:54:47+06:00,True,Rokomari,RKM-RDR-004,Fahim Karim,8801564428282,delivery_rider,Bike,Dhaka-Metro-LA-49-5778,2023-06-10,4.82,active,Dhanmondi,58,29,821,2026-02-14T08:31:15+06:00,2026-08-10T21:30:40+06:00
319,USR036,+8801879457558,Rumana Islam,RKM0000320,2026-05-05T12:08:20+06:00,Pathshala Demo Books,Academic,1,Pallabi,23.825067,90.368705,3854,mobile_wallet,cancelled,2026-05-11T17:08:20+06:00,True,Rokomari,RKM-RDR-013,Jubayer Karim,8801590153458,delivery_rider,Bike,Dhaka-Metro-LA-45-1553,2023-09-22,4.72,active,Pallabi,46,20,915,2026-02-11T18:18:56+06:00,2026-08-09T18:40:47+06:00
320,USR036,+8801879457558,Rumana Islam,RKM0000321,2026-04-19T01:07:28+06:00,Natunpata Demo Publication,History,5,Bashundhara,23.81738,90.428948,1492,cash,cancelled,2026-04-28T03:07:28+06:00,True,Rokomari,RKM-RDR-003,Parvez Hasan,8801849556978,delivery_rider,Bike,Dhaka-Metro-LA-11-9736,2024-07-20,4.40,active,Bashundhara,48,23,1818,2026-02-10T11:36:34+06:00,2026-08-09T09:20:46+06:00
321,USR036,+8801879457558,Rumana Islam,RKM0000322,2026-07-29T10:55:01+06:00,Pragya Demo Book House,Academic,1,Shyamoli,23.780531,90.368128,3185,card,returned,2026-08-02T04:55:01+06:00,True,Rokomari,RKM-RDR-015,Mehedi Sheikh,8801376047729,delivery_rider,Bike,Dhaka-Metro-LA-48-9875,2025-11-17,4.56,active,Shyamoli,44,22,1705,2026-02-19T04:20:02+06:00,2026-08-03T03:52:15+06:00
322,USR036,+8801879457558,Rumana Islam,RKM0000323,2026-05-07T11:16:52+06:00,Natunpata Demo Publication,Children,3,Rampura,23.7637,90.424121,1804,cash,processing,2026-05-08T06:16:52+06:00,True,Rokomari,RKM-RDR-014,Hasan Sarker,8801938904423,delivery_rider,Bike,Dhaka-Metro-LA-21-8928,2023-08-20,4.35,active,Rampura,58,30,832,2026-02-11T14:04:39+06:00,2026-07-31T09:46:08+06:00
323,USR037,+8801909160886,Farzana Sultana,RKM0000324,2026-04-03T04:23:33+06:00,Shikkhaloy Demo Books,Fiction,3,Old Dhaka,23.703028,90.400323,3571,mobile_wallet,delivered,2026-04-08T18:23:33+06:00,True,Rokomari,RKM-RDR-012,Nadim Chowdhury,8801935031640,delivery_rider,Bicycle,BIC-35405,2023-12-08,4.61,active,Old Dhaka,51,24,1375,2026-02-10T07:52:12+06:00,2026-08-05T01:26:52+06:00
324,USR037,+8801909160886,Farzana Sultana,RKM0000325,2026-02-17T02:25:30+06:00,Shikkhaloy Demo Books,Biography,3,Uttara,23.881909,90.370519,677,cash,delivered,2026-02-17T20:25:30+06:00,True,Rokomari,RKM-RDR-017,Emon Rahman,8801932543816,delivery_rider,Bike,Dhaka-Metro-LA-59-3501,2026-03-29,4.62,active,Uttara,52,27,1300,2026-02-11T17:22:46+06:00,2026-08-06T10:33:58+06:00
325,USR037,+8801909160886,Farzana Sultana,RKM0000326,2026-07-02T04:03:47+06:00,Pathshala Demo Books,Children,5,Dhanmondi,23.753855,90.375139,4655,cash,delivered,2026-07-04T00:03:47+06:00,True,Rokomari,RKM-RDR-004,Fahim Karim,8801564428282,delivery_rider,Bike,Dhaka-Metro-LA-49-5778,2023-06-10,4.82,active,Dhanmondi,58,29,821,2026-02-14T08:31:15+06:00,2026-08-10T21:30:40+06:00
326,USR037,+8801909160886,Farzana Sultana,RKM0000327,2026-05-26T23:57:03+06:00,Pragya Demo Book House,Exam Preparation,4,Farmgate,23.757055,90.394474,297,card,cancelled,2026-06-05T16:57:03+06:00,True,Rokomari,RKM-RDR-005,Tanvir Hasan,8801510283842,delivery_rider,Bicycle,BIC-99533,2024-10-07,4.86,active,Farmgate,51,22,318,2026-02-14T11:05:37+06:00,2026-08-06T15:48:56+06:00
327,USR037,+8801909160886,Farzana Sultana,RKM0000328,2026-02-28T19:06:13+06:00,Shikkhaloy Demo Books,Fiction,3,Old Dhaka,23.705083,90.411748,1359,mobile_wallet,cancelled,2026-03-08T03:06:13+06:00,True,Rokomari,RKM-RDR-012,Nadim Chowdhury,8801935031640,delivery_rider,Bicycle,BIC-35405,2023-12-08,4.61,active,Old Dhaka,51,24,1375,2026-02-10T07:52:12+06:00,2026-08-05T01:26:52+06:00
328,USR037,+8801909160886,Farzana Sultana,RKM0000329,2026-03-14T04:00:44+06:00,Pathshala Demo Books,Non-Fiction,1,Tejgaon,23.767247,90.39402,2036,card,cancelled,2026-03-21T11:00:44+06:00,True,Rokomari,RKM-RDR-016,Shuvo Mahmud,8801674629335,delivery_rider,Bicycle,BIC-76953,2023-10-17,4.53,active,Tejgaon,43,17,253,2026-02-13T17:57:55+06:00,2026-08-06T02:47:10+06:00
329,USR037,+8801909160886,Farzana Sultana,RKM0000330,2026-06-17T07:05:09+06:00,Gyanpath Demo Publications,Children,2,Rampura,23.754371,90.412711,1422,card,delivered,2026-06-24T15:05:09+06:00,True,Rokomari,RKM-RDR-014,Hasan Sarker,8801938904423,delivery_rider,Bike,Dhaka-Metro-LA-21-8928,2023-08-20,4.35,active,Rampura,58,30,832,2026-02-11T14:04:39+06:00,2026-07-31T09:46:08+06:00
330,USR037,+8801909160886,Farzana Sultana,RKM0000331,2026-05-22T18:18:51+06:00,Kalam Demo Publications,Fiction,3,Gulshan,23.786205,90.408211,3190,mobile_wallet,cancelled,2026-05-29T14:18:51+06:00,True,Rokomari,RKM-RDR-006,Shamim Karim,8801999724975,delivery_rider,Bike,Dhaka-Metro-LA-31-7317,2023-01-06,4.80,active,Gulshan,49,27,451,2026-02-12T06:57:54+06:00,2026-07-29T17:38:13+06:00
331,USR038,+8801312595905,Arif Islam,RKM0000332,2026-06-03T16:27:43+06:00,Akshar Demo Publications,Biography,1,Banani,23.787611,90.407558,2074,card,delivered,2026-06-10T14:27:43+06:00,True,Rokomari,RKM-RDR-020,Morshed Kabir,8801942462644,delivery_rider,Bike,Dhaka-Metro-LA-37-3930,2023-03-20,4.46,active,Banani,35,15,1313,2026-02-10T00:48:36+06:00,2026-08-09T15:47:43+06:00
332,USR038,+8801312595905,Arif Islam,RKM0000333,2026-06-26T13:41:31+06:00,Boibagan Demo Publications,Business,3,Shyamoli,23.771925,90.367748,2078,card,delivered,2026-07-05T13:41:31+06:00,True,Rokomari,RKM-RDR-015,Mehedi Sheikh,8801376047729,delivery_rider,Bike,Dhaka-Metro-LA-48-9875,2025-11-17,4.56,active,Shyamoli,44,22,1705,2026-02-19T04:20:02+06:00,2026-08-03T03:52:15+06:00
333,USR038,+8801312595905,Arif Islam,RKM0000334,2026-07-21T13:48:10+06:00,Shikkhaloy Demo Books,Children,5,Rampura,23.76776,90.426281,4314,mobile_wallet,processing,2026-07-24T04:48:10+06:00,True,Rokomari,RKM-RDR-014,Hasan Sarker,8801938904423,delivery_rider,Bike,Dhaka-Metro-LA-21-8928,2023-08-20,4.35,active,Rampura,58,30,832,2026-02-11T14:04:39+06:00,2026-07-31T09:46:08+06:00
334,USR038,+8801312595905,Arif Islam,RKM0000335,2026-04-20T14:18:39+06:00,Boibagan Demo Publications,Business,1,Pallabi,23.825515,90.365169,845,mobile_wallet,returned,2026-04-24T07:18:39+06:00,True,Rokomari,RKM-RDR-013,Jubayer Karim,8801590153458,delivery_rider,Bike,Dhaka-Metro-LA-45-1553,2023-09-22,4.72,active,Pallabi,46,20,915,2026-02-11T18:18:56+06:00,2026-08-09T18:40:47+06:00
335,USR038,+8801312595905,Arif Islam,RKM0000336,2026-07-25T11:07:40+06:00,Sahityaghar Demo Publications,History,3,Tejgaon,23.772539,90.386932,4424,cash,returned,2026-08-02T05:07:40+06:00,True,Rokomari,RKM-RDR-016,Shuvo Mahmud,8801674629335,delivery_rider,Bicycle,BIC-76953,2023-10-17,4.53,active,Tejgaon,43,17,253,2026-02-13T17:57:55+06:00,2026-08-06T02:47:10+06:00
336,USR038,+8801312595905,Arif Islam,RKM0000337,2026-03-18T21:03:45+06:00,Boibagan Demo Publications,Children,2,Mirpur,23.820438,90.364085,4501,mobile_wallet,delivered,2026-03-25T01:03:45+06:00,True,Rokomari,RKM-RDR-008,Mehedi Mia,8801903214455,delivery_rider,Bike,Dhaka-Metro-LA-48-7063,2023-02-20,4.42,active,Mirpur,58,32,333,2026-02-14T18:44:07+06:00,2026-08-08T13:29:34+06:00
337,USR039,+8801461779647,Mahin Karim,RKM0000338,2026-05-26T16:23:06+06:00,Gyanpath Demo Publications,Religion,1,Farmgate,23.761585,90.383512,483,card,delivered,2026-06-05T06:23:06+06:00,True,Rokomari,RKM-RDR-005,Tanvir Hasan,8801510283842,delivery_rider,Bicycle,BIC-99533,2024-10-07,4.86,active,Farmgate,51,22,318,2026-02-14T11:05:37+06:00,2026-08-06T15:48:56+06:00
338,USR039,+8801461779647,Mahin Karim,RKM0000339,2026-03-16T15:38:05+06:00,Boibagan Demo Publications,History,3,Dhanmondi,23.749424,90.380711,1898,cash,delivered,2026-03-25T13:38:05+06:00,True,Rokomari,RKM-RDR-004,Fahim Karim,8801564428282,delivery_rider,Bike,Dhaka-Metro-LA-49-5778,2023-06-10,4.82,active,Dhanmondi,58,29,821,2026-02-14T08:31:15+06:00,2026-08-10T21:30:40+06:00
339,USR039,+8801461779647,Mahin Karim,RKM0000340,2026-06-18T07:04:14+06:00,Kalam Demo Publications,Non-Fiction,5,Pallabi,23.833631,90.357525,3783,card,processing,2026-06-24T12:04:14+06:00,True,Rokomari,RKM-RDR-013,Jubayer Karim,8801590153458,delivery_rider,Bike,Dhaka-Metro-LA-45-1553,2023-09-22,4.72,active,Pallabi,46,20,915,2026-02-11T18:18:56+06:00,2026-08-09T18:40:47+06:00
340,USR039,+8801461779647,Mahin Karim,RKM0000341,2026-02-10T11:36:34+06:00,Sahityaghar Demo Publications,History,5,Bashundhara,23.815697,90.429607,1091,card,delivered,2026-02-20T01:36:34+06:00,True,Rokomari,RKM-RDR-003,Parvez Hasan,8801849556978,delivery_rider,Bike,Dhaka-Metro-LA-11-9736,2024-07-20,4.40,active,Bashundhara,48,23,1818,2026-02-10T11:36:34+06:00,2026-08-09T09:20:46+06:00
341,USR039,+8801461779647,Mahin Karim,RKM0000342,2026-05-10T08:38:55+06:00,Sahityaghar Demo Publications,Business,5,Motijheel,23.728328,90.413969,1053,mobile_wallet,delivered,2026-05-18T13:38:55+06:00,True,Rokomari,RKM-RDR-011,Sumon Uddin,8801903242764,delivery_rider,Bike,Dhaka-Metro-LA-44-1426,2023-08-04,4.66,active,Motijheel,43,22,1317,2026-02-12T04:42:40+06:00,2026-08-06T08:07:38+06:00
342,USR039,+8801461779647,Mahin Karim,RKM0000343,2026-04-18T23:51:10+06:00,Natunpata Demo Publication,Fiction,2,Uttara,23.869112,90.374063,597,card,delivered,2026-04-25T12:51:10+06:00,True,Rokomari,RKM-RDR-017,Emon Rahman,8801932543816,delivery_rider,Bike,Dhaka-Metro-LA-59-3501,2026-03-29,4.62,active,Uttara,52,27,1300,2026-02-11T17:22:46+06:00,2026-08-06T10:33:58+06:00
343,USR039,+8801461779647,Mahin Karim,RKM0000344,2026-05-22T15:12:45+06:00,Akshar Demo Publications,Fiction,4,Bashundhara,23.820028,90.432159,1488,card,returned,2026-05-24T04:12:45+06:00,True,Rokomari,RKM-RDR-003,Parvez Hasan,8801849556978,delivery_rider,Bike,Dhaka-Metro-LA-11-9736,2024-07-20,4.40,active,Bashundhara,48,23,1818,2026-02-10T11:36:34+06:00,2026-08-09T09:20:46+06:00
344,USR039,+8801461779647,Mahin Karim,RKM0000345,2026-08-09T15:47:43+06:00,Pathshala Demo Books,Religion,3,Banani,23.791721,90.399761,3851,card,returned,2026-08-17T00:47:43+06:00,True,Rokomari,RKM-RDR-020,Morshed Kabir,8801942462644,delivery_rider,Bike,Dhaka-Metro-LA-37-3930,2023-03-20,4.46,active,Banani,35,15,1313,2026-02-10T00:48:36+06:00,2026-08-09T15:47:43+06:00
345,USR039,+8801461779647,Mahin Karim,RKM0000346,2026-03-21T06:39:11+06:00,Pathshala Demo Books,Business,2,Gulshan,23.787287,90.404066,3735,cash,delivered,2026-03-24T14:39:11+06:00,True,Rokomari,RKM-RDR-006,Shamim Karim,8801999724975,delivery_rider,Bike,Dhaka-Metro-LA-31-7317,2023-01-06,4.80,active,Gulshan,49,27,451,2026-02-12T06:57:54+06:00,2026-07-29T17:38:13+06:00
346,USR039,+8801461779647,Mahin Karim,RKM0000347,2026-06-29T11:29:33+06:00,Kalam Demo Publications,History,4,Bashundhara,23.813179,90.417631,2865,mobile_wallet,returned,2026-07-08T19:29:33+06:00,True,Rokomari,RKM-RDR-003,Parvez Hasan,8801849556978,delivery_rider,Bike,Dhaka-Metro-LA-11-9736,2024-07-20,4.40,active,Bashundhara,48,23,1818,2026-02-10T11:36:34+06:00,2026-08-09T09:20:46+06:00
347,USR039,+8801461779647,Mahin Karim,RKM0000348,2026-05-11T00:32:24+06:00,Sahityaghar Demo Publications,Fiction,5,Bashundhara,23.818027,90.421112,2222,mobile_wallet,returned,2026-05-16T06:32:24+06:00,True,Rokomari,RKM-RDR-003,Parvez Hasan,8801849556978,delivery_rider,Bike,Dhaka-Metro-LA-11-9736,2024-07-20,4.40,active,Bashundhara,48,23,1818,2026-02-10T11:36:34+06:00,2026-08-09T09:20:46+06:00
348,USR040,+8801754701672,Tanvir Karim,RKM0000349,2026-05-07T19:53:23+06:00,Pragya Demo Book House,Religion,1,Uttara,23.875184,90.372421,790,card,cancelled,2026-05-09T17:53:23+06:00,True,Rokomari,RKM-RDR-017,Emon Rahman,8801932543816,delivery_rider,Bike,Dhaka-Metro-LA-59-3501,2026-03-29,4.62,active,Uttara,52,27,1300,2026-02-11T17:22:46+06:00,2026-08-06T10:33:58+06:00
349,USR040,+8801754701672,Tanvir Karim,RKM0000350,2026-07-18T08:35:08+06:00,Gyanpath Demo Publications,Fiction,1,Mohammadpur,23.761292,90.359783,4608,card,delivered,2026-07-19T19:35:08+06:00,True,Rokomari,RKM-RDR-010,Kawsar Hasan,8801752549830,delivery_rider,Bike,Dhaka-Metro-LA-32-8079,2024-06-06,4.23,active,Mohammadpur,50,24,1645,2026-02-11T04:16:48+06:00,2026-08-07T17:24:51+06:00
350,USR040,+8801754701672,Tanvir Karim,RKM0000351,2026-06-17T21:11:04+06:00,Pragya Demo Book House,Religion,4,Mirpur,23.830066,90.370728,1139,cash,processing,2026-06-21T08:11:04+06:00,True,Rokomari,RKM-RDR-008,Mehedi Mia,8801903214455,delivery_rider,Bike,Dhaka-Metro-LA-48-7063,2023-02-20,4.42,active,Mirpur,58,32,333,2026-02-14T18:44:07+06:00,2026-08-08T13:29:34+06:00
351,USR040,+8801754701672,Tanvir Karim,RKM0000352,2026-03-13T21:29:37+06:00,Kalam Demo Publications,Non-Fiction,5,Old Dhaka,23.708555,90.402453,4050,cash,delivered,2026-03-19T08:29:37+06:00,True,Rokomari,RKM-RDR-012,Nadim Chowdhury,8801935031640,delivery_rider,Bicycle,BIC-35405,2023-12-08,4.61,active,Old Dhaka,51,24,1375,2026-02-10T07:52:12+06:00,2026-08-05T01:26:52+06:00
352,USR040,+8801754701672,Tanvir Karim,RKM0000353,2026-07-08T00:30:19+06:00,Gyanpath Demo Publications,History,4,Wari,23.721467,90.416898,1175,cash,processing,2026-07-09T05:30:19+06:00,True,Rokomari,RKM-RDR-018,Sohel Sarker,8801409053113,delivery_rider,Bicycle,BIC-69174,2024-04-13,4.26,active,Wari,43,27,1288,2026-02-26T19:01:14+06:00,2026-08-07T20:15:31+06:00
353,USR040,+8801754701672,Tanvir Karim,RKM0000354,2026-07-06T01:49:32+06:00,Akshar Demo Publications,Religion,1,Banani,23.798014,90.4011,4015,mobile_wallet,returned,2026-07-07T21:49:32+06:00,True,Rokomari,RKM-RDR-002,Sabbir Sheikh,8801646093550,delivery_rider,Bike,Dhaka-Metro-LA-47-8925,2023-01-15,4.78,active,Banani,25,11,869,2026-02-10T18:00:19+06:00,2026-08-10T20:22:38+06:00
354,USR040,+8801754701672,Tanvir Karim,RKM0000355,2026-03-01T13:28:09+06:00,Natunpata Demo Publication,History,4,Farmgate,23.75396,90.384908,839,mobile_wallet,delivered,2026-03-03T08:28:09+06:00,True,Rokomari,RKM-RDR-005,Tanvir Hasan,8801510283842,delivery_rider,Bicycle,BIC-99533,2024-10-07,4.86,active,Farmgate,51,22,318,2026-02-14T11:05:37+06:00,2026-08-06T15:48:56+06:00
355,USR040,+8801754701672,Tanvir Karim,RKM0000356,2026-08-03T16:24:04+06:00,Boibagan Demo Publications,Religion,1,Khilgaon,23.754198,90.424564,4635,mobile_wallet,delivered,2026-08-04T20:24:04+06:00,True,Rokomari,RKM-RDR-007,Noman Rahman,8801316743606,delivery_rider,Bike,Dhaka-Metro-LA-37-5287,2025-09-08,4.70,temporarily_inactive,Khilgaon,53,31,1154,2026-02-11T14:39:35+06:00,2026-08-09T03:13:19+06:00
356,USR040,+8801754701672,Tanvir Karim,RKM0000357,2026-05-06T20:47:11+06:00,Pragya Demo Book House,Business,1,Gulshan,23.795871,90.399218,1640,mobile_wallet,cancelled,2026-05-12T12:47:11+06:00,True,Rokomari,RKM-RDR-006,Shamim Karim,8801999724975,delivery_rider,Bike,Dhaka-Metro-LA-31-7317,2023-01-06,4.80,active,Gulshan,49,27,451,2026-02-12T06:57:54+06:00,2026-07-29T17:38:13+06:00
357,USR041,+8801410279211,Nafisa Ali,RKM0000358,2026-03-29T15:52:58+06:00,Boibagan Demo Publications,History,3,Shyamoli,23.774828,90.360183,3717,card,cancelled,2026-03-31T08:52:58+06:00,True,Rokomari,RKM-RDR-015,Mehedi Sheikh,8801376047729,delivery_rider,Bike,Dhaka-Metro-LA-48-9875,2025-11-17,4.56,active,Shyamoli,44,22,1705,2026-02-19T04:20:02+06:00,2026-08-03T03:52:15+06:00
358,USR041,+8801410279211,Nafisa Ali,RKM0000359,2026-06-11T01:15:30+06:00,Pragya Demo Book House,History,4,Shyamoli,23.767802,90.35786,4195,cash,returned,2026-06-18T13:15:30+06:00,True,Rokomari,RKM-RDR-015,Mehedi Sheikh,8801376047729,delivery_rider,Bike,Dhaka-Metro-LA-48-9875,2025-11-17,4.56,active,Shyamoli,44,22,1705,2026-02-19T04:20:02+06:00,2026-08-03T03:52:15+06:00
359,USR041,+8801410279211,Nafisa Ali,RKM0000360,2026-07-08T20:56:38+06:00,Pragya Demo Book House,Exam Preparation,4,Pallabi,23.828848,90.371915,4272,cash,returned,2026-07-17T00:56:38+06:00,True,Rokomari,RKM-RDR-013,Jubayer Karim,8801590153458,delivery_rider,Bike,Dhaka-Metro-LA-45-1553,2023-09-22,4.72,active,Pallabi,46,20,915,2026-02-11T18:18:56+06:00,2026-08-09T18:40:47+06:00
360,USR041,+8801410279211,Nafisa Ali,RKM0000361,2026-07-09T05:16:13+06:00,Kalam Demo Publications,History,1,Tejgaon,23.764739,90.396834,1818,mobile_wallet,delivered,2026-07-13T04:16:13+06:00,True,Rokomari,RKM-RDR-016,Shuvo Mahmud,8801674629335,delivery_rider,Bicycle,BIC-76953,2023-10-17,4.53,active,Tejgaon,43,17,253,2026-02-13T17:57:55+06:00,2026-08-06T02:47:10+06:00
361,USR041,+8801410279211,Nafisa Ali,RKM0000362,2026-06-16T16:20:34+06:00,Pragya Demo Book House,Business,4,Pallabi,23.821148,90.369115,2808,mobile_wallet,processing,2026-06-21T12:20:34+06:00,True,Rokomari,RKM-RDR-013,Jubayer Karim,8801590153458,delivery_rider,Bike,Dhaka-Metro-LA-45-1553,2023-09-22,4.72,active,Pallabi,46,20,915,2026-02-11T18:18:56+06:00,2026-08-09T18:40:47+06:00
362,USR041,+8801410279211,Nafisa Ali,RKM0000363,2026-03-02T17:03:31+06:00,Gyanpath Demo Publications,Academic,3,Banani,23.79064,90.414191,2609,cash,delivered,2026-03-10T06:03:31+06:00,True,Rokomari,RKM-RDR-002,Sabbir Sheikh,8801646093550,delivery_rider,Bike,Dhaka-Metro-LA-47-8925,2023-01-15,4.78,active,Banani,25,11,869,2026-02-10T18:00:19+06:00,2026-08-10T20:22:38+06:00
363,USR041,+8801410279211,Nafisa Ali,RKM0000364,2026-03-04T12:59:38+06:00,Pathshala Demo Books,Non-Fiction,1,Rampura,23.767723,90.417554,607,cash,delivered,2026-03-04T22:59:38+06:00,True,Rokomari,RKM-RDR-014,Hasan Sarker,8801938904423,delivery_rider,Bike,Dhaka-Metro-LA-21-8928,2023-08-20,4.35,active,Rampura,58,30,832,2026-02-11T14:04:39+06:00,2026-07-31T09:46:08+06:00
364,USR041,+8801410279211,Nafisa Ali,RKM0000365,2026-05-22T19:55:22+06:00,Pathshala Demo Books,Science & Technology,2,Mohakhali,23.785919,90.393442,705,cash,cancelled,2026-05-23T12:55:22+06:00,True,Rokomari,RKM-RDR-009,Nayeem Hasan,8801324471418,delivery_rider,Bike,Dhaka-Metro-LA-34-5388,2024-11-23,4.65,active,Mohakhali,36,19,1188,2026-02-19T08:50:41+06:00,2026-08-02T04:47:49+06:00
365,USR041,+8801410279211,Nafisa Ali,RKM0000366,2026-04-27T04:12:14+06:00,Pragya Demo Book House,Science & Technology,1,Uttara,23.869716,90.372476,3593,card,delivered,2026-05-06T10:12:14+06:00,True,Rokomari,RKM-RDR-017,Emon Rahman,8801932543816,delivery_rider,Bike,Dhaka-Metro-LA-59-3501,2026-03-29,4.62,active,Uttara,52,27,1300,2026-02-11T17:22:46+06:00,2026-08-06T10:33:58+06:00
366,USR041,+8801410279211,Nafisa Ali,RKM0000367,2026-03-29T14:13:46+06:00,Natunpata Demo Publication,Exam Preparation,5,Dhanmondi,23.751422,90.383677,2532,cash,returned,2026-04-05T13:13:46+06:00,True,Rokomari,RKM-RDR-004,Fahim Karim,8801564428282,delivery_rider,Bike,Dhaka-Metro-LA-49-5778,2023-06-10,4.82,active,Dhanmondi,58,29,821,2026-02-14T08:31:15+06:00,2026-08-10T21:30:40+06:00
367,USR041,+8801410279211,Nafisa Ali,RKM0000368,2026-06-02T01:09:19+06:00,Kalam Demo Publications,Science & Technology,3,Rampura,23.755797,90.428781,4093,mobile_wallet,cancelled,2026-06-10T08:09:19+06:00,True,Rokomari,RKM-RDR-014,Hasan Sarker,8801938904423,delivery_rider,Bike,Dhaka-Metro-LA-21-8928,2023-08-20,4.35,active,Rampura,58,30,832,2026-02-11T14:04:39+06:00,2026-07-31T09:46:08+06:00
368,USR042,+8801455140705,Sanjida Sultana,RKM0000369,2026-04-03T21:48:02+06:00,Pathshala Demo Books,Science & Technology,1,Banani,23.784969,90.40592,3824,card,cancelled,2026-04-13T21:48:02+06:00,True,Rokomari,RKM-RDR-002,Sabbir Sheikh,8801646093550,delivery_rider,Bike,Dhaka-Metro-LA-47-8925,2023-01-15,4.78,active,Banani,25,11,869,2026-02-10T18:00:19+06:00,2026-08-10T20:22:38+06:00
369,USR042,+8801455140705,Sanjida Sultana,RKM0000370,2026-06-30T08:53:14+06:00,Pathshala Demo Books,Business,3,Bashundhara,23.811423,90.417393,530,mobile_wallet,delivered,2026-07-09T18:53:14+06:00,True,Rokomari,RKM-RDR-003,Parvez Hasan,8801849556978,delivery_rider,Bike,Dhaka-Metro-LA-11-9736,2024-07-20,4.40,active,Bashundhara,48,23,1818,2026-02-10T11:36:34+06:00,2026-08-09T09:20:46+06:00
370,USR042,+8801455140705,Sanjida Sultana,RKM0000371,2026-07-10T05:27:06+06:00,Shikkhaloy Demo Books,History,4,Farmgate,23.754135,90.396358,4421,cash,returned,2026-07-14T19:27:06+06:00,True,Rokomari,RKM-RDR-005,Tanvir Hasan,8801510283842,delivery_rider,Bicycle,BIC-99533,2024-10-07,4.86,active,Farmgate,51,22,318,2026-02-14T11:05:37+06:00,2026-08-06T15:48:56+06:00
371,USR042,+8801455140705,Sanjida Sultana,RKM0000372,2026-07-24T11:09:22+06:00,Shikkhaloy Demo Books,History,2,Uttara,23.881835,90.37833,3013,cash,returned,2026-07-25T13:09:22+06:00,True,Rokomari,RKM-RDR-017,Emon Rahman,8801932543816,delivery_rider,Bike,Dhaka-Metro-LA-59-3501,2026-03-29,4.62,active,Uttara,52,27,1300,2026-02-11T17:22:46+06:00,2026-08-06T10:33:58+06:00
372,USR042,+8801455140705,Sanjida Sultana,RKM0000373,2026-03-15T18:37:48+06:00,Pragya Demo Book House,Religion,1,Motijheel,23.726825,90.41762,4017,card,delivered,2026-03-19T02:37:48+06:00,True,Rokomari,RKM-RDR-011,Sumon Uddin,8801903242764,delivery_rider,Bike,Dhaka-Metro-LA-44-1426,2023-08-04,4.66,active,Motijheel,43,22,1317,2026-02-12T04:42:40+06:00,2026-08-06T08:07:38+06:00
373,USR042,+8801455140705,Sanjida Sultana,RKM0000374,2026-04-28T00:22:53+06:00,Boibagan Demo Publications,Exam Preparation,2,Old Dhaka,23.710325,90.416315,2334,card,delivered,2026-04-29T10:22:53+06:00,True,Rokomari,RKM-RDR-012,Nadim Chowdhury,8801935031640,delivery_rider,Bicycle,BIC-35405,2023-12-08,4.61,active,Old Dhaka,51,24,1375,2026-02-10T07:52:12+06:00,2026-08-05T01:26:52+06:00
374,USR042,+8801455140705,Sanjida Sultana,RKM0000375,2026-03-25T19:48:22+06:00,Kalam Demo Publications,Science & Technology,2,Banani,23.800889,90.399998,1491,card,delivered,2026-03-31T03:48:22+06:00,True,Rokomari,RKM-RDR-020,Morshed Kabir,8801942462644,delivery_rider,Bike,Dhaka-Metro-LA-37-3930,2023-03-20,4.46,active,Banani,35,15,1313,2026-02-10T00:48:36+06:00,2026-08-09T15:47:43+06:00
375,USR043,+8801879605481,Tasnim Karim,RKM0000376,2026-04-19T13:48:30+06:00,Boibagan Demo Publications,Non-Fiction,3,Badda,23.785101,90.425224,4366,card,cancelled,2026-04-24T20:48:30+06:00,True,Rokomari,RKM-RDR-001,Hasan Chowdhury,8801871778083,delivery_rider,Bike,Dhaka-Metro-LA-49-2544,2023-03-12,4.55,active,Badda,27,10,1110,2026-02-11T03:30:55+06:00,2026-08-07T13:48:18+06:00
376,USR043,+8801879605481,Tasnim Karim,RKM0000377,2026-06-25T04:25:07+06:00,Gyanpath Demo Publications,Business,2,Farmgate,23.751236,90.382377,1799,card,returned,2026-07-01T08:25:07+06:00,True,Rokomari,RKM-RDR-005,Tanvir Hasan,8801510283842,delivery_rider,Bicycle,BIC-99533,2024-10-07,4.86,active,Farmgate,51,22,318,2026-02-14T11:05:37+06:00,2026-08-06T15:48:56+06:00
377,USR043,+8801879605481,Tasnim Karim,RKM0000378,2026-03-20T09:38:49+06:00,Pathshala Demo Books,Business,3,Dhanmondi,23.744904,90.377984,846,cash,delivered,2026-03-27T20:38:49+06:00,True,Rokomari,RKM-RDR-004,Fahim Karim,8801564428282,delivery_rider,Bike,Dhaka-Metro-LA-49-5778,2023-06-10,4.82,active,Dhanmondi,58,29,821,2026-02-14T08:31:15+06:00,2026-08-10T21:30:40+06:00
378,USR043,+8801879605481,Tasnim Karim,RKM0000379,2026-04-16T14:33:41+06:00,Sahityaghar Demo Publications,Children,3,Mohakhali,23.774924,90.407955,3108,cash,processing,2026-04-18T00:33:41+06:00,True,Rokomari,RKM-RDR-009,Nayeem Hasan,8801324471418,delivery_rider,Bike,Dhaka-Metro-LA-34-5388,2024-11-23,4.65,active,Mohakhali,36,19,1188,2026-02-19T08:50:41+06:00,2026-08-02T04:47:49+06:00
379,USR043,+8801879605481,Tasnim Karim,RKM0000380,2026-05-08T05:47:26+06:00,Pathshala Demo Books,Biography,3,Wari,23.713512,90.423521,2340,cash,cancelled,2026-05-17T04:47:26+06:00,True,Rokomari,RKM-RDR-018,Sohel Sarker,8801409053113,delivery_rider,Bicycle,BIC-69174,2024-04-13,4.26,active,Wari,43,27,1288,2026-02-26T19:01:14+06:00,2026-08-07T20:15:31+06:00
380,USR043,+8801879605481,Tasnim Karim,RKM0000381,2026-03-18T04:57:06+06:00,Kalam Demo Publications,History,2,Badda,23.777268,90.427616,4601,card,cancelled,2026-03-27T10:57:06+06:00,True,Rokomari,RKM-RDR-001,Hasan Chowdhury,8801871778083,delivery_rider,Bike,Dhaka-Metro-LA-49-2544,2023-03-12,4.55,active,Badda,27,10,1110,2026-02-11T03:30:55+06:00,2026-08-07T13:48:18+06:00
381,USR043,+8801879605481,Tasnim Karim,RKM0000382,2026-05-18T18:31:59+06:00,Kalam Demo Publications,Non-Fiction,5,Pallabi,23.827217,90.366884,4366,mobile_wallet,delivered,2026-05-20T06:31:59+06:00,True,Rokomari,RKM-RDR-013,Jubayer Karim,8801590153458,delivery_rider,Bike,Dhaka-Metro-LA-45-1553,2023-09-22,4.72,active,Pallabi,46,20,915,2026-02-11T18:18:56+06:00,2026-08-09T18:40:47+06:00
382,USR043,+8801879605481,Tasnim Karim,RKM0000383,2026-08-05T12:25:00+06:00,Boibagan Demo Publications,Non-Fiction,2,Farmgate,23.76129,90.381016,2280,mobile_wallet,delivered,2026-08-11T02:25:00+06:00,True,Rokomari,RKM-RDR-005,Tanvir Hasan,8801510283842,delivery_rider,Bicycle,BIC-99533,2024-10-07,4.86,active,Farmgate,51,22,318,2026-02-14T11:05:37+06:00,2026-08-06T15:48:56+06:00
383,USR043,+8801879605481,Tasnim Karim,RKM0000384,2026-06-11T01:39:09+06:00,Sahityaghar Demo Publications,Children,4,Bashundhara,23.820044,90.432133,3236,mobile_wallet,returned,2026-06-17T16:39:09+06:00,True,Rokomari,RKM-RDR-003,Parvez Hasan,8801849556978,delivery_rider,Bike,Dhaka-Metro-LA-11-9736,2024-07-20,4.40,active,Bashundhara,48,23,1818,2026-02-10T11:36:34+06:00,2026-08-09T09:20:46+06:00
384,USR043,+8801879605481,Tasnim Karim,RKM0000385,2026-04-30T23:52:21+06:00,Akshar Demo Publications,Religion,2,Shyamoli,23.766002,90.356923,964,cash,returned,2026-05-05T12:52:21+06:00,True,Rokomari,RKM-RDR-015,Mehedi Sheikh,8801376047729,delivery_rider,Bike,Dhaka-Metro-LA-48-9875,2025-11-17,4.56,active,Shyamoli,44,22,1705,2026-02-19T04:20:02+06:00,2026-08-03T03:52:15+06:00
385,USR043,+8801879605481,Tasnim Karim,RKM0000386,2026-06-26T12:58:11+06:00,Boibagan Demo Publications,Fiction,4,Motijheel,23.726402,90.415455,3823,mobile_wallet,delivered,2026-06-29T19:58:11+06:00,True,Rokomari,RKM-RDR-011,Sumon Uddin,8801903242764,delivery_rider,Bike,Dhaka-Metro-LA-44-1426,2023-08-04,4.66,active,Motijheel,43,22,1317,2026-02-12T04:42:40+06:00,2026-08-06T08:07:38+06:00
386,USR043,+8801879605481,Tasnim Karim,RKM0000387,2026-03-10T14:42:37+06:00,Kalam Demo Publications,History,4,Wari,23.71578,90.409601,762,cash,returned,2026-03-18T17:42:37+06:00,True,Rokomari,RKM-RDR-018,Sohel Sarker,8801409053113,delivery_rider,Bicycle,BIC-69174,2024-04-13,4.26,active,Wari,43,27,1288,2026-02-26T19:01:14+06:00,2026-08-07T20:15:31+06:00
387,USR044,+8801684789643,Tasnim Uddin,RKM0000388,2026-07-29T03:13:13+06:00,Shikkhaloy Demo Books,Children,3,Khilgaon,23.754696,90.4245,2612,card,delivered,2026-08-06T06:13:13+06:00,True,Rokomari,RKM-RDR-007,Noman Rahman,8801316743606,delivery_rider,Bike,Dhaka-Metro-LA-37-5287,2025-09-08,4.70,temporarily_inactive,Khilgaon,53,31,1154,2026-02-11T14:39:35+06:00,2026-08-09T03:13:19+06:00
388,USR044,+8801684789643,Tasnim Uddin,RKM0000389,2026-05-14T00:07:59+06:00,Pragya Demo Book House,Non-Fiction,5,Khilgaon,23.745286,90.423026,776,card,delivered,2026-05-23T04:07:59+06:00,True,Rokomari,RKM-RDR-007,Noman Rahman,8801316743606,delivery_rider,Bike,Dhaka-Metro-LA-37-5287,2025-09-08,4.70,temporarily_inactive,Khilgaon,53,31,1154,2026-02-11T14:39:35+06:00,2026-08-09T03:13:19+06:00
389,USR044,+8801684789643,Tasnim Uddin,RKM0000390,2026-06-05T17:52:35+06:00,Gyanpath Demo Publications,Children,3,Tejgaon,23.756497,90.396735,3396,card,returned,2026-06-15T02:52:35+06:00,True,Rokomari,RKM-RDR-016,Shuvo Mahmud,8801674629335,delivery_rider,Bicycle,BIC-76953,2023-10-17,4.53,active,Tejgaon,43,17,253,2026-02-13T17:57:55+06:00,2026-08-06T02:47:10+06:00
390,USR044,+8801684789643,Tasnim Uddin,RKM0000391,2026-05-15T02:27:21+06:00,Kalam Demo Publications,Religion,2,Khilgaon,23.744396,90.419523,1749,mobile_wallet,processing,2026-05-23T03:27:21+06:00,True,Rokomari,RKM-RDR-007,Noman Rahman,8801316743606,delivery_rider,Bike,Dhaka-Metro-LA-37-5287,2025-09-08,4.70,temporarily_inactive,Khilgaon,53,31,1154,2026-02-11T14:39:35+06:00,2026-08-09T03:13:19+06:00
391,USR044,+8801684789643,Tasnim Uddin,RKM0000392,2026-04-02T03:37:30+06:00,Kalam Demo Publications,Children,4,Motijheel,23.730828,90.418972,914,mobile_wallet,delivered,2026-04-04T18:37:30+06:00,True,Rokomari,RKM-RDR-011,Sumon Uddin,8801903242764,delivery_rider,Bike,Dhaka-Metro-LA-44-1426,2023-08-04,4.66,active,Motijheel,43,22,1317,2026-02-12T04:42:40+06:00,2026-08-06T08:07:38+06:00
392,USR044,+8801684789643,Tasnim Uddin,RKM0000393,2026-06-21T02:35:43+06:00,Boibagan Demo Publications,History,1,Dhanmondi,23.74928,90.375135,3439,cash,returned,2026-06-28T09:35:43+06:00,True,Rokomari,RKM-RDR-004,Fahim Karim,8801564428282,delivery_rider,Bike,Dhaka-Metro-LA-49-5778,2023-06-10,4.82,active,Dhanmondi,58,29,821,2026-02-14T08:31:15+06:00,2026-08-10T21:30:40+06:00
393,USR045,+8801822577827,Labiba Ali,RKM0000394,2026-05-24T08:55:55+06:00,Boibagan Demo Publications,Science & Technology,1,Badda,23.772842,90.430395,264,mobile_wallet,cancelled,2026-05-31T07:55:55+06:00,True,Rokomari,RKM-RDR-019,Jubayer Sheikh,8801479247170,delivery_rider,Bicycle,BIC-57952,2025-05-30,4.90,active,Badda,26,11,467,2026-02-18T05:10:01+06:00,2026-08-10T02:50:03+06:00
394,USR045,+8801822577827,Labiba Ali,RKM0000395,2026-03-16T00:42:46+06:00,Pragya Demo Book House,Non-Fiction,5,Banani,23.799882,90.412167,2178,card,delivered,2026-03-22T22:42:46+06:00,True,Rokomari,RKM-RDR-020,Morshed Kabir,8801942462644,delivery_rider,Bike,Dhaka-Metro-LA-37-3930,2023-03-20,4.46,active,Banani,35,15,1313,2026-02-10T00:48:36+06:00,2026-08-09T15:47:43+06:00
395,USR045,+8801822577827,Labiba Ali,RKM0000396,2026-02-19T10:00:21+06:00,Shikkhaloy Demo Books,Children,3,Mohakhali,23.78481,90.391149,2370,cash,delivered,2026-02-28T23:00:21+06:00,True,Rokomari,RKM-RDR-009,Nayeem Hasan,8801324471418,delivery_rider,Bike,Dhaka-Metro-LA-34-5388,2024-11-23,4.65,active,Mohakhali,36,19,1188,2026-02-19T08:50:41+06:00,2026-08-02T04:47:49+06:00
396,USR045,+8801822577827,Labiba Ali,RKM0000397,2026-02-11T03:30:55+06:00,Pathshala Demo Books,Fiction,5,Badda,23.778968,90.434839,4031,mobile_wallet,delivered,2026-02-17T19:30:55+06:00,True,Rokomari,RKM-RDR-001,Hasan Chowdhury,8801871778083,delivery_rider,Bike,Dhaka-Metro-LA-49-2544,2023-03-12,4.55,active,Badda,27,10,1110,2026-02-11T03:30:55+06:00,2026-08-07T13:48:18+06:00
397,USR045,+8801822577827,Labiba Ali,RKM0000398,2026-07-07T12:25:50+06:00,Akshar Demo Publications,Exam Preparation,2,Bashundhara,23.822991,90.417029,2310,card,cancelled,2026-07-11T08:25:50+06:00,True,Rokomari,RKM-RDR-003,Parvez Hasan,8801849556978,delivery_rider,Bike,Dhaka-Metro-LA-11-9736,2024-07-20,4.40,active,Bashundhara,48,23,1818,2026-02-10T11:36:34+06:00,2026-08-09T09:20:46+06:00
398,USR045,+8801822577827,Labiba Ali,RKM0000399,2026-06-09T21:52:18+06:00,Shikkhaloy Demo Books,Science & Technology,1,Motijheel,23.732428,90.417565,4058,card,delivered,2026-06-11T03:52:18+06:00,True,Rokomari,RKM-RDR-011,Sumon Uddin,8801903242764,delivery_rider,Bike,Dhaka-Metro-LA-44-1426,2023-08-04,4.66,active,Motijheel,43,22,1317,2026-02-12T04:42:40+06:00,2026-08-06T08:07:38+06:00
399,USR045,+8801822577827,Labiba Ali,RKM0000400,2026-07-02T10:58:04+06:00,Akshar Demo Publications,Biography,5,Rampura,23.760134,90.414334,3952,card,delivered,2026-07-05T21:58:04+06:00,True,Rokomari,RKM-RDR-014,Hasan Sarker,8801938904423,delivery_rider,Bike,Dhaka-Metro-LA-21-8928,2023-08-20,4.35,active,Rampura,58,30,832,2026-02-11T14:04:39+06:00,2026-07-31T09:46:08+06:00
400,USR045,+8801822577827,Labiba Ali,RKM0000401,2026-04-29T20:57:03+06:00,Kalam Demo Publications,Science & Technology,2,Mohammadpur,23.763051,90.353512,3585,card,returned,2026-05-01T08:57:03+06:00,True,Rokomari,RKM-RDR-010,Kawsar Hasan,8801752549830,delivery_rider,Bike,Dhaka-Metro-LA-32-8079,2024-06-06,4.23,active,Mohammadpur,50,24,1645,2026-02-11T04:16:48+06:00,2026-08-07T17:24:51+06:00
401,USR046,+8801976762475,Saif Jahan,RKM0000402,2026-02-20T12:39:50+06:00,Gyanpath Demo Publications,Business,3,Rampura,23.753605,90.421501,4737,cash,delivered,2026-02-21T08:39:50+06:00,True,Rokomari,RKM-RDR-014,Hasan Sarker,8801938904423,delivery_rider,Bike,Dhaka-Metro-LA-21-8928,2023-08-20,4.35,active,Rampura,58,30,832,2026-02-11T14:04:39+06:00,2026-07-31T09:46:08+06:00
402,USR046,+8801976762475,Saif Jahan,RKM0000403,2026-07-14T17:11:30+06:00,Pragya Demo Book House,Academic,3,Gulshan,23.788395,90.406952,569,mobile_wallet,cancelled,2026-07-22T17:11:30+06:00,True,Rokomari,RKM-RDR-006,Shamim Karim,8801999724975,delivery_rider,Bike,Dhaka-Metro-LA-31-7317,2023-01-06,4.80,active,Gulshan,49,27,451,2026-02-12T06:57:54+06:00,2026-07-29T17:38:13+06:00
403,USR046,+8801976762475,Saif Jahan,RKM0000404,2026-05-19T05:34:00+06:00,Kalam Demo Publications,Fiction,5,Farmgate,23.759918,90.396732,4165,cash,cancelled,2026-05-26T03:34:00+06:00,True,Rokomari,RKM-RDR-005,Tanvir Hasan,8801510283842,delivery_rider,Bicycle,BIC-99533,2024-10-07,4.86,active,Farmgate,51,22,318,2026-02-14T11:05:37+06:00,2026-08-06T15:48:56+06:00
404,USR046,+8801976762475,Saif Jahan,RKM0000405,2026-05-16T22:25:05+06:00,Akshar Demo Publications,Children,2,Banani,23.800282,90.405007,3353,card,processing,2026-05-23T04:25:05+06:00,True,Rokomari,RKM-RDR-020,Morshed Kabir,8801942462644,delivery_rider,Bike,Dhaka-Metro-LA-37-3930,2023-03-20,4.46,active,Banani,35,15,1313,2026-02-10T00:48:36+06:00,2026-08-09T15:47:43+06:00
405,USR046,+8801976762475,Saif Jahan,RKM0000406,2026-03-25T11:21:40+06:00,Kalam Demo Publications,Children,3,Pallabi,23.83178,90.365701,1730,cash,processing,2026-03-25T18:21:40+06:00,True,Rokomari,RKM-RDR-013,Jubayer Karim,8801590153458,delivery_rider,Bike,Dhaka-Metro-LA-45-1553,2023-09-22,4.72,active,Pallabi,46,20,915,2026-02-11T18:18:56+06:00,2026-08-09T18:40:47+06:00
406,USR046,+8801976762475,Saif Jahan,RKM0000407,2026-03-10T05:12:22+06:00,Sahityaghar Demo Publications,Fiction,2,Bashundhara,23.808235,90.433764,305,cash,delivered,2026-03-17T16:12:22+06:00,True,Rokomari,RKM-RDR-003,Parvez Hasan,8801849556978,delivery_rider,Bike,Dhaka-Metro-LA-11-9736,2024-07-20,4.40,active,Bashundhara,48,23,1818,2026-02-10T11:36:34+06:00,2026-08-09T09:20:46+06:00
407,USR046,+8801976762475,Saif Jahan,RKM0000408,2026-07-15T09:13:29+06:00,Kalam Demo Publications,Science & Technology,2,Mirpur,23.826224,90.363427,1729,cash,delivered,2026-07-21T07:13:29+06:00,True,Rokomari,RKM-RDR-008,Mehedi Mia,8801903214455,delivery_rider,Bike,Dhaka-Metro-LA-48-7063,2023-02-20,4.42,active,Mirpur,58,32,333,2026-02-14T18:44:07+06:00,2026-08-08T13:29:34+06:00
408,USR047,+8801884969838,Tasnim Hossain,RKM0000409,2026-07-10T00:46:48+06:00,Kalam Demo Publications,Non-Fiction,5,Pallabi,23.829644,90.372535,258,cash,delivered,2026-07-18T12:46:48+06:00,True,Rokomari,RKM-RDR-013,Jubayer Karim,8801590153458,delivery_rider,Bike,Dhaka-Metro-LA-45-1553,2023-09-22,4.72,active,Pallabi,46,20,915,2026-02-11T18:18:56+06:00,2026-08-09T18:40:47+06:00
409,USR047,+8801884969838,Tasnim Hossain,RKM0000410,2026-02-26T19:01:14+06:00,Pragya Demo Book House,Biography,1,Wari,23.72837,90.416803,2946,card,returned,2026-03-02T18:01:14+06:00,True,Rokomari,RKM-RDR-018,Sohel Sarker,8801409053113,delivery_rider,Bicycle,BIC-69174,2024-04-13,4.26,active,Wari,43,27,1288,2026-02-26T19:01:14+06:00,2026-08-07T20:15:31+06:00
410,USR047,+8801884969838,Tasnim Hossain,RKM0000411,2026-05-21T22:01:00+06:00,Gyanpath Demo Publications,Academic,2,Uttara,23.882029,90.371577,1981,mobile_wallet,returned,2026-05-29T16:01:00+06:00,True,Rokomari,RKM-RDR-017,Emon Rahman,8801932543816,delivery_rider,Bike,Dhaka-Metro-LA-59-3501,2026-03-29,4.62,active,Uttara,52,27,1300,2026-02-11T17:22:46+06:00,2026-08-06T10:33:58+06:00
411,USR047,+8801884969838,Tasnim Hossain,RKM0000412,2026-02-13T20:05:08+06:00,Sahityaghar Demo Publications,Business,1,Uttara,23.870188,90.382273,3487,card,cancelled,2026-02-23T16:05:08+06:00,True,Rokomari,RKM-RDR-017,Emon Rahman,8801932543816,delivery_rider,Bike,Dhaka-Metro-LA-59-3501,2026-03-29,4.62,active,Uttara,52,27,1300,2026-02-11T17:22:46+06:00,2026-08-06T10:33:58+06:00
412,USR047,+8801884969838,Tasnim Hossain,RKM0000413,2026-07-08T22:47:13+06:00,Sahityaghar Demo Publications,Academic,3,Mirpur,23.819801,90.371472,3060,cash,delivered,2026-07-14T00:47:13+06:00,True,Rokomari,RKM-RDR-008,Mehedi Mia,8801903214455,delivery_rider,Bike,Dhaka-Metro-LA-48-7063,2023-02-20,4.42,active,Mirpur,58,32,333,2026-02-14T18:44:07+06:00,2026-08-08T13:29:34+06:00
413,USR047,+8801884969838,Tasnim Hossain,RKM0000414,2026-03-15T13:50:01+06:00,Pathshala Demo Books,Fiction,4,Gulshan,23.787424,90.41287,1356,card,delivered,2026-03-20T15:50:01+06:00,True,Rokomari,RKM-RDR-006,Shamim Karim,8801999724975,delivery_rider,Bike,Dhaka-Metro-LA-31-7317,2023-01-06,4.80,active,Gulshan,49,27,451,2026-02-12T06:57:54+06:00,2026-07-29T17:38:13+06:00
414,USR047,+8801884969838,Tasnim Hossain,RKM0000415,2026-04-07T05:08:23+06:00,Boibagan Demo Publications,Science & Technology,3,Mirpur,23.82836,90.37343,3251,card,processing,2026-04-15T01:08:23+06:00,True,Rokomari,RKM-RDR-008,Mehedi Mia,8801903214455,delivery_rider,Bike,Dhaka-Metro-LA-48-7063,2023-02-20,4.42,active,Mirpur,58,32,333,2026-02-14T18:44:07+06:00,2026-08-08T13:29:34+06:00
415,USR047,+8801884969838,Tasnim Hossain,RKM0000416,2026-03-01T00:18:04+06:00,Kalam Demo Publications,Exam Preparation,1,Motijheel,23.731418,90.421267,3995,card,returned,2026-03-07T01:18:04+06:00,True,Rokomari,RKM-RDR-011,Sumon Uddin,8801903242764,delivery_rider,Bike,Dhaka-Metro-LA-44-1426,2023-08-04,4.66,active,Motijheel,43,22,1317,2026-02-12T04:42:40+06:00,2026-08-06T08:07:38+06:00
416,USR047,+8801884969838,Tasnim Hossain,RKM0000417,2026-05-20T20:51:03+06:00,Shikkhaloy Demo Books,Children,3,Tejgaon,23.762489,90.389614,1045,cash,processing,2026-05-21T11:51:03+06:00,True,Rokomari,RKM-RDR-016,Shuvo Mahmud,8801674629335,delivery_rider,Bicycle,BIC-76953,2023-10-17,4.53,active,Tejgaon,43,17,253,2026-02-13T17:57:55+06:00,2026-08-06T02:47:10+06:00
417,USR047,+8801884969838,Tasnim Hossain,RKM0000418,2026-07-25T17:09:27+06:00,Natunpata Demo Publication,Science & Technology,2,Uttara,23.873323,90.37199,842,mobile_wallet,cancelled,2026-08-02T02:09:27+06:00,True,Rokomari,RKM-RDR-017,Emon Rahman,8801932543816,delivery_rider,Bike,Dhaka-Metro-LA-59-3501,2026-03-29,4.62,active,Uttara,52,27,1300,2026-02-11T17:22:46+06:00,2026-08-06T10:33:58+06:00
418,USR048,+8801592798051,Nadia Rahman,RKM0000419,2026-02-14T02:31:45+06:00,Sahityaghar Demo Publications,Academic,2,Gulshan,23.792407,90.410538,264,cash,returned,2026-02-20T11:31:45+06:00,True,Rokomari,RKM-RDR-006,Shamim Karim,8801999724975,delivery_rider,Bike,Dhaka-Metro-LA-31-7317,2023-01-06,4.80,active,Gulshan,49,27,451,2026-02-12T06:57:54+06:00,2026-07-29T17:38:13+06:00
419,USR048,+8801592798051,Nadia Rahman,RKM0000420,2026-07-17T03:25:10+06:00,Kalam Demo Publications,Exam Preparation,4,Mirpur,23.830174,90.358302,2829,card,cancelled,2026-07-23T12:25:10+06:00,True,Rokomari,RKM-RDR-008,Mehedi Mia,8801903214455,delivery_rider,Bike,Dhaka-Metro-LA-48-7063,2023-02-20,4.42,active,Mirpur,58,32,333,2026-02-14T18:44:07+06:00,2026-08-08T13:29:34+06:00
420,USR048,+8801592798051,Nadia Rahman,RKM0000421,2026-07-23T08:55:51+06:00,Boibagan Demo Publications,Exam Preparation,1,Mohakhali,23.771347,90.400534,2015,mobile_wallet,processing,2026-08-01T10:55:51+06:00,True,Rokomari,RKM-RDR-009,Nayeem Hasan,8801324471418,delivery_rider,Bike,Dhaka-Metro-LA-34-5388,2024-11-23,4.65,active,Mohakhali,36,19,1188,2026-02-19T08:50:41+06:00,2026-08-02T04:47:49+06:00
421,USR048,+8801592798051,Nadia Rahman,RKM0000422,2026-04-30T22:47:44+06:00,Akshar Demo Publications,Religion,4,Pallabi,23.832213,90.368204,717,card,delivered,2026-05-05T03:47:44+06:00,True,Rokomari,RKM-RDR-013,Jubayer Karim,8801590153458,delivery_rider,Bike,Dhaka-Metro-LA-45-1553,2023-09-22,4.72,active,Pallabi,46,20,915,2026-02-11T18:18:56+06:00,2026-08-09T18:40:47+06:00
422,USR048,+8801592798051,Nadia Rahman,RKM0000423,2026-02-26T07:02:44+06:00,Natunpata Demo Publication,Exam Preparation,1,Dhanmondi,23.754438,90.370116,1282,mobile_wallet,delivered,2026-03-07T00:02:44+06:00,True,Rokomari,RKM-RDR-004,Fahim Karim,8801564428282,delivery_rider,Bike,Dhaka-Metro-LA-49-5778,2023-06-10,4.82,active,Dhanmondi,58,29,821,2026-02-14T08:31:15+06:00,2026-08-10T21:30:40+06:00
423,USR048,+8801592798051,Nadia Rahman,RKM0000424,2026-06-03T03:03:19+06:00,Pathshala Demo Books,Exam Preparation,2,Banani,23.792174,90.408776,2368,cash,returned,2026-06-04T15:03:19+06:00,True,Rokomari,RKM-RDR-020,Morshed Kabir,8801942462644,delivery_rider,Bike,Dhaka-Metro-LA-37-3930,2023-03-20,4.46,active,Banani,35,15,1313,2026-02-10T00:48:36+06:00,2026-08-09T15:47:43+06:00
424,USR048,+8801592798051,Nadia Rahman,RKM0000425,2026-04-04T02:28:23+06:00,Pathshala Demo Books,Non-Fiction,5,Motijheel,23.726855,90.422584,3779,cash,cancelled,2026-04-09T18:28:23+06:00,True,Rokomari,RKM-RDR-011,Sumon Uddin,8801903242764,delivery_rider,Bike,Dhaka-Metro-LA-44-1426,2023-08-04,4.66,active,Motijheel,43,22,1317,2026-02-12T04:42:40+06:00,2026-08-06T08:07:38+06:00
425,USR048,+8801592798051,Nadia Rahman,RKM0000426,2026-02-26T11:06:49+06:00,Gyanpath Demo Publications,Exam Preparation,4,Pallabi,23.833239,90.36645,3783,cash,returned,2026-02-26T22:06:49+06:00,True,Rokomari,RKM-RDR-013,Jubayer Karim,8801590153458,delivery_rider,Bike,Dhaka-Metro-LA-45-1553,2023-09-22,4.72,active,Pallabi,46,20,915,2026-02-11T18:18:56+06:00,2026-08-09T18:40:47+06:00
426,USR048,+8801592798051,Nadia Rahman,RKM0000427,2026-03-22T22:14:43+06:00,Sahityaghar Demo Publications,History,1,Motijheel,23.730295,90.419163,943,cash,processing,2026-03-27T21:14:43+06:00,True,Rokomari,RKM-RDR-011,Sumon Uddin,8801903242764,delivery_rider,Bike,Dhaka-Metro-LA-44-1426,2023-08-04,4.66,active,Motijheel,43,22,1317,2026-02-12T04:42:40+06:00,2026-08-06T08:07:38+06:00
427,USR048,+8801592798051,Nadia Rahman,RKM0000428,2026-04-08T03:12:36+06:00,Natunpata Demo Publication,Business,5,Mohammadpur,23.776932,90.361029,2821,mobile_wallet,delivered,2026-04-16T20:12:36+06:00,True,Rokomari,RKM-RDR-010,Kawsar Hasan,8801752549830,delivery_rider,Bike,Dhaka-Metro-LA-32-8079,2024-06-06,4.23,active,Mohammadpur,50,24,1645,2026-02-11T04:16:48+06:00,2026-08-07T17:24:51+06:00
428,USR049,+8801460032068,Shanto Sultana,RKM0000429,2026-05-22T05:16:28+06:00,Shikkhaloy Demo Books,Science & Technology,1,Dhanmondi,23.75407,90.376181,4061,cash,cancelled,2026-05-25T19:16:28+06:00,True,Rokomari,RKM-RDR-004,Fahim Karim,8801564428282,delivery_rider,Bike,Dhaka-Metro-LA-49-5778,2023-06-10,4.82,active,Dhanmondi,58,29,821,2026-02-14T08:31:15+06:00,2026-08-10T21:30:40+06:00
429,USR049,+8801460032068,Shanto Sultana,RKM0000430,2026-03-04T15:36:07+06:00,Boibagan Demo Publications,Business,5,Old Dhaka,23.70324,90.402916,3693,card,delivered,2026-03-04T18:36:07+06:00,True,Rokomari,RKM-RDR-012,Nadim Chowdhury,8801935031640,delivery_rider,Bicycle,BIC-35405,2023-12-08,4.61,active,Old Dhaka,51,24,1375,2026-02-10T07:52:12+06:00,2026-08-05T01:26:52+06:00
430,USR049,+8801460032068,Shanto Sultana,RKM0000431,2026-07-30T13:49:36+06:00,Pathshala Demo Books,Biography,4,Mirpur,23.813855,90.372261,1843,cash,delivered,2026-08-02T08:49:36+06:00,True,Rokomari,RKM-RDR-008,Mehedi Mia,8801903214455,delivery_rider,Bike,Dhaka-Metro-LA-48-7063,2023-02-20,4.42,active,Mirpur,58,32,333,2026-02-14T18:44:07+06:00,2026-08-08T13:29:34+06:00
431,USR049,+8801460032068,Shanto Sultana,RKM0000432,2026-08-07T20:15:31+06:00,Natunpata Demo Publication,Religion,5,Wari,23.713276,90.421721,3854,cash,delivered,2026-08-08T22:15:31+06:00,True,Rokomari,RKM-RDR-018,Sohel Sarker,8801409053113,delivery_rider,Bicycle,BIC-69174,2024-04-13,4.26,active,Wari,43,27,1288,2026-02-26T19:01:14+06:00,2026-08-07T20:15:31+06:00
432,USR049,+8801460032068,Shanto Sultana,RKM0000433,2026-05-04T03:29:27+06:00,Shikkhaloy Demo Books,Non-Fiction,4,Gulshan,23.78927,90.404466,2588,cash,processing,2026-05-05T14:29:27+06:00,True,Rokomari,RKM-RDR-006,Shamim Karim,8801999724975,delivery_rider,Bike,Dhaka-Metro-LA-31-7317,2023-01-06,4.80,active,Gulshan,49,27,451,2026-02-12T06:57:54+06:00,2026-07-29T17:38:13+06:00
433,USR049,+8801460032068,Shanto Sultana,RKM0000434,2026-08-02T04:26:54+06:00,Akshar Demo Publications,Academic,4,Farmgate,23.760539,90.396824,4588,card,cancelled,2026-08-11T19:26:54+06:00,True,Rokomari,RKM-RDR-005,Tanvir Hasan,8801510283842,delivery_rider,Bicycle,BIC-99533,2024-10-07,4.86,active,Farmgate,51,22,318,2026-02-14T11:05:37+06:00,2026-08-06T15:48:56+06:00
434,USR049,+8801460032068,Shanto Sultana,RKM0000435,2026-04-24T08:06:18+06:00,Pathshala Demo Books,History,2,Banani,23.797765,90.409624,2028,mobile_wallet,delivered,2026-04-25T23:06:18+06:00,True,Rokomari,RKM-RDR-002,Sabbir Sheikh,8801646093550,delivery_rider,Bike,Dhaka-Metro-LA-47-8925,2023-01-15,4.78,active,Banani,25,11,869,2026-02-10T18:00:19+06:00,2026-08-10T20:22:38+06:00
435,USR049,+8801460032068,Shanto Sultana,RKM0000436,2026-06-02T11:43:48+06:00,Pragya Demo Book House,Exam Preparation,4,Rampura,23.755126,90.418362,746,mobile_wallet,delivered,2026-06-08T05:43:48+06:00,True,Rokomari,RKM-RDR-014,Hasan Sarker,8801938904423,delivery_rider,Bike,Dhaka-Metro-LA-21-8928,2023-08-20,4.35,active,Rampura,58,30,832,2026-02-11T14:04:39+06:00,2026-07-31T09:46:08+06:00
436,USR050,+8801303661331,Ritu Ahmed,RKM0000437,2026-05-04T13:22:03+06:00,Gyanpath Demo Publications,Business,3,Old Dhaka,23.710918,90.407001,2211,card,delivered,2026-05-09T02:22:03+06:00,True,Rokomari,RKM-RDR-012,Nadim Chowdhury,8801935031640,delivery_rider,Bicycle,BIC-35405,2023-12-08,4.61,active,Old Dhaka,51,24,1375,2026-02-10T07:52:12+06:00,2026-08-05T01:26:52+06:00
437,USR050,+8801303661331,Ritu Ahmed,RKM0000438,2026-04-14T04:41:27+06:00,Boibagan Demo Publications,Exam Preparation,2,Motijheel,23.740944,90.420519,3088,card,delivered,2026-04-22T19:41:27+06:00,True,Rokomari,RKM-RDR-011,Sumon Uddin,8801903242764,delivery_rider,Bike,Dhaka-Metro-LA-44-1426,2023-08-04,4.66,active,Motijheel,43,22,1317,2026-02-12T04:42:40+06:00,2026-08-06T08:07:38+06:00
438,USR050,+8801303661331,Ritu Ahmed,RKM0000439,2026-04-19T05:26:35+06:00,Akshar Demo Publications,Non-Fiction,4,Mohakhali,23.772112,90.39087,1869,mobile_wallet,delivered,2026-04-26T16:26:35+06:00,True,Rokomari,RKM-RDR-009,Nayeem Hasan,8801324471418,delivery_rider,Bike,Dhaka-Metro-LA-34-5388,2024-11-23,4.65,active,Mohakhali,36,19,1188,2026-02-19T08:50:41+06:00,2026-08-02T04:47:49+06:00
439,USR050,+8801303661331,Ritu Ahmed,RKM0000440,2026-04-14T11:56:37+06:00,Boibagan Demo Publications,Religion,1,Old Dhaka,23.717209,90.402885,1573,mobile_wallet,returned,2026-04-19T13:56:37+06:00,True,Rokomari,RKM-RDR-012,Nadim Chowdhury,8801935031640,delivery_rider,Bicycle,BIC-35405,2023-12-08,4.61,active,Old Dhaka,51,24,1375,2026-02-10T07:52:12+06:00,2026-08-05T01:26:52+06:00
440,USR050,+8801303661331,Ritu Ahmed,RKM0000441,2026-07-28T12:29:36+06:00,Boibagan Demo Publications,Children,5,Mohammadpur,23.774366,90.36502,4586,mobile_wallet,cancelled,2026-08-01T17:29:36+06:00,True,Rokomari,RKM-RDR-010,Kawsar Hasan,8801752549830,delivery_rider,Bike,Dhaka-Metro-LA-32-8079,2024-06-06,4.23,active,Mohammadpur,50,24,1645,2026-02-11T04:16:48+06:00,2026-08-07T17:24:51+06:00
441,USR050,+8801303661331,Ritu Ahmed,RKM0000442,2026-05-26T13:38:29+06:00,Pathshala Demo Books,Non-Fiction,4,Motijheel,23.728249,90.421353,3965,card,processing,2026-06-05T08:38:29+06:00,True,Rokomari,RKM-RDR-011,Sumon Uddin,8801903242764,delivery_rider,Bike,Dhaka-Metro-LA-44-1426,2023-08-04,4.66,active,Motijheel,43,22,1317,2026-02-12T04:42:40+06:00,2026-08-06T08:07:38+06:00
442,USR050,+8801303661331,Ritu Ahmed,RKM0000443,2026-04-20T13:21:17+06:00,Akshar Demo Publications,Children,1,Rampura,23.769968,90.419431,995,card,processing,2026-04-22T20:21:17+06:00,True,Rokomari,RKM-RDR-014,Hasan Sarker,8801938904423,delivery_rider,Bike,Dhaka-Metro-LA-21-8928,2023-08-20,4.35,active,Rampura,58,30,832,2026-02-11T14:04:39+06:00,2026-07-31T09:46:08+06:00
443,USR050,+8801303661331,Ritu Ahmed,RKM0000444,2026-06-28T09:11:42+06:00,Akshar Demo Publications,Fiction,1,Rampura,23.762917,90.415903,2203,card,cancelled,2026-06-30T09:11:42+06:00,True,Rokomari,RKM-RDR-014,Hasan Sarker,8801938904423,delivery_rider,Bike,Dhaka-Metro-LA-21-8928,2023-08-20,4.35,active,Rampura,58,30,832,2026-02-11T14:04:39+06:00,2026-07-31T09:46:08+06:00
444,USR051,+8801344765452,Touhid Ali,RKM0000445,2026-03-15T10:51:37+06:00,Akshar Demo Publications,Biography,5,Badda,23.7816,90.434789,506,mobile_wallet,delivered,2026-03-24T23:51:37+06:00,True,Rokomari,RKM-RDR-019,Jubayer Sheikh,8801479247170,delivery_rider,Bicycle,BIC-57952,2025-05-30,4.90,active,Badda,26,11,467,2026-02-18T05:10:01+06:00,2026-08-10T02:50:03+06:00
445,USR051,+8801344765452,Touhid Ali,RKM0000446,2026-08-09T03:13:19+06:00,Sahityaghar Demo Publications,History,1,Khilgaon,23.759305,90.42503,1415,mobile_wallet,delivered,2026-08-12T06:13:19+06:00,True,Rokomari,RKM-RDR-007,Noman Rahman,8801316743606,delivery_rider,Bike,Dhaka-Metro-LA-37-5287,2025-09-08,4.70,temporarily_inactive,Khilgaon,53,31,1154,2026-02-11T14:39:35+06:00,2026-08-09T03:13:19+06:00
446,USR051,+8801344765452,Touhid Ali,RKM0000447,2026-04-01T11:27:02+06:00,Sahityaghar Demo Publications,Children,1,Shyamoli,23.76567,90.358323,1991,mobile_wallet,delivered,2026-04-10T20:27:02+06:00,True,Rokomari,RKM-RDR-015,Mehedi Sheikh,8801376047729,delivery_rider,Bike,Dhaka-Metro-LA-48-9875,2025-11-17,4.56,active,Shyamoli,44,22,1705,2026-02-19T04:20:02+06:00,2026-08-03T03:52:15+06:00
447,USR051,+8801344765452,Touhid Ali,RKM0000448,2026-03-26T15:57:30+06:00,Gyanpath Demo Publications,Religion,5,Gulshan,23.793165,90.411374,758,mobile_wallet,cancelled,2026-04-05T00:57:30+06:00,True,Rokomari,RKM-RDR-006,Shamim Karim,8801999724975,delivery_rider,Bike,Dhaka-Metro-LA-31-7317,2023-01-06,4.80,active,Gulshan,49,27,451,2026-02-12T06:57:54+06:00,2026-07-29T17:38:13+06:00
448,USR051,+8801344765452,Touhid Ali,RKM0000449,2026-02-26T00:52:44+06:00,Pathshala Demo Books,Science & Technology,5,Pallabi,23.828785,90.362862,563,mobile_wallet,processing,2026-02-28T05:52:44+06:00,True,Rokomari,RKM-RDR-013,Jubayer Karim,8801590153458,delivery_rider,Bike,Dhaka-Metro-LA-45-1553,2023-09-22,4.72,active,Pallabi,46,20,915,2026-02-11T18:18:56+06:00,2026-08-09T18:40:47+06:00
449,USR051,+8801344765452,Touhid Ali,RKM0000450,2026-05-06T04:57:09+06:00,Pragya Demo Book House,Business,5,Dhanmondi,23.740434,90.374703,1474,mobile_wallet,returned,2026-05-12T13:57:09+06:00,True,Rokomari,RKM-RDR-004,Fahim Karim,8801564428282,delivery_rider,Bike,Dhaka-Metro-LA-49-5778,2023-06-10,4.82,active,Dhanmondi,58,29,821,2026-02-14T08:31:15+06:00,2026-08-10T21:30:40+06:00
450,USR051,+8801344765452,Touhid Ali,RKM0000451,2026-04-29T06:57:40+06:00,Shikkhaloy Demo Books,Children,5,Wari,23.722865,90.421034,898,mobile_wallet,delivered,2026-05-04T19:57:40+06:00,True,Rokomari,RKM-RDR-018,Sohel Sarker,8801409053113,delivery_rider,Bicycle,BIC-69174,2024-04-13,4.26,active,Wari,43,27,1288,2026-02-26T19:01:14+06:00,2026-08-07T20:15:31+06:00
451,USR051,+8801344765452,Touhid Ali,RKM0000452,2026-07-29T11:27:21+06:00,Boibagan Demo Publications,History,4,Tejgaon,23.770206,90.385617,2551,card,delivered,2026-08-08T04:27:21+06:00,True,Rokomari,RKM-RDR-016,Shuvo Mahmud,8801674629335,delivery_rider,Bicycle,BIC-76953,2023-10-17,4.53,active,Tejgaon,43,17,253,2026-02-13T17:57:55+06:00,2026-08-06T02:47:10+06:00
452,USR052,+8801539050502,Nusrat Hossain,RKM0000453,2026-05-27T20:22:15+06:00,Sahityaghar Demo Publications,Exam Preparation,2,Dhanmondi,23.753458,90.369821,3039,cash,delivered,2026-05-28T20:22:15+06:00,True,Rokomari,RKM-RDR-004,Fahim Karim,8801564428282,delivery_rider,Bike,Dhaka-Metro-LA-49-5778,2023-06-10,4.82,active,Dhanmondi,58,29,821,2026-02-14T08:31:15+06:00,2026-08-10T21:30:40+06:00
453,USR052,+8801539050502,Nusrat Hossain,RKM0000454,2026-07-20T16:35:21+06:00,Sahityaghar Demo Publications,Fiction,3,Khilgaon,23.747186,90.422004,1538,cash,delivered,2026-07-29T23:35:21+06:00,True,Rokomari,RKM-RDR-007,Noman Rahman,8801316743606,delivery_rider,Bike,Dhaka-Metro-LA-37-5287,2025-09-08,4.70,temporarily_inactive,Khilgaon,53,31,1154,2026-02-11T14:39:35+06:00,2026-08-09T03:13:19+06:00
454,USR052,+8801539050502,Nusrat Hossain,RKM0000455,2026-07-23T15:52:51+06:00,Natunpata Demo Publication,Religion,4,Shyamoli,23.776086,90.372928,1544,card,delivered,2026-07-23T20:52:51+06:00,True,Rokomari,RKM-RDR-015,Mehedi Sheikh,8801376047729,delivery_rider,Bike,Dhaka-Metro-LA-48-9875,2025-11-17,4.56,active,Shyamoli,44,22,1705,2026-02-19T04:20:02+06:00,2026-08-03T03:52:15+06:00
455,USR052,+8801539050502,Nusrat Hossain,RKM0000456,2026-02-17T20:19:27+06:00,Boibagan Demo Publications,Non-Fiction,4,Badda,23.781011,90.433189,476,card,processing,2026-02-20T01:19:27+06:00,True,Rokomari,RKM-RDR-001,Hasan Chowdhury,8801871778083,delivery_rider,Bike,Dhaka-Metro-LA-49-2544,2023-03-12,4.55,active,Badda,27,10,1110,2026-02-11T03:30:55+06:00,2026-08-07T13:48:18+06:00
456,USR052,+8801539050502,Nusrat Hossain,RKM0000457,2026-07-01T23:31:36+06:00,Pragya Demo Book House,Fiction,5,Pallabi,23.830734,90.369116,625,card,delivered,2026-07-08T21:31:36+06:00,True,Rokomari,RKM-RDR-013,Jubayer Karim,8801590153458,delivery_rider,Bike,Dhaka-Metro-LA-45-1553,2023-09-22,4.72,active,Pallabi,46,20,915,2026-02-11T18:18:56+06:00,2026-08-09T18:40:47+06:00
457,USR052,+8801539050502,Nusrat Hossain,RKM0000458,2026-04-04T14:23:15+06:00,Pathshala Demo Books,Biography,1,Uttara,23.878957,90.378235,3464,card,cancelled,2026-04-07T16:23:15+06:00,True,Rokomari,RKM-RDR-017,Emon Rahman,8801932543816,delivery_rider,Bike,Dhaka-Metro-LA-59-3501,2026-03-29,4.62,active,Uttara,52,27,1300,2026-02-11T17:22:46+06:00,2026-08-06T10:33:58+06:00
458,USR052,+8801539050502,Nusrat Hossain,RKM0000459,2026-06-06T11:19:49+06:00,Akshar Demo Publications,Children,3,Khilgaon,23.749982,90.432978,4124,cash,delivered,2026-06-07T08:19:49+06:00,True,Rokomari,RKM-RDR-007,Noman Rahman,8801316743606,delivery_rider,Bike,Dhaka-Metro-LA-37-5287,2025-09-08,4.70,temporarily_inactive,Khilgaon,53,31,1154,2026-02-11T14:39:35+06:00,2026-08-09T03:13:19+06:00
459,USR052,+8801539050502,Nusrat Hossain,RKM0000460,2026-06-10T15:14:37+06:00,Akshar Demo Publications,Non-Fiction,4,Rampura,23.755079,90.413457,2209,card,cancelled,2026-06-10T21:14:37+06:00,True,Rokomari,RKM-RDR-014,Hasan Sarker,8801938904423,delivery_rider,Bike,Dhaka-Metro-LA-21-8928,2023-08-20,4.35,active,Rampura,58,30,832,2026-02-11T14:04:39+06:00,2026-07-31T09:46:08+06:00
460,USR052,+8801539050502,Nusrat Hossain,RKM0000461,2026-06-28T12:22:21+06:00,Akshar Demo Publications,Non-Fiction,2,Shyamoli,23.768305,90.373033,3311,mobile_wallet,delivered,2026-06-30T11:22:21+06:00,True,Rokomari,RKM-RDR-015,Mehedi Sheikh,8801376047729,delivery_rider,Bike,Dhaka-Metro-LA-48-9875,2025-11-17,4.56,active,Shyamoli,44,22,1705,2026-02-19T04:20:02+06:00,2026-08-03T03:52:15+06:00
461,USR052,+8801539050502,Nusrat Hossain,RKM0000462,2026-05-24T21:57:31+06:00,Pathshala Demo Books,Science & Technology,5,Gulshan,23.786057,90.406948,1945,mobile_wallet,delivered,2026-05-27T10:57:31+06:00,True,Rokomari,RKM-RDR-006,Shamim Karim,8801999724975,delivery_rider,Bike,Dhaka-Metro-LA-31-7317,2023-01-06,4.80,active,Gulshan,49,27,451,2026-02-12T06:57:54+06:00,2026-07-29T17:38:13+06:00
462,USR052,+8801539050502,Nusrat Hossain,RKM0000463,2026-05-24T14:46:11+06:00,Shikkhaloy Demo Books,Academic,1,Banani,23.790122,90.410847,1801,mobile_wallet,cancelled,2026-05-27T23:46:11+06:00,True,Rokomari,RKM-RDR-020,Morshed Kabir,8801942462644,delivery_rider,Bike,Dhaka-Metro-LA-37-3930,2023-03-20,4.46,active,Banani,35,15,1313,2026-02-10T00:48:36+06:00,2026-08-09T15:47:43+06:00
463,USR053,+8801852381087,Labiba Sultana,RKM0000464,2026-05-22T12:57:28+06:00,Kalam Demo Publications,Business,2,Old Dhaka,23.706204,90.410025,2725,card,delivered,2026-05-30T08:57:28+06:00,True,Rokomari,RKM-RDR-012,Nadim Chowdhury,8801935031640,delivery_rider,Bicycle,BIC-35405,2023-12-08,4.61,active,Old Dhaka,51,24,1375,2026-02-10T07:52:12+06:00,2026-08-05T01:26:52+06:00
464,USR053,+8801852381087,Labiba Sultana,RKM0000465,2026-07-06T01:54:03+06:00,Kalam Demo Publications,Business,2,Gulshan,23.790749,90.403616,2267,card,returned,2026-07-15T02:54:03+06:00,True,Rokomari,RKM-RDR-006,Shamim Karim,8801999724975,delivery_rider,Bike,Dhaka-Metro-LA-31-7317,2023-01-06,4.80,active,Gulshan,49,27,451,2026-02-12T06:57:54+06:00,2026-07-29T17:38:13+06:00
465,USR053,+8801852381087,Labiba Sultana,RKM0000466,2026-04-16T19:29:59+06:00,Natunpata Demo Publication,Business,5,Bashundhara,23.810583,90.427568,1118,mobile_wallet,cancelled,2026-04-24T10:29:59+06:00,True,Rokomari,RKM-RDR-003,Parvez Hasan,8801849556978,delivery_rider,Bike,Dhaka-Metro-LA-11-9736,2024-07-20,4.40,active,Bashundhara,48,23,1818,2026-02-10T11:36:34+06:00,2026-08-09T09:20:46+06:00
466,USR053,+8801852381087,Labiba Sultana,RKM0000467,2026-04-03T16:59:41+06:00,Akshar Demo Publications,Religion,1,Banani,23.785832,90.406869,1209,mobile_wallet,delivered,2026-04-03T18:59:41+06:00,True,Rokomari,RKM-RDR-020,Morshed Kabir,8801942462644,delivery_rider,Bike,Dhaka-Metro-LA-37-3930,2023-03-20,4.46,active,Banani,35,15,1313,2026-02-10T00:48:36+06:00,2026-08-09T15:47:43+06:00
467,USR053,+8801852381087,Labiba Sultana,RKM0000468,2026-08-03T21:00:00+06:00,Gyanpath Demo Publications,Religion,5,Old Dhaka,23.703373,90.405809,756,cash,cancelled,2026-08-11T18:00:00+06:00,True,Rokomari,RKM-RDR-012,Nadim Chowdhury,8801935031640,delivery_rider,Bicycle,BIC-35405,2023-12-08,4.61,active,Old Dhaka,51,24,1375,2026-02-10T07:52:12+06:00,2026-08-05T01:26:52+06:00
468,USR053,+8801852381087,Labiba Sultana,RKM0000469,2026-06-12T06:12:43+06:00,Gyanpath Demo Publications,Science & Technology,2,Badda,23.780584,90.421155,4120,mobile_wallet,delivered,2026-06-20T02:12:43+06:00,True,Rokomari,RKM-RDR-001,Hasan Chowdhury,8801871778083,delivery_rider,Bike,Dhaka-Metro-LA-49-2544,2023-03-12,4.55,active,Badda,27,10,1110,2026-02-11T03:30:55+06:00,2026-08-07T13:48:18+06:00
469,USR053,+8801852381087,Labiba Sultana,RKM0000470,2026-05-26T14:51:51+06:00,Pragya Demo Book House,Fiction,4,Dhanmondi,23.747489,90.370103,3399,mobile_wallet,delivered,2026-05-28T01:51:51+06:00,True,Rokomari,RKM-RDR-004,Fahim Karim,8801564428282,delivery_rider,Bike,Dhaka-Metro-LA-49-5778,2023-06-10,4.82,active,Dhanmondi,58,29,821,2026-02-14T08:31:15+06:00,2026-08-10T21:30:40+06:00
470,USR053,+8801852381087,Labiba Sultana,RKM0000471,2026-04-08T00:08:28+06:00,Kalam Demo Publications,Academic,4,Bashundhara,23.823941,90.417712,3120,cash,processing,2026-04-12T19:08:28+06:00,True,Rokomari,RKM-RDR-003,Parvez Hasan,8801849556978,delivery_rider,Bike,Dhaka-Metro-LA-11-9736,2024-07-20,4.40,active,Bashundhara,48,23,1818,2026-02-10T11:36:34+06:00,2026-08-09T09:20:46+06:00
471,USR053,+8801852381087,Labiba Sultana,RKM0000472,2026-07-27T18:45:35+06:00,Kalam Demo Publications,Biography,5,Shyamoli,23.776552,90.365257,4549,card,delivered,2026-07-28T13:45:35+06:00,True,Rokomari,RKM-RDR-015,Mehedi Sheikh,8801376047729,delivery_rider,Bike,Dhaka-Metro-LA-48-9875,2025-11-17,4.56,active,Shyamoli,44,22,1705,2026-02-19T04:20:02+06:00,2026-08-03T03:52:15+06:00
472,USR053,+8801852381087,Labiba Sultana,RKM0000473,2026-03-31T22:36:05+06:00,Boibagan Demo Publications,Fiction,5,Mohakhali,23.775312,90.408173,2555,cash,delivered,2026-04-09T05:36:05+06:00,True,Rokomari,RKM-RDR-009,Nayeem Hasan,8801324471418,delivery_rider,Bike,Dhaka-Metro-LA-34-5388,2024-11-23,4.65,active,Mohakhali,36,19,1188,2026-02-19T08:50:41+06:00,2026-08-02T04:47:49+06:00
473,USR053,+8801852381087,Labiba Sultana,RKM0000474,2026-08-06T15:48:56+06:00,Pathshala Demo Books,Biography,3,Farmgate,23.762092,90.39859,1222,cash,cancelled,2026-08-12T13:48:56+06:00,True,Rokomari,RKM-RDR-005,Tanvir Hasan,8801510283842,delivery_rider,Bicycle,BIC-99533,2024-10-07,4.86,active,Farmgate,51,22,318,2026-02-14T11:05:37+06:00,2026-08-06T15:48:56+06:00
474,USR053,+8801852381087,Labiba Sultana,RKM0000475,2026-05-24T08:12:20+06:00,Gyanpath Demo Publications,Science & Technology,3,Mirpur,23.829149,90.362915,435,cash,cancelled,2026-06-01T04:12:20+06:00,True,Rokomari,RKM-RDR-008,Mehedi Mia,8801903214455,delivery_rider,Bike,Dhaka-Metro-LA-48-7063,2023-02-20,4.42,active,Mirpur,58,32,333,2026-02-14T18:44:07+06:00,2026-08-08T13:29:34+06:00
475,USR054,+8801423871224,Rakib Uddin,RKM0000476,2026-06-23T09:17:14+06:00,Gyanpath Demo Publications,Exam Preparation,2,Shyamoli,23.778779,90.361297,1653,cash,cancelled,2026-06-23T21:17:14+06:00,True,Rokomari,RKM-RDR-015,Mehedi Sheikh,8801376047729,delivery_rider,Bike,Dhaka-Metro-LA-48-9875,2025-11-17,4.56,active,Shyamoli,44,22,1705,2026-02-19T04:20:02+06:00,2026-08-03T03:52:15+06:00
476,USR054,+8801423871224,Rakib Uddin,RKM0000477,2026-03-06T02:54:29+06:00,Boibagan Demo Publications,Biography,4,Mohakhali,23.779136,90.407153,874,card,delivered,2026-03-10T16:54:29+06:00,True,Rokomari,RKM-RDR-009,Nayeem Hasan,8801324471418,delivery_rider,Bike,Dhaka-Metro-LA-34-5388,2024-11-23,4.65,active,Mohakhali,36,19,1188,2026-02-19T08:50:41+06:00,2026-08-02T04:47:49+06:00
477,USR054,+8801423871224,Rakib Uddin,RKM0000478,2026-06-30T15:48:40+06:00,Kalam Demo Publications,Non-Fiction,3,Mirpur,23.8263,90.367825,3363,mobile_wallet,returned,2026-07-01T00:48:40+06:00,True,Rokomari,RKM-RDR-008,Mehedi Mia,8801903214455,delivery_rider,Bike,Dhaka-Metro-LA-48-7063,2023-02-20,4.42,active,Mirpur,58,32,333,2026-02-14T18:44:07+06:00,2026-08-08T13:29:34+06:00
478,USR054,+8801423871224,Rakib Uddin,RKM0000479,2026-04-04T15:48:17+06:00,Pragya Demo Book House,Religion,4,Rampura,23.763363,90.426345,3016,card,delivered,2026-04-11T17:48:17+06:00,True,Rokomari,RKM-RDR-014,Hasan Sarker,8801938904423,delivery_rider,Bike,Dhaka-Metro-LA-21-8928,2023-08-20,4.35,active,Rampura,58,30,832,2026-02-11T14:04:39+06:00,2026-07-31T09:46:08+06:00
479,USR054,+8801423871224,Rakib Uddin,RKM0000480,2026-04-02T13:21:10+06:00,Gyanpath Demo Publications,History,2,Farmgate,23.751073,90.394425,3530,card,processing,2026-04-12T10:21:10+06:00,True,Rokomari,RKM-RDR-005,Tanvir Hasan,8801510283842,delivery_rider,Bicycle,BIC-99533,2024-10-07,4.86,active,Farmgate,51,22,318,2026-02-14T11:05:37+06:00,2026-08-06T15:48:56+06:00
480,USR054,+8801423871224,Rakib Uddin,RKM0000481,2026-03-14T07:49:23+06:00,Natunpata Demo Publication,Academic,5,Banani,23.793798,90.40139,4692,mobile_wallet,processing,2026-03-16T19:49:23+06:00,True,Rokomari,RKM-RDR-002,Sabbir Sheikh,8801646093550,delivery_rider,Bike,Dhaka-Metro-LA-47-8925,2023-01-15,4.78,active,Banani,25,11,869,2026-02-10T18:00:19+06:00,2026-08-10T20:22:38+06:00
481,USR054,+8801423871224,Rakib Uddin,RKM0000482,2026-03-01T15:21:54+06:00,Akshar Demo Publications,Academic,1,Farmgate,23.751263,90.396543,2989,mobile_wallet,processing,2026-03-11T03:21:54+06:00,True,Rokomari,RKM-RDR-005,Tanvir Hasan,8801510283842,delivery_rider,Bicycle,BIC-99533,2024-10-07,4.86,active,Farmgate,51,22,318,2026-02-14T11:05:37+06:00,2026-08-06T15:48:56+06:00
482,USR054,+8801423871224,Rakib Uddin,RKM0000483,2026-02-21T06:57:34+06:00,Gyanpath Demo Publications,Science & Technology,3,Tejgaon,23.756599,90.399288,807,mobile_wallet,delivered,2026-02-23T08:57:34+06:00,True,Rokomari,RKM-RDR-016,Shuvo Mahmud,8801674629335,delivery_rider,Bicycle,BIC-76953,2023-10-17,4.53,active,Tejgaon,43,17,253,2026-02-13T17:57:55+06:00,2026-08-06T02:47:10+06:00
483,USR054,+8801423871224,Rakib Uddin,RKM0000484,2026-04-30T23:55:44+06:00,Sahityaghar Demo Publications,Fiction,2,Shyamoli,23.772482,90.368826,772,card,delivered,2026-05-10T20:55:44+06:00,True,Rokomari,RKM-RDR-015,Mehedi Sheikh,8801376047729,delivery_rider,Bike,Dhaka-Metro-LA-48-9875,2025-11-17,4.56,active,Shyamoli,44,22,1705,2026-02-19T04:20:02+06:00,2026-08-03T03:52:15+06:00
484,USR054,+8801423871224,Rakib Uddin,RKM0000485,2026-05-27T07:50:49+06:00,Shikkhaloy Demo Books,Biography,4,Mohakhali,23.778844,90.395743,1792,cash,processing,2026-05-27T10:50:49+06:00,True,Rokomari,RKM-RDR-009,Nayeem Hasan,8801324471418,delivery_rider,Bike,Dhaka-Metro-LA-34-5388,2024-11-23,4.65,active,Mohakhali,36,19,1188,2026-02-19T08:50:41+06:00,2026-08-02T04:47:49+06:00
485,USR054,+8801423871224,Rakib Uddin,RKM0000486,2026-04-05T02:34:28+06:00,Pragya Demo Book House,Non-Fiction,4,Mirpur,23.828958,90.363528,872,cash,returned,2026-04-14T09:34:28+06:00,True,Rokomari,RKM-RDR-008,Mehedi Mia,8801903214455,delivery_rider,Bike,Dhaka-Metro-LA-48-7063,2023-02-20,4.42,active,Mirpur,58,32,333,2026-02-14T18:44:07+06:00,2026-08-08T13:29:34+06:00
486,USR054,+8801423871224,Rakib Uddin,RKM0000487,2026-07-07T12:43:41+06:00,Sahityaghar Demo Publications,Children,2,Mohakhali,23.784784,90.393826,4345,mobile_wallet,cancelled,2026-07-12T12:43:41+06:00,True,Rokomari,RKM-RDR-009,Nayeem Hasan,8801324471418,delivery_rider,Bike,Dhaka-Metro-LA-34-5388,2024-11-23,4.65,active,Mohakhali,36,19,1188,2026-02-19T08:50:41+06:00,2026-08-02T04:47:49+06:00
487,USR055,+8801755067568,Nafisa Jahan,RKM0000488,2026-04-04T16:14:07+06:00,Shikkhaloy Demo Books,Exam Preparation,3,Mohammadpur,23.770676,90.362971,2391,cash,cancelled,2026-04-09T09:14:07+06:00,True,Rokomari,RKM-RDR-010,Kawsar Hasan,8801752549830,delivery_rider,Bike,Dhaka-Metro-LA-32-8079,2024-06-06,4.23,active,Mohammadpur,50,24,1645,2026-02-11T04:16:48+06:00,2026-08-07T17:24:51+06:00
488,USR055,+8801755067568,Nafisa Jahan,RKM0000489,2026-04-01T04:23:36+06:00,Pathshala Demo Books,Exam Preparation,5,Shyamoli,23.768695,90.372511,4368,cash,delivered,2026-04-09T22:23:36+06:00,True,Rokomari,RKM-RDR-015,Mehedi Sheikh,8801376047729,delivery_rider,Bike,Dhaka-Metro-LA-48-9875,2025-11-17,4.56,active,Shyamoli,44,22,1705,2026-02-19T04:20:02+06:00,2026-08-03T03:52:15+06:00
489,USR055,+8801755067568,Nafisa Jahan,RKM0000490,2026-02-18T10:15:01+06:00,Pragya Demo Book House,Academic,3,Farmgate,23.749639,90.394286,1458,cash,cancelled,2026-02-24T07:15:01+06:00,True,Rokomari,RKM-RDR-005,Tanvir Hasan,8801510283842,delivery_rider,Bicycle,BIC-99533,2024-10-07,4.86,active,Farmgate,51,22,318,2026-02-14T11:05:37+06:00,2026-08-06T15:48:56+06:00
490,USR055,+8801755067568,Nafisa Jahan,RKM0000491,2026-04-10T14:12:07+06:00,Kalam Demo Publications,Non-Fiction,2,Dhanmondi,23.753165,90.373145,4428,card,processing,2026-04-18T14:12:07+06:00,True,Rokomari,RKM-RDR-004,Fahim Karim,8801564428282,delivery_rider,Bike,Dhaka-Metro-LA-49-5778,2023-06-10,4.82,active,Dhanmondi,58,29,821,2026-02-14T08:31:15+06:00,2026-08-10T21:30:40+06:00
491,USR055,+8801755067568,Nafisa Jahan,RKM0000492,2026-07-30T19:25:53+06:00,Kalam Demo Publications,Fiction,4,Farmgate,23.761557,90.398235,2655,cash,delivered,2026-08-09T08:25:53+06:00,True,Rokomari,RKM-RDR-005,Tanvir Hasan,8801510283842,delivery_rider,Bicycle,BIC-99533,2024-10-07,4.86,active,Farmgate,51,22,318,2026-02-14T11:05:37+06:00,2026-08-06T15:48:56+06:00
492,USR055,+8801755067568,Nafisa Jahan,RKM0000493,2026-06-26T06:55:39+06:00,Sahityaghar Demo Publications,Exam Preparation,1,Wari,23.722835,90.418064,4453,card,cancelled,2026-06-27T04:55:39+06:00,True,Rokomari,RKM-RDR-018,Sohel Sarker,8801409053113,delivery_rider,Bicycle,BIC-69174,2024-04-13,4.26,active,Wari,43,27,1288,2026-02-26T19:01:14+06:00,2026-08-07T20:15:31+06:00
493,USR055,+8801755067568,Nafisa Jahan,RKM0000494,2026-05-27T16:27:35+06:00,Sahityaghar Demo Publications,Fiction,1,Wari,23.725139,90.423529,2967,cash,delivered,2026-06-05T20:27:35+06:00,True,Rokomari,RKM-RDR-018,Sohel Sarker,8801409053113,delivery_rider,Bicycle,BIC-69174,2024-04-13,4.26,active,Wari,43,27,1288,2026-02-26T19:01:14+06:00,2026-08-07T20:15:31+06:00
494,USR056,+8801687653764,Sakib Islam,RKM0000495,2026-04-14T16:47:09+06:00,Shikkhaloy Demo Books,Children,2,Banani,23.789363,90.415207,4500,card,processing,2026-04-16T05:47:09+06:00,True,Rokomari,RKM-RDR-002,Sabbir Sheikh,8801646093550,delivery_rider,Bike,Dhaka-Metro-LA-47-8925,2023-01-15,4.78,active,Banani,25,11,869,2026-02-10T18:00:19+06:00,2026-08-10T20:22:38+06:00
495,USR056,+8801687653764,Sakib Islam,RKM0000496,2026-04-09T15:11:47+06:00,Pathshala Demo Books,Science & Technology,5,Mohammadpur,23.769425,90.357475,1333,cash,delivered,2026-04-13T07:11:47+06:00,True,Rokomari,RKM-RDR-010,Kawsar Hasan,8801752549830,delivery_rider,Bike,Dhaka-Metro-LA-32-8079,2024-06-06,4.23,active,Mohammadpur,50,24,1645,2026-02-11T04:16:48+06:00,2026-08-07T17:24:51+06:00
496,USR056,+8801687653764,Sakib Islam,RKM0000497,2026-03-14T02:52:49+06:00,Pathshala Demo Books,Non-Fiction,5,Tejgaon,23.758712,90.393553,2058,cash,cancelled,2026-03-16T09:52:49+06:00,True,Rokomari,RKM-RDR-016,Shuvo Mahmud,8801674629335,delivery_rider,Bicycle,BIC-76953,2023-10-17,4.53,active,Tejgaon,43,17,253,2026-02-13T17:57:55+06:00,2026-08-06T02:47:10+06:00
497,USR056,+8801687653764,Sakib Islam,RKM0000498,2026-04-09T04:01:05+06:00,Sahityaghar Demo Publications,Fiction,4,Uttara,23.86867,90.374732,4097,mobile_wallet,delivered,2026-04-14T00:01:05+06:00,True,Rokomari,RKM-RDR-017,Emon Rahman,8801932543816,delivery_rider,Bike,Dhaka-Metro-LA-59-3501,2026-03-29,4.62,active,Uttara,52,27,1300,2026-02-11T17:22:46+06:00,2026-08-06T10:33:58+06:00
498,USR056,+8801687653764,Sakib Islam,RKM0000499,2026-03-22T01:32:32+06:00,Boibagan Demo Publications,Business,2,Badda,23.782463,90.426469,4491,card,processing,2026-03-28T13:32:32+06:00,True,Rokomari,RKM-RDR-019,Jubayer Sheikh,8801479247170,delivery_rider,Bicycle,BIC-57952,2025-05-30,4.90,active,Badda,26,11,467,2026-02-18T05:10:01+06:00,2026-08-10T02:50:03+06:00
499,USR056,+8801687653764,Sakib Islam,RKM0000500,2026-07-24T16:07:08+06:00,Gyanpath Demo Publications,Fiction,3,Badda,23.781939,90.434178,4233,cash,processing,2026-08-01T07:07:08+06:00,True,Rokomari,RKM-RDR-001,Hasan Chowdhury,8801871778083,delivery_rider,Bike,Dhaka-Metro-LA-49-2544,2023-03-12,4.55,active,Badda,27,10,1110,2026-02-11T03:30:55+06:00,2026-08-07T13:48:18+06:00
500,USR056,+8801687653764,Sakib Islam,RKM0000501,2026-03-08T17:24:28+06:00,Natunpata Demo Publication,Exam Preparation,4,Bashundhara,23.809304,90.424642,2534,card,delivered,2026-03-18T11:24:28+06:00,True,Rokomari,RKM-RDR-003,Parvez Hasan,8801849556978,delivery_rider,Bike,Dhaka-Metro-LA-11-9736,2024-07-20,4.40,active,Bashundhara,48,23,1818,2026-02-10T11:36:34+06:00,2026-08-09T09:20:46+06:00
501,USR056,+8801687653764,Sakib Islam,RKM0000502,2026-07-29T14:02:00+06:00,Shikkhaloy Demo Books,History,2,Farmgate,23.760132,90.394255,2449,mobile_wallet,cancelled,2026-07-29T23:02:00+06:00,True,Rokomari,RKM-RDR-005,Tanvir Hasan,8801510283842,delivery_rider,Bicycle,BIC-99533,2024-10-07,4.86,active,Farmgate,51,22,318,2026-02-14T11:05:37+06:00,2026-08-06T15:48:56+06:00
502,USR056,+8801687653764,Sakib Islam,RKM0000503,2026-06-20T00:21:14+06:00,Pathshala Demo Books,Academic,3,Dhanmondi,23.74959,90.375395,2760,mobile_wallet,processing,2026-06-24T05:21:14+06:00,True,Rokomari,RKM-RDR-004,Fahim Karim,8801564428282,delivery_rider,Bike,Dhaka-Metro-LA-49-5778,2023-06-10,4.82,active,Dhanmondi,58,29,821,2026-02-14T08:31:15+06:00,2026-08-10T21:30:40+06:00
503,USR056,+8801687653764,Sakib Islam,RKM0000504,2026-02-27T04:55:03+06:00,Boibagan Demo Publications,Fiction,3,Banani,23.796861,90.400649,3088,cash,delivered,2026-02-27T05:55:03+06:00,True,Rokomari,RKM-RDR-002,Sabbir Sheikh,8801646093550,delivery_rider,Bike,Dhaka-Metro-LA-47-8925,2023-01-15,4.78,active,Banani,25,11,869,2026-02-10T18:00:19+06:00,2026-08-10T20:22:38+06:00
504,USR056,+8801687653764,Sakib Islam,RKM0000505,2026-06-06T22:31:35+06:00,Gyanpath Demo Publications,Science & Technology,4,Wari,23.715916,90.424395,4230,card,delivered,2026-06-16T09:31:35+06:00,True,Rokomari,RKM-RDR-018,Sohel Sarker,8801409053113,delivery_rider,Bicycle,BIC-69174,2024-04-13,4.26,active,Wari,43,27,1288,2026-02-26T19:01:14+06:00,2026-08-07T20:15:31+06:00
505,USR057,+8801600888036,Siam Akter,RKM0000506,2026-04-03T07:20:27+06:00,Sahityaghar Demo Publications,Religion,2,Banani,23.796741,90.404089,4061,mobile_wallet,delivered,2026-04-05T05:20:27+06:00,True,Rokomari,RKM-RDR-020,Morshed Kabir,8801942462644,delivery_rider,Bike,Dhaka-Metro-LA-37-3930,2023-03-20,4.46,active,Banani,35,15,1313,2026-02-10T00:48:36+06:00,2026-08-09T15:47:43+06:00
506,USR057,+8801600888036,Siam Akter,RKM0000507,2026-02-11T04:30:34+06:00,Kalam Demo Publications,Children,3,Old Dhaka,23.70912,90.409276,1276,cash,processing,2026-02-13T16:30:34+06:00,True,Rokomari,RKM-RDR-012,Nadim Chowdhury,8801935031640,delivery_rider,Bicycle,BIC-35405,2023-12-08,4.61,active,Old Dhaka,51,24,1375,2026-02-10T07:52:12+06:00,2026-08-05T01:26:52+06:00
507,USR057,+8801600888036,Siam Akter,RKM0000508,2026-04-18T03:41:47+06:00,Pragya Demo Book House,Fiction,5,Pallabi,23.827415,90.358634,2511,card,delivered,2026-04-21T10:41:47+06:00,True,Rokomari,RKM-RDR-013,Jubayer Karim,8801590153458,delivery_rider,Bike,Dhaka-Metro-LA-45-1553,2023-09-22,4.72,active,Pallabi,46,20,915,2026-02-11T18:18:56+06:00,2026-08-09T18:40:47+06:00
508,USR057,+8801600888036,Siam Akter,RKM0000509,2026-05-29T21:18:51+06:00,Natunpata Demo Publication,Exam Preparation,2,Mohammadpur,23.770806,90.354686,2173,card,delivered,2026-06-05T12:18:51+06:00,True,Rokomari,RKM-RDR-010,Kawsar Hasan,8801752549830,delivery_rider,Bike,Dhaka-Metro-LA-32-8079,2024-06-06,4.23,active,Mohammadpur,50,24,1645,2026-02-11T04:16:48+06:00,2026-08-07T17:24:51+06:00
509,USR057,+8801600888036,Siam Akter,RKM0000510,2026-07-10T05:29:38+06:00,Boibagan Demo Publications,Religion,5,Bashundhara,23.819385,90.417478,2053,card,delivered,2026-07-20T02:29:38+06:00,True,Rokomari,RKM-RDR-003,Parvez Hasan,8801849556978,delivery_rider,Bike,Dhaka-Metro-LA-11-9736,2024-07-20,4.40,active,Bashundhara,48,23,1818,2026-02-10T11:36:34+06:00,2026-08-09T09:20:46+06:00
510,USR057,+8801600888036,Siam Akter,RKM0000511,2026-03-07T06:27:18+06:00,Pathshala Demo Books,Business,5,Shyamoli,23.779254,90.37097,3349,card,cancelled,2026-03-12T11:27:18+06:00,True,Rokomari,RKM-RDR-015,Mehedi Sheikh,8801376047729,delivery_rider,Bike,Dhaka-Metro-LA-48-9875,2025-11-17,4.56,active,Shyamoli,44,22,1705,2026-02-19T04:20:02+06:00,2026-08-03T03:52:15+06:00
511,USR057,+8801600888036,Siam Akter,RKM0000512,2026-03-20T21:08:33+06:00,Pragya Demo Book House,Exam Preparation,2,Mohakhali,23.769684,90.39865,2298,cash,processing,2026-03-22T12:08:33+06:00,True,Rokomari,RKM-RDR-009,Nayeem Hasan,8801324471418,delivery_rider,Bike,Dhaka-Metro-LA-34-5388,2024-11-23,4.65,active,Mohakhali,36,19,1188,2026-02-19T08:50:41+06:00,2026-08-02T04:47:49+06:00
512,USR057,+8801600888036,Siam Akter,RKM0000513,2026-07-15T14:32:20+06:00,Shikkhaloy Demo Books,Fiction,5,Uttara,23.881428,90.385685,4496,mobile_wallet,delivered,2026-07-18T03:32:20+06:00,True,Rokomari,RKM-RDR-017,Emon Rahman,8801932543816,delivery_rider,Bike,Dhaka-Metro-LA-59-3501,2026-03-29,4.62,active,Uttara,52,27,1300,2026-02-11T17:22:46+06:00,2026-08-06T10:33:58+06:00
513,USR057,+8801600888036,Siam Akter,RKM0000514,2026-06-06T16:04:55+06:00,Natunpata Demo Publication,Biography,2,Banani,23.7982,90.410924,1395,cash,delivered,2026-06-06T17:04:55+06:00,True,Rokomari,RKM-RDR-020,Morshed Kabir,8801942462644,delivery_rider,Bike,Dhaka-Metro-LA-37-3930,2023-03-20,4.46,active,Banani,35,15,1313,2026-02-10T00:48:36+06:00,2026-08-09T15:47:43+06:00
514,USR057,+8801600888036,Siam Akter,RKM0000515,2026-02-10T07:52:12+06:00,Shikkhaloy Demo Books,Children,1,Old Dhaka,23.704255,90.398629,4627,cash,delivered,2026-02-16T14:52:12+06:00,True,Rokomari,RKM-RDR-012,Nadim Chowdhury,8801935031640,delivery_rider,Bicycle,BIC-35405,2023-12-08,4.61,active,Old Dhaka,51,24,1375,2026-02-10T07:52:12+06:00,2026-08-05T01:26:52+06:00
515,USR057,+8801600888036,Siam Akter,RKM0000516,2026-03-24T02:51:29+06:00,Kalam Demo Publications,Fiction,1,Dhanmondi,23.752741,90.384059,299,card,delivered,2026-03-27T16:51:29+06:00,True,Rokomari,RKM-RDR-004,Fahim Karim,8801564428282,delivery_rider,Bike,Dhaka-Metro-LA-49-5778,2023-06-10,4.82,active,Dhanmondi,58,29,821,2026-02-14T08:31:15+06:00,2026-08-10T21:30:40+06:00
516,USR058,+8801581827758,Shanto Jahan,RKM0000517,2026-07-06T04:33:58+06:00,Sahityaghar Demo Publications,Business,4,Dhanmondi,23.748537,90.374126,876,cash,delivered,2026-07-12T07:33:58+06:00,True,Rokomari,RKM-RDR-004,Fahim Karim,8801564428282,delivery_rider,Bike,Dhaka-Metro-LA-49-5778,2023-06-10,4.82,active,Dhanmondi,58,29,821,2026-02-14T08:31:15+06:00,2026-08-10T21:30:40+06:00
517,USR058,+8801581827758,Shanto Jahan,RKM0000518,2026-08-06T02:51:59+06:00,Shikkhaloy Demo Books,Fiction,2,Khilgaon,23.744931,90.423266,3571,cash,returned,2026-08-08T16:51:59+06:00,True,Rokomari,RKM-RDR-007,Noman Rahman,8801316743606,delivery_rider,Bike,Dhaka-Metro-LA-37-5287,2025-09-08,4.70,temporarily_inactive,Khilgaon,53,31,1154,2026-02-11T14:39:35+06:00,2026-08-09T03:13:19+06:00
518,USR058,+8801581827758,Shanto Jahan,RKM0000519,2026-07-24T19:35:31+06:00,Natunpata Demo Publication,Academic,5,Khilgaon,23.744199,90.429598,3231,cash,returned,2026-07-25T00:35:31+06:00,True,Rokomari,RKM-RDR-007,Noman Rahman,8801316743606,delivery_rider,Bike,Dhaka-Metro-LA-37-5287,2025-09-08,4.70,temporarily_inactive,Khilgaon,53,31,1154,2026-02-11T14:39:35+06:00,2026-08-09T03:13:19+06:00
519,USR058,+8801581827758,Shanto Jahan,RKM0000520,2026-04-28T05:00:26+06:00,Boibagan Demo Publications,Exam Preparation,4,Gulshan,23.799267,90.403585,692,mobile_wallet,processing,2026-05-03T03:00:26+06:00,True,Rokomari,RKM-RDR-006,Shamim Karim,8801999724975,delivery_rider,Bike,Dhaka-Metro-LA-31-7317,2023-01-06,4.80,active,Gulshan,49,27,451,2026-02-12T06:57:54+06:00,2026-07-29T17:38:13+06:00
520,USR058,+8801581827758,Shanto Jahan,RKM0000521,2026-04-09T23:04:19+06:00,Boibagan Demo Publications,Religion,3,Mirpur,23.824863,90.374067,4342,card,delivered,2026-04-18T14:04:19+06:00,True,Rokomari,RKM-RDR-008,Mehedi Mia,8801903214455,delivery_rider,Bike,Dhaka-Metro-LA-48-7063,2023-02-20,4.42,active,Mirpur,58,32,333,2026-02-14T18:44:07+06:00,2026-08-08T13:29:34+06:00
521,USR058,+8801581827758,Shanto Jahan,RKM0000522,2026-07-30T19:16:09+06:00,Pragya Demo Book House,Academic,5,Mohammadpur,23.772662,90.357094,4012,card,cancelled,2026-08-03T15:16:09+06:00,True,Rokomari,RKM-RDR-010,Kawsar Hasan,8801752549830,delivery_rider,Bike,Dhaka-Metro-LA-32-8079,2024-06-06,4.23,active,Mohammadpur,50,24,1645,2026-02-11T04:16:48+06:00,2026-08-07T17:24:51+06:00
522,USR058,+8801581827758,Shanto Jahan,RKM0000523,2026-05-30T19:34:00+06:00,Akshar Demo Publications,Business,5,Mirpur,23.826274,90.359083,4064,cash,delivered,2026-06-06T03:34:00+06:00,True,Rokomari,RKM-RDR-008,Mehedi Mia,8801903214455,delivery_rider,Bike,Dhaka-Metro-LA-48-7063,2023-02-20,4.42,active,Mirpur,58,32,333,2026-02-14T18:44:07+06:00,2026-08-08T13:29:34+06:00
523,USR058,+8801581827758,Shanto Jahan,RKM0000524,2026-03-17T09:46:24+06:00,Gyanpath Demo Publications,Biography,4,Tejgaon,23.759695,90.388215,1313,card,delivered,2026-03-19T03:46:24+06:00,True,Rokomari,RKM-RDR-016,Shuvo Mahmud,8801674629335,delivery_rider,Bicycle,BIC-76953,2023-10-17,4.53,active,Tejgaon,43,17,253,2026-02-13T17:57:55+06:00,2026-08-06T02:47:10+06:00
524,USR059,+8801457721753,Hasan Ahmed,RKM0000525,2026-05-04T17:12:09+06:00,Shikkhaloy Demo Books,Non-Fiction,3,Shyamoli,23.78128,90.371026,1533,cash,processing,2026-05-11T01:12:09+06:00,True,Rokomari,RKM-RDR-015,Mehedi Sheikh,8801376047729,delivery_rider,Bike,Dhaka-Metro-LA-48-9875,2025-11-17,4.56,active,Shyamoli,44,22,1705,2026-02-19T04:20:02+06:00,2026-08-03T03:52:15+06:00
525,USR059,+8801457721753,Hasan Ahmed,RKM0000526,2026-05-11T13:07:40+06:00,Shikkhaloy Demo Books,Academic,5,Uttara,23.872649,90.37707,1566,cash,delivered,2026-05-16T05:07:40+06:00,True,Rokomari,RKM-RDR-017,Emon Rahman,8801932543816,delivery_rider,Bike,Dhaka-Metro-LA-59-3501,2026-03-29,4.62,active,Uttara,52,27,1300,2026-02-11T17:22:46+06:00,2026-08-06T10:33:58+06:00
526,USR059,+8801457721753,Hasan Ahmed,RKM0000527,2026-03-11T07:20:17+06:00,Natunpata Demo Publication,Fiction,2,Bashundhara,23.807182,90.416579,2828,cash,delivered,2026-03-12T07:20:17+06:00,True,Rokomari,RKM-RDR-003,Parvez Hasan,8801849556978,delivery_rider,Bike,Dhaka-Metro-LA-11-9736,2024-07-20,4.40,active,Bashundhara,48,23,1818,2026-02-10T11:36:34+06:00,2026-08-09T09:20:46+06:00
527,USR059,+8801457721753,Hasan Ahmed,RKM0000528,2026-04-06T09:54:22+06:00,Kalam Demo Publications,Non-Fiction,3,Banani,23.800628,90.403538,2702,card,delivered,2026-04-11T01:54:22+06:00,True,Rokomari,RKM-RDR-020,Morshed Kabir,8801942462644,delivery_rider,Bike,Dhaka-Metro-LA-37-3930,2023-03-20,4.46,active,Banani,35,15,1313,2026-02-10T00:48:36+06:00,2026-08-09T15:47:43+06:00
528,USR059,+8801457721753,Hasan Ahmed,RKM0000529,2026-05-20T09:53:06+06:00,Boibagan Demo Publications,Non-Fiction,2,Mirpur,23.827995,90.366086,608,mobile_wallet,returned,2026-05-28T13:53:06+06:00,True,Rokomari,RKM-RDR-008,Mehedi Mia,8801903214455,delivery_rider,Bike,Dhaka-Metro-LA-48-7063,2023-02-20,4.42,active,Mirpur,58,32,333,2026-02-14T18:44:07+06:00,2026-08-08T13:29:34+06:00
529,USR059,+8801457721753,Hasan Ahmed,RKM0000530,2026-04-18T00:05:17+06:00,Shikkhaloy Demo Books,Academic,3,Dhanmondi,23.745035,90.369936,970,card,cancelled,2026-04-24T00:05:17+06:00,True,Rokomari,RKM-RDR-004,Fahim Karim,8801564428282,delivery_rider,Bike,Dhaka-Metro-LA-49-5778,2023-06-10,4.82,active,Dhanmondi,58,29,821,2026-02-14T08:31:15+06:00,2026-08-10T21:30:40+06:00
530,USR059,+8801457721753,Hasan Ahmed,RKM0000531,2026-06-05T19:03:43+06:00,Boibagan Demo Publications,History,5,Rampura,23.756106,90.412833,2161,card,delivered,2026-06-08T15:03:43+06:00,True,Rokomari,RKM-RDR-014,Hasan Sarker,8801938904423,delivery_rider,Bike,Dhaka-Metro-LA-21-8928,2023-08-20,4.35,active,Rampura,58,30,832,2026-02-11T14:04:39+06:00,2026-07-31T09:46:08+06:00
531,USR059,+8801457721753,Hasan Ahmed,RKM0000532,2026-05-01T09:34:27+06:00,Pathshala Demo Books,Academic,3,Farmgate,23.765968,90.384158,2876,cash,cancelled,2026-05-06T00:34:27+06:00,True,Rokomari,RKM-RDR-005,Tanvir Hasan,8801510283842,delivery_rider,Bicycle,BIC-99533,2024-10-07,4.86,active,Farmgate,51,22,318,2026-02-14T11:05:37+06:00,2026-08-06T15:48:56+06:00
532,USR060,+8801900841950,Mim Hasan,RKM0000533,2026-07-25T02:02:54+06:00,Shikkhaloy Demo Books,Fiction,1,Gulshan,23.793451,90.416426,4179,mobile_wallet,delivered,2026-07-27T01:02:54+06:00,True,Rokomari,RKM-RDR-006,Shamim Karim,8801999724975,delivery_rider,Bike,Dhaka-Metro-LA-31-7317,2023-01-06,4.80,active,Gulshan,49,27,451,2026-02-12T06:57:54+06:00,2026-07-29T17:38:13+06:00
533,USR060,+8801900841950,Mim Hasan,RKM0000534,2026-06-27T09:08:08+06:00,Pathshala Demo Books,Fiction,4,Wari,23.722233,90.419706,1636,card,cancelled,2026-07-03T17:08:08+06:00,True,Rokomari,RKM-RDR-018,Sohel Sarker,8801409053113,delivery_rider,Bicycle,BIC-69174,2024-04-13,4.26,active,Wari,43,27,1288,2026-02-26T19:01:14+06:00,2026-08-07T20:15:31+06:00
534,USR060,+8801900841950,Mim Hasan,RKM0000535,2026-04-25T08:53:29+06:00,Kalam Demo Publications,Children,4,Gulshan,23.800778,90.413561,4173,cash,delivered,2026-04-25T13:53:29+06:00,True,Rokomari,RKM-RDR-006,Shamim Karim,8801999724975,delivery_rider,Bike,Dhaka-Metro-LA-31-7317,2023-01-06,4.80,active,Gulshan,49,27,451,2026-02-12T06:57:54+06:00,2026-07-29T17:38:13+06:00
535,USR060,+8801900841950,Mim Hasan,RKM0000536,2026-08-06T02:47:10+06:00,Sahityaghar Demo Publications,Non-Fiction,5,Tejgaon,23.771421,90.390242,1428,mobile_wallet,cancelled,2026-08-13T09:47:10+06:00,True,Rokomari,RKM-RDR-016,Shuvo Mahmud,8801674629335,delivery_rider,Bicycle,BIC-76953,2023-10-17,4.53,active,Tejgaon,43,17,253,2026-02-13T17:57:55+06:00,2026-08-06T02:47:10+06:00
536,USR060,+8801900841950,Mim Hasan,RKM0000537,2026-03-01T13:06:14+06:00,Pathshala Demo Books,History,1,Farmgate,23.765541,90.390728,2944,cash,returned,2026-03-06T18:06:14+06:00,True,Rokomari,RKM-RDR-005,Tanvir Hasan,8801510283842,delivery_rider,Bicycle,BIC-99533,2024-10-07,4.86,active,Farmgate,51,22,318,2026-02-14T11:05:37+06:00,2026-08-06T15:48:56+06:00
537,USR060,+8801900841950,Mim Hasan,RKM0000538,2026-05-28T20:08:27+06:00,Sahityaghar Demo Publications,Children,2,Wari,23.726566,90.417301,2806,mobile_wallet,returned,2026-06-07T09:08:27+06:00,True,Rokomari,RKM-RDR-018,Sohel Sarker,8801409053113,delivery_rider,Bicycle,BIC-69174,2024-04-13,4.26,active,Wari,43,27,1288,2026-02-26T19:01:14+06:00,2026-08-07T20:15:31+06:00
538,USR060,+8801900841950,Mim Hasan,RKM0000539,2026-06-29T14:56:13+06:00,Kalam Demo Publications,Business,3,Banani,23.786394,90.405697,2803,card,delivered,2026-07-05T02:56:13+06:00,True,Rokomari,RKM-RDR-002,Sabbir Sheikh,8801646093550,delivery_rider,Bike,Dhaka-Metro-LA-47-8925,2023-01-15,4.78,active,Banani,25,11,869,2026-02-10T18:00:19+06:00,2026-08-10T20:22:38+06:00
539,USR060,+8801900841950,Mim Hasan,RKM0000540,2026-04-15T06:28:07+06:00,Sahityaghar Demo Publications,Academic,4,Farmgate,23.759098,90.39239,3302,mobile_wallet,delivered,2026-04-19T07:28:07+06:00,True,Rokomari,RKM-RDR-005,Tanvir Hasan,8801510283842,delivery_rider,Bicycle,BIC-99533,2024-10-07,4.86,active,Farmgate,51,22,318,2026-02-14T11:05:37+06:00,2026-08-06T15:48:56+06:00
540,USR060,+8801900841950,Mim Hasan,RKM0000541,2026-03-20T11:24:39+06:00,Natunpata Demo Publication,Religion,3,Khilgaon,23.753904,90.43582,3308,mobile_wallet,cancelled,2026-03-25T22:24:39+06:00,True,Rokomari,RKM-RDR-007,Noman Rahman,8801316743606,delivery_rider,Bike,Dhaka-Metro-LA-37-5287,2025-09-08,4.70,temporarily_inactive,Khilgaon,53,31,1154,2026-02-11T14:39:35+06:00,2026-08-09T03:13:19+06:00
541,USR060,+8801900841950,Mim Hasan,RKM0000542,2026-07-28T17:09:38+06:00,Natunpata Demo Publication,Science & Technology,1,Shyamoli,23.772576,90.369402,3570,card,delivered,2026-08-04T15:09:38+06:00,True,Rokomari,RKM-RDR-015,Mehedi Sheikh,8801376047729,delivery_rider,Bike,Dhaka-Metro-LA-48-9875,2025-11-17,4.56,active,Shyamoli,44,22,1705,2026-02-19T04:20:02+06:00,2026-08-03T03:52:15+06:00
542,USR060,+8801900841950,Mim Hasan,RKM0000543,2026-05-13T00:11:08+06:00,Boibagan Demo Publications,Fiction,5,Tejgaon,23.758639,90.382804,1738,card,delivered,2026-05-17T18:11:08+06:00,True,Rokomari,RKM-RDR-016,Shuvo Mahmud,8801674629335,delivery_rider,Bicycle,BIC-76953,2023-10-17,4.53,active,Tejgaon,43,17,253,2026-02-13T17:57:55+06:00,2026-08-06T02:47:10+06:00
543,USR061,+8801302733320,Nadia Jahan,RKM0000544,2026-06-05T03:30:52+06:00,Pathshala Demo Books,Academic,1,Pallabi,23.831481,90.361813,619,cash,cancelled,2026-06-11T03:30:52+06:00,True,Rokomari,RKM-RDR-013,Jubayer Karim,8801590153458,delivery_rider,Bike,Dhaka-Metro-LA-45-1553,2023-09-22,4.72,active,Pallabi,46,20,915,2026-02-11T18:18:56+06:00,2026-08-09T18:40:47+06:00
544,USR061,+8801302733320,Nadia Jahan,RKM0000545,2026-05-26T15:13:33+06:00,Akshar Demo Publications,Science & Technology,4,Wari,23.714566,90.424268,1030,cash,delivered,2026-05-29T09:13:33+06:00,True,Rokomari,RKM-RDR-018,Sohel Sarker,8801409053113,delivery_rider,Bicycle,BIC-69174,2024-04-13,4.26,active,Wari,43,27,1288,2026-02-26T19:01:14+06:00,2026-08-07T20:15:31+06:00
545,USR061,+8801302733320,Nadia Jahan,RKM0000546,2026-02-19T04:20:02+06:00,Sahityaghar Demo Publications,Business,2,Shyamoli,23.781109,90.357595,4530,mobile_wallet,processing,2026-02-23T16:20:02+06:00,True,Rokomari,RKM-RDR-015,Mehedi Sheikh,8801376047729,delivery_rider,Bike,Dhaka-Metro-LA-48-9875,2025-11-17,4.56,active,Shyamoli,44,22,1705,2026-02-19T04:20:02+06:00,2026-08-03T03:52:15+06:00
546,USR061,+8801302733320,Nadia Jahan,RKM0000547,2026-06-10T06:08:01+06:00,Pragya Demo Book House,Business,1,Pallabi,23.833692,90.371636,554,cash,delivered,2026-06-13T17:08:01+06:00,True,Rokomari,RKM-RDR-013,Jubayer Karim,8801590153458,delivery_rider,Bike,Dhaka-Metro-LA-45-1553,2023-09-22,4.72,active,Pallabi,46,20,915,2026-02-11T18:18:56+06:00,2026-08-09T18:40:47+06:00
547,USR061,+8801302733320,Nadia Jahan,RKM0000548,2026-06-13T19:04:57+06:00,Gyanpath Demo Publications,Biography,4,Gulshan,23.790732,90.411357,2468,card,delivered,2026-06-20T18:04:57+06:00,True,Rokomari,RKM-RDR-006,Shamim Karim,8801999724975,delivery_rider,Bike,Dhaka-Metro-LA-31-7317,2023-01-06,4.80,active,Gulshan,49,27,451,2026-02-12T06:57:54+06:00,2026-07-29T17:38:13+06:00
548,USR061,+8801302733320,Nadia Jahan,RKM0000549,2026-06-04T07:18:55+06:00,Akshar Demo Publications,Fiction,2,Uttara,23.868115,90.386712,3716,card,returned,2026-06-12T19:18:55+06:00,True,Rokomari,RKM-RDR-017,Emon Rahman,8801932543816,delivery_rider,Bike,Dhaka-Metro-LA-59-3501,2026-03-29,4.62,active,Uttara,52,27,1300,2026-02-11T17:22:46+06:00,2026-08-06T10:33:58+06:00
549,USR061,+8801302733320,Nadia Jahan,RKM0000550,2026-06-30T05:42:20+06:00,Kalam Demo Publications,Non-Fiction,2,Wari,23.7211,90.421452,2899,cash,delivered,2026-07-04T23:42:20+06:00,True,Rokomari,RKM-RDR-018,Sohel Sarker,8801409053113,delivery_rider,Bicycle,BIC-69174,2024-04-13,4.26,active,Wari,43,27,1288,2026-02-26T19:01:14+06:00,2026-08-07T20:15:31+06:00
550,USR061,+8801302733320,Nadia Jahan,RKM0000551,2026-04-30T04:34:57+06:00,Akshar Demo Publications,Non-Fiction,3,Mirpur,23.830604,90.372541,3233,mobile_wallet,processing,2026-05-04T10:34:57+06:00,True,Rokomari,RKM-RDR-008,Mehedi Mia,8801903214455,delivery_rider,Bike,Dhaka-Metro-LA-48-7063,2023-02-20,4.42,active,Mirpur,58,32,333,2026-02-14T18:44:07+06:00,2026-08-08T13:29:34+06:00
551,USR061,+8801302733320,Nadia Jahan,RKM0000552,2026-05-07T01:09:48+06:00,Akshar Demo Publications,Exam Preparation,2,Mirpur,23.828158,90.360304,464,cash,delivered,2026-05-16T06:09:48+06:00,True,Rokomari,RKM-RDR-008,Mehedi Mia,8801903214455,delivery_rider,Bike,Dhaka-Metro-LA-48-7063,2023-02-20,4.42,active,Mirpur,58,32,333,2026-02-14T18:44:07+06:00,2026-08-08T13:29:34+06:00
552,USR061,+8801302733320,Nadia Jahan,RKM0000553,2026-08-03T09:10:28+06:00,Sahityaghar Demo Publications,Academic,5,Badda,23.786257,90.421399,1064,cash,processing,2026-08-05T17:10:28+06:00,True,Rokomari,RKM-RDR-001,Hasan Chowdhury,8801871778083,delivery_rider,Bike,Dhaka-Metro-LA-49-2544,2023-03-12,4.55,active,Badda,27,10,1110,2026-02-11T03:30:55+06:00,2026-08-07T13:48:18+06:00
553,USR061,+8801302733320,Nadia Jahan,RKM0000554,2026-08-03T18:17:24+06:00,Natunpata Demo Publication,Children,4,Mirpur,23.817246,90.361828,4579,mobile_wallet,delivered,2026-08-11T14:17:24+06:00,True,Rokomari,RKM-RDR-008,Mehedi Mia,8801903214455,delivery_rider,Bike,Dhaka-Metro-LA-48-7063,2023-02-20,4.42,active,Mirpur,58,32,333,2026-02-14T18:44:07+06:00,2026-08-08T13:29:34+06:00
554,USR061,+8801302733320,Nadia Jahan,RKM0000555,2026-07-27T07:05:16+06:00,Sahityaghar Demo Publications,Children,5,Farmgate,23.766003,90.386152,1639,cash,returned,2026-07-27T20:05:16+06:00,True,Rokomari,RKM-RDR-005,Tanvir Hasan,8801510283842,delivery_rider,Bicycle,BIC-99533,2024-10-07,4.86,active,Farmgate,51,22,318,2026-02-14T11:05:37+06:00,2026-08-06T15:48:56+06:00
555,USR062,+8801842740637,Sadia Ahmed,RKM0000556,2026-05-27T09:53:44+06:00,Natunpata Demo Publication,Science & Technology,4,Old Dhaka,23.712483,90.409895,4791,card,returned,2026-05-27T23:53:44+06:00,True,Rokomari,RKM-RDR-012,Nadim Chowdhury,8801935031640,delivery_rider,Bicycle,BIC-35405,2023-12-08,4.61,active,Old Dhaka,51,24,1375,2026-02-10T07:52:12+06:00,2026-08-05T01:26:52+06:00
556,USR062,+8801842740637,Sadia Ahmed,RKM0000557,2026-02-27T02:57:02+06:00,Akshar Demo Publications,Business,2,Badda,23.77276,90.435111,4014,mobile_wallet,cancelled,2026-03-07T17:57:02+06:00,True,Rokomari,RKM-RDR-001,Hasan Chowdhury,8801871778083,delivery_rider,Bike,Dhaka-Metro-LA-49-2544,2023-03-12,4.55,active,Badda,27,10,1110,2026-02-11T03:30:55+06:00,2026-08-07T13:48:18+06:00
557,USR062,+8801842740637,Sadia Ahmed,RKM0000558,2026-04-22T10:15:18+06:00,Kalam Demo Publications,Biography,2,Mirpur,23.81559,90.363494,1228,card,delivered,2026-04-26T18:15:18+06:00,True,Rokomari,RKM-RDR-008,Mehedi Mia,8801903214455,delivery_rider,Bike,Dhaka-Metro-LA-48-7063,2023-02-20,4.42,active,Mirpur,58,32,333,2026-02-14T18:44:07+06:00,2026-08-08T13:29:34+06:00
558,USR062,+8801842740637,Sadia Ahmed,RKM0000559,2026-06-17T13:41:28+06:00,Gyanpath Demo Publications,Academic,5,Khilgaon,23.754109,90.436412,3183,cash,delivered,2026-06-26T08:41:28+06:00,True,Rokomari,RKM-RDR-007,Noman Rahman,8801316743606,delivery_rider,Bike,Dhaka-Metro-LA-37-5287,2025-09-08,4.70,temporarily_inactive,Khilgaon,53,31,1154,2026-02-11T14:39:35+06:00,2026-08-09T03:13:19+06:00
559,USR062,+8801842740637,Sadia Ahmed,RKM0000560,2026-03-30T04:51:23+06:00,Gyanpath Demo Publications,History,1,Bashundhara,23.820141,90.431743,2455,card,delivered,2026-03-30T20:51:23+06:00,True,Rokomari,RKM-RDR-003,Parvez Hasan,8801849556978,delivery_rider,Bike,Dhaka-Metro-LA-11-9736,2024-07-20,4.40,active,Bashundhara,48,23,1818,2026-02-10T11:36:34+06:00,2026-08-09T09:20:46+06:00
560,USR062,+8801842740637,Sadia Ahmed,RKM0000561,2026-02-28T03:26:21+06:00,Akshar Demo Publications,Academic,2,Gulshan,23.800373,90.413125,780,cash,delivered,2026-03-02T10:26:21+06:00,True,Rokomari,RKM-RDR-006,Shamim Karim,8801999724975,delivery_rider,Bike,Dhaka-Metro-LA-31-7317,2023-01-06,4.80,active,Gulshan,49,27,451,2026-02-12T06:57:54+06:00,2026-07-29T17:38:13+06:00
561,USR062,+8801842740637,Sadia Ahmed,RKM0000562,2026-04-18T07:59:45+06:00,Akshar Demo Publications,Science & Technology,5,Old Dhaka,23.711829,90.414248,1378,cash,delivered,2026-04-18T08:59:45+06:00,True,Rokomari,RKM-RDR-012,Nadim Chowdhury,8801935031640,delivery_rider,Bicycle,BIC-35405,2023-12-08,4.61,active,Old Dhaka,51,24,1375,2026-02-10T07:52:12+06:00,2026-08-05T01:26:52+06:00
562,USR062,+8801842740637,Sadia Ahmed,RKM0000563,2026-04-21T23:48:53+06:00,Sahityaghar Demo Publications,Academic,4,Farmgate,23.760386,90.385105,2464,mobile_wallet,cancelled,2026-04-30T00:48:53+06:00,True,Rokomari,RKM-RDR-005,Tanvir Hasan,8801510283842,delivery_rider,Bicycle,BIC-99533,2024-10-07,4.86,active,Farmgate,51,22,318,2026-02-14T11:05:37+06:00,2026-08-06T15:48:56+06:00
563,USR062,+8801842740637,Sadia Ahmed,RKM0000564,2026-02-23T06:22:46+06:00,Akshar Demo Publications,Biography,5,Rampura,23.756373,90.423568,2403,card,delivered,2026-02-23T14:22:46+06:00,True,Rokomari,RKM-RDR-014,Hasan Sarker,8801938904423,delivery_rider,Bike,Dhaka-Metro-LA-21-8928,2023-08-20,4.35,active,Rampura,58,30,832,2026-02-11T14:04:39+06:00,2026-07-31T09:46:08+06:00
564,USR062,+8801842740637,Sadia Ahmed,RKM0000565,2026-03-23T14:08:06+06:00,Sahityaghar Demo Publications,History,3,Wari,23.714733,90.42418,1813,cash,delivered,2026-03-29T18:08:06+06:00,True,Rokomari,RKM-RDR-018,Sohel Sarker,8801409053113,delivery_rider,Bicycle,BIC-69174,2024-04-13,4.26,active,Wari,43,27,1288,2026-02-26T19:01:14+06:00,2026-08-07T20:15:31+06:00
565,USR062,+8801842740637,Sadia Ahmed,RKM0000566,2026-04-25T10:23:40+06:00,Kalam Demo Publications,Fiction,5,Uttara,23.874,90.373084,1812,mobile_wallet,delivered,2026-04-28T12:23:40+06:00,True,Rokomari,RKM-RDR-017,Emon Rahman,8801932543816,delivery_rider,Bike,Dhaka-Metro-LA-59-3501,2026-03-29,4.62,active,Uttara,52,27,1300,2026-02-11T17:22:46+06:00,2026-08-06T10:33:58+06:00
566,USR063,+8801939489765,Tania Hossain,RKM0000567,2026-06-29T22:26:06+06:00,Boibagan Demo Publications,Academic,2,Banani,23.790893,90.398808,1550,cash,delivered,2026-07-07T10:26:06+06:00,True,Rokomari,RKM-RDR-002,Sabbir Sheikh,8801646093550,delivery_rider,Bike,Dhaka-Metro-LA-47-8925,2023-01-15,4.78,active,Banani,25,11,869,2026-02-10T18:00:19+06:00,2026-08-10T20:22:38+06:00
567,USR063,+8801939489765,Tania Hossain,RKM0000568,2026-03-29T13:59:06+06:00,Pathshala Demo Books,Exam Preparation,1,Mohammadpur,23.773865,90.360213,3326,cash,cancelled,2026-04-04T10:59:06+06:00,True,Rokomari,RKM-RDR-010,Kawsar Hasan,8801752549830,delivery_rider,Bike,Dhaka-Metro-LA-32-8079,2024-06-06,4.23,active,Mohammadpur,50,24,1645,2026-02-11T04:16:48+06:00,2026-08-07T17:24:51+06:00
568,USR063,+8801939489765,Tania Hossain,RKM0000569,2026-03-25T04:37:04+06:00,Boibagan Demo Publications,Children,5,Uttara,23.874071,90.382479,1810,card,cancelled,2026-03-31T10:37:04+06:00,True,Rokomari,RKM-RDR-017,Emon Rahman,8801932543816,delivery_rider,Bike,Dhaka-Metro-LA-59-3501,2026-03-29,4.62,active,Uttara,52,27,1300,2026-02-11T17:22:46+06:00,2026-08-06T10:33:58+06:00
569,USR063,+8801939489765,Tania Hossain,RKM0000570,2026-02-23T23:51:47+06:00,Gyanpath Demo Publications,Exam Preparation,2,Bashundhara,23.820381,90.418771,3284,card,delivered,2026-03-01T06:51:47+06:00,True,Rokomari,RKM-RDR-003,Parvez Hasan,8801849556978,delivery_rider,Bike,Dhaka-Metro-LA-11-9736,2024-07-20,4.40,active,Bashundhara,48,23,1818,2026-02-10T11:36:34+06:00,2026-08-09T09:20:46+06:00
570,USR063,+8801939489765,Tania Hossain,RKM0000571,2026-06-05T04:06:43+06:00,Kalam Demo Publications,Religion,5,Dhanmondi,23.741764,90.375211,4097,card,delivered,2026-06-10T15:06:43+06:00,True,Rokomari,RKM-RDR-004,Fahim Karim,8801564428282,delivery_rider,Bike,Dhaka-Metro-LA-49-5778,2023-06-10,4.82,active,Dhanmondi,58,29,821,2026-02-14T08:31:15+06:00,2026-08-10T21:30:40+06:00
571,USR063,+8801939489765,Tania Hossain,RKM0000572,2026-06-09T05:57:58+06:00,Pathshala Demo Books,Fiction,2,Motijheel,23.729226,90.423476,3014,cash,processing,2026-06-18T10:57:58+06:00,True,Rokomari,RKM-RDR-011,Sumon Uddin,8801903242764,delivery_rider,Bike,Dhaka-Metro-LA-44-1426,2023-08-04,4.66,active,Motijheel,43,22,1317,2026-02-12T04:42:40+06:00,2026-08-06T08:07:38+06:00
572,USR063,+8801939489765,Tania Hossain,RKM0000573,2026-06-17T08:17:38+06:00,Sahityaghar Demo Publications,History,2,Uttara,23.880848,90.382348,1194,card,delivered,2026-06-23T22:17:38+06:00,True,Rokomari,RKM-RDR-017,Emon Rahman,8801932543816,delivery_rider,Bike,Dhaka-Metro-LA-59-3501,2026-03-29,4.62,active,Uttara,52,27,1300,2026-02-11T17:22:46+06:00,2026-08-06T10:33:58+06:00
573,USR063,+8801939489765,Tania Hossain,RKM0000574,2026-07-13T02:49:14+06:00,Sahityaghar Demo Publications,Academic,3,Old Dhaka,23.716555,90.403294,1431,mobile_wallet,delivered,2026-07-20T18:49:14+06:00,True,Rokomari,RKM-RDR-012,Nadim Chowdhury,8801935031640,delivery_rider,Bicycle,BIC-35405,2023-12-08,4.61,active,Old Dhaka,51,24,1375,2026-02-10T07:52:12+06:00,2026-08-05T01:26:52+06:00
574,USR064,+8801328391061,Rakib Rahman,RKM0000575,2026-07-30T16:22:15+06:00,Akshar Demo Publications,Children,1,Tejgaon,23.771939,90.390417,474,card,delivered,2026-08-02T04:22:15+06:00,True,Rokomari,RKM-RDR-016,Shuvo Mahmud,8801674629335,delivery_rider,Bicycle,BIC-76953,2023-10-17,4.53,active,Tejgaon,43,17,253,2026-02-13T17:57:55+06:00,2026-08-06T02:47:10+06:00
575,USR064,+8801328391061,Rakib Rahman,RKM0000576,2026-06-29T16:43:48+06:00,Akshar Demo Publications,Academic,4,Mohakhali,23.779027,90.398581,4115,cash,delivered,2026-07-03T04:43:48+06:00,True,Rokomari,RKM-RDR-009,Nayeem Hasan,8801324471418,delivery_rider,Bike,Dhaka-Metro-LA-34-5388,2024-11-23,4.65,active,Mohakhali,36,19,1188,2026-02-19T08:50:41+06:00,2026-08-02T04:47:49+06:00
576,USR064,+8801328391061,Rakib Rahman,RKM0000577,2026-05-09T06:41:12+06:00,Sahityaghar Demo Publications,Religion,1,Mirpur,23.817453,90.359216,2324,card,returned,2026-05-15T10:41:12+06:00,True,Rokomari,RKM-RDR-008,Mehedi Mia,8801903214455,delivery_rider,Bike,Dhaka-Metro-LA-48-7063,2023-02-20,4.42,active,Mirpur,58,32,333,2026-02-14T18:44:07+06:00,2026-08-08T13:29:34+06:00
577,USR064,+8801328391061,Rakib Rahman,RKM0000578,2026-08-03T01:19:54+06:00,Kalam Demo Publications,Science & Technology,5,Motijheel,23.735292,90.414569,3119,mobile_wallet,delivered,2026-08-03T16:19:54+06:00,True,Rokomari,RKM-RDR-011,Sumon Uddin,8801903242764,delivery_rider,Bike,Dhaka-Metro-LA-44-1426,2023-08-04,4.66,active,Motijheel,43,22,1317,2026-02-12T04:42:40+06:00,2026-08-06T08:07:38+06:00
578,USR064,+8801328391061,Rakib Rahman,RKM0000579,2026-02-22T13:53:13+06:00,Akshar Demo Publications,Fiction,2,Mohammadpur,23.765084,90.36445,3305,card,processing,2026-02-26T06:53:13+06:00,True,Rokomari,RKM-RDR-010,Kawsar Hasan,8801752549830,delivery_rider,Bike,Dhaka-Metro-LA-32-8079,2024-06-06,4.23,active,Mohammadpur,50,24,1645,2026-02-11T04:16:48+06:00,2026-08-07T17:24:51+06:00
579,USR064,+8801328391061,Rakib Rahman,RKM0000580,2026-03-22T16:54:40+06:00,Pragya Demo Book House,Fiction,1,Khilgaon,23.755685,90.435863,4723,mobile_wallet,delivered,2026-03-29T07:54:40+06:00,True,Rokomari,RKM-RDR-007,Noman Rahman,8801316743606,delivery_rider,Bike,Dhaka-Metro-LA-37-5287,2025-09-08,4.70,temporarily_inactive,Khilgaon,53,31,1154,2026-02-11T14:39:35+06:00,2026-08-09T03:13:19+06:00
580,USR064,+8801328391061,Rakib Rahman,RKM0000581,2026-06-11T22:52:39+06:00,Shikkhaloy Demo Books,Science & Technology,1,Pallabi,23.824599,90.372335,2036,cash,delivered,2026-06-21T22:52:39+06:00,True,Rokomari,RKM-RDR-013,Jubayer Karim,8801590153458,delivery_rider,Bike,Dhaka-Metro-LA-45-1553,2023-09-22,4.72,active,Pallabi,46,20,915,2026-02-11T18:18:56+06:00,2026-08-09T18:40:47+06:00
581,USR065,+8801824241670,Naim Sultana,RKM0000582,2026-03-25T19:46:24+06:00,Akshar Demo Publications,Business,5,Mohammadpur,23.768405,90.351188,4520,mobile_wallet,delivered,2026-03-28T15:46:24+06:00,True,Rokomari,RKM-RDR-010,Kawsar Hasan,8801752549830,delivery_rider,Bike,Dhaka-Metro-LA-32-8079,2024-06-06,4.23,active,Mohammadpur,50,24,1645,2026-02-11T04:16:48+06:00,2026-08-07T17:24:51+06:00
582,USR065,+8801824241670,Naim Sultana,RKM0000583,2026-05-10T08:04:46+06:00,Shikkhaloy Demo Books,Biography,4,Farmgate,23.760004,90.389503,3903,cash,delivered,2026-05-11T03:04:46+06:00,True,Rokomari,RKM-RDR-005,Tanvir Hasan,8801510283842,delivery_rider,Bicycle,BIC-99533,2024-10-07,4.86,active,Farmgate,51,22,318,2026-02-14T11:05:37+06:00,2026-08-06T15:48:56+06:00
583,USR065,+8801824241670,Naim Sultana,RKM0000584,2026-07-05T11:01:40+06:00,Pragya Demo Book House,History,2,Old Dhaka,23.706862,90.403542,1955,mobile_wallet,returned,2026-07-10T07:01:40+06:00,True,Rokomari,RKM-RDR-012,Nadim Chowdhury,8801935031640,delivery_rider,Bicycle,BIC-35405,2023-12-08,4.61,active,Old Dhaka,51,24,1375,2026-02-10T07:52:12+06:00,2026-08-05T01:26:52+06:00
584,USR065,+8801824241670,Naim Sultana,RKM0000585,2026-03-17T14:05:00+06:00,Akshar Demo Publications,Religion,3,Khilgaon,23.750349,90.431976,1374,card,delivered,2026-03-26T11:05:00+06:00,True,Rokomari,RKM-RDR-007,Noman Rahman,8801316743606,delivery_rider,Bike,Dhaka-Metro-LA-37-5287,2025-09-08,4.70,temporarily_inactive,Khilgaon,53,31,1154,2026-02-11T14:39:35+06:00,2026-08-09T03:13:19+06:00
585,USR065,+8801824241670,Naim Sultana,RKM0000586,2026-08-06T11:26:52+06:00,Shikkhaloy Demo Books,Religion,5,Farmgate,23.749478,90.384216,3920,card,returned,2026-08-12T17:26:52+06:00,True,Rokomari,RKM-RDR-005,Tanvir Hasan,8801510283842,delivery_rider,Bicycle,BIC-99533,2024-10-07,4.86,active,Farmgate,51,22,318,2026-02-14T11:05:37+06:00,2026-08-06T15:48:56+06:00
586,USR065,+8801824241670,Naim Sultana,RKM0000587,2026-03-24T10:37:47+06:00,Kalam Demo Publications,Business,2,Khilgaon,23.757731,90.431443,2420,mobile_wallet,delivered,2026-03-28T12:37:47+06:00,True,Rokomari,RKM-RDR-007,Noman Rahman,8801316743606,delivery_rider,Bike,Dhaka-Metro-LA-37-5287,2025-09-08,4.70,temporarily_inactive,Khilgaon,53,31,1154,2026-02-11T14:39:35+06:00,2026-08-09T03:13:19+06:00
587,USR065,+8801824241670,Naim Sultana,RKM0000588,2026-07-11T21:37:53+06:00,Shikkhaloy Demo Books,Science & Technology,1,Rampura,23.757923,90.429089,3639,mobile_wallet,returned,2026-07-17T10:37:53+06:00,True,Rokomari,RKM-RDR-014,Hasan Sarker,8801938904423,delivery_rider,Bike,Dhaka-Metro-LA-21-8928,2023-08-20,4.35,active,Rampura,58,30,832,2026-02-11T14:04:39+06:00,2026-07-31T09:46:08+06:00
588,USR065,+8801824241670,Naim Sultana,RKM0000589,2026-05-17T17:57:34+06:00,Natunpata Demo Publication,Science & Technology,3,Motijheel,23.732234,90.424905,310,card,delivered,2026-05-26T06:57:34+06:00,True,Rokomari,RKM-RDR-011,Sumon Uddin,8801903242764,delivery_rider,Bike,Dhaka-Metro-LA-44-1426,2023-08-04,4.66,active,Motijheel,43,22,1317,2026-02-12T04:42:40+06:00,2026-08-06T08:07:38+06:00
589,USR066,+8801808150648,Farzana Mahmud,RKM0000590,2026-02-26T01:20:47+06:00,Pragya Demo Book House,Business,1,Badda,23.785733,90.422237,305,cash,processing,2026-02-28T18:20:47+06:00,True,Rokomari,RKM-RDR-019,Jubayer Sheikh,8801479247170,delivery_rider,Bicycle,BIC-57952,2025-05-30,4.90,active,Badda,26,11,467,2026-02-18T05:10:01+06:00,2026-08-10T02:50:03+06:00
590,USR066,+8801808150648,Farzana Mahmud,RKM0000591,2026-02-16T20:46:36+06:00,Pragya Demo Book House,Biography,3,Farmgate,23.756615,90.398657,2409,mobile_wallet,delivered,2026-02-20T05:46:36+06:00,True,Rokomari,RKM-RDR-005,Tanvir Hasan,8801510283842,delivery_rider,Bicycle,BIC-99533,2024-10-07,4.86,active,Farmgate,51,22,318,2026-02-14T11:05:37+06:00,2026-08-06T15:48:56+06:00
591,USR066,+8801808150648,Farzana Mahmud,RKM0000592,2026-05-04T08:46:13+06:00,Pathshala Demo Books,Non-Fiction,3,Banani,23.792229,90.405602,877,mobile_wallet,processing,2026-05-04T15:46:13+06:00,True,Rokomari,RKM-RDR-020,Morshed Kabir,8801942462644,delivery_rider,Bike,Dhaka-Metro-LA-37-3930,2023-03-20,4.46,active,Banani,35,15,1313,2026-02-10T00:48:36+06:00,2026-08-09T15:47:43+06:00
592,USR066,+8801808150648,Farzana Mahmud,RKM0000593,2026-03-25T04:01:10+06:00,Akshar Demo Publications,Exam Preparation,3,Gulshan,23.794948,90.40224,2292,card,returned,2026-03-29T05:01:10+06:00,True,Rokomari,RKM-RDR-006,Shamim Karim,8801999724975,delivery_rider,Bike,Dhaka-Metro-LA-31-7317,2023-01-06,4.80,active,Gulshan,49,27,451,2026-02-12T06:57:54+06:00,2026-07-29T17:38:13+06:00
593,USR066,+8801808150648,Farzana Mahmud,RKM0000594,2026-07-13T07:14:10+06:00,Shikkhaloy Demo Books,Science & Technology,1,Old Dhaka,23.705548,90.406968,3992,card,delivered,2026-07-17T14:14:10+06:00,True,Rokomari,RKM-RDR-012,Nadim Chowdhury,8801935031640,delivery_rider,Bicycle,BIC-35405,2023-12-08,4.61,active,Old Dhaka,51,24,1375,2026-02-10T07:52:12+06:00,2026-08-05T01:26:52+06:00
594,USR066,+8801808150648,Farzana Mahmud,RKM0000595,2026-03-16T18:06:24+06:00,Gyanpath Demo Publications,Non-Fiction,1,Pallabi,23.825963,90.358951,1768,mobile_wallet,cancelled,2026-03-26T08:06:24+06:00,True,Rokomari,RKM-RDR-013,Jubayer Karim,8801590153458,delivery_rider,Bike,Dhaka-Metro-LA-45-1553,2023-09-22,4.72,active,Pallabi,46,20,915,2026-02-11T18:18:56+06:00,2026-08-09T18:40:47+06:00
595,USR066,+8801808150648,Farzana Mahmud,RKM0000596,2026-05-29T12:05:50+06:00,Gyanpath Demo Publications,Non-Fiction,5,Old Dhaka,23.706683,90.401909,1809,mobile_wallet,processing,2026-06-01T07:05:50+06:00,True,Rokomari,RKM-RDR-012,Nadim Chowdhury,8801935031640,delivery_rider,Bicycle,BIC-35405,2023-12-08,4.61,active,Old Dhaka,51,24,1375,2026-02-10T07:52:12+06:00,2026-08-05T01:26:52+06:00
596,USR066,+8801808150648,Farzana Mahmud,RKM0000597,2026-07-17T02:28:16+06:00,Boibagan Demo Publications,Business,1,Rampura,23.767304,90.42169,3174,cash,delivered,2026-07-27T01:28:16+06:00,True,Rokomari,RKM-RDR-014,Hasan Sarker,8801938904423,delivery_rider,Bike,Dhaka-Metro-LA-21-8928,2023-08-20,4.35,active,Rampura,58,30,832,2026-02-11T14:04:39+06:00,2026-07-31T09:46:08+06:00
597,USR066,+8801808150648,Farzana Mahmud,RKM0000598,2026-05-26T05:45:41+06:00,Gyanpath Demo Publications,Religion,1,Gulshan,23.783945,90.407016,1754,cash,delivered,2026-05-28T19:45:41+06:00,True,Rokomari,RKM-RDR-006,Shamim Karim,8801999724975,delivery_rider,Bike,Dhaka-Metro-LA-31-7317,2023-01-06,4.80,active,Gulshan,49,27,451,2026-02-12T06:57:54+06:00,2026-07-29T17:38:13+06:00
598,USR066,+8801808150648,Farzana Mahmud,RKM0000599,2026-02-24T22:31:36+06:00,Shikkhaloy Demo Books,Non-Fiction,5,Pallabi,23.837982,90.365264,4319,card,delivered,2026-02-28T09:31:36+06:00,True,Rokomari,RKM-RDR-013,Jubayer Karim,8801590153458,delivery_rider,Bike,Dhaka-Metro-LA-45-1553,2023-09-22,4.72,active,Pallabi,46,20,915,2026-02-11T18:18:56+06:00,2026-08-09T18:40:47+06:00
599,USR066,+8801808150648,Farzana Mahmud,RKM0000600,2026-03-03T09:04:07+06:00,Pathshala Demo Books,Academic,5,Banani,23.7996,90.408414,811,mobile_wallet,delivered,2026-03-06T20:04:07+06:00,True,Rokomari,RKM-RDR-002,Sabbir Sheikh,8801646093550,delivery_rider,Bike,Dhaka-Metro-LA-47-8925,2023-01-15,4.78,active,Banani,25,11,869,2026-02-10T18:00:19+06:00,2026-08-10T20:22:38+06:00
600,USR067,+8801552073645,Adnan Hasan,RKM0000601,2026-04-05T01:22:10+06:00,Gyanpath Demo Publications,Non-Fiction,3,Old Dhaka,23.705764,90.40903,3417,mobile_wallet,cancelled,2026-04-07T03:22:10+06:00,True,Rokomari,RKM-RDR-012,Nadim Chowdhury,8801935031640,delivery_rider,Bicycle,BIC-35405,2023-12-08,4.61,active,Old Dhaka,51,24,1375,2026-02-10T07:52:12+06:00,2026-08-05T01:26:52+06:00
601,USR067,+8801552073645,Adnan Hasan,RKM0000602,2026-06-10T15:35:57+06:00,Gyanpath Demo Publications,Business,5,Wari,23.726998,90.413644,3061,card,processing,2026-06-17T06:35:57+06:00,True,Rokomari,RKM-RDR-018,Sohel Sarker,8801409053113,delivery_rider,Bicycle,BIC-69174,2024-04-13,4.26,active,Wari,43,27,1288,2026-02-26T19:01:14+06:00,2026-08-07T20:15:31+06:00
602,USR067,+8801552073645,Adnan Hasan,RKM0000603,2026-04-10T03:10:23+06:00,Pathshala Demo Books,Academic,2,Mohakhali,23.777433,90.407904,3117,mobile_wallet,delivered,2026-04-11T11:10:23+06:00,True,Rokomari,RKM-RDR-009,Nayeem Hasan,8801324471418,delivery_rider,Bike,Dhaka-Metro-LA-34-5388,2024-11-23,4.65,active,Mohakhali,36,19,1188,2026-02-19T08:50:41+06:00,2026-08-02T04:47:49+06:00
603,USR067,+8801552073645,Adnan Hasan,RKM0000604,2026-05-07T22:56:44+06:00,Boibagan Demo Publications,Religion,1,Pallabi,23.82645,90.361784,3513,card,delivered,2026-05-09T08:56:44+06:00,True,Rokomari,RKM-RDR-013,Jubayer Karim,8801590153458,delivery_rider,Bike,Dhaka-Metro-LA-45-1553,2023-09-22,4.72,active,Pallabi,46,20,915,2026-02-11T18:18:56+06:00,2026-08-09T18:40:47+06:00
604,USR067,+8801552073645,Adnan Hasan,RKM0000605,2026-05-01T08:45:35+06:00,Shikkhaloy Demo Books,Non-Fiction,1,Khilgaon,23.741987,90.428302,1290,mobile_wallet,processing,2026-05-10T01:45:35+06:00,True,Rokomari,RKM-RDR-007,Noman Rahman,8801316743606,delivery_rider,Bike,Dhaka-Metro-LA-37-5287,2025-09-08,4.70,temporarily_inactive,Khilgaon,53,31,1154,2026-02-11T14:39:35+06:00,2026-08-09T03:13:19+06:00
605,USR067,+8801552073645,Adnan Hasan,RKM0000606,2026-05-03T20:58:58+06:00,Akshar Demo Publications,Academic,1,Khilgaon,23.747714,90.421855,1289,mobile_wallet,processing,2026-05-09T20:58:58+06:00,True,Rokomari,RKM-RDR-007,Noman Rahman,8801316743606,delivery_rider,Bike,Dhaka-Metro-LA-37-5287,2025-09-08,4.70,temporarily_inactive,Khilgaon,53,31,1154,2026-02-11T14:39:35+06:00,2026-08-09T03:13:19+06:00
606,USR067,+8801552073645,Adnan Hasan,RKM0000607,2026-04-30T01:22:43+06:00,Gyanpath Demo Publications,Non-Fiction,1,Badda,23.78213,90.428164,2795,card,delivered,2026-05-06T21:22:43+06:00,True,Rokomari,RKM-RDR-019,Jubayer Sheikh,8801479247170,delivery_rider,Bicycle,BIC-57952,2025-05-30,4.90,active,Badda,26,11,467,2026-02-18T05:10:01+06:00,2026-08-10T02:50:03+06:00
607,USR067,+8801552073645,Adnan Hasan,RKM0000608,2026-07-22T21:59:20+06:00,Pragya Demo Book House,Science & Technology,3,Khilgaon,23.747004,90.41975,2931,card,delivered,2026-07-28T01:59:20+06:00,True,Rokomari,RKM-RDR-007,Noman Rahman,8801316743606,delivery_rider,Bike,Dhaka-Metro-LA-37-5287,2025-09-08,4.70,temporarily_inactive,Khilgaon,53,31,1154,2026-02-11T14:39:35+06:00,2026-08-09T03:13:19+06:00
608,USR067,+8801552073645,Adnan Hasan,RKM0000609,2026-04-11T15:26:46+06:00,Shikkhaloy Demo Books,Biography,4,Badda,23.779822,90.423803,2480,cash,delivered,2026-04-14T20:26:46+06:00,True,Rokomari,RKM-RDR-019,Jubayer Sheikh,8801479247170,delivery_rider,Bicycle,BIC-57952,2025-05-30,4.90,active,Badda,26,11,467,2026-02-18T05:10:01+06:00,2026-08-10T02:50:03+06:00
609,USR067,+8801552073645,Adnan Hasan,RKM0000610,2026-04-02T04:16:06+06:00,Sahityaghar Demo Publications,History,2,Badda,23.785545,90.421189,3979,card,returned,2026-04-08T05:16:06+06:00,True,Rokomari,RKM-RDR-001,Hasan Chowdhury,8801871778083,delivery_rider,Bike,Dhaka-Metro-LA-49-2544,2023-03-12,4.55,active,Badda,27,10,1110,2026-02-11T03:30:55+06:00,2026-08-07T13:48:18+06:00
610,USR067,+8801552073645,Adnan Hasan,RKM0000611,2026-06-26T01:36:45+06:00,Akshar Demo Publications,Science & Technology,3,Motijheel,23.734284,90.414799,2990,card,delivered,2026-07-03T16:36:45+06:00,True,Rokomari,RKM-RDR-011,Sumon Uddin,8801903242764,delivery_rider,Bike,Dhaka-Metro-LA-44-1426,2023-08-04,4.66,active,Motijheel,43,22,1317,2026-02-12T04:42:40+06:00,2026-08-06T08:07:38+06:00
611,USR067,+8801552073645,Adnan Hasan,RKM0000612,2026-02-17T07:28:29+06:00,Gyanpath Demo Publications,Children,3,Tejgaon,23.772779,90.388505,4014,card,delivered,2026-02-25T13:28:29+06:00,True,Rokomari,RKM-RDR-016,Shuvo Mahmud,8801674629335,delivery_rider,Bicycle,BIC-76953,2023-10-17,4.53,active,Tejgaon,43,17,253,2026-02-13T17:57:55+06:00,2026-08-06T02:47:10+06:00
612,USR068,+8801501915636,Saif Rahman,RKM0000613,2026-07-25T08:46:46+06:00,Akshar Demo Publications,Science & Technology,2,Gulshan,23.786408,90.399246,4011,mobile_wallet,delivered,2026-08-03T14:46:46+06:00,True,Rokomari,RKM-RDR-006,Shamim Karim,8801999724975,delivery_rider,Bike,Dhaka-Metro-LA-31-7317,2023-01-06,4.80,active,Gulshan,49,27,451,2026-02-12T06:57:54+06:00,2026-07-29T17:38:13+06:00
613,USR068,+8801501915636,Saif Rahman,RKM0000614,2026-06-15T15:21:55+06:00,Shikkhaloy Demo Books,History,2,Old Dhaka,23.706811,90.41623,4323,cash,cancelled,2026-06-25T00:21:55+06:00,True,Rokomari,RKM-RDR-012,Nadim Chowdhury,8801935031640,delivery_rider,Bicycle,BIC-35405,2023-12-08,4.61,active,Old Dhaka,51,24,1375,2026-02-10T07:52:12+06:00,2026-08-05T01:26:52+06:00
614,USR068,+8801501915636,Saif Rahman,RKM0000615,2026-06-23T15:51:24+06:00,Gyanpath Demo Publications,Exam Preparation,4,Motijheel,23.731886,90.420064,3098,mobile_wallet,delivered,2026-07-02T18:51:24+06:00,True,Rokomari,RKM-RDR-011,Sumon Uddin,8801903242764,delivery_rider,Bike,Dhaka-Metro-LA-44-1426,2023-08-04,4.66,active,Motijheel,43,22,1317,2026-02-12T04:42:40+06:00,2026-08-06T08:07:38+06:00
615,USR068,+8801501915636,Saif Rahman,RKM0000616,2026-07-26T10:04:52+06:00,Natunpata Demo Publication,History,4,Old Dhaka,23.714234,90.398903,4513,mobile_wallet,delivered,2026-08-04T06:04:52+06:00,True,Rokomari,RKM-RDR-012,Nadim Chowdhury,8801935031640,delivery_rider,Bicycle,BIC-35405,2023-12-08,4.61,active,Old Dhaka,51,24,1375,2026-02-10T07:52:12+06:00,2026-08-05T01:26:52+06:00
616,USR068,+8801501915636,Saif Rahman,RKM0000617,2026-04-12T19:35:21+06:00,Boibagan Demo Publications,Non-Fiction,1,Mohakhali,23.781811,90.408408,4464,cash,returned,2026-04-21T14:35:21+06:00,True,Rokomari,RKM-RDR-009,Nayeem Hasan,8801324471418,delivery_rider,Bike,Dhaka-Metro-LA-34-5388,2024-11-23,4.65,active,Mohakhali,36,19,1188,2026-02-19T08:50:41+06:00,2026-08-02T04:47:49+06:00
617,USR068,+8801501915636,Saif Rahman,RKM0000618,2026-06-28T22:17:58+06:00,Kalam Demo Publications,Non-Fiction,5,Banani,23.789955,90.398522,3182,cash,processing,2026-06-29T18:17:58+06:00,True,Rokomari,RKM-RDR-002,Sabbir Sheikh,8801646093550,delivery_rider,Bike,Dhaka-Metro-LA-47-8925,2023-01-15,4.78,active,Banani,25,11,869,2026-02-10T18:00:19+06:00,2026-08-10T20:22:38+06:00
618,USR068,+8801501915636,Saif Rahman,RKM0000619,2026-03-20T19:32:03+06:00,Gyanpath Demo Publications,Religion,3,Shyamoli,23.772793,90.373851,3900,cash,delivered,2026-03-23T05:32:03+06:00,True,Rokomari,RKM-RDR-015,Mehedi Sheikh,8801376047729,delivery_rider,Bike,Dhaka-Metro-LA-48-9875,2025-11-17,4.56,active,Shyamoli,44,22,1705,2026-02-19T04:20:02+06:00,2026-08-03T03:52:15+06:00
619,USR069,+8801461477764,Sumaiya Rahman,RKM0000620,2026-04-13T06:47:56+06:00,Gyanpath Demo Publications,Science & Technology,2,Tejgaon,23.761335,90.386147,2565,mobile_wallet,cancelled,2026-04-17T04:47:56+06:00,True,Rokomari,RKM-RDR-016,Shuvo Mahmud,8801674629335,delivery_rider,Bicycle,BIC-76953,2023-10-17,4.53,active,Tejgaon,43,17,253,2026-02-13T17:57:55+06:00,2026-08-06T02:47:10+06:00
620,USR069,+8801461477764,Sumaiya Rahman,RKM0000621,2026-08-10T07:07:11+06:00,Kalam Demo Publications,Exam Preparation,2,Dhanmondi,23.7474,90.373811,3284,mobile_wallet,delivered,2026-08-14T08:07:11+06:00,True,Rokomari,RKM-RDR-004,Fahim Karim,8801564428282,delivery_rider,Bike,Dhaka-Metro-LA-49-5778,2023-06-10,4.82,active,Dhanmondi,58,29,821,2026-02-14T08:31:15+06:00,2026-08-10T21:30:40+06:00
621,USR069,+8801461477764,Sumaiya Rahman,RKM0000622,2026-03-03T22:05:50+06:00,Boibagan Demo Publications,Religion,3,Farmgate,23.758772,90.394189,337,card,delivered,2026-03-13T01:05:50+06:00,True,Rokomari,RKM-RDR-005,Tanvir Hasan,8801510283842,delivery_rider,Bicycle,BIC-99533,2024-10-07,4.86,active,Farmgate,51,22,318,2026-02-14T11:05:37+06:00,2026-08-06T15:48:56+06:00
622,USR069,+8801461477764,Sumaiya Rahman,RKM0000623,2026-07-27T23:34:36+06:00,Natunpata Demo Publication,Biography,4,Shyamoli,23.781426,90.372424,364,card,processing,2026-08-03T20:34:36+06:00,True,Rokomari,RKM-RDR-015,Mehedi Sheikh,8801376047729,delivery_rider,Bike,Dhaka-Metro-LA-48-9875,2025-11-17,4.56,active,Shyamoli,44,22,1705,2026-02-19T04:20:02+06:00,2026-08-03T03:52:15+06:00
623,USR069,+8801461477764,Sumaiya Rahman,RKM0000624,2026-03-20T05:44:08+06:00,Shikkhaloy Demo Books,Exam Preparation,5,Motijheel,23.730858,90.412263,2282,cash,cancelled,2026-03-21T23:44:08+06:00,True,Rokomari,RKM-RDR-011,Sumon Uddin,8801903242764,delivery_rider,Bike,Dhaka-Metro-LA-44-1426,2023-08-04,4.66,active,Motijheel,43,22,1317,2026-02-12T04:42:40+06:00,2026-08-06T08:07:38+06:00
624,USR069,+8801461477764,Sumaiya Rahman,RKM0000625,2026-06-09T20:06:38+06:00,Akshar Demo Publications,Business,3,Old Dhaka,23.718579,90.402971,4128,cash,cancelled,2026-06-15T05:06:38+06:00,True,Rokomari,RKM-RDR-012,Nadim Chowdhury,8801935031640,delivery_rider,Bicycle,BIC-35405,2023-12-08,4.61,active,Old Dhaka,51,24,1375,2026-02-10T07:52:12+06:00,2026-08-05T01:26:52+06:00
625,USR069,+8801461477764,Sumaiya Rahman,RKM0000626,2026-06-13T10:52:57+06:00,Pragya Demo Book House,Business,2,Old Dhaka,23.717465,90.404903,1918,mobile_wallet,returned,2026-06-13T21:52:57+06:00,True,Rokomari,RKM-RDR-012,Nadim Chowdhury,8801935031640,delivery_rider,Bicycle,BIC-35405,2023-12-08,4.61,active,Old Dhaka,51,24,1375,2026-02-10T07:52:12+06:00,2026-08-05T01:26:52+06:00
626,USR069,+8801461477764,Sumaiya Rahman,RKM0000627,2026-06-29T13:31:16+06:00,Shikkhaloy Demo Books,Exam Preparation,4,Mirpur,23.816193,90.364159,1957,cash,delivered,2026-07-01T16:31:16+06:00,True,Rokomari,RKM-RDR-008,Mehedi Mia,8801903214455,delivery_rider,Bike,Dhaka-Metro-LA-48-7063,2023-02-20,4.42,active,Mirpur,58,32,333,2026-02-14T18:44:07+06:00,2026-08-08T13:29:34+06:00
627,USR070,+8801919700856,Ayesha Ahmed,RKM0000628,2026-06-12T18:54:25+06:00,Shikkhaloy Demo Books,Academic,2,Shyamoli,23.770374,90.358678,2242,mobile_wallet,delivered,2026-06-14T19:54:25+06:00,True,Rokomari,RKM-RDR-015,Mehedi Sheikh,8801376047729,delivery_rider,Bike,Dhaka-Metro-LA-48-9875,2025-11-17,4.56,active,Shyamoli,44,22,1705,2026-02-19T04:20:02+06:00,2026-08-03T03:52:15+06:00
628,USR070,+8801919700856,Ayesha Ahmed,RKM0000629,2026-06-08T01:53:10+06:00,Boibagan Demo Publications,Non-Fiction,5,Wari,23.718276,90.422313,1528,card,delivered,2026-06-09T21:53:10+06:00,True,Rokomari,RKM-RDR-018,Sohel Sarker,8801409053113,delivery_rider,Bicycle,BIC-69174,2024-04-13,4.26,active,Wari,43,27,1288,2026-02-26T19:01:14+06:00,2026-08-07T20:15:31+06:00
629,USR070,+8801919700856,Ayesha Ahmed,RKM0000630,2026-02-20T11:56:01+06:00,Natunpata Demo Publication,Children,3,Badda,23.788958,90.423254,1667,cash,returned,2026-02-26T12:56:01+06:00,True,Rokomari,RKM-RDR-019,Jubayer Sheikh,8801479247170,delivery_rider,Bicycle,BIC-57952,2025-05-30,4.90,active,Badda,26,11,467,2026-02-18T05:10:01+06:00,2026-08-10T02:50:03+06:00
630,USR070,+8801919700856,Ayesha Ahmed,RKM0000631,2026-05-07T01:39:34+06:00,Pathshala Demo Books,Science & Technology,5,Badda,23.778984,90.4341,3466,card,delivered,2026-05-07T12:39:34+06:00,True,Rokomari,RKM-RDR-001,Hasan Chowdhury,8801871778083,delivery_rider,Bike,Dhaka-Metro-LA-49-2544,2023-03-12,4.55,active,Badda,27,10,1110,2026-02-11T03:30:55+06:00,2026-08-07T13:48:18+06:00
631,USR070,+8801919700856,Ayesha Ahmed,RKM0000632,2026-07-19T04:07:20+06:00,Natunpata Demo Publication,Science & Technology,4,Old Dhaka,23.701971,90.401469,1725,card,processing,2026-07-22T23:07:20+06:00,True,Rokomari,RKM-RDR-012,Nadim Chowdhury,8801935031640,delivery_rider,Bicycle,BIC-35405,2023-12-08,4.61,active,Old Dhaka,51,24,1375,2026-02-10T07:52:12+06:00,2026-08-05T01:26:52+06:00
632,USR070,+8801919700856,Ayesha Ahmed,RKM0000633,2026-07-13T00:36:02+06:00,Natunpata Demo Publication,Science & Technology,3,Mirpur,23.814039,90.370063,4525,mobile_wallet,cancelled,2026-07-22T02:36:02+06:00,True,Rokomari,RKM-RDR-008,Mehedi Mia,8801903214455,delivery_rider,Bike,Dhaka-Metro-LA-48-7063,2023-02-20,4.42,active,Mirpur,58,32,333,2026-02-14T18:44:07+06:00,2026-08-08T13:29:34+06:00
633,USR071,+8801371764059,Hasan Ali,RKM0000634,2026-04-05T07:02:20+06:00,Gyanpath Demo Publications,Biography,2,Old Dhaka,23.705858,90.409908,1652,card,processing,2026-04-11T14:02:20+06:00,True,Rokomari,RKM-RDR-012,Nadim Chowdhury,8801935031640,delivery_rider,Bicycle,BIC-35405,2023-12-08,4.61,active,Old Dhaka,51,24,1375,2026-02-10T07:52:12+06:00,2026-08-05T01:26:52+06:00
634,USR071,+8801371764059,Hasan Ali,RKM0000635,2026-03-11T21:48:36+06:00,Kalam Demo Publications,Children,3,Gulshan,23.798605,90.401083,4655,cash,cancelled,2026-03-20T04:48:36+06:00,True,Rokomari,RKM-RDR-006,Shamim Karim,8801999724975,delivery_rider,Bike,Dhaka-Metro-LA-31-7317,2023-01-06,4.80,active,Gulshan,49,27,451,2026-02-12T06:57:54+06:00,2026-07-29T17:38:13+06:00
635,USR071,+8801371764059,Hasan Ali,RKM0000636,2026-02-28T06:45:14+06:00,Shikkhaloy Demo Books,Business,1,Badda,23.783899,90.4287,2906,cash,processing,2026-03-08T22:45:14+06:00,True,Rokomari,RKM-RDR-001,Hasan Chowdhury,8801871778083,delivery_rider,Bike,Dhaka-Metro-LA-49-2544,2023-03-12,4.55,active,Badda,27,10,1110,2026-02-11T03:30:55+06:00,2026-08-07T13:48:18+06:00
636,USR071,+8801371764059,Hasan Ali,RKM0000637,2026-06-23T04:32:37+06:00,Sahityaghar Demo Publications,Biography,2,Farmgate,23.751361,90.386662,4280,mobile_wallet,processing,2026-06-29T06:32:37+06:00,True,Rokomari,RKM-RDR-005,Tanvir Hasan,8801510283842,delivery_rider,Bicycle,BIC-99533,2024-10-07,4.86,active,Farmgate,51,22,318,2026-02-14T11:05:37+06:00,2026-08-06T15:48:56+06:00
637,USR071,+8801371764059,Hasan Ali,RKM0000638,2026-05-25T11:01:34+06:00,Shikkhaloy Demo Books,Fiction,2,Banani,23.79199,90.41431,651,mobile_wallet,cancelled,2026-05-27T21:01:34+06:00,True,Rokomari,RKM-RDR-002,Sabbir Sheikh,8801646093550,delivery_rider,Bike,Dhaka-Metro-LA-47-8925,2023-01-15,4.78,active,Banani,25,11,869,2026-02-10T18:00:19+06:00,2026-08-10T20:22:38+06:00
638,USR071,+8801371764059,Hasan Ali,RKM0000639,2026-04-01T22:21:32+06:00,Natunpata Demo Publication,Religion,3,Motijheel,23.735861,90.420284,627,mobile_wallet,cancelled,2026-04-08T08:21:32+06:00,True,Rokomari,RKM-RDR-011,Sumon Uddin,8801903242764,delivery_rider,Bike,Dhaka-Metro-LA-44-1426,2023-08-04,4.66,active,Motijheel,43,22,1317,2026-02-12T04:42:40+06:00,2026-08-06T08:07:38+06:00
639,USR071,+8801371764059,Hasan Ali,RKM0000640,2026-06-10T00:25:13+06:00,Kalam Demo Publications,Non-Fiction,5,Khilgaon,23.7567,90.43133,1045,card,cancelled,2026-06-13T06:25:13+06:00,True,Rokomari,RKM-RDR-007,Noman Rahman,8801316743606,delivery_rider,Bike,Dhaka-Metro-LA-37-5287,2025-09-08,4.70,temporarily_inactive,Khilgaon,53,31,1154,2026-02-11T14:39:35+06:00,2026-08-09T03:13:19+06:00
640,USR071,+8801371764059,Hasan Ali,RKM0000641,2026-03-19T18:18:38+06:00,Shikkhaloy Demo Books,Exam Preparation,5,Shyamoli,23.767135,90.373869,2021,card,delivered,2026-03-27T14:18:38+06:00,True,Rokomari,RKM-RDR-015,Mehedi Sheikh,8801376047729,delivery_rider,Bike,Dhaka-Metro-LA-48-9875,2025-11-17,4.56,active,Shyamoli,44,22,1705,2026-02-19T04:20:02+06:00,2026-08-03T03:52:15+06:00
641,USR071,+8801371764059,Hasan Ali,RKM0000642,2026-04-20T07:52:34+06:00,Boibagan Demo Publications,Fiction,2,Dhanmondi,23.737564,90.381542,4333,cash,delivered,2026-04-22T09:52:34+06:00,True,Rokomari,RKM-RDR-004,Fahim Karim,8801564428282,delivery_rider,Bike,Dhaka-Metro-LA-49-5778,2023-06-10,4.82,active,Dhanmondi,58,29,821,2026-02-14T08:31:15+06:00,2026-08-10T21:30:40+06:00
642,USR071,+8801371764059,Hasan Ali,RKM0000643,2026-03-09T19:05:28+06:00,Shikkhaloy Demo Books,Academic,4,Dhanmondi,23.737604,90.373163,1839,cash,returned,2026-03-13T08:05:28+06:00,True,Rokomari,RKM-RDR-004,Fahim Karim,8801564428282,delivery_rider,Bike,Dhaka-Metro-LA-49-5778,2023-06-10,4.82,active,Dhanmondi,58,29,821,2026-02-14T08:31:15+06:00,2026-08-10T21:30:40+06:00
643,USR072,+8801809070598,Hasan Akter,RKM0000644,2026-08-02T04:47:49+06:00,Natunpata Demo Publication,Science & Technology,4,Mohakhali,23.775926,90.402763,4440,mobile_wallet,cancelled,2026-08-10T22:47:49+06:00,True,Rokomari,RKM-RDR-009,Nayeem Hasan,8801324471418,delivery_rider,Bike,Dhaka-Metro-LA-34-5388,2024-11-23,4.65,active,Mohakhali,36,19,1188,2026-02-19T08:50:41+06:00,2026-08-02T04:47:49+06:00
644,USR072,+8801809070598,Hasan Akter,RKM0000645,2026-07-15T15:03:10+06:00,Akshar Demo Publications,Exam Preparation,1,Pallabi,23.828371,90.357962,2075,card,cancelled,2026-07-21T13:03:10+06:00,True,Rokomari,RKM-RDR-013,Jubayer Karim,8801590153458,delivery_rider,Bike,Dhaka-Metro-LA-45-1553,2023-09-22,4.72,active,Pallabi,46,20,915,2026-02-11T18:18:56+06:00,2026-08-09T18:40:47+06:00
645,USR072,+8801809070598,Hasan Akter,RKM0000646,2026-07-16T13:14:47+06:00,Pathshala Demo Books,Science & Technology,3,Khilgaon,23.756843,90.419525,813,card,delivered,2026-07-24T02:14:47+06:00,True,Rokomari,RKM-RDR-007,Noman Rahman,8801316743606,delivery_rider,Bike,Dhaka-Metro-LA-37-5287,2025-09-08,4.70,temporarily_inactive,Khilgaon,53,31,1154,2026-02-11T14:39:35+06:00,2026-08-09T03:13:19+06:00
646,USR072,+8801809070598,Hasan Akter,RKM0000647,2026-04-22T10:12:27+06:00,Boibagan Demo Publications,Children,1,Mohammadpur,23.761133,90.367504,3561,mobile_wallet,cancelled,2026-04-30T13:12:27+06:00,True,Rokomari,RKM-RDR-010,Kawsar Hasan,8801752549830,delivery_rider,Bike,Dhaka-Metro-LA-32-8079,2024-06-06,4.23,active,Mohammadpur,50,24,1645,2026-02-11T04:16:48+06:00,2026-08-07T17:24:51+06:00
647,USR072,+8801809070598,Hasan Akter,RKM0000648,2026-05-03T02:36:35+06:00,Pragya Demo Book House,Science & Technology,3,Shyamoli,23.772213,90.366341,1009,mobile_wallet,processing,2026-05-09T06:36:35+06:00,True,Rokomari,RKM-RDR-015,Mehedi Sheikh,8801376047729,delivery_rider,Bike,Dhaka-Metro-LA-48-9875,2025-11-17,4.56,active,Shyamoli,44,22,1705,2026-02-19T04:20:02+06:00,2026-08-03T03:52:15+06:00
648,USR072,+8801809070598,Hasan Akter,RKM0000649,2026-03-08T23:08:17+06:00,Natunpata Demo Publication,Science & Technology,4,Mirpur,23.831021,90.371101,2087,card,delivered,2026-03-12T21:08:17+06:00,True,Rokomari,RKM-RDR-008,Mehedi Mia,8801903214455,delivery_rider,Bike,Dhaka-Metro-LA-48-7063,2023-02-20,4.42,active,Mirpur,58,32,333,2026-02-14T18:44:07+06:00,2026-08-08T13:29:34+06:00
649,USR072,+8801809070598,Hasan Akter,RKM0000650,2026-06-02T10:09:42+06:00,Natunpata Demo Publication,Business,2,Shyamoli,23.769624,90.373426,362,mobile_wallet,delivered,2026-06-03T05:09:42+06:00,True,Rokomari,RKM-RDR-015,Mehedi Sheikh,8801376047729,delivery_rider,Bike,Dhaka-Metro-LA-48-9875,2025-11-17,4.56,active,Shyamoli,44,22,1705,2026-02-19T04:20:02+06:00,2026-08-03T03:52:15+06:00
650,USR072,+8801809070598,Hasan Akter,RKM0000651,2026-07-20T22:57:55+06:00,Kalam Demo Publications,Biography,1,Badda,23.774257,90.433776,3061,cash,cancelled,2026-07-22T20:57:55+06:00,True,Rokomari,RKM-RDR-019,Jubayer Sheikh,8801479247170,delivery_rider,Bicycle,BIC-57952,2025-05-30,4.90,active,Badda,26,11,467,2026-02-18T05:10:01+06:00,2026-08-10T02:50:03+06:00
651,USR072,+8801809070598,Hasan Akter,RKM0000652,2026-04-30T05:26:54+06:00,Shikkhaloy Demo Books,Business,5,Mirpur,23.82962,90.365421,2786,mobile_wallet,cancelled,2026-05-02T18:26:54+06:00,True,Rokomari,RKM-RDR-008,Mehedi Mia,8801903214455,delivery_rider,Bike,Dhaka-Metro-LA-48-7063,2023-02-20,4.42,active,Mirpur,58,32,333,2026-02-14T18:44:07+06:00,2026-08-08T13:29:34+06:00
652,USR072,+8801809070598,Hasan Akter,RKM0000653,2026-02-28T03:15:14+06:00,Akshar Demo Publications,Non-Fiction,3,Farmgate,23.76429,90.396759,3606,cash,returned,2026-03-01T17:15:14+06:00,True,Rokomari,RKM-RDR-005,Tanvir Hasan,8801510283842,delivery_rider,Bicycle,BIC-99533,2024-10-07,4.86,active,Farmgate,51,22,318,2026-02-14T11:05:37+06:00,2026-08-06T15:48:56+06:00
653,USR072,+8801809070598,Hasan Akter,RKM0000654,2026-04-27T16:38:02+06:00,Kalam Demo Publications,Academic,3,Tejgaon,23.767989,90.399865,2010,mobile_wallet,delivered,2026-04-30T02:38:02+06:00,True,Rokomari,RKM-RDR-016,Shuvo Mahmud,8801674629335,delivery_rider,Bicycle,BIC-76953,2023-10-17,4.53,active,Tejgaon,43,17,253,2026-02-13T17:57:55+06:00,2026-08-06T02:47:10+06:00
654,USR072,+8801809070598,Hasan Akter,RKM0000655,2026-03-28T18:35:36+06:00,Kalam Demo Publications,Children,5,Mohammadpur,23.766915,90.364973,1204,mobile_wallet,delivered,2026-03-30T08:35:36+06:00,True,Rokomari,RKM-RDR-010,Kawsar Hasan,8801752549830,delivery_rider,Bike,Dhaka-Metro-LA-32-8079,2024-06-06,4.23,active,Mohammadpur,50,24,1645,2026-02-11T04:16:48+06:00,2026-08-07T17:24:51+06:00
655,USR073,+8801396303029,Sumaiya Mahmud,RKM0000656,2026-05-18T22:09:07+06:00,Akshar Demo Publications,Children,4,Tejgaon,23.768283,90.399919,1022,mobile_wallet,cancelled,2026-05-28T16:09:07+06:00,True,Rokomari,RKM-RDR-016,Shuvo Mahmud,8801674629335,delivery_rider,Bicycle,BIC-76953,2023-10-17,4.53,active,Tejgaon,43,17,253,2026-02-13T17:57:55+06:00,2026-08-06T02:47:10+06:00
656,USR073,+8801396303029,Sumaiya Mahmud,RKM0000657,2026-04-29T22:45:40+06:00,Pragya Demo Book House,Non-Fiction,4,Banani,23.793977,90.411325,973,mobile_wallet,cancelled,2026-05-03T12:45:40+06:00,True,Rokomari,RKM-RDR-020,Morshed Kabir,8801942462644,delivery_rider,Bike,Dhaka-Metro-LA-37-3930,2023-03-20,4.46,active,Banani,35,15,1313,2026-02-10T00:48:36+06:00,2026-08-09T15:47:43+06:00
657,USR073,+8801396303029,Sumaiya Mahmud,RKM0000658,2026-06-11T13:30:38+06:00,Gyanpath Demo Publications,Non-Fiction,3,Wari,23.727623,90.414287,4593,mobile_wallet,returned,2026-06-17T07:30:38+06:00,True,Rokomari,RKM-RDR-018,Sohel Sarker,8801409053113,delivery_rider,Bicycle,BIC-69174,2024-04-13,4.26,active,Wari,43,27,1288,2026-02-26T19:01:14+06:00,2026-08-07T20:15:31+06:00
658,USR073,+8801396303029,Sumaiya Mahmud,RKM0000659,2026-04-20T19:13:25+06:00,Kalam Demo Publications,Non-Fiction,5,Uttara,23.874921,90.380659,901,card,processing,2026-04-29T16:13:25+06:00,True,Rokomari,RKM-RDR-017,Emon Rahman,8801932543816,delivery_rider,Bike,Dhaka-Metro-LA-59-3501,2026-03-29,4.62,active,Uttara,52,27,1300,2026-02-11T17:22:46+06:00,2026-08-06T10:33:58+06:00
659,USR073,+8801396303029,Sumaiya Mahmud,RKM0000660,2026-06-14T00:23:18+06:00,Kalam Demo Publications,Science & Technology,5,Bashundhara,23.821343,90.422694,1938,cash,returned,2026-06-17T18:23:18+06:00,True,Rokomari,RKM-RDR-003,Parvez Hasan,8801849556978,delivery_rider,Bike,Dhaka-Metro-LA-11-9736,2024-07-20,4.40,active,Bashundhara,48,23,1818,2026-02-10T11:36:34+06:00,2026-08-09T09:20:46+06:00
660,USR073,+8801396303029,Sumaiya Mahmud,RKM0000661,2026-08-09T12:48:19+06:00,Shikkhaloy Demo Books,Children,4,Banani,23.786448,90.406569,4267,mobile_wallet,delivered,2026-08-11T17:48:19+06:00,True,Rokomari,RKM-RDR-020,Morshed Kabir,8801942462644,delivery_rider,Bike,Dhaka-Metro-LA-37-3930,2023-03-20,4.46,active,Banani,35,15,1313,2026-02-10T00:48:36+06:00,2026-08-09T15:47:43+06:00
661,USR073,+8801396303029,Sumaiya Mahmud,RKM0000662,2026-04-28T17:00:28+06:00,Gyanpath Demo Publications,Business,3,Pallabi,23.827004,90.356278,3749,mobile_wallet,delivered,2026-05-01T16:00:28+06:00,True,Rokomari,RKM-RDR-013,Jubayer Karim,8801590153458,delivery_rider,Bike,Dhaka-Metro-LA-45-1553,2023-09-22,4.72,active,Pallabi,46,20,915,2026-02-11T18:18:56+06:00,2026-08-09T18:40:47+06:00
662,USR073,+8801396303029,Sumaiya Mahmud,RKM0000663,2026-05-22T04:45:36+06:00,Pragya Demo Book House,Fiction,2,Motijheel,23.741563,90.416691,3234,card,processing,2026-05-25T14:45:36+06:00,True,Rokomari,RKM-RDR-011,Sumon Uddin,8801903242764,delivery_rider,Bike,Dhaka-Metro-LA-44-1426,2023-08-04,4.66,active,Motijheel,43,22,1317,2026-02-12T04:42:40+06:00,2026-08-06T08:07:38+06:00
663,USR073,+8801396303029,Sumaiya Mahmud,RKM0000664,2026-03-12T12:12:11+06:00,Pathshala Demo Books,Academic,5,Badda,23.784161,90.42415,2065,mobile_wallet,delivered,2026-03-19T05:12:11+06:00,True,Rokomari,RKM-RDR-019,Jubayer Sheikh,8801479247170,delivery_rider,Bicycle,BIC-57952,2025-05-30,4.90,active,Badda,26,11,467,2026-02-18T05:10:01+06:00,2026-08-10T02:50:03+06:00
664,USR073,+8801396303029,Sumaiya Mahmud,RKM0000665,2026-06-07T14:58:48+06:00,Pragya Demo Book House,Exam Preparation,5,Khilgaon,23.742697,90.420878,1783,cash,processing,2026-06-11T04:58:48+06:00,True,Rokomari,RKM-RDR-007,Noman Rahman,8801316743606,delivery_rider,Bike,Dhaka-Metro-LA-37-5287,2025-09-08,4.70,temporarily_inactive,Khilgaon,53,31,1154,2026-02-11T14:39:35+06:00,2026-08-09T03:13:19+06:00
665,USR074,+8801533710145,Farzana Uddin,RKM0000666,2026-06-25T00:12:20+06:00,Kalam Demo Publications,Religion,1,Mirpur,23.822867,90.356664,3638,cash,cancelled,2026-07-02T22:12:20+06:00,True,Rokomari,RKM-RDR-008,Mehedi Mia,8801903214455,delivery_rider,Bike,Dhaka-Metro-LA-48-7063,2023-02-20,4.42,active,Mirpur,58,32,333,2026-02-14T18:44:07+06:00,2026-08-08T13:29:34+06:00
666,USR074,+8801533710145,Farzana Uddin,RKM0000667,2026-07-23T23:32:50+06:00,Kalam Demo Publications,Religion,1,Old Dhaka,23.71058,90.415063,2968,card,cancelled,2026-07-25T13:32:50+06:00,True,Rokomari,RKM-RDR-012,Nadim Chowdhury,8801935031640,delivery_rider,Bicycle,BIC-35405,2023-12-08,4.61,active,Old Dhaka,51,24,1375,2026-02-10T07:52:12+06:00,2026-08-05T01:26:52+06:00
667,USR074,+8801533710145,Farzana Uddin,RKM0000668,2026-05-17T10:16:10+06:00,Akshar Demo Publications,Children,3,Uttara,23.873947,90.377481,448,cash,cancelled,2026-05-20T20:16:10+06:00,True,Rokomari,RKM-RDR-017,Emon Rahman,8801932543816,delivery_rider,Bike,Dhaka-Metro-LA-59-3501,2026-03-29,4.62,active,Uttara,52,27,1300,2026-02-11T17:22:46+06:00,2026-08-06T10:33:58+06:00
668,USR074,+8801533710145,Farzana Uddin,RKM0000669,2026-05-20T22:52:41+06:00,Pragya Demo Book House,Non-Fiction,2,Wari,23.726828,90.40991,810,card,delivered,2026-05-26T10:52:41+06:00,True,Rokomari,RKM-RDR-018,Sohel Sarker,8801409053113,delivery_rider,Bicycle,BIC-69174,2024-04-13,4.26,active,Wari,43,27,1288,2026-02-26T19:01:14+06:00,2026-08-07T20:15:31+06:00
669,USR074,+8801533710145,Farzana Uddin,RKM0000670,2026-05-11T08:37:37+06:00,Gyanpath Demo Publications,History,5,Pallabi,23.836714,90.359947,3947,mobile_wallet,returned,2026-05-19T16:37:37+06:00,True,Rokomari,RKM-RDR-013,Jubayer Karim,8801590153458,delivery_rider,Bike,Dhaka-Metro-LA-45-1553,2023-09-22,4.72,active,Pallabi,46,20,915,2026-02-11T18:18:56+06:00,2026-08-09T18:40:47+06:00
670,USR074,+8801533710145,Farzana Uddin,RKM0000671,2026-08-10T02:50:03+06:00,Sahityaghar Demo Publications,Science & Technology,4,Badda,23.786216,90.425008,2644,mobile_wallet,returned,2026-08-18T04:50:03+06:00,True,Rokomari,RKM-RDR-019,Jubayer Sheikh,8801479247170,delivery_rider,Bicycle,BIC-57952,2025-05-30,4.90,active,Badda,26,11,467,2026-02-18T05:10:01+06:00,2026-08-10T02:50:03+06:00
671,USR074,+8801533710145,Farzana Uddin,RKM0000672,2026-05-06T09:38:53+06:00,Sahityaghar Demo Publications,Exam Preparation,5,Rampura,23.769061,90.421165,4176,mobile_wallet,delivered,2026-05-11T20:38:53+06:00,True,Rokomari,RKM-RDR-014,Hasan Sarker,8801938904423,delivery_rider,Bike,Dhaka-Metro-LA-21-8928,2023-08-20,4.35,active,Rampura,58,30,832,2026-02-11T14:04:39+06:00,2026-07-31T09:46:08+06:00
672,USR074,+8801533710145,Farzana Uddin,RKM0000673,2026-06-24T21:15:27+06:00,Akshar Demo Publications,Science & Technology,2,Mohammadpur,23.769283,90.364599,2662,mobile_wallet,delivered,2026-07-03T12:15:27+06:00,True,Rokomari,RKM-RDR-010,Kawsar Hasan,8801752549830,delivery_rider,Bike,Dhaka-Metro-LA-32-8079,2024-06-06,4.23,active,Mohammadpur,50,24,1645,2026-02-11T04:16:48+06:00,2026-08-07T17:24:51+06:00
673,USR074,+8801533710145,Farzana Uddin,RKM0000674,2026-04-07T04:02:34+06:00,Pathshala Demo Books,Business,1,Gulshan,23.798446,90.415462,1344,card,delivered,2026-04-10T01:02:34+06:00,True,Rokomari,RKM-RDR-006,Shamim Karim,8801999724975,delivery_rider,Bike,Dhaka-Metro-LA-31-7317,2023-01-06,4.80,active,Gulshan,49,27,451,2026-02-12T06:57:54+06:00,2026-07-29T17:38:13+06:00
674,USR074,+8801533710145,Farzana Uddin,RKM0000675,2026-03-16T15:21:58+06:00,Akshar Demo Publications,Business,5,Mohakhali,23.783243,90.400801,2962,card,returned,2026-03-19T07:21:58+06:00,True,Rokomari,RKM-RDR-009,Nayeem Hasan,8801324471418,delivery_rider,Bike,Dhaka-Metro-LA-34-5388,2024-11-23,4.65,active,Mohakhali,36,19,1188,2026-02-19T08:50:41+06:00,2026-08-02T04:47:49+06:00
675,USR075,+8801895714902,Shihab Khan,RKM0000676,2026-07-29T17:38:13+06:00,Pragya Demo Book House,Children,5,Gulshan,23.795358,90.416507,4160,card,delivered,2026-08-04T15:38:13+06:00,True,Rokomari,RKM-RDR-006,Shamim Karim,8801999724975,delivery_rider,Bike,Dhaka-Metro-LA-31-7317,2023-01-06,4.80,active,Gulshan,49,27,451,2026-02-12T06:57:54+06:00,2026-07-29T17:38:13+06:00
676,USR075,+8801895714902,Shihab Khan,RKM0000677,2026-02-21T06:35:47+06:00,Sahityaghar Demo Publications,Business,2,Mohammadpur,23.770347,90.362081,4153,cash,returned,2026-02-24T13:35:47+06:00,True,Rokomari,RKM-RDR-010,Kawsar Hasan,8801752549830,delivery_rider,Bike,Dhaka-Metro-LA-32-8079,2024-06-06,4.23,active,Mohammadpur,50,24,1645,2026-02-11T04:16:48+06:00,2026-08-07T17:24:51+06:00
677,USR075,+8801895714902,Shihab Khan,RKM0000678,2026-04-07T15:28:03+06:00,Pathshala Demo Books,Religion,1,Banani,23.801098,90.399633,975,mobile_wallet,returned,2026-04-12T18:28:03+06:00,True,Rokomari,RKM-RDR-020,Morshed Kabir,8801942462644,delivery_rider,Bike,Dhaka-Metro-LA-37-3930,2023-03-20,4.46,active,Banani,35,15,1313,2026-02-10T00:48:36+06:00,2026-08-09T15:47:43+06:00
678,USR075,+8801895714902,Shihab Khan,RKM0000679,2026-06-22T03:07:19+06:00,Kalam Demo Publications,Religion,3,Tejgaon,23.757711,90.398726,1960,mobile_wallet,delivered,2026-06-22T08:07:19+06:00,True,Rokomari,RKM-RDR-016,Shuvo Mahmud,8801674629335,delivery_rider,Bicycle,BIC-76953,2023-10-17,4.53,active,Tejgaon,43,17,253,2026-02-13T17:57:55+06:00,2026-08-06T02:47:10+06:00
679,USR075,+8801895714902,Shihab Khan,RKM0000680,2026-06-11T21:57:59+06:00,Shikkhaloy Demo Books,Science & Technology,5,Banani,23.790998,90.410572,4231,cash,processing,2026-06-21T11:57:59+06:00,True,Rokomari,RKM-RDR-020,Morshed Kabir,8801942462644,delivery_rider,Bike,Dhaka-Metro-LA-37-3930,2023-03-20,4.46,active,Banani,35,15,1313,2026-02-10T00:48:36+06:00,2026-08-09T15:47:43+06:00
680,USR075,+8801895714902,Shihab Khan,RKM0000681,2026-05-27T06:12:41+06:00,Kalam Demo Publications,Exam Preparation,2,Rampura,23.768245,90.424565,2885,card,delivered,2026-05-31T10:12:41+06:00,True,Rokomari,RKM-RDR-014,Hasan Sarker,8801938904423,delivery_rider,Bike,Dhaka-Metro-LA-21-8928,2023-08-20,4.35,active,Rampura,58,30,832,2026-02-11T14:04:39+06:00,2026-07-31T09:46:08+06:00
681,USR075,+8801895714902,Shihab Khan,RKM0000682,2026-07-24T06:08:07+06:00,Pathshala Demo Books,Non-Fiction,3,Mirpur,23.823959,90.359665,4669,mobile_wallet,delivered,2026-07-29T21:08:07+06:00,True,Rokomari,RKM-RDR-008,Mehedi Mia,8801903214455,delivery_rider,Bike,Dhaka-Metro-LA-48-7063,2023-02-20,4.42,active,Mirpur,58,32,333,2026-02-14T18:44:07+06:00,2026-08-08T13:29:34+06:00
682,USR076,+8801476348350,Sadia Karim,RKM0000683,2026-04-04T04:40:36+06:00,Kalam Demo Publications,Fiction,1,Farmgate,23.760149,90.383945,1171,mobile_wallet,cancelled,2026-04-04T14:40:36+06:00,True,Rokomari,RKM-RDR-005,Tanvir Hasan,8801510283842,delivery_rider,Bicycle,BIC-99533,2024-10-07,4.86,active,Farmgate,51,22,318,2026-02-14T11:05:37+06:00,2026-08-06T15:48:56+06:00
683,USR076,+8801476348350,Sadia Karim,RKM0000684,2026-02-16T15:11:32+06:00,Kalam Demo Publications,Non-Fiction,5,Rampura,23.757926,90.41808,4729,card,delivered,2026-02-22T20:11:32+06:00,True,Rokomari,RKM-RDR-014,Hasan Sarker,8801938904423,delivery_rider,Bike,Dhaka-Metro-LA-21-8928,2023-08-20,4.35,active,Rampura,58,30,832,2026-02-11T14:04:39+06:00,2026-07-31T09:46:08+06:00
684,USR076,+8801476348350,Sadia Karim,RKM0000685,2026-05-07T00:06:19+06:00,Shikkhaloy Demo Books,Academic,2,Pallabi,23.833159,90.358569,3611,cash,returned,2026-05-15T16:06:19+06:00,True,Rokomari,RKM-RDR-013,Jubayer Karim,8801590153458,delivery_rider,Bike,Dhaka-Metro-LA-45-1553,2023-09-22,4.72,active,Pallabi,46,20,915,2026-02-11T18:18:56+06:00,2026-08-09T18:40:47+06:00
685,USR076,+8801476348350,Sadia Karim,RKM0000686,2026-05-18T22:14:53+06:00,Akshar Demo Publications,Religion,5,Mirpur,23.826106,90.36333,348,mobile_wallet,processing,2026-05-20T18:14:53+06:00,True,Rokomari,RKM-RDR-008,Mehedi Mia,8801903214455,delivery_rider,Bike,Dhaka-Metro-LA-48-7063,2023-02-20,4.42,active,Mirpur,58,32,333,2026-02-14T18:44:07+06:00,2026-08-08T13:29:34+06:00
686,USR076,+8801476348350,Sadia Karim,RKM0000687,2026-04-02T00:28:20+06:00,Sahityaghar Demo Publications,History,5,Bashundhara,23.821076,90.423919,4531,cash,processing,2026-04-10T13:28:20+06:00,True,Rokomari,RKM-RDR-003,Parvez Hasan,8801849556978,delivery_rider,Bike,Dhaka-Metro-LA-11-9736,2024-07-20,4.40,active,Bashundhara,48,23,1818,2026-02-10T11:36:34+06:00,2026-08-09T09:20:46+06:00
687,USR076,+8801476348350,Sadia Karim,RKM0000688,2026-05-14T13:07:13+06:00,Sahityaghar Demo Publications,Exam Preparation,4,Bashundhara,23.818424,90.417656,729,card,returned,2026-05-15T18:07:13+06:00,True,Rokomari,RKM-RDR-003,Parvez Hasan,8801849556978,delivery_rider,Bike,Dhaka-Metro-LA-11-9736,2024-07-20,4.40,active,Bashundhara,48,23,1818,2026-02-10T11:36:34+06:00,2026-08-09T09:20:46+06:00
688,USR076,+8801476348350,Sadia Karim,RKM0000689,2026-05-12T16:42:13+06:00,Boibagan Demo Publications,History,2,Banani,23.79946,90.398271,1860,card,delivered,2026-05-18T01:42:13+06:00,True,Rokomari,RKM-RDR-020,Morshed Kabir,8801942462644,delivery_rider,Bike,Dhaka-Metro-LA-37-3930,2023-03-20,4.46,active,Banani,35,15,1313,2026-02-10T00:48:36+06:00,2026-08-09T15:47:43+06:00
689,USR076,+8801476348350,Sadia Karim,RKM0000690,2026-03-04T17:43:00+06:00,Gyanpath Demo Publications,Business,3,Bashundhara,23.813002,90.427831,913,cash,delivered,2026-03-12T23:43:00+06:00,True,Rokomari,RKM-RDR-003,Parvez Hasan,8801849556978,delivery_rider,Bike,Dhaka-Metro-LA-11-9736,2024-07-20,4.40,active,Bashundhara,48,23,1818,2026-02-10T11:36:34+06:00,2026-08-09T09:20:46+06:00
690,USR076,+8801476348350,Sadia Karim,RKM0000691,2026-05-18T08:55:21+06:00,Pragya Demo Book House,Business,5,Wari,23.729261,90.409677,3422,card,delivered,2026-05-25T23:55:21+06:00,True,Rokomari,RKM-RDR-018,Sohel Sarker,8801409053113,delivery_rider,Bicycle,BIC-69174,2024-04-13,4.26,active,Wari,43,27,1288,2026-02-26T19:01:14+06:00,2026-08-07T20:15:31+06:00
691,USR076,+8801476348350,Sadia Karim,RKM0000692,2026-05-11T01:34:48+06:00,Natunpata Demo Publication,Science & Technology,1,Khilgaon,23.750913,90.434861,4753,mobile_wallet,delivered,2026-05-19T08:34:48+06:00,True,Rokomari,RKM-RDR-007,Noman Rahman,8801316743606,delivery_rider,Bike,Dhaka-Metro-LA-37-5287,2025-09-08,4.70,temporarily_inactive,Khilgaon,53,31,1154,2026-02-11T14:39:35+06:00,2026-08-09T03:13:19+06:00
692,USR076,+8801476348350,Sadia Karim,RKM0000693,2026-08-05T19:10:19+06:00,Gyanpath Demo Publications,History,3,Dhanmondi,23.747966,90.379874,889,cash,delivered,2026-08-10T05:10:19+06:00,True,Rokomari,RKM-RDR-004,Fahim Karim,8801564428282,delivery_rider,Bike,Dhaka-Metro-LA-49-5778,2023-06-10,4.82,active,Dhanmondi,58,29,821,2026-02-14T08:31:15+06:00,2026-08-10T21:30:40+06:00
693,USR077,+8801430135102,Mehedi Mahmud,RKM0000694,2026-07-20T17:09:07+06:00,Sahityaghar Demo Publications,Science & Technology,3,Rampura,23.757163,90.427727,1638,cash,delivered,2026-07-30T02:09:07+06:00,True,Rokomari,RKM-RDR-014,Hasan Sarker,8801938904423,delivery_rider,Bike,Dhaka-Metro-LA-21-8928,2023-08-20,4.35,active,Rampura,58,30,832,2026-02-11T14:04:39+06:00,2026-07-31T09:46:08+06:00
694,USR077,+8801430135102,Mehedi Mahmud,RKM0000695,2026-07-04T14:29:04+06:00,Sahityaghar Demo Publications,Biography,1,Shyamoli,23.771009,90.356099,1762,card,returned,2026-07-06T11:29:04+06:00,True,Rokomari,RKM-RDR-015,Mehedi Sheikh,8801376047729,delivery_rider,Bike,Dhaka-Metro-LA-48-9875,2025-11-17,4.56,active,Shyamoli,44,22,1705,2026-02-19T04:20:02+06:00,2026-08-03T03:52:15+06:00
695,USR077,+8801430135102,Mehedi Mahmud,RKM0000696,2026-04-24T22:35:20+06:00,Pathshala Demo Books,Exam Preparation,5,Mohammadpur,23.763219,90.366241,2297,mobile_wallet,delivered,2026-04-29T17:35:20+06:00,True,Rokomari,RKM-RDR-010,Kawsar Hasan,8801752549830,delivery_rider,Bike,Dhaka-Metro-LA-32-8079,2024-06-06,4.23,active,Mohammadpur,50,24,1645,2026-02-11T04:16:48+06:00,2026-08-07T17:24:51+06:00
696,USR077,+8801430135102,Mehedi Mahmud,RKM0000697,2026-07-27T14:53:52+06:00,Sahityaghar Demo Publications,Exam Preparation,4,Mohammadpur,23.769924,90.366465,2366,card,processing,2026-08-02T18:53:52+06:00,True,Rokomari,RKM-RDR-010,Kawsar Hasan,8801752549830,delivery_rider,Bike,Dhaka-Metro-LA-32-8079,2024-06-06,4.23,active,Mohammadpur,50,24,1645,2026-02-11T04:16:48+06:00,2026-08-07T17:24:51+06:00
697,USR077,+8801430135102,Mehedi Mahmud,RKM0000698,2026-02-11T14:39:35+06:00,Gyanpath Demo Publications,Exam Preparation,1,Khilgaon,23.751442,90.41907,2875,mobile_wallet,delivered,2026-02-20T15:39:35+06:00,True,Rokomari,RKM-RDR-007,Noman Rahman,8801316743606,delivery_rider,Bike,Dhaka-Metro-LA-37-5287,2025-09-08,4.70,temporarily_inactive,Khilgaon,53,31,1154,2026-02-11T14:39:35+06:00,2026-08-09T03:13:19+06:00
698,USR077,+8801430135102,Mehedi Mahmud,RKM0000699,2026-07-06T11:30:02+06:00,Sahityaghar Demo Publications,Religion,2,Khilgaon,23.752814,90.431112,4320,mobile_wallet,returned,2026-07-11T04:30:02+06:00,True,Rokomari,RKM-RDR-007,Noman Rahman,8801316743606,delivery_rider,Bike,Dhaka-Metro-LA-37-5287,2025-09-08,4.70,temporarily_inactive,Khilgaon,53,31,1154,2026-02-11T14:39:35+06:00,2026-08-09T03:13:19+06:00
699,USR078,+8801368603970,Nadia Mahmud,RKM0000700,2026-07-05T13:28:16+06:00,Gyanpath Demo Publications,Fiction,5,Farmgate,23.760886,90.384446,4481,cash,delivered,2026-07-07T10:28:16+06:00,True,Rokomari,RKM-RDR-005,Tanvir Hasan,8801510283842,delivery_rider,Bicycle,BIC-99533,2024-10-07,4.86,active,Farmgate,51,22,318,2026-02-14T11:05:37+06:00,2026-08-06T15:48:56+06:00
700,USR078,+8801368603970,Nadia Mahmud,RKM0000701,2026-05-29T16:13:06+06:00,Pathshala Demo Books,Academic,4,Mohammadpur,23.776473,90.358348,418,cash,delivered,2026-05-31T17:13:06+06:00,True,Rokomari,RKM-RDR-010,Kawsar Hasan,8801752549830,delivery_rider,Bike,Dhaka-Metro-LA-32-8079,2024-06-06,4.23,active,Mohammadpur,50,24,1645,2026-02-11T04:16:48+06:00,2026-08-07T17:24:51+06:00
701,USR078,+8801368603970,Nadia Mahmud,RKM0000702,2026-02-10T18:00:19+06:00,Pathshala Demo Books,Non-Fiction,1,Banani,23.79236,90.398432,4337,cash,returned,2026-02-12T17:00:19+06:00,True,Rokomari,RKM-RDR-002,Sabbir Sheikh,8801646093550,delivery_rider,Bike,Dhaka-Metro-LA-47-8925,2023-01-15,4.78,active,Banani,25,11,869,2026-02-10T18:00:19+06:00,2026-08-10T20:22:38+06:00
702,USR078,+8801368603970,Nadia Mahmud,RKM0000703,2026-08-04T21:55:32+06:00,Natunpata Demo Publication,Children,2,Khilgaon,23.742539,90.423115,2314,mobile_wallet,delivered,2026-08-06T05:55:32+06:00,True,Rokomari,RKM-RDR-007,Noman Rahman,8801316743606,delivery_rider,Bike,Dhaka-Metro-LA-37-5287,2025-09-08,4.70,temporarily_inactive,Khilgaon,53,31,1154,2026-02-11T14:39:35+06:00,2026-08-09T03:13:19+06:00
703,USR078,+8801368603970,Nadia Mahmud,RKM0000704,2026-02-16T04:20:11+06:00,Akshar Demo Publications,Biography,3,Motijheel,23.731544,90.416564,2296,mobile_wallet,returned,2026-02-21T10:20:11+06:00,True,Rokomari,RKM-RDR-011,Sumon Uddin,8801903242764,delivery_rider,Bike,Dhaka-Metro-LA-44-1426,2023-08-04,4.66,active,Motijheel,43,22,1317,2026-02-12T04:42:40+06:00,2026-08-06T08:07:38+06:00
704,USR078,+8801368603970,Nadia Mahmud,RKM0000705,2026-06-05T19:06:52+06:00,Shikkhaloy Demo Books,Exam Preparation,4,Tejgaon,23.76605,90.384991,4351,cash,delivered,2026-06-12T13:06:52+06:00,True,Rokomari,RKM-RDR-016,Shuvo Mahmud,8801674629335,delivery_rider,Bicycle,BIC-76953,2023-10-17,4.53,active,Tejgaon,43,17,253,2026-02-13T17:57:55+06:00,2026-08-06T02:47:10+06:00
705,USR078,+8801368603970,Nadia Mahmud,RKM0000706,2026-06-26T05:39:11+06:00,Akshar Demo Publications,Religion,2,Dhanmondi,23.752557,90.38456,3854,mobile_wallet,delivered,2026-07-02T13:39:11+06:00,True,Rokomari,RKM-RDR-004,Fahim Karim,8801564428282,delivery_rider,Bike,Dhaka-Metro-LA-49-5778,2023-06-10,4.82,active,Dhanmondi,58,29,821,2026-02-14T08:31:15+06:00,2026-08-10T21:30:40+06:00
706,USR079,+8801765164695,Jannat Akter,RKM0000707,2026-08-09T17:41:35+06:00,Gyanpath Demo Publications,Fiction,1,Dhanmondi,23.748701,90.37134,2516,mobile_wallet,processing,2026-08-09T23:41:35+06:00,True,Rokomari,RKM-RDR-004,Fahim Karim,8801564428282,delivery_rider,Bike,Dhaka-Metro-LA-49-5778,2023-06-10,4.82,active,Dhanmondi,58,29,821,2026-02-14T08:31:15+06:00,2026-08-10T21:30:40+06:00
707,USR079,+8801765164695,Jannat Akter,RKM0000708,2026-05-21T17:08:44+06:00,Shikkhaloy Demo Books,Exam Preparation,2,Mirpur,23.83018,90.368959,4351,mobile_wallet,delivered,2026-05-24T04:08:44+06:00,True,Rokomari,RKM-RDR-008,Mehedi Mia,8801903214455,delivery_rider,Bike,Dhaka-Metro-LA-48-7063,2023-02-20,4.42,active,Mirpur,58,32,333,2026-02-14T18:44:07+06:00,2026-08-08T13:29:34+06:00
708,USR079,+8801765164695,Jannat Akter,RKM0000709,2026-02-14T09:36:58+06:00,Boibagan Demo Publications,Children,3,Pallabi,23.824079,90.361889,2001,mobile_wallet,delivered,2026-02-18T11:36:58+06:00,True,Rokomari,RKM-RDR-013,Jubayer Karim,8801590153458,delivery_rider,Bike,Dhaka-Metro-LA-45-1553,2023-09-22,4.72,active,Pallabi,46,20,915,2026-02-11T18:18:56+06:00,2026-08-09T18:40:47+06:00
709,USR079,+8801765164695,Jannat Akter,RKM0000710,2026-03-04T11:46:47+06:00,Pathshala Demo Books,Biography,3,Rampura,23.758111,90.428684,3067,cash,processing,2026-03-07T13:46:47+06:00,True,Rokomari,RKM-RDR-014,Hasan Sarker,8801938904423,delivery_rider,Bike,Dhaka-Metro-LA-21-8928,2023-08-20,4.35,active,Rampura,58,30,832,2026-02-11T14:04:39+06:00,2026-07-31T09:46:08+06:00
710,USR079,+8801765164695,Jannat Akter,RKM0000711,2026-03-15T11:48:07+06:00,Boibagan Demo Publications,Children,1,Mohakhali,23.784758,90.392715,704,cash,delivered,2026-03-17T07:48:07+06:00,True,Rokomari,RKM-RDR-009,Nayeem Hasan,8801324471418,delivery_rider,Bike,Dhaka-Metro-LA-34-5388,2024-11-23,4.65,active,Mohakhali,36,19,1188,2026-02-19T08:50:41+06:00,2026-08-02T04:47:49+06:00
711,USR079,+8801765164695,Jannat Akter,RKM0000712,2026-02-22T03:46:38+06:00,Gyanpath Demo Publications,Science & Technology,5,Uttara,23.869483,90.384442,880,mobile_wallet,cancelled,2026-02-27T09:46:38+06:00,True,Rokomari,RKM-RDR-017,Emon Rahman,8801932543816,delivery_rider,Bike,Dhaka-Metro-LA-59-3501,2026-03-29,4.62,active,Uttara,52,27,1300,2026-02-11T17:22:46+06:00,2026-08-06T10:33:58+06:00
712,USR079,+8801765164695,Jannat Akter,RKM0000713,2026-07-31T09:31:01+06:00,Natunpata Demo Publication,Fiction,3,Uttara,23.876649,90.37445,285,cash,returned,2026-08-07T15:31:01+06:00,True,Rokomari,RKM-RDR-017,Emon Rahman,8801932543816,delivery_rider,Bike,Dhaka-Metro-LA-59-3501,2026-03-29,4.62,active,Uttara,52,27,1300,2026-02-11T17:22:46+06:00,2026-08-06T10:33:58+06:00
713,USR079,+8801765164695,Jannat Akter,RKM0000714,2026-05-06T14:07:48+06:00,Akshar Demo Publications,Science & Technology,3,Tejgaon,23.76436,90.397191,1033,mobile_wallet,delivered,2026-05-14T10:07:48+06:00,True,Rokomari,RKM-RDR-016,Shuvo Mahmud,8801674629335,delivery_rider,Bicycle,BIC-76953,2023-10-17,4.53,active,Tejgaon,43,17,253,2026-02-13T17:57:55+06:00,2026-08-06T02:47:10+06:00
714,USR080,+8801798484581,Nadia Ahmed,RKM0000715,2026-05-17T18:07:18+06:00,Kalam Demo Publications,Science & Technology,4,Badda,23.779902,90.41943,4285,mobile_wallet,delivered,2026-05-19T15:07:18+06:00,True,Rokomari,RKM-RDR-001,Hasan Chowdhury,8801871778083,delivery_rider,Bike,Dhaka-Metro-LA-49-2544,2023-03-12,4.55,active,Badda,27,10,1110,2026-02-11T03:30:55+06:00,2026-08-07T13:48:18+06:00
715,USR080,+8801798484581,Nadia Ahmed,RKM0000716,2026-02-16T00:23:43+06:00,Shikkhaloy Demo Books,History,4,Mirpur,23.814956,90.358222,3609,cash,delivered,2026-02-16T21:23:43+06:00,True,Rokomari,RKM-RDR-008,Mehedi Mia,8801903214455,delivery_rider,Bike,Dhaka-Metro-LA-48-7063,2023-02-20,4.42,active,Mirpur,58,32,333,2026-02-14T18:44:07+06:00,2026-08-08T13:29:34+06:00
716,USR080,+8801798484581,Nadia Ahmed,RKM0000717,2026-05-03T19:08:52+06:00,Pathshala Demo Books,Religion,1,Mohakhali,23.770191,90.399584,4257,card,processing,2026-05-07T20:08:52+06:00,True,Rokomari,RKM-RDR-009,Nayeem Hasan,8801324471418,delivery_rider,Bike,Dhaka-Metro-LA-34-5388,2024-11-23,4.65,active,Mohakhali,36,19,1188,2026-02-19T08:50:41+06:00,2026-08-02T04:47:49+06:00
717,USR080,+8801798484581,Nadia Ahmed,RKM0000718,2026-05-06T08:15:50+06:00,Pathshala Demo Books,Biography,1,Old Dhaka,23.707581,90.41524,3598,mobile_wallet,processing,2026-05-08T18:15:50+06:00,True,Rokomari,RKM-RDR-012,Nadim Chowdhury,8801935031640,delivery_rider,Bicycle,BIC-35405,2023-12-08,4.61,active,Old Dhaka,51,24,1375,2026-02-10T07:52:12+06:00,2026-08-05T01:26:52+06:00
718,USR080,+8801798484581,Nadia Ahmed,RKM0000719,2026-04-02T12:25:14+06:00,Boibagan Demo Publications,Science & Technology,5,Mirpur,23.8237,90.367462,642,cash,processing,2026-04-11T20:25:14+06:00,True,Rokomari,RKM-RDR-008,Mehedi Mia,8801903214455,delivery_rider,Bike,Dhaka-Metro-LA-48-7063,2023-02-20,4.42,active,Mirpur,58,32,333,2026-02-14T18:44:07+06:00,2026-08-08T13:29:34+06:00
719,USR080,+8801798484581,Nadia Ahmed,RKM0000720,2026-06-19T04:08:13+06:00,Natunpata Demo Publication,Children,5,Bashundhara,23.810427,90.432542,3866,mobile_wallet,processing,2026-06-23T10:08:13+06:00,True,Rokomari,RKM-RDR-003,Parvez Hasan,8801849556978,delivery_rider,Bike,Dhaka-Metro-LA-11-9736,2024-07-20,4.40,active,Bashundhara,48,23,1818,2026-02-10T11:36:34+06:00,2026-08-09T09:20:46+06:00
720,USR080,+8801798484581,Nadia Ahmed,RKM0000721,2026-07-30T00:50:01+06:00,Natunpata Demo Publication,Exam Preparation,1,Tejgaon,23.767526,90.395747,2508,card,cancelled,2026-08-08T11:50:01+06:00,True,Rokomari,RKM-RDR-016,Shuvo Mahmud,8801674629335,delivery_rider,Bicycle,BIC-76953,2023-10-17,4.53,active,Tejgaon,43,17,253,2026-02-13T17:57:55+06:00,2026-08-06T02:47:10+06:00
721,USR080,+8801798484581,Nadia Ahmed,RKM0000722,2026-03-12T08:12:50+06:00,Boibagan Demo Publications,Fiction,4,Pallabi,23.832468,90.366616,1072,cash,returned,2026-03-17T09:12:50+06:00,True,Rokomari,RKM-RDR-013,Jubayer Karim,8801590153458,delivery_rider,Bike,Dhaka-Metro-LA-45-1553,2023-09-22,4.72,active,Pallabi,46,20,915,2026-02-11T18:18:56+06:00,2026-08-09T18:40:47+06:00
722,USR080,+8801798484581,Nadia Ahmed,RKM0000723,2026-08-06T18:03:56+06:00,Gyanpath Demo Publications,Non-Fiction,2,Khilgaon,23.745677,90.421021,4422,card,delivered,2026-08-09T04:03:56+06:00,True,Rokomari,RKM-RDR-007,Noman Rahman,8801316743606,delivery_rider,Bike,Dhaka-Metro-LA-37-5287,2025-09-08,4.70,temporarily_inactive,Khilgaon,53,31,1154,2026-02-11T14:39:35+06:00,2026-08-09T03:13:19+06:00
723,USR081,+8801824517956,Shihab Kabir,RKM0000724,2026-04-20T05:01:33+06:00,Pathshala Demo Books,Academic,2,Mirpur,23.828562,90.371866,1304,cash,delivered,2026-04-27T12:01:33+06:00,True,Rokomari,RKM-RDR-008,Mehedi Mia,8801903214455,delivery_rider,Bike,Dhaka-Metro-LA-48-7063,2023-02-20,4.42,active,Mirpur,58,32,333,2026-02-14T18:44:07+06:00,2026-08-08T13:29:34+06:00
724,USR081,+8801824517956,Shihab Kabir,RKM0000725,2026-06-03T17:53:51+06:00,Boibagan Demo Publications,Exam Preparation,4,Tejgaon,23.761267,90.396808,2586,mobile_wallet,cancelled,2026-06-03T18:53:51+06:00,True,Rokomari,RKM-RDR-016,Shuvo Mahmud,8801674629335,delivery_rider,Bicycle,BIC-76953,2023-10-17,4.53,active,Tejgaon,43,17,253,2026-02-13T17:57:55+06:00,2026-08-06T02:47:10+06:00
725,USR081,+8801824517956,Shihab Kabir,RKM0000726,2026-03-11T11:47:01+06:00,Shikkhaloy Demo Books,Non-Fiction,2,Bashundhara,23.820334,90.420202,1735,card,delivered,2026-03-18T18:47:01+06:00,True,Rokomari,RKM-RDR-003,Parvez Hasan,8801849556978,delivery_rider,Bike,Dhaka-Metro-LA-11-9736,2024-07-20,4.40,active,Bashundhara,48,23,1818,2026-02-10T11:36:34+06:00,2026-08-09T09:20:46+06:00
726,USR081,+8801824517956,Shihab Kabir,RKM0000727,2026-03-07T16:29:03+06:00,Boibagan Demo Publications,History,3,Old Dhaka,23.710624,90.401965,318,mobile_wallet,returned,2026-03-14T06:29:03+06:00,True,Rokomari,RKM-RDR-012,Nadim Chowdhury,8801935031640,delivery_rider,Bicycle,BIC-35405,2023-12-08,4.61,active,Old Dhaka,51,24,1375,2026-02-10T07:52:12+06:00,2026-08-05T01:26:52+06:00
727,USR081,+8801824517956,Shihab Kabir,RKM0000728,2026-07-20T20:25:09+06:00,Natunpata Demo Publication,Children,2,Shyamoli,23.780389,90.373387,2259,card,processing,2026-07-28T05:25:09+06:00,True,Rokomari,RKM-RDR-015,Mehedi Sheikh,8801376047729,delivery_rider,Bike,Dhaka-Metro-LA-48-9875,2025-11-17,4.56,active,Shyamoli,44,22,1705,2026-02-19T04:20:02+06:00,2026-08-03T03:52:15+06:00
728,USR081,+8801824517956,Shihab Kabir,RKM0000729,2026-05-12T14:54:21+06:00,Akshar Demo Publications,Academic,2,Mirpur,23.829515,90.366008,3088,mobile_wallet,delivered,2026-05-17T12:54:21+06:00,True,Rokomari,RKM-RDR-008,Mehedi Mia,8801903214455,delivery_rider,Bike,Dhaka-Metro-LA-48-7063,2023-02-20,4.42,active,Mirpur,58,32,333,2026-02-14T18:44:07+06:00,2026-08-08T13:29:34+06:00
729,USR081,+8801824517956,Shihab Kabir,RKM0000730,2026-05-22T03:09:20+06:00,Kalam Demo Publications,History,4,Uttara,23.870796,90.37305,4319,card,returned,2026-05-25T06:09:20+06:00,True,Rokomari,RKM-RDR-017,Emon Rahman,8801932543816,delivery_rider,Bike,Dhaka-Metro-LA-59-3501,2026-03-29,4.62,active,Uttara,52,27,1300,2026-02-11T17:22:46+06:00,2026-08-06T10:33:58+06:00
730,USR081,+8801824517956,Shihab Kabir,RKM0000731,2026-02-23T07:47:12+06:00,Shikkhaloy Demo Books,Science & Technology,4,Badda,23.774409,90.433233,2004,cash,processing,2026-02-25T08:47:12+06:00,True,Rokomari,RKM-RDR-001,Hasan Chowdhury,8801871778083,delivery_rider,Bike,Dhaka-Metro-LA-49-2544,2023-03-12,4.55,active,Badda,27,10,1110,2026-02-11T03:30:55+06:00,2026-08-07T13:48:18+06:00
731,USR082,+8801794496492,Ridwan Rahman,RKM0000732,2026-02-25T14:55:17+06:00,Akshar Demo Publications,Business,5,Dhanmondi,23.741874,90.371,4277,mobile_wallet,delivered,2026-03-02T02:55:17+06:00,True,Rokomari,RKM-RDR-004,Fahim Karim,8801564428282,delivery_rider,Bike,Dhaka-Metro-LA-49-5778,2023-06-10,4.82,active,Dhanmondi,58,29,821,2026-02-14T08:31:15+06:00,2026-08-10T21:30:40+06:00
732,USR082,+8801794496492,Ridwan Rahman,RKM0000733,2026-04-24T22:16:51+06:00,Shikkhaloy Demo Books,Business,1,Rampura,23.763464,90.417477,2386,cash,processing,2026-05-02T07:16:51+06:00,True,Rokomari,RKM-RDR-014,Hasan Sarker,8801938904423,delivery_rider,Bike,Dhaka-Metro-LA-21-8928,2023-08-20,4.35,active,Rampura,58,30,832,2026-02-11T14:04:39+06:00,2026-07-31T09:46:08+06:00
733,USR082,+8801794496492,Ridwan Rahman,RKM0000734,2026-03-01T10:27:03+06:00,Kalam Demo Publications,Non-Fiction,2,Gulshan,23.784498,90.409057,3834,card,returned,2026-03-04T03:27:03+06:00,True,Rokomari,RKM-RDR-006,Shamim Karim,8801999724975,delivery_rider,Bike,Dhaka-Metro-LA-31-7317,2023-01-06,4.80,active,Gulshan,49,27,451,2026-02-12T06:57:54+06:00,2026-07-29T17:38:13+06:00
734,USR082,+8801794496492,Ridwan Rahman,RKM0000735,2026-03-11T00:41:39+06:00,Pathshala Demo Books,Academic,2,Badda,23.789581,90.433344,1329,mobile_wallet,delivered,2026-03-11T01:41:39+06:00,True,Rokomari,RKM-RDR-019,Jubayer Sheikh,8801479247170,delivery_rider,Bicycle,BIC-57952,2025-05-30,4.90,active,Badda,26,11,467,2026-02-18T05:10:01+06:00,2026-08-10T02:50:03+06:00
735,USR082,+8801794496492,Ridwan Rahman,RKM0000736,2026-02-20T04:35:29+06:00,Pragya Demo Book House,History,4,Gulshan,23.797546,90.408913,2906,mobile_wallet,delivered,2026-02-24T10:35:29+06:00,True,Rokomari,RKM-RDR-006,Shamim Karim,8801999724975,delivery_rider,Bike,Dhaka-Metro-LA-31-7317,2023-01-06,4.80,active,Gulshan,49,27,451,2026-02-12T06:57:54+06:00,2026-07-29T17:38:13+06:00
736,USR082,+8801794496492,Ridwan Rahman,RKM0000737,2026-02-19T08:50:41+06:00,Boibagan Demo Publications,Biography,5,Mohakhali,23.771768,90.405798,2404,mobile_wallet,cancelled,2026-02-20T10:50:41+06:00,True,Rokomari,RKM-RDR-009,Nayeem Hasan,8801324471418,delivery_rider,Bike,Dhaka-Metro-LA-34-5388,2024-11-23,4.65,active,Mohakhali,36,19,1188,2026-02-19T08:50:41+06:00,2026-08-02T04:47:49+06:00
737,USR082,+8801794496492,Ridwan Rahman,RKM0000738,2026-05-15T01:54:25+06:00,Natunpata Demo Publication,History,2,Badda,23.775884,90.427146,1114,mobile_wallet,delivered,2026-05-22T13:54:25+06:00,True,Rokomari,RKM-RDR-001,Hasan Chowdhury,8801871778083,delivery_rider,Bike,Dhaka-Metro-LA-49-2544,2023-03-12,4.55,active,Badda,27,10,1110,2026-02-11T03:30:55+06:00,2026-08-07T13:48:18+06:00
738,USR083,+8801699611372,Tanjim Hasan,RKM0000739,2026-05-25T07:43:41+06:00,Shikkhaloy Demo Books,Business,1,Mohammadpur,23.770042,90.364149,3688,card,delivered,2026-06-01T13:43:41+06:00,True,Rokomari,RKM-RDR-010,Kawsar Hasan,8801752549830,delivery_rider,Bike,Dhaka-Metro-LA-32-8079,2024-06-06,4.23,active,Mohammadpur,50,24,1645,2026-02-11T04:16:48+06:00,2026-08-07T17:24:51+06:00
739,USR083,+8801699611372,Tanjim Hasan,RKM0000740,2026-05-11T07:32:41+06:00,Gyanpath Demo Publications,Children,1,Uttara,23.884557,90.382205,1500,mobile_wallet,returned,2026-05-19T20:32:41+06:00,True,Rokomari,RKM-RDR-017,Emon Rahman,8801932543816,delivery_rider,Bike,Dhaka-Metro-LA-59-3501,2026-03-29,4.62,active,Uttara,52,27,1300,2026-02-11T17:22:46+06:00,2026-08-06T10:33:58+06:00
740,USR083,+8801699611372,Tanjim Hasan,RKM0000741,2026-05-21T22:20:21+06:00,Pragya Demo Book House,Business,3,Khilgaon,23.753901,90.420047,1407,cash,processing,2026-05-26T17:20:21+06:00,True,Rokomari,RKM-RDR-007,Noman Rahman,8801316743606,delivery_rider,Bike,Dhaka-Metro-LA-37-5287,2025-09-08,4.70,temporarily_inactive,Khilgaon,53,31,1154,2026-02-11T14:39:35+06:00,2026-08-09T03:13:19+06:00
741,USR083,+8801699611372,Tanjim Hasan,RKM0000742,2026-02-11T18:18:56+06:00,Natunpata Demo Publication,Science & Technology,3,Pallabi,23.824018,90.356251,4568,mobile_wallet,delivered,2026-02-13T19:18:56+06:00,True,Rokomari,RKM-RDR-013,Jubayer Karim,8801590153458,delivery_rider,Bike,Dhaka-Metro-LA-45-1553,2023-09-22,4.72,active,Pallabi,46,20,915,2026-02-11T18:18:56+06:00,2026-08-09T18:40:47+06:00
742,USR083,+8801699611372,Tanjim Hasan,RKM0000743,2026-08-02T09:53:57+06:00,Pathshala Demo Books,Science & Technology,1,Mirpur,23.824219,90.358323,1595,mobile_wallet,returned,2026-08-03T21:53:57+06:00,True,Rokomari,RKM-RDR-008,Mehedi Mia,8801903214455,delivery_rider,Bike,Dhaka-Metro-LA-48-7063,2023-02-20,4.42,active,Mirpur,58,32,333,2026-02-14T18:44:07+06:00,2026-08-08T13:29:34+06:00
743,USR083,+8801699611372,Tanjim Hasan,RKM0000744,2026-07-07T09:10:50+06:00,Kalam Demo Publications,Exam Preparation,4,Uttara,23.882725,90.375299,2369,card,delivered,2026-07-09T03:10:50+06:00,True,Rokomari,RKM-RDR-017,Emon Rahman,8801932543816,delivery_rider,Bike,Dhaka-Metro-LA-59-3501,2026-03-29,4.62,active,Uttara,52,27,1300,2026-02-11T17:22:46+06:00,2026-08-06T10:33:58+06:00
744,USR084,+8801991533353,Naim Ahmed,RKM0000745,2026-06-14T22:23:48+06:00,Akshar Demo Publications,Exam Preparation,2,Dhanmondi,23.748054,90.377202,3137,cash,delivered,2026-06-24T22:23:48+06:00,True,Rokomari,RKM-RDR-004,Fahim Karim,8801564428282,delivery_rider,Bike,Dhaka-Metro-LA-49-5778,2023-06-10,4.82,active,Dhanmondi,58,29,821,2026-02-14T08:31:15+06:00,2026-08-10T21:30:40+06:00
745,USR084,+8801991533353,Naim Ahmed,RKM0000746,2026-06-08T13:07:06+06:00,Gyanpath Demo Publications,Business,4,Dhanmondi,23.746382,90.380526,2232,cash,processing,2026-06-13T23:07:06+06:00,True,Rokomari,RKM-RDR-004,Fahim Karim,8801564428282,delivery_rider,Bike,Dhaka-Metro-LA-49-5778,2023-06-10,4.82,active,Dhanmondi,58,29,821,2026-02-14T08:31:15+06:00,2026-08-10T21:30:40+06:00
746,USR084,+8801991533353,Naim Ahmed,RKM0000747,2026-06-20T11:46:01+06:00,Natunpata Demo Publication,Fiction,1,Pallabi,23.833197,90.368824,1424,card,delivered,2026-06-28T08:46:01+06:00,True,Rokomari,RKM-RDR-013,Jubayer Karim,8801590153458,delivery_rider,Bike,Dhaka-Metro-LA-45-1553,2023-09-22,4.72,active,Pallabi,46,20,915,2026-02-11T18:18:56+06:00,2026-08-09T18:40:47+06:00
747,USR084,+8801991533353,Naim Ahmed,RKM0000748,2026-05-19T18:22:25+06:00,Gyanpath Demo Publications,Religion,4,Dhanmondi,23.744493,90.381896,3125,card,cancelled,2026-05-24T22:22:25+06:00,True,Rokomari,RKM-RDR-004,Fahim Karim,8801564428282,delivery_rider,Bike,Dhaka-Metro-LA-49-5778,2023-06-10,4.82,active,Dhanmondi,58,29,821,2026-02-14T08:31:15+06:00,2026-08-10T21:30:40+06:00
748,USR084,+8801991533353,Naim Ahmed,RKM0000749,2026-05-12T05:14:53+06:00,Kalam Demo Publications,Exam Preparation,5,Old Dhaka,23.71384,90.399291,907,mobile_wallet,delivered,2026-05-12T20:14:53+06:00,True,Rokomari,RKM-RDR-012,Nadim Chowdhury,8801935031640,delivery_rider,Bicycle,BIC-35405,2023-12-08,4.61,active,Old Dhaka,51,24,1375,2026-02-10T07:52:12+06:00,2026-08-05T01:26:52+06:00
749,USR084,+8801991533353,Naim Ahmed,RKM0000750,2026-06-21T08:59:42+06:00,Sahityaghar Demo Publications,Children,3,Wari,23.725712,90.419667,1916,cash,delivered,2026-06-29T18:59:42+06:00,True,Rokomari,RKM-RDR-018,Sohel Sarker,8801409053113,delivery_rider,Bicycle,BIC-69174,2024-04-13,4.26,active,Wari,43,27,1288,2026-02-26T19:01:14+06:00,2026-08-07T20:15:31+06:00
750,USR085,+8801306840379,Sumaiya Hasan,RKM0000751,2026-04-03T02:11:27+06:00,Gyanpath Demo Publications,Biography,2,Pallabi,23.826792,90.370247,1615,mobile_wallet,delivered,2026-04-06T07:11:27+06:00,True,Rokomari,RKM-RDR-013,Jubayer Karim,8801590153458,delivery_rider,Bike,Dhaka-Metro-LA-45-1553,2023-09-22,4.72,active,Pallabi,46,20,915,2026-02-11T18:18:56+06:00,2026-08-09T18:40:47+06:00
751,USR085,+8801306840379,Sumaiya Hasan,RKM0000752,2026-05-03T15:35:47+06:00,Kalam Demo Publications,Religion,2,Uttara,23.872023,90.376521,2314,cash,delivered,2026-05-08T13:35:47+06:00,True,Rokomari,RKM-RDR-017,Emon Rahman,8801932543816,delivery_rider,Bike,Dhaka-Metro-LA-59-3501,2026-03-29,4.62,active,Uttara,52,27,1300,2026-02-11T17:22:46+06:00,2026-08-06T10:33:58+06:00
752,USR085,+8801306840379,Sumaiya Hasan,RKM0000753,2026-06-12T21:03:17+06:00,Gyanpath Demo Publications,Exam Preparation,3,Bashundhara,23.823268,90.433188,3143,cash,cancelled,2026-06-19T02:03:17+06:00,True,Rokomari,RKM-RDR-003,Parvez Hasan,8801849556978,delivery_rider,Bike,Dhaka-Metro-LA-11-9736,2024-07-20,4.40,active,Bashundhara,48,23,1818,2026-02-10T11:36:34+06:00,2026-08-09T09:20:46+06:00
753,USR085,+8801306840379,Sumaiya Hasan,RKM0000754,2026-05-12T10:45:56+06:00,Sahityaghar Demo Publications,Business,1,Uttara,23.884097,90.377864,502,card,processing,2026-05-20T01:45:56+06:00,True,Rokomari,RKM-RDR-017,Emon Rahman,8801932543816,delivery_rider,Bike,Dhaka-Metro-LA-59-3501,2026-03-29,4.62,active,Uttara,52,27,1300,2026-02-11T17:22:46+06:00,2026-08-06T10:33:58+06:00
754,USR085,+8801306840379,Sumaiya Hasan,RKM0000755,2026-06-20T16:49:46+06:00,Boibagan Demo Publications,Religion,5,Motijheel,23.726106,90.409953,2261,card,delivered,2026-06-28T00:49:46+06:00,True,Rokomari,RKM-RDR-011,Sumon Uddin,8801903242764,delivery_rider,Bike,Dhaka-Metro-LA-44-1426,2023-08-04,4.66,active,Motijheel,43,22,1317,2026-02-12T04:42:40+06:00,2026-08-06T08:07:38+06:00
755,USR085,+8801306840379,Sumaiya Hasan,RKM0000756,2026-07-14T08:34:31+06:00,Gyanpath Demo Publications,Academic,3,Bashundhara,23.820283,90.41693,3046,mobile_wallet,delivered,2026-07-24T03:34:31+06:00,True,Rokomari,RKM-RDR-003,Parvez Hasan,8801849556978,delivery_rider,Bike,Dhaka-Metro-LA-11-9736,2024-07-20,4.40,active,Bashundhara,48,23,1818,2026-02-10T11:36:34+06:00,2026-08-09T09:20:46+06:00
756,USR085,+8801306840379,Sumaiya Hasan,RKM0000757,2026-06-28T21:50:23+06:00,Pathshala Demo Books,History,5,Farmgate,23.76208,90.391587,2872,card,delivered,2026-06-29T03:50:23+06:00,True,Rokomari,RKM-RDR-005,Tanvir Hasan,8801510283842,delivery_rider,Bicycle,BIC-99533,2024-10-07,4.86,active,Farmgate,51,22,318,2026-02-14T11:05:37+06:00,2026-08-06T15:48:56+06:00
757,USR085,+8801306840379,Sumaiya Hasan,RKM0000758,2026-06-13T04:55:10+06:00,Shikkhaloy Demo Books,Children,3,Gulshan,23.793879,90.415629,2864,cash,processing,2026-06-15T21:55:10+06:00,True,Rokomari,RKM-RDR-006,Shamim Karim,8801999724975,delivery_rider,Bike,Dhaka-Metro-LA-31-7317,2023-01-06,4.80,active,Gulshan,49,27,451,2026-02-12T06:57:54+06:00,2026-07-29T17:38:13+06:00
758,USR085,+8801306840379,Sumaiya Hasan,RKM0000759,2026-05-10T05:55:24+06:00,Kalam Demo Publications,History,4,Mirpur,23.830609,90.370941,4280,card,returned,2026-05-15T14:55:24+06:00,True,Rokomari,RKM-RDR-008,Mehedi Mia,8801903214455,delivery_rider,Bike,Dhaka-Metro-LA-48-7063,2023-02-20,4.42,active,Mirpur,58,32,333,2026-02-14T18:44:07+06:00,2026-08-08T13:29:34+06:00
759,USR085,+8801306840379,Sumaiya Hasan,RKM0000760,2026-02-12T18:11:04+06:00,Akshar Demo Publications,Science & Technology,3,Uttara,23.881627,90.376279,3650,cash,delivered,2026-02-17T17:11:04+06:00,True,Rokomari,RKM-RDR-017,Emon Rahman,8801932543816,delivery_rider,Bike,Dhaka-Metro-LA-59-3501,2026-03-29,4.62,active,Uttara,52,27,1300,2026-02-11T17:22:46+06:00,2026-08-06T10:33:58+06:00
760,USR086,+8801639713895,Anika Akter,RKM0000761,2026-03-11T06:44:49+06:00,Kalam Demo Publications,History,3,Mohakhali,23.769581,90.397271,3947,mobile_wallet,delivered,2026-03-20T17:44:49+06:00,True,Rokomari,RKM-RDR-009,Nayeem Hasan,8801324471418,delivery_rider,Bike,Dhaka-Metro-LA-34-5388,2024-11-23,4.65,active,Mohakhali,36,19,1188,2026-02-19T08:50:41+06:00,2026-08-02T04:47:49+06:00
761,USR086,+8801639713895,Anika Akter,RKM0000762,2026-06-06T22:58:09+06:00,Kalam Demo Publications,Academic,2,Gulshan,23.794605,90.412373,2238,mobile_wallet,processing,2026-06-07T07:58:09+06:00,True,Rokomari,RKM-RDR-006,Shamim Karim,8801999724975,delivery_rider,Bike,Dhaka-Metro-LA-31-7317,2023-01-06,4.80,active,Gulshan,49,27,451,2026-02-12T06:57:54+06:00,2026-07-29T17:38:13+06:00
762,USR086,+8801639713895,Anika Akter,RKM0000763,2026-04-10T05:10:25+06:00,Pragya Demo Book House,Fiction,3,Pallabi,23.827548,90.364232,2654,card,processing,2026-04-13T07:10:25+06:00,True,Rokomari,RKM-RDR-013,Jubayer Karim,8801590153458,delivery_rider,Bike,Dhaka-Metro-LA-45-1553,2023-09-22,4.72,active,Pallabi,46,20,915,2026-02-11T18:18:56+06:00,2026-08-09T18:40:47+06:00
763,USR086,+8801639713895,Anika Akter,RKM0000764,2026-06-20T07:29:18+06:00,Natunpata Demo Publication,Biography,3,Old Dhaka,23.716723,90.411636,1376,card,delivered,2026-06-25T07:29:18+06:00,True,Rokomari,RKM-RDR-012,Nadim Chowdhury,8801935031640,delivery_rider,Bicycle,BIC-35405,2023-12-08,4.61,active,Old Dhaka,51,24,1375,2026-02-10T07:52:12+06:00,2026-08-05T01:26:52+06:00
764,USR086,+8801639713895,Anika Akter,RKM0000765,2026-05-02T17:06:36+06:00,Shikkhaloy Demo Books,Fiction,4,Farmgate,23.754434,90.392724,675,card,returned,2026-05-06T17:06:36+06:00,True,Rokomari,RKM-RDR-005,Tanvir Hasan,8801510283842,delivery_rider,Bicycle,BIC-99533,2024-10-07,4.86,active,Farmgate,51,22,318,2026-02-14T11:05:37+06:00,2026-08-06T15:48:56+06:00
765,USR086,+8801639713895,Anika Akter,RKM0000766,2026-02-14T18:44:07+06:00,Boibagan Demo Publications,History,4,Mirpur,23.814891,90.368678,2958,card,delivered,2026-02-24T03:44:07+06:00,True,Rokomari,RKM-RDR-008,Mehedi Mia,8801903214455,delivery_rider,Bike,Dhaka-Metro-LA-48-7063,2023-02-20,4.42,active,Mirpur,58,32,333,2026-02-14T18:44:07+06:00,2026-08-08T13:29:34+06:00
766,USR086,+8801639713895,Anika Akter,RKM0000767,2026-02-27T02:49:46+06:00,Boibagan Demo Publications,Religion,4,Pallabi,23.83314,90.372306,689,mobile_wallet,delivered,2026-03-01T04:49:46+06:00,True,Rokomari,RKM-RDR-013,Jubayer Karim,8801590153458,delivery_rider,Bike,Dhaka-Metro-LA-45-1553,2023-09-22,4.72,active,Pallabi,46,20,915,2026-02-11T18:18:56+06:00,2026-08-09T18:40:47+06:00
767,USR086,+8801639713895,Anika Akter,RKM0000768,2026-04-07T19:35:31+06:00,Kalam Demo Publications,Business,3,Rampura,23.766865,90.415607,4138,cash,delivered,2026-04-13T04:35:31+06:00,True,Rokomari,RKM-RDR-014,Hasan Sarker,8801938904423,delivery_rider,Bike,Dhaka-Metro-LA-21-8928,2023-08-20,4.35,active,Rampura,58,30,832,2026-02-11T14:04:39+06:00,2026-07-31T09:46:08+06:00
768,USR086,+8801639713895,Anika Akter,RKM0000769,2026-03-01T02:17:34+06:00,Akshar Demo Publications,Religion,3,Uttara,23.874391,90.381419,3515,mobile_wallet,cancelled,2026-03-05T19:17:34+06:00,True,Rokomari,RKM-RDR-017,Emon Rahman,8801932543816,delivery_rider,Bike,Dhaka-Metro-LA-59-3501,2026-03-29,4.62,active,Uttara,52,27,1300,2026-02-11T17:22:46+06:00,2026-08-06T10:33:58+06:00
769,USR086,+8801639713895,Anika Akter,RKM0000770,2026-05-28T08:04:23+06:00,Gyanpath Demo Publications,Biography,3,Rampura,23.764919,90.426704,1147,cash,cancelled,2026-06-01T23:04:23+06:00,True,Rokomari,RKM-RDR-014,Hasan Sarker,8801938904423,delivery_rider,Bike,Dhaka-Metro-LA-21-8928,2023-08-20,4.35,active,Rampura,58,30,832,2026-02-11T14:04:39+06:00,2026-07-31T09:46:08+06:00
770,USR087,+8801921599133,Ritu Rahman,RKM0000771,2026-04-22T18:51:01+06:00,Natunpata Demo Publication,Exam Preparation,3,Mirpur,23.827158,90.370197,3264,cash,processing,2026-05-01T17:51:01+06:00,True,Rokomari,RKM-RDR-008,Mehedi Mia,8801903214455,delivery_rider,Bike,Dhaka-Metro-LA-48-7063,2023-02-20,4.42,active,Mirpur,58,32,333,2026-02-14T18:44:07+06:00,2026-08-08T13:29:34+06:00
771,USR087,+8801921599133,Ritu Rahman,RKM0000772,2026-03-12T01:32:05+06:00,Pathshala Demo Books,Non-Fiction,5,Farmgate,23.75065,90.388476,661,mobile_wallet,processing,2026-03-18T16:32:05+06:00,True,Rokomari,RKM-RDR-005,Tanvir Hasan,8801510283842,delivery_rider,Bicycle,BIC-99533,2024-10-07,4.86,active,Farmgate,51,22,318,2026-02-14T11:05:37+06:00,2026-08-06T15:48:56+06:00
772,USR087,+8801921599133,Ritu Rahman,RKM0000773,2026-03-05T23:10:48+06:00,Sahityaghar Demo Publications,Religion,4,Banani,23.787541,90.404959,3811,cash,processing,2026-03-11T21:10:48+06:00,True,Rokomari,RKM-RDR-002,Sabbir Sheikh,8801646093550,delivery_rider,Bike,Dhaka-Metro-LA-47-8925,2023-01-15,4.78,active,Banani,25,11,869,2026-02-10T18:00:19+06:00,2026-08-10T20:22:38+06:00
773,USR087,+8801921599133,Ritu Rahman,RKM0000774,2026-03-21T17:56:52+06:00,Pathshala Demo Books,History,2,Wari,23.730772,90.417489,3570,card,delivered,2026-03-31T16:56:52+06:00,True,Rokomari,RKM-RDR-018,Sohel Sarker,8801409053113,delivery_rider,Bicycle,BIC-69174,2024-04-13,4.26,active,Wari,43,27,1288,2026-02-26T19:01:14+06:00,2026-08-07T20:15:31+06:00
774,USR087,+8801921599133,Ritu Rahman,RKM0000775,2026-05-14T19:51:37+06:00,Sahityaghar Demo Publications,Fiction,5,Banani,23.790065,90.407223,4362,cash,processing,2026-05-23T06:51:37+06:00,True,Rokomari,RKM-RDR-020,Morshed Kabir,8801942462644,delivery_rider,Bike,Dhaka-Metro-LA-37-3930,2023-03-20,4.46,active,Banani,35,15,1313,2026-02-10T00:48:36+06:00,2026-08-09T15:47:43+06:00
775,USR087,+8801921599133,Ritu Rahman,RKM0000776,2026-05-08T20:15:54+06:00,Shikkhaloy Demo Books,Religion,3,Mirpur,23.828849,90.365114,1172,cash,delivered,2026-05-11T14:15:54+06:00,True,Rokomari,RKM-RDR-008,Mehedi Mia,8801903214455,delivery_rider,Bike,Dhaka-Metro-LA-48-7063,2023-02-20,4.42,active,Mirpur,58,32,333,2026-02-14T18:44:07+06:00,2026-08-08T13:29:34+06:00
776,USR087,+8801921599133,Ritu Rahman,RKM0000777,2026-07-19T13:00:45+06:00,Akshar Demo Publications,Non-Fiction,2,Uttara,23.867335,90.381312,3595,card,delivered,2026-07-21T05:00:45+06:00,True,Rokomari,RKM-RDR-017,Emon Rahman,8801932543816,delivery_rider,Bike,Dhaka-Metro-LA-59-3501,2026-03-29,4.62,active,Uttara,52,27,1300,2026-02-11T17:22:46+06:00,2026-08-06T10:33:58+06:00
777,USR087,+8801921599133,Ritu Rahman,RKM0000778,2026-04-01T14:47:06+06:00,Gyanpath Demo Publications,Exam Preparation,3,Old Dhaka,23.712375,90.405595,4484,card,cancelled,2026-04-06T04:47:06+06:00,True,Rokomari,RKM-RDR-012,Nadim Chowdhury,8801935031640,delivery_rider,Bicycle,BIC-35405,2023-12-08,4.61,active,Old Dhaka,51,24,1375,2026-02-10T07:52:12+06:00,2026-08-05T01:26:52+06:00
778,USR087,+8801921599133,Ritu Rahman,RKM0000779,2026-05-01T12:38:19+06:00,Natunpata Demo Publication,Science & Technology,1,Farmgate,23.754071,90.396471,4085,mobile_wallet,processing,2026-05-06T02:38:19+06:00,True,Rokomari,RKM-RDR-005,Tanvir Hasan,8801510283842,delivery_rider,Bicycle,BIC-99533,2024-10-07,4.86,active,Farmgate,51,22,318,2026-02-14T11:05:37+06:00,2026-08-06T15:48:56+06:00
779,USR087,+8801921599133,Ritu Rahman,RKM0000780,2026-07-13T07:48:45+06:00,Pathshala Demo Books,Religion,4,Old Dhaka,23.713312,90.401929,2448,mobile_wallet,delivered,2026-07-21T08:48:45+06:00,True,Rokomari,RKM-RDR-012,Nadim Chowdhury,8801935031640,delivery_rider,Bicycle,BIC-35405,2023-12-08,4.61,active,Old Dhaka,51,24,1375,2026-02-10T07:52:12+06:00,2026-08-05T01:26:52+06:00
780,USR087,+8801921599133,Ritu Rahman,RKM0000781,2026-03-21T06:58:37+06:00,Shikkhaloy Demo Books,Academic,3,Farmgate,23.751142,90.384762,3549,card,delivered,2026-03-24T03:58:37+06:00,True,Rokomari,RKM-RDR-005,Tanvir Hasan,8801510283842,delivery_rider,Bicycle,BIC-99533,2024-10-07,4.86,active,Farmgate,51,22,318,2026-02-14T11:05:37+06:00,2026-08-06T15:48:56+06:00
781,USR087,+8801921599133,Ritu Rahman,RKM0000782,2026-03-06T16:13:13+06:00,Natunpata Demo Publication,History,2,Gulshan,23.793399,90.401511,1944,mobile_wallet,returned,2026-03-08T11:13:13+06:00,True,Rokomari,RKM-RDR-006,Shamim Karim,8801999724975,delivery_rider,Bike,Dhaka-Metro-LA-31-7317,2023-01-06,4.80,active,Gulshan,49,27,451,2026-02-12T06:57:54+06:00,2026-07-29T17:38:13+06:00
782,USR088,+8801946307762,Fahim Jahan,RKM0000783,2026-04-14T15:05:51+06:00,Pathshala Demo Books,Children,5,Mirpur,23.815134,90.365039,1207,cash,delivered,2026-04-18T04:05:51+06:00,True,Rokomari,RKM-RDR-008,Mehedi Mia,8801903214455,delivery_rider,Bike,Dhaka-Metro-LA-48-7063,2023-02-20,4.42,active,Mirpur,58,32,333,2026-02-14T18:44:07+06:00,2026-08-08T13:29:34+06:00
783,USR088,+8801946307762,Fahim Jahan,RKM0000784,2026-02-17T13:10:20+06:00,Boibagan Demo Publications,Academic,4,Rampura,23.758086,90.427981,4251,mobile_wallet,cancelled,2026-02-21T11:10:20+06:00,True,Rokomari,RKM-RDR-014,Hasan Sarker,8801938904423,delivery_rider,Bike,Dhaka-Metro-LA-21-8928,2023-08-20,4.35,active,Rampura,58,30,832,2026-02-11T14:04:39+06:00,2026-07-31T09:46:08+06:00
784,USR088,+8801946307762,Fahim Jahan,RKM0000785,2026-07-19T14:19:40+06:00,Boibagan Demo Publications,History,4,Rampura,23.757284,90.415676,4779,cash,cancelled,2026-07-23T03:19:40+06:00,True,Rokomari,RKM-RDR-014,Hasan Sarker,8801938904423,delivery_rider,Bike,Dhaka-Metro-LA-21-8928,2023-08-20,4.35,active,Rampura,58,30,832,2026-02-11T14:04:39+06:00,2026-07-31T09:46:08+06:00
785,USR088,+8801946307762,Fahim Jahan,RKM0000786,2026-05-05T09:53:32+06:00,Gyanpath Demo Publications,Fiction,1,Rampura,23.762251,90.414173,3896,mobile_wallet,returned,2026-05-07T20:53:32+06:00,True,Rokomari,RKM-RDR-014,Hasan Sarker,8801938904423,delivery_rider,Bike,Dhaka-Metro-LA-21-8928,2023-08-20,4.35,active,Rampura,58,30,832,2026-02-11T14:04:39+06:00,2026-07-31T09:46:08+06:00
786,USR088,+8801946307762,Fahim Jahan,RKM0000787,2026-05-08T17:37:30+06:00,Akshar Demo Publications,Children,4,Bashundhara,23.815573,90.430345,3997,cash,processing,2026-05-13T04:37:30+06:00,True,Rokomari,RKM-RDR-003,Parvez Hasan,8801849556978,delivery_rider,Bike,Dhaka-Metro-LA-11-9736,2024-07-20,4.40,active,Bashundhara,48,23,1818,2026-02-10T11:36:34+06:00,2026-08-09T09:20:46+06:00
787,USR088,+8801946307762,Fahim Jahan,RKM0000788,2026-06-12T17:46:35+06:00,Kalam Demo Publications,Science & Technology,4,Old Dhaka,23.711937,90.410272,2081,cash,cancelled,2026-06-13T05:46:35+06:00,True,Rokomari,RKM-RDR-012,Nadim Chowdhury,8801935031640,delivery_rider,Bicycle,BIC-35405,2023-12-08,4.61,active,Old Dhaka,51,24,1375,2026-02-10T07:52:12+06:00,2026-08-05T01:26:52+06:00
788,USR088,+8801946307762,Fahim Jahan,RKM0000789,2026-05-21T00:06:49+06:00,Kalam Demo Publications,Exam Preparation,5,Dhanmondi,23.741367,90.379327,2577,card,delivered,2026-05-29T04:06:49+06:00,True,Rokomari,RKM-RDR-004,Fahim Karim,8801564428282,delivery_rider,Bike,Dhaka-Metro-LA-49-5778,2023-06-10,4.82,active,Dhanmondi,58,29,821,2026-02-14T08:31:15+06:00,2026-08-10T21:30:40+06:00
789,USR089,+8801866536151,Fahim Islam,RKM0000790,2026-03-04T14:22:25+06:00,Sahityaghar Demo Publications,Children,4,Farmgate,23.757929,90.383497,1200,cash,delivered,2026-03-06T21:22:25+06:00,True,Rokomari,RKM-RDR-005,Tanvir Hasan,8801510283842,delivery_rider,Bicycle,BIC-99533,2024-10-07,4.86,active,Farmgate,51,22,318,2026-02-14T11:05:37+06:00,2026-08-06T15:48:56+06:00
790,USR089,+8801866536151,Fahim Islam,RKM0000791,2026-07-25T06:29:44+06:00,Pragya Demo Book House,Biography,1,Badda,23.786595,90.430462,3836,card,processing,2026-08-01T11:29:44+06:00,True,Rokomari,RKM-RDR-001,Hasan Chowdhury,8801871778083,delivery_rider,Bike,Dhaka-Metro-LA-49-2544,2023-03-12,4.55,active,Badda,27,10,1110,2026-02-11T03:30:55+06:00,2026-08-07T13:48:18+06:00
791,USR089,+8801866536151,Fahim Islam,RKM0000792,2026-07-31T08:11:37+06:00,Sahityaghar Demo Publications,Children,2,Farmgate,23.751341,90.387981,4571,card,cancelled,2026-08-01T14:11:37+06:00,True,Rokomari,RKM-RDR-005,Tanvir Hasan,8801510283842,delivery_rider,Bicycle,BIC-99533,2024-10-07,4.86,active,Farmgate,51,22,318,2026-02-14T11:05:37+06:00,2026-08-06T15:48:56+06:00
792,USR089,+8801866536151,Fahim Islam,RKM0000793,2026-03-30T00:34:15+06:00,Boibagan Demo Publications,History,3,Banani,23.801101,90.411044,406,cash,returned,2026-04-04T05:34:15+06:00,True,Rokomari,RKM-RDR-002,Sabbir Sheikh,8801646093550,delivery_rider,Bike,Dhaka-Metro-LA-47-8925,2023-01-15,4.78,active,Banani,25,11,869,2026-02-10T18:00:19+06:00,2026-08-10T20:22:38+06:00
793,USR089,+8801866536151,Fahim Islam,RKM0000794,2026-06-18T11:10:16+06:00,Akshar Demo Publications,Children,4,Badda,23.775221,90.427532,2644,cash,processing,2026-06-23T23:10:16+06:00,True,Rokomari,RKM-RDR-001,Hasan Chowdhury,8801871778083,delivery_rider,Bike,Dhaka-Metro-LA-49-2544,2023-03-12,4.55,active,Badda,27,10,1110,2026-02-11T03:30:55+06:00,2026-08-07T13:48:18+06:00
794,USR089,+8801866536151,Fahim Islam,RKM0000795,2026-03-23T15:21:18+06:00,Akshar Demo Publications,Religion,5,Uttara,23.869037,90.380858,3471,mobile_wallet,delivered,2026-03-23T20:21:18+06:00,True,Rokomari,RKM-RDR-017,Emon Rahman,8801932543816,delivery_rider,Bike,Dhaka-Metro-LA-59-3501,2026-03-29,4.62,active,Uttara,52,27,1300,2026-02-11T17:22:46+06:00,2026-08-06T10:33:58+06:00
795,USR089,+8801866536151,Fahim Islam,RKM0000796,2026-03-01T02:23:38+06:00,Shikkhaloy Demo Books,Business,3,Rampura,23.764091,90.419296,1287,mobile_wallet,cancelled,2026-03-01T05:23:38+06:00,True,Rokomari,RKM-RDR-014,Hasan Sarker,8801938904423,delivery_rider,Bike,Dhaka-Metro-LA-21-8928,2023-08-20,4.35,active,Rampura,58,30,832,2026-02-11T14:04:39+06:00,2026-07-31T09:46:08+06:00
796,USR089,+8801866536151,Fahim Islam,RKM0000797,2026-03-28T17:39:29+06:00,Kalam Demo Publications,Children,5,Mirpur,23.824046,90.364907,2172,mobile_wallet,delivered,2026-04-07T08:39:29+06:00,True,Rokomari,RKM-RDR-008,Mehedi Mia,8801903214455,delivery_rider,Bike,Dhaka-Metro-LA-48-7063,2023-02-20,4.42,active,Mirpur,58,32,333,2026-02-14T18:44:07+06:00,2026-08-08T13:29:34+06:00
797,USR089,+8801866536151,Fahim Islam,RKM0000798,2026-08-09T09:20:46+06:00,Boibagan Demo Publications,Exam Preparation,1,Bashundhara,23.812117,90.433516,1440,card,delivered,2026-08-12T11:20:46+06:00,True,Rokomari,RKM-RDR-003,Parvez Hasan,8801849556978,delivery_rider,Bike,Dhaka-Metro-LA-11-9736,2024-07-20,4.40,active,Bashundhara,48,23,1818,2026-02-10T11:36:34+06:00,2026-08-09T09:20:46+06:00
798,USR090,+8801468450162,Rakib Akter,RKM0000799,2026-06-09T14:02:02+06:00,Boibagan Demo Publications,Biography,3,Pallabi,23.829988,90.371706,1237,mobile_wallet,cancelled,2026-06-16T20:02:02+06:00,True,Rokomari,RKM-RDR-013,Jubayer Karim,8801590153458,delivery_rider,Bike,Dhaka-Metro-LA-45-1553,2023-09-22,4.72,active,Pallabi,46,20,915,2026-02-11T18:18:56+06:00,2026-08-09T18:40:47+06:00
799,USR090,+8801468450162,Rakib Akter,RKM0000800,2026-04-10T14:47:10+06:00,Sahityaghar Demo Publications,Exam Preparation,4,Rampura,23.756586,90.416839,3743,cash,delivered,2026-04-14T06:47:10+06:00,True,Rokomari,RKM-RDR-014,Hasan Sarker,8801938904423,delivery_rider,Bike,Dhaka-Metro-LA-21-8928,2023-08-20,4.35,active,Rampura,58,30,832,2026-02-11T14:04:39+06:00,2026-07-31T09:46:08+06:00
800,USR090,+8801468450162,Rakib Akter,RKM0000801,2026-05-25T14:59:08+06:00,Pragya Demo Book House,Children,1,Old Dhaka,23.702982,90.404657,4590,card,delivered,2026-06-03T04:59:08+06:00,True,Rokomari,RKM-RDR-012,Nadim Chowdhury,8801935031640,delivery_rider,Bicycle,BIC-35405,2023-12-08,4.61,active,Old Dhaka,51,24,1375,2026-02-10T07:52:12+06:00,2026-08-05T01:26:52+06:00
801,USR090,+8801468450162,Rakib Akter,RKM0000802,2026-03-06T17:23:30+06:00,Akshar Demo Publications,Business,4,Tejgaon,23.770725,90.384056,1592,card,returned,2026-03-08T04:23:30+06:00,True,Rokomari,RKM-RDR-016,Shuvo Mahmud,8801674629335,delivery_rider,Bicycle,BIC-76953,2023-10-17,4.53,active,Tejgaon,43,17,253,2026-02-13T17:57:55+06:00,2026-08-06T02:47:10+06:00
802,USR090,+8801468450162,Rakib Akter,RKM0000803,2026-03-21T23:41:34+06:00,Kalam Demo Publications,Biography,3,Khilgaon,23.753099,90.435008,630,cash,delivered,2026-03-30T11:41:34+06:00,True,Rokomari,RKM-RDR-007,Noman Rahman,8801316743606,delivery_rider,Bike,Dhaka-Metro-LA-37-5287,2025-09-08,4.70,temporarily_inactive,Khilgaon,53,31,1154,2026-02-11T14:39:35+06:00,2026-08-09T03:13:19+06:00
803,USR090,+8801468450162,Rakib Akter,RKM0000804,2026-07-24T18:01:52+06:00,Shikkhaloy Demo Books,Business,2,Badda,23.784604,90.418745,1620,cash,delivered,2026-07-25T19:01:52+06:00,True,Rokomari,RKM-RDR-019,Jubayer Sheikh,8801479247170,delivery_rider,Bicycle,BIC-57952,2025-05-30,4.90,active,Badda,26,11,467,2026-02-18T05:10:01+06:00,2026-08-10T02:50:03+06:00
804,USR090,+8801468450162,Rakib Akter,RKM0000805,2026-05-22T14:55:33+06:00,Natunpata Demo Publication,Biography,3,Khilgaon,23.747566,90.418675,1402,card,processing,2026-06-01T00:55:33+06:00,True,Rokomari,RKM-RDR-007,Noman Rahman,8801316743606,delivery_rider,Bike,Dhaka-Metro-LA-37-5287,2025-09-08,4.70,temporarily_inactive,Khilgaon,53,31,1154,2026-02-11T14:39:35+06:00,2026-08-09T03:13:19+06:00
805,USR090,+8801468450162,Rakib Akter,RKM0000806,2026-04-24T14:38:28+06:00,Akshar Demo Publications,Exam Preparation,4,Shyamoli,23.78235,90.356167,1961,mobile_wallet,delivered,2026-04-30T11:38:28+06:00,True,Rokomari,RKM-RDR-015,Mehedi Sheikh,8801376047729,delivery_rider,Bike,Dhaka-Metro-LA-48-9875,2025-11-17,4.56,active,Shyamoli,44,22,1705,2026-02-19T04:20:02+06:00,2026-08-03T03:52:15+06:00
806,USR090,+8801468450162,Rakib Akter,RKM0000807,2026-05-08T12:14:03+06:00,Pathshala Demo Books,Science & Technology,1,Tejgaon,23.761925,90.382462,940,card,returned,2026-05-12T00:14:03+06:00,True,Rokomari,RKM-RDR-016,Shuvo Mahmud,8801674629335,delivery_rider,Bicycle,BIC-76953,2023-10-17,4.53,active,Tejgaon,43,17,253,2026-02-13T17:57:55+06:00,2026-08-06T02:47:10+06:00
807,USR090,+8801468450162,Rakib Akter,RKM0000808,2026-04-01T00:24:46+06:00,Akshar Demo Publications,Children,2,Bashundhara,23.819687,90.424343,1420,mobile_wallet,cancelled,2026-04-05T08:24:46+06:00,True,Rokomari,RKM-RDR-003,Parvez Hasan,8801849556978,delivery_rider,Bike,Dhaka-Metro-LA-11-9736,2024-07-20,4.40,active,Bashundhara,48,23,1818,2026-02-10T11:36:34+06:00,2026-08-09T09:20:46+06:00
808,USR090,+8801468450162,Rakib Akter,RKM0000809,2026-05-29T06:12:13+06:00,Natunpata Demo Publication,Business,2,Mohammadpur,23.762784,90.360586,809,mobile_wallet,processing,2026-06-01T11:12:13+06:00,True,Rokomari,RKM-RDR-010,Kawsar Hasan,8801752549830,delivery_rider,Bike,Dhaka-Metro-LA-32-8079,2024-06-06,4.23,active,Mohammadpur,50,24,1645,2026-02-11T04:16:48+06:00,2026-08-07T17:24:51+06:00
809,USR090,+8801468450162,Rakib Akter,RKM0000810,2026-06-07T02:24:46+06:00,Boibagan Demo Publications,Biography,4,Banani,23.795751,90.415268,3887,card,processing,2026-06-12T11:24:46+06:00,True,Rokomari,RKM-RDR-020,Morshed Kabir,8801942462644,delivery_rider,Bike,Dhaka-Metro-LA-37-3930,2023-03-20,4.46,active,Banani,35,15,1313,2026-02-10T00:48:36+06:00,2026-08-09T15:47:43+06:00
810,USR091,+8801635904892,Shihab Rahman,RKM0000811,2026-03-11T01:05:34+06:00,Pragya Demo Book House,Religion,1,Khilgaon,23.749234,90.424848,636,mobile_wallet,returned,2026-03-13T02:05:34+06:00,True,Rokomari,RKM-RDR-007,Noman Rahman,8801316743606,delivery_rider,Bike,Dhaka-Metro-LA-37-5287,2025-09-08,4.70,temporarily_inactive,Khilgaon,53,31,1154,2026-02-11T14:39:35+06:00,2026-08-09T03:13:19+06:00
811,USR091,+8801635904892,Shihab Rahman,RKM0000812,2026-04-27T18:06:17+06:00,Gyanpath Demo Publications,History,2,Mohakhali,23.784818,90.407463,4516,card,delivered,2026-05-02T04:06:17+06:00,True,Rokomari,RKM-RDR-009,Nayeem Hasan,8801324471418,delivery_rider,Bike,Dhaka-Metro-LA-34-5388,2024-11-23,4.65,active,Mohakhali,36,19,1188,2026-02-19T08:50:41+06:00,2026-08-02T04:47:49+06:00
812,USR091,+8801635904892,Shihab Rahman,RKM0000813,2026-03-09T02:20:32+06:00,Natunpata Demo Publication,Children,1,Mohakhali,23.785762,90.401068,2139,card,delivered,2026-03-18T04:20:32+06:00,True,Rokomari,RKM-RDR-009,Nayeem Hasan,8801324471418,delivery_rider,Bike,Dhaka-Metro-LA-34-5388,2024-11-23,4.65,active,Mohakhali,36,19,1188,2026-02-19T08:50:41+06:00,2026-08-02T04:47:49+06:00
813,USR091,+8801635904892,Shihab Rahman,RKM0000814,2026-04-27T00:00:35+06:00,Pathshala Demo Books,Exam Preparation,4,Mohakhali,23.781877,90.406379,4572,mobile_wallet,delivered,2026-05-05T19:00:35+06:00,True,Rokomari,RKM-RDR-009,Nayeem Hasan,8801324471418,delivery_rider,Bike,Dhaka-Metro-LA-34-5388,2024-11-23,4.65,active,Mohakhali,36,19,1188,2026-02-19T08:50:41+06:00,2026-08-02T04:47:49+06:00
814,USR091,+8801635904892,Shihab Rahman,RKM0000815,2026-04-28T14:56:44+06:00,Natunpata Demo Publication,Business,3,Motijheel,23.729315,90.425553,2928,mobile_wallet,cancelled,2026-05-08T01:56:44+06:00,True,Rokomari,RKM-RDR-011,Sumon Uddin,8801903242764,delivery_rider,Bike,Dhaka-Metro-LA-44-1426,2023-08-04,4.66,active,Motijheel,43,22,1317,2026-02-12T04:42:40+06:00,2026-08-06T08:07:38+06:00
815,USR091,+8801635904892,Shihab Rahman,RKM0000816,2026-03-25T02:09:52+06:00,Kalam Demo Publications,Non-Fiction,4,Banani,23.802172,90.410965,1319,cash,delivered,2026-04-02T08:09:52+06:00,True,Rokomari,RKM-RDR-020,Morshed Kabir,8801942462644,delivery_rider,Bike,Dhaka-Metro-LA-37-3930,2023-03-20,4.46,active,Banani,35,15,1313,2026-02-10T00:48:36+06:00,2026-08-09T15:47:43+06:00
816,USR091,+8801635904892,Shihab Rahman,RKM0000817,2026-05-03T04:36:17+06:00,Kalam Demo Publications,History,3,Mohammadpur,23.764006,90.351515,3168,card,processing,2026-05-05T16:36:17+06:00,True,Rokomari,RKM-RDR-010,Kawsar Hasan,8801752549830,delivery_rider,Bike,Dhaka-Metro-LA-32-8079,2024-06-06,4.23,active,Mohammadpur,50,24,1645,2026-02-11T04:16:48+06:00,2026-08-07T17:24:51+06:00
817,USR092,+8801465058820,Hasan Chowdhury,RKM0000818,2026-05-19T17:42:34+06:00,Boibagan Demo Publications,Children,4,Motijheel,23.737292,90.409858,4284,cash,returned,2026-05-23T11:42:34+06:00,True,Rokomari,RKM-RDR-011,Sumon Uddin,8801903242764,delivery_rider,Bike,Dhaka-Metro-LA-44-1426,2023-08-04,4.66,active,Motijheel,43,22,1317,2026-02-12T04:42:40+06:00,2026-08-06T08:07:38+06:00
818,USR092,+8801465058820,Hasan Chowdhury,RKM0000819,2026-03-04T06:48:19+06:00,Boibagan Demo Publications,History,1,Dhanmondi,23.75316,90.372829,4509,mobile_wallet,cancelled,2026-03-05T13:48:19+06:00,True,Rokomari,RKM-RDR-004,Fahim Karim,8801564428282,delivery_rider,Bike,Dhaka-Metro-LA-49-5778,2023-06-10,4.82,active,Dhanmondi,58,29,821,2026-02-14T08:31:15+06:00,2026-08-10T21:30:40+06:00
819,USR092,+8801465058820,Hasan Chowdhury,RKM0000820,2026-06-16T05:39:02+06:00,Natunpata Demo Publication,History,1,Uttara,23.87383,90.375225,4098,mobile_wallet,delivered,2026-06-22T20:39:02+06:00,True,Rokomari,RKM-RDR-017,Emon Rahman,8801932543816,delivery_rider,Bike,Dhaka-Metro-LA-59-3501,2026-03-29,4.62,active,Uttara,52,27,1300,2026-02-11T17:22:46+06:00,2026-08-06T10:33:58+06:00
820,USR092,+8801465058820,Hasan Chowdhury,RKM0000821,2026-02-26T10:06:24+06:00,Sahityaghar Demo Publications,History,5,Old Dhaka,23.702418,90.403582,1930,cash,delivered,2026-03-02T19:06:24+06:00,True,Rokomari,RKM-RDR-012,Nadim Chowdhury,8801935031640,delivery_rider,Bicycle,BIC-35405,2023-12-08,4.61,active,Old Dhaka,51,24,1375,2026-02-10T07:52:12+06:00,2026-08-05T01:26:52+06:00
821,USR092,+8801465058820,Hasan Chowdhury,RKM0000822,2026-07-02T11:18:06+06:00,Akshar Demo Publications,Non-Fiction,1,Dhanmondi,23.739948,90.384325,3703,card,delivered,2026-07-04T13:18:06+06:00,True,Rokomari,RKM-RDR-004,Fahim Karim,8801564428282,delivery_rider,Bike,Dhaka-Metro-LA-49-5778,2023-06-10,4.82,active,Dhanmondi,58,29,821,2026-02-14T08:31:15+06:00,2026-08-10T21:30:40+06:00
822,USR092,+8801465058820,Hasan Chowdhury,RKM0000823,2026-06-23T19:10:59+06:00,Pragya Demo Book House,History,2,Gulshan,23.791897,90.406006,1297,cash,cancelled,2026-06-28T05:10:59+06:00,True,Rokomari,RKM-RDR-006,Shamim Karim,8801999724975,delivery_rider,Bike,Dhaka-Metro-LA-31-7317,2023-01-06,4.80,active,Gulshan,49,27,451,2026-02-12T06:57:54+06:00,2026-07-29T17:38:13+06:00
823,USR092,+8801465058820,Hasan Chowdhury,RKM0000824,2026-07-06T16:49:14+06:00,Pathshala Demo Books,Biography,4,Khilgaon,23.743996,90.424293,2109,mobile_wallet,delivered,2026-07-12T00:49:14+06:00,True,Rokomari,RKM-RDR-007,Noman Rahman,8801316743606,delivery_rider,Bike,Dhaka-Metro-LA-37-5287,2025-09-08,4.70,temporarily_inactive,Khilgaon,53,31,1154,2026-02-11T14:39:35+06:00,2026-08-09T03:13:19+06:00
824,USR092,+8801465058820,Hasan Chowdhury,RKM0000825,2026-04-28T09:46:47+06:00,Pragya Demo Book House,Biography,2,Pallabi,23.823851,90.366503,2832,mobile_wallet,returned,2026-05-06T10:46:47+06:00,True,Rokomari,RKM-RDR-013,Jubayer Karim,8801590153458,delivery_rider,Bike,Dhaka-Metro-LA-45-1553,2023-09-22,4.72,active,Pallabi,46,20,915,2026-02-11T18:18:56+06:00,2026-08-09T18:40:47+06:00
825,USR093,+8801380734164,Samira Sultana,RKM0000826,2026-02-28T00:45:08+06:00,Gyanpath Demo Publications,Science & Technology,3,Gulshan,23.797219,90.411123,2559,cash,delivered,2026-02-28T04:45:08+06:00,True,Rokomari,RKM-RDR-006,Shamim Karim,8801999724975,delivery_rider,Bike,Dhaka-Metro-LA-31-7317,2023-01-06,4.80,active,Gulshan,49,27,451,2026-02-12T06:57:54+06:00,2026-07-29T17:38:13+06:00
826,USR093,+8801380734164,Samira Sultana,RKM0000827,2026-02-14T08:31:15+06:00,Pathshala Demo Books,Biography,1,Dhanmondi,23.743191,90.383012,1625,card,delivered,2026-02-16T07:31:15+06:00,True,Rokomari,RKM-RDR-004,Fahim Karim,8801564428282,delivery_rider,Bike,Dhaka-Metro-LA-49-5778,2023-06-10,4.82,active,Dhanmondi,58,29,821,2026-02-14T08:31:15+06:00,2026-08-10T21:30:40+06:00
827,USR093,+8801380734164,Samira Sultana,RKM0000828,2026-05-24T03:54:43+06:00,Pathshala Demo Books,Religion,2,Wari,23.723977,90.41112,3914,cash,delivered,2026-06-02T02:54:43+06:00,True,Rokomari,RKM-RDR-018,Sohel Sarker,8801409053113,delivery_rider,Bicycle,BIC-69174,2024-04-13,4.26,active,Wari,43,27,1288,2026-02-26T19:01:14+06:00,2026-08-07T20:15:31+06:00
828,USR093,+8801380734164,Samira Sultana,RKM0000829,2026-04-06T07:45:34+06:00,Pathshala Demo Books,Religion,4,Farmgate,23.752256,90.382372,3997,cash,processing,2026-04-07T19:45:34+06:00,True,Rokomari,RKM-RDR-005,Tanvir Hasan,8801510283842,delivery_rider,Bicycle,BIC-99533,2024-10-07,4.86,active,Farmgate,51,22,318,2026-02-14T11:05:37+06:00,2026-08-06T15:48:56+06:00
829,USR093,+8801380734164,Samira Sultana,RKM0000830,2026-07-22T03:56:43+06:00,Pathshala Demo Books,Children,4,Badda,23.772058,90.432176,393,card,cancelled,2026-07-31T07:56:43+06:00,True,Rokomari,RKM-RDR-001,Hasan Chowdhury,8801871778083,delivery_rider,Bike,Dhaka-Metro-LA-49-2544,2023-03-12,4.55,active,Badda,27,10,1110,2026-02-11T03:30:55+06:00,2026-08-07T13:48:18+06:00
830,USR093,+8801380734164,Samira Sultana,RKM0000831,2026-03-15T18:03:55+06:00,Pathshala Demo Books,Academic,5,Rampura,23.756814,90.415758,3284,card,cancelled,2026-03-21T16:03:55+06:00,True,Rokomari,RKM-RDR-014,Hasan Sarker,8801938904423,delivery_rider,Bike,Dhaka-Metro-LA-21-8928,2023-08-20,4.35,active,Rampura,58,30,832,2026-02-11T14:04:39+06:00,2026-07-31T09:46:08+06:00
831,USR094,+8801969637775,Samira Hasan,RKM0000832,2026-05-31T12:12:43+06:00,Kalam Demo Publications,Non-Fiction,2,Uttara,23.877777,90.378622,3307,card,delivered,2026-06-06T13:12:43+06:00,True,Rokomari,RKM-RDR-017,Emon Rahman,8801932543816,delivery_rider,Bike,Dhaka-Metro-LA-59-3501,2026-03-29,4.62,active,Uttara,52,27,1300,2026-02-11T17:22:46+06:00,2026-08-06T10:33:58+06:00
832,USR094,+8801969637775,Samira Hasan,RKM0000833,2026-05-17T01:50:12+06:00,Pragya Demo Book House,Science & Technology,4,Farmgate,23.75565,90.384325,955,card,delivered,2026-05-25T21:50:12+06:00,True,Rokomari,RKM-RDR-005,Tanvir Hasan,8801510283842,delivery_rider,Bicycle,BIC-99533,2024-10-07,4.86,active,Farmgate,51,22,318,2026-02-14T11:05:37+06:00,2026-08-06T15:48:56+06:00
833,USR094,+8801969637775,Samira Hasan,RKM0000834,2026-07-22T15:47:49+06:00,Sahityaghar Demo Publications,History,3,Shyamoli,23.778308,90.373325,1004,cash,processing,2026-07-30T22:47:49+06:00,True,Rokomari,RKM-RDR-015,Mehedi Sheikh,8801376047729,delivery_rider,Bike,Dhaka-Metro-LA-48-9875,2025-11-17,4.56,active,Shyamoli,44,22,1705,2026-02-19T04:20:02+06:00,2026-08-03T03:52:15+06:00
834,USR094,+8801969637775,Samira Hasan,RKM0000835,2026-04-23T22:30:13+06:00,Boibagan Demo Publications,Science & Technology,4,Mirpur,23.816183,90.360467,763,cash,delivered,2026-05-01T02:30:13+06:00,True,Rokomari,RKM-RDR-008,Mehedi Mia,8801903214455,delivery_rider,Bike,Dhaka-Metro-LA-48-7063,2023-02-20,4.42,active,Mirpur,58,32,333,2026-02-14T18:44:07+06:00,2026-08-08T13:29:34+06:00
835,USR094,+8801969637775,Samira Hasan,RKM0000836,2026-06-13T00:26:18+06:00,Kalam Demo Publications,Exam Preparation,3,Wari,23.728329,90.419768,1124,cash,cancelled,2026-06-21T11:26:18+06:00,True,Rokomari,RKM-RDR-018,Sohel Sarker,8801409053113,delivery_rider,Bicycle,BIC-69174,2024-04-13,4.26,active,Wari,43,27,1288,2026-02-26T19:01:14+06:00,2026-08-07T20:15:31+06:00
836,USR094,+8801969637775,Samira Hasan,RKM0000837,2026-03-21T05:36:21+06:00,Sahityaghar Demo Publications,Science & Technology,2,Badda,23.774333,90.425408,984,mobile_wallet,processing,2026-03-26T00:36:21+06:00,True,Rokomari,RKM-RDR-001,Hasan Chowdhury,8801871778083,delivery_rider,Bike,Dhaka-Metro-LA-49-2544,2023-03-12,4.55,active,Badda,27,10,1110,2026-02-11T03:30:55+06:00,2026-08-07T13:48:18+06:00
837,USR094,+8801969637775,Samira Hasan,RKM0000838,2026-07-02T03:21:58+06:00,Pragya Demo Book House,Science & Technology,3,Rampura,23.752989,90.412424,2970,cash,returned,2026-07-09T19:21:58+06:00,True,Rokomari,RKM-RDR-014,Hasan Sarker,8801938904423,delivery_rider,Bike,Dhaka-Metro-LA-21-8928,2023-08-20,4.35,active,Rampura,58,30,832,2026-02-11T14:04:39+06:00,2026-07-31T09:46:08+06:00
838,USR094,+8801969637775,Samira Hasan,RKM0000839,2026-07-28T03:51:47+06:00,Shikkhaloy Demo Books,Exam Preparation,5,Mohammadpur,23.777316,90.351191,3930,mobile_wallet,processing,2026-08-01T12:51:47+06:00,True,Rokomari,RKM-RDR-010,Kawsar Hasan,8801752549830,delivery_rider,Bike,Dhaka-Metro-LA-32-8079,2024-06-06,4.23,active,Mohammadpur,50,24,1645,2026-02-11T04:16:48+06:00,2026-08-07T17:24:51+06:00
839,USR094,+8801969637775,Samira Hasan,RKM0000840,2026-03-04T16:18:22+06:00,Sahityaghar Demo Publications,Science & Technology,4,Banani,23.789692,90.397972,2947,mobile_wallet,processing,2026-03-06T12:18:22+06:00,True,Rokomari,RKM-RDR-020,Morshed Kabir,8801942462644,delivery_rider,Bike,Dhaka-Metro-LA-37-3930,2023-03-20,4.46,active,Banani,35,15,1313,2026-02-10T00:48:36+06:00,2026-08-09T15:47:43+06:00
840,USR095,+8801728917865,Adnan Rahman,RKM0000841,2026-03-31T14:51:34+06:00,Natunpata Demo Publication,Academic,1,Farmgate,23.752302,90.39618,4020,mobile_wallet,returned,2026-04-07T05:51:34+06:00,True,Rokomari,RKM-RDR-005,Tanvir Hasan,8801510283842,delivery_rider,Bicycle,BIC-99533,2024-10-07,4.86,active,Farmgate,51,22,318,2026-02-14T11:05:37+06:00,2026-08-06T15:48:56+06:00
841,USR095,+8801728917865,Adnan Rahman,RKM0000842,2026-04-14T20:50:16+06:00,Pragya Demo Book House,Science & Technology,5,Mirpur,23.825603,90.366854,3228,mobile_wallet,processing,2026-04-19T18:50:16+06:00,True,Rokomari,RKM-RDR-008,Mehedi Mia,8801903214455,delivery_rider,Bike,Dhaka-Metro-LA-48-7063,2023-02-20,4.42,active,Mirpur,58,32,333,2026-02-14T18:44:07+06:00,2026-08-08T13:29:34+06:00
842,USR095,+8801728917865,Adnan Rahman,RKM0000843,2026-03-29T19:18:46+06:00,Boibagan Demo Publications,Biography,1,Banani,23.790527,90.401713,3934,cash,processing,2026-04-04T20:18:46+06:00,True,Rokomari,RKM-RDR-002,Sabbir Sheikh,8801646093550,delivery_rider,Bike,Dhaka-Metro-LA-47-8925,2023-01-15,4.78,active,Banani,25,11,869,2026-02-10T18:00:19+06:00,2026-08-10T20:22:38+06:00
843,USR095,+8801728917865,Adnan Rahman,RKM0000844,2026-07-24T13:16:21+06:00,Shikkhaloy Demo Books,Biography,1,Bashundhara,23.82339,90.423947,2855,cash,processing,2026-07-30T16:16:21+06:00,True,Rokomari,RKM-RDR-003,Parvez Hasan,8801849556978,delivery_rider,Bike,Dhaka-Metro-LA-11-9736,2024-07-20,4.40,active,Bashundhara,48,23,1818,2026-02-10T11:36:34+06:00,2026-08-09T09:20:46+06:00
844,USR095,+8801728917865,Adnan Rahman,RKM0000845,2026-05-07T05:21:55+06:00,Sahityaghar Demo Publications,Academic,3,Wari,23.7297,90.425075,845,mobile_wallet,delivered,2026-05-10T13:21:55+06:00,True,Rokomari,RKM-RDR-018,Sohel Sarker,8801409053113,delivery_rider,Bicycle,BIC-69174,2024-04-13,4.26,active,Wari,43,27,1288,2026-02-26T19:01:14+06:00,2026-08-07T20:15:31+06:00
845,USR095,+8801728917865,Adnan Rahman,RKM0000846,2026-06-26T16:55:07+06:00,Akshar Demo Publications,Non-Fiction,4,Banani,23.797671,90.411478,1033,cash,returned,2026-06-27T06:55:07+06:00,True,Rokomari,RKM-RDR-020,Morshed Kabir,8801942462644,delivery_rider,Bike,Dhaka-Metro-LA-37-3930,2023-03-20,4.46,active,Banani,35,15,1313,2026-02-10T00:48:36+06:00,2026-08-09T15:47:43+06:00
846,USR095,+8801728917865,Adnan Rahman,RKM0000847,2026-03-03T00:04:13+06:00,Kalam Demo Publications,Business,3,Tejgaon,23.758135,90.38938,1776,cash,cancelled,2026-03-05T17:04:13+06:00,True,Rokomari,RKM-RDR-016,Shuvo Mahmud,8801674629335,delivery_rider,Bicycle,BIC-76953,2023-10-17,4.53,active,Tejgaon,43,17,253,2026-02-13T17:57:55+06:00,2026-08-06T02:47:10+06:00
847,USR095,+8801728917865,Adnan Rahman,RKM0000848,2026-05-17T12:55:34+06:00,Pragya Demo Book House,Biography,1,Badda,23.779369,90.428388,1630,mobile_wallet,processing,2026-05-26T14:55:34+06:00,True,Rokomari,RKM-RDR-001,Hasan Chowdhury,8801871778083,delivery_rider,Bike,Dhaka-Metro-LA-49-2544,2023-03-12,4.55,active,Badda,27,10,1110,2026-02-11T03:30:55+06:00,2026-08-07T13:48:18+06:00
848,USR095,+8801728917865,Adnan Rahman,RKM0000849,2026-05-22T00:26:59+06:00,Shikkhaloy Demo Books,History,4,Rampura,23.756431,90.41756,3414,cash,delivered,2026-05-24T17:26:59+06:00,True,Rokomari,RKM-RDR-014,Hasan Sarker,8801938904423,delivery_rider,Bike,Dhaka-Metro-LA-21-8928,2023-08-20,4.35,active,Rampura,58,30,832,2026-02-11T14:04:39+06:00,2026-07-31T09:46:08+06:00
849,USR095,+8801728917865,Adnan Rahman,RKM0000850,2026-04-13T20:43:21+06:00,Boibagan Demo Publications,Science & Technology,1,Tejgaon,23.766164,90.3944,1772,cash,returned,2026-04-14T04:43:21+06:00,True,Rokomari,RKM-RDR-016,Shuvo Mahmud,8801674629335,delivery_rider,Bicycle,BIC-76953,2023-10-17,4.53,active,Tejgaon,43,17,253,2026-02-13T17:57:55+06:00,2026-08-06T02:47:10+06:00
850,USR095,+8801728917865,Adnan Rahman,RKM0000851,2026-05-25T01:03:33+06:00,Boibagan Demo Publications,Business,2,Badda,23.78816,90.432749,3220,card,cancelled,2026-05-28T17:03:33+06:00,True,Rokomari,RKM-RDR-019,Jubayer Sheikh,8801479247170,delivery_rider,Bicycle,BIC-57952,2025-05-30,4.90,active,Badda,26,11,467,2026-02-18T05:10:01+06:00,2026-08-10T02:50:03+06:00
851,USR096,+8801725439282,Labiba Jahan,RKM0000852,2026-08-09T11:46:24+06:00,Shikkhaloy Demo Books,Children,2,Pallabi,23.824955,90.357762,1350,cash,returned,2026-08-11T19:46:24+06:00,True,Rokomari,RKM-RDR-013,Jubayer Karim,8801590153458,delivery_rider,Bike,Dhaka-Metro-LA-45-1553,2023-09-22,4.72,active,Pallabi,46,20,915,2026-02-11T18:18:56+06:00,2026-08-09T18:40:47+06:00
852,USR096,+8801725439282,Labiba Jahan,RKM0000853,2026-05-09T04:56:32+06:00,Pragya Demo Book House,Children,2,Tejgaon,23.768582,90.391664,879,mobile_wallet,delivered,2026-05-14T20:56:32+06:00,True,Rokomari,RKM-RDR-016,Shuvo Mahmud,8801674629335,delivery_rider,Bicycle,BIC-76953,2023-10-17,4.53,active,Tejgaon,43,17,253,2026-02-13T17:57:55+06:00,2026-08-06T02:47:10+06:00
853,USR096,+8801725439282,Labiba Jahan,RKM0000854,2026-05-30T05:57:57+06:00,Gyanpath Demo Publications,Children,3,Old Dhaka,23.718334,90.401433,437,card,processing,2026-06-05T07:57:57+06:00,True,Rokomari,RKM-RDR-012,Nadim Chowdhury,8801935031640,delivery_rider,Bicycle,BIC-35405,2023-12-08,4.61,active,Old Dhaka,51,24,1375,2026-02-10T07:52:12+06:00,2026-08-05T01:26:52+06:00
854,USR096,+8801725439282,Labiba Jahan,RKM0000855,2026-07-18T03:08:28+06:00,Pragya Demo Book House,Religion,5,Pallabi,23.829653,90.367315,3639,cash,returned,2026-07-19T09:08:28+06:00,True,Rokomari,RKM-RDR-013,Jubayer Karim,8801590153458,delivery_rider,Bike,Dhaka-Metro-LA-45-1553,2023-09-22,4.72,active,Pallabi,46,20,915,2026-02-11T18:18:56+06:00,2026-08-09T18:40:47+06:00
855,USR096,+8801725439282,Labiba Jahan,RKM0000856,2026-03-31T00:01:43+06:00,Pathshala Demo Books,Children,2,Banani,23.787277,90.398873,1123,mobile_wallet,delivered,2026-04-03T14:01:43+06:00,True,Rokomari,RKM-RDR-002,Sabbir Sheikh,8801646093550,delivery_rider,Bike,Dhaka-Metro-LA-47-8925,2023-01-15,4.78,active,Banani,25,11,869,2026-02-10T18:00:19+06:00,2026-08-10T20:22:38+06:00
856,USR096,+8801725439282,Labiba Jahan,RKM0000857,2026-03-09T14:48:02+06:00,Kalam Demo Publications,Religion,3,Banani,23.800939,90.412064,4088,mobile_wallet,delivered,2026-03-10T15:48:02+06:00,True,Rokomari,RKM-RDR-020,Morshed Kabir,8801942462644,delivery_rider,Bike,Dhaka-Metro-LA-37-3930,2023-03-20,4.46,active,Banani,35,15,1313,2026-02-10T00:48:36+06:00,2026-08-09T15:47:43+06:00
857,USR096,+8801725439282,Labiba Jahan,RKM0000858,2026-05-24T04:40:22+06:00,Gyanpath Demo Publications,Religion,3,Rampura,23.758995,90.42849,1449,card,cancelled,2026-05-25T01:40:22+06:00,True,Rokomari,RKM-RDR-014,Hasan Sarker,8801938904423,delivery_rider,Bike,Dhaka-Metro-LA-21-8928,2023-08-20,4.35,active,Rampura,58,30,832,2026-02-11T14:04:39+06:00,2026-07-31T09:46:08+06:00
858,USR096,+8801725439282,Labiba Jahan,RKM0000859,2026-07-23T18:13:12+06:00,Shikkhaloy Demo Books,Non-Fiction,1,Banani,23.79178,90.411745,3922,card,returned,2026-07-30T04:13:12+06:00,True,Rokomari,RKM-RDR-020,Morshed Kabir,8801942462644,delivery_rider,Bike,Dhaka-Metro-LA-37-3930,2023-03-20,4.46,active,Banani,35,15,1313,2026-02-10T00:48:36+06:00,2026-08-09T15:47:43+06:00
859,USR096,+8801725439282,Labiba Jahan,RKM0000860,2026-05-28T09:00:32+06:00,Sahityaghar Demo Publications,Science & Technology,4,Tejgaon,23.767206,90.38277,1803,mobile_wallet,cancelled,2026-05-30T13:00:32+06:00,True,Rokomari,RKM-RDR-016,Shuvo Mahmud,8801674629335,delivery_rider,Bicycle,BIC-76953,2023-10-17,4.53,active,Tejgaon,43,17,253,2026-02-13T17:57:55+06:00,2026-08-06T02:47:10+06:00
860,USR096,+8801725439282,Labiba Jahan,RKM0000861,2026-07-14T18:29:15+06:00,Natunpata Demo Publication,Science & Technology,5,Mirpur,23.829792,90.359996,1623,card,delivered,2026-07-22T16:29:15+06:00,True,Rokomari,RKM-RDR-008,Mehedi Mia,8801903214455,delivery_rider,Bike,Dhaka-Metro-LA-48-7063,2023-02-20,4.42,active,Mirpur,58,32,333,2026-02-14T18:44:07+06:00,2026-08-08T13:29:34+06:00
861,USR097,+8801629685055,Tasnim Islam,RKM0000862,2026-07-29T16:52:35+06:00,Shikkhaloy Demo Books,Fiction,2,Rampura,23.762165,90.415561,4726,mobile_wallet,delivered,2026-07-29T19:52:35+06:00,True,Rokomari,RKM-RDR-014,Hasan Sarker,8801938904423,delivery_rider,Bike,Dhaka-Metro-LA-21-8928,2023-08-20,4.35,active,Rampura,58,30,832,2026-02-11T14:04:39+06:00,2026-07-31T09:46:08+06:00
862,USR097,+8801629685055,Tasnim Islam,RKM0000863,2026-06-29T19:27:00+06:00,Kalam Demo Publications,Business,4,Rampura,23.756911,90.417192,2637,card,delivered,2026-07-08T09:27:00+06:00,True,Rokomari,RKM-RDR-014,Hasan Sarker,8801938904423,delivery_rider,Bike,Dhaka-Metro-LA-21-8928,2023-08-20,4.35,active,Rampura,58,30,832,2026-02-11T14:04:39+06:00,2026-07-31T09:46:08+06:00
863,USR097,+8801629685055,Tasnim Islam,RKM0000864,2026-05-16T23:52:19+06:00,Kalam Demo Publications,Biography,4,Motijheel,23.733761,90.415366,2332,card,delivered,2026-05-23T19:52:19+06:00,True,Rokomari,RKM-RDR-011,Sumon Uddin,8801903242764,delivery_rider,Bike,Dhaka-Metro-LA-44-1426,2023-08-04,4.66,active,Motijheel,43,22,1317,2026-02-12T04:42:40+06:00,2026-08-06T08:07:38+06:00
864,USR097,+8801629685055,Tasnim Islam,RKM0000865,2026-03-13T09:03:46+06:00,Kalam Demo Publications,Exam Preparation,5,Mohammadpur,23.775917,90.365509,2422,mobile_wallet,delivered,2026-03-15T09:03:46+06:00,True,Rokomari,RKM-RDR-010,Kawsar Hasan,8801752549830,delivery_rider,Bike,Dhaka-Metro-LA-32-8079,2024-06-06,4.23,active,Mohammadpur,50,24,1645,2026-02-11T04:16:48+06:00,2026-08-07T17:24:51+06:00
865,USR097,+8801629685055,Tasnim Islam,RKM0000866,2026-07-07T06:37:27+06:00,Pathshala Demo Books,Exam Preparation,4,Wari,23.727345,90.423094,2361,card,processing,2026-07-14T01:37:27+06:00,True,Rokomari,RKM-RDR-018,Sohel Sarker,8801409053113,delivery_rider,Bicycle,BIC-69174,2024-04-13,4.26,active,Wari,43,27,1288,2026-02-26T19:01:14+06:00,2026-08-07T20:15:31+06:00
866,USR097,+8801629685055,Tasnim Islam,RKM0000867,2026-05-27T01:50:35+06:00,Pathshala Demo Books,Biography,4,Bashundhara,23.810519,90.424363,3984,cash,delivered,2026-05-29T18:50:35+06:00,True,Rokomari,RKM-RDR-003,Parvez Hasan,8801849556978,delivery_rider,Bike,Dhaka-Metro-LA-11-9736,2024-07-20,4.40,active,Bashundhara,48,23,1818,2026-02-10T11:36:34+06:00,2026-08-09T09:20:46+06:00
867,USR097,+8801629685055,Tasnim Islam,RKM0000868,2026-05-02T02:02:34+06:00,Boibagan Demo Publications,Exam Preparation,4,Bashundhara,23.817163,90.432389,1014,card,delivered,2026-05-08T00:02:34+06:00,True,Rokomari,RKM-RDR-003,Parvez Hasan,8801849556978,delivery_rider,Bike,Dhaka-Metro-LA-11-9736,2024-07-20,4.40,active,Bashundhara,48,23,1818,2026-02-10T11:36:34+06:00,2026-08-09T09:20:46+06:00
868,USR098,+8801782355451,Labiba Chowdhury,RKM0000869,2026-04-05T09:46:18+06:00,Akshar Demo Publications,Business,1,Dhanmondi,23.744463,90.382446,3804,mobile_wallet,returned,2026-04-13T23:46:18+06:00,True,Rokomari,RKM-RDR-004,Fahim Karim,8801564428282,delivery_rider,Bike,Dhaka-Metro-LA-49-5778,2023-06-10,4.82,active,Dhanmondi,58,29,821,2026-02-14T08:31:15+06:00,2026-08-10T21:30:40+06:00
869,USR098,+8801782355451,Labiba Chowdhury,RKM0000870,2026-03-18T14:31:28+06:00,Akshar Demo Publications,Religion,2,Mohammadpur,23.77669,90.365275,758,cash,cancelled,2026-03-25T13:31:28+06:00,True,Rokomari,RKM-RDR-010,Kawsar Hasan,8801752549830,delivery_rider,Bike,Dhaka-Metro-LA-32-8079,2024-06-06,4.23,active,Mohammadpur,50,24,1645,2026-02-11T04:16:48+06:00,2026-08-07T17:24:51+06:00
870,USR098,+8801782355451,Labiba Chowdhury,RKM0000871,2026-03-28T00:26:35+06:00,Shikkhaloy Demo Books,Biography,5,Farmgate,23.756337,90.387139,3990,cash,delivered,2026-04-03T23:26:35+06:00,True,Rokomari,RKM-RDR-005,Tanvir Hasan,8801510283842,delivery_rider,Bicycle,BIC-99533,2024-10-07,4.86,active,Farmgate,51,22,318,2026-02-14T11:05:37+06:00,2026-08-06T15:48:56+06:00
871,USR098,+8801782355451,Labiba Chowdhury,RKM0000872,2026-05-01T08:01:38+06:00,Gyanpath Demo Publications,Academic,3,Gulshan,23.785318,90.399034,3537,card,delivered,2026-05-06T02:01:38+06:00,True,Rokomari,RKM-RDR-006,Shamim Karim,8801999724975,delivery_rider,Bike,Dhaka-Metro-LA-31-7317,2023-01-06,4.80,active,Gulshan,49,27,451,2026-02-12T06:57:54+06:00,2026-07-29T17:38:13+06:00
872,USR098,+8801782355451,Labiba Chowdhury,RKM0000873,2026-07-02T23:19:35+06:00,Pragya Demo Book House,History,2,Rampura,23.762973,90.42523,4768,card,cancelled,2026-07-11T23:19:35+06:00,True,Rokomari,RKM-RDR-014,Hasan Sarker,8801938904423,delivery_rider,Bike,Dhaka-Metro-LA-21-8928,2023-08-20,4.35,active,Rampura,58,30,832,2026-02-11T14:04:39+06:00,2026-07-31T09:46:08+06:00
873,USR098,+8801782355451,Labiba Chowdhury,RKM0000874,2026-04-21T07:46:45+06:00,Shikkhaloy Demo Books,Biography,1,Pallabi,23.824905,90.372592,4744,mobile_wallet,returned,2026-05-01T02:46:45+06:00,True,Rokomari,RKM-RDR-013,Jubayer Karim,8801590153458,delivery_rider,Bike,Dhaka-Metro-LA-45-1553,2023-09-22,4.72,active,Pallabi,46,20,915,2026-02-11T18:18:56+06:00,2026-08-09T18:40:47+06:00
874,USR098,+8801782355451,Labiba Chowdhury,RKM0000875,2026-05-06T16:07:13+06:00,Pragya Demo Book House,Children,1,Shyamoli,23.769906,90.363394,2924,cash,returned,2026-05-15T02:07:13+06:00,True,Rokomari,RKM-RDR-015,Mehedi Sheikh,8801376047729,delivery_rider,Bike,Dhaka-Metro-LA-48-9875,2025-11-17,4.56,active,Shyamoli,44,22,1705,2026-02-19T04:20:02+06:00,2026-08-03T03:52:15+06:00
875,USR099,+8801304117185,Siam Sultana,RKM0000876,2026-05-10T17:03:11+06:00,Gyanpath Demo Publications,Biography,2,Rampura,23.767593,90.417825,2665,card,delivered,2026-05-16T11:03:11+06:00,True,Rokomari,RKM-RDR-014,Hasan Sarker,8801938904423,delivery_rider,Bike,Dhaka-Metro-LA-21-8928,2023-08-20,4.35,active,Rampura,58,30,832,2026-02-11T14:04:39+06:00,2026-07-31T09:46:08+06:00
876,USR099,+8801304117185,Siam Sultana,RKM0000877,2026-03-19T18:54:48+06:00,Shikkhaloy Demo Books,History,3,Tejgaon,23.767014,90.389644,4076,cash,processing,2026-03-28T17:54:48+06:00,True,Rokomari,RKM-RDR-016,Shuvo Mahmud,8801674629335,delivery_rider,Bicycle,BIC-76953,2023-10-17,4.53,active,Tejgaon,43,17,253,2026-02-13T17:57:55+06:00,2026-08-06T02:47:10+06:00
877,USR099,+8801304117185,Siam Sultana,RKM0000878,2026-06-19T13:09:16+06:00,Kalam Demo Publications,Religion,1,Mirpur,23.814302,90.370437,3392,cash,returned,2026-06-27T03:09:16+06:00,True,Rokomari,RKM-RDR-008,Mehedi Mia,8801903214455,delivery_rider,Bike,Dhaka-Metro-LA-48-7063,2023-02-20,4.42,active,Mirpur,58,32,333,2026-02-14T18:44:07+06:00,2026-08-08T13:29:34+06:00
878,USR099,+8801304117185,Siam Sultana,RKM0000879,2026-03-19T09:58:53+06:00,Shikkhaloy Demo Books,Non-Fiction,1,Dhanmondi,23.751414,90.371391,4474,card,processing,2026-03-20T09:58:53+06:00,True,Rokomari,RKM-RDR-004,Fahim Karim,8801564428282,delivery_rider,Bike,Dhaka-Metro-LA-49-5778,2023-06-10,4.82,active,Dhanmondi,58,29,821,2026-02-14T08:31:15+06:00,2026-08-10T21:30:40+06:00
879,USR099,+8801304117185,Siam Sultana,RKM0000880,2026-04-12T23:50:21+06:00,Pragya Demo Book House,Religion,5,Mohammadpur,23.765397,90.363356,2966,mobile_wallet,delivered,2026-04-16T06:50:21+06:00,True,Rokomari,RKM-RDR-010,Kawsar Hasan,8801752549830,delivery_rider,Bike,Dhaka-Metro-LA-32-8079,2024-06-06,4.23,active,Mohammadpur,50,24,1645,2026-02-11T04:16:48+06:00,2026-08-07T17:24:51+06:00
880,USR099,+8801304117185,Siam Sultana,RKM0000881,2026-03-06T10:58:33+06:00,Akshar Demo Publications,Business,1,Wari,23.729775,90.409537,4204,mobile_wallet,delivered,2026-03-15T18:58:33+06:00,True,Rokomari,RKM-RDR-018,Sohel Sarker,8801409053113,delivery_rider,Bicycle,BIC-69174,2024-04-13,4.26,active,Wari,43,27,1288,2026-02-26T19:01:14+06:00,2026-08-07T20:15:31+06:00
881,USR099,+8801304117185,Siam Sultana,RKM0000882,2026-07-10T15:31:04+06:00,Pathshala Demo Books,Biography,1,Motijheel,23.736728,90.421615,3137,card,delivered,2026-07-19T01:31:04+06:00,True,Rokomari,RKM-RDR-011,Sumon Uddin,8801903242764,delivery_rider,Bike,Dhaka-Metro-LA-44-1426,2023-08-04,4.66,active,Motijheel,43,22,1317,2026-02-12T04:42:40+06:00,2026-08-06T08:07:38+06:00
882,USR099,+8801304117185,Siam Sultana,RKM0000883,2026-02-15T16:38:00+06:00,Sahityaghar Demo Publications,Biography,3,Bashundhara,23.8172,90.421286,4444,mobile_wallet,delivered,2026-02-20T03:38:00+06:00,True,Rokomari,RKM-RDR-003,Parvez Hasan,8801849556978,delivery_rider,Bike,Dhaka-Metro-LA-11-9736,2024-07-20,4.40,active,Bashundhara,48,23,1818,2026-02-10T11:36:34+06:00,2026-08-09T09:20:46+06:00
883,USR099,+8801304117185,Siam Sultana,RKM0000884,2026-08-10T20:22:38+06:00,Pathshala Demo Books,Academic,5,Banani,23.795178,90.41416,1657,cash,cancelled,2026-08-19T09:22:38+06:00,True,Rokomari,RKM-RDR-002,Sabbir Sheikh,8801646093550,delivery_rider,Bike,Dhaka-Metro-LA-47-8925,2023-01-15,4.78,active,Banani,25,11,869,2026-02-10T18:00:19+06:00,2026-08-10T20:22:38+06:00
884,USR099,+8801304117185,Siam Sultana,RKM0000885,2026-04-05T03:12:06+06:00,Kalam Demo Publications,Fiction,5,Banani,23.794557,90.406224,2485,mobile_wallet,processing,2026-04-11T22:12:06+06:00,True,Rokomari,RKM-RDR-002,Sabbir Sheikh,8801646093550,delivery_rider,Bike,Dhaka-Metro-LA-47-8925,2023-01-15,4.78,active,Banani,25,11,869,2026-02-10T18:00:19+06:00,2026-08-10T20:22:38+06:00
885,USR099,+8801304117185,Siam Sultana,RKM0000886,2026-02-24T00:02:10+06:00,Sahityaghar Demo Publications,Exam Preparation,5,Dhanmondi,23.745171,90.375133,677,card,delivered,2026-02-24T08:02:10+06:00,True,Rokomari,RKM-RDR-004,Fahim Karim,8801564428282,delivery_rider,Bike,Dhaka-Metro-LA-49-5778,2023-06-10,4.82,active,Dhanmondi,58,29,821,2026-02-14T08:31:15+06:00,2026-08-10T21:30:40+06:00
886,USR100,+8801774878490,Rakib Hasan,RKM0000887,2026-07-28T14:56:30+06:00,Akshar Demo Publications,Non-Fiction,1,Uttara,23.876832,90.387714,1098,card,delivered,2026-08-01T02:56:30+06:00,True,Rokomari,RKM-RDR-017,Emon Rahman,8801932543816,delivery_rider,Bike,Dhaka-Metro-LA-59-3501,2026-03-29,4.62,active,Uttara,52,27,1300,2026-02-11T17:22:46+06:00,2026-08-06T10:33:58+06:00
887,USR100,+8801774878490,Rakib Hasan,RKM0000888,2026-05-05T19:07:32+06:00,Shikkhaloy Demo Books,History,2,Motijheel,23.73184,90.422143,3132,card,processing,2026-05-09T06:07:32+06:00,True,Rokomari,RKM-RDR-011,Sumon Uddin,8801903242764,delivery_rider,Bike,Dhaka-Metro-LA-44-1426,2023-08-04,4.66,active,Motijheel,43,22,1317,2026-02-12T04:42:40+06:00,2026-08-06T08:07:38+06:00
888,USR100,+8801774878490,Rakib Hasan,RKM0000889,2026-06-30T00:26:45+06:00,Natunpata Demo Publication,Children,4,Mohakhali,23.77256,90.392483,4445,cash,delivered,2026-07-05T15:26:45+06:00,True,Rokomari,RKM-RDR-009,Nayeem Hasan,8801324471418,delivery_rider,Bike,Dhaka-Metro-LA-34-5388,2024-11-23,4.65,active,Mohakhali,36,19,1188,2026-02-19T08:50:41+06:00,2026-08-02T04:47:49+06:00
889,USR100,+8801774878490,Rakib Hasan,RKM0000890,2026-02-26T08:25:46+06:00,Gyanpath Demo Publications,Academic,3,Badda,23.778442,90.422121,1207,card,returned,2026-03-05T11:25:46+06:00,True,Rokomari,RKM-RDR-019,Jubayer Sheikh,8801479247170,delivery_rider,Bicycle,BIC-57952,2025-05-30,4.90,active,Badda,26,11,467,2026-02-18T05:10:01+06:00,2026-08-10T02:50:03+06:00
890,USR100,+8801774878490,Rakib Hasan,RKM0000891,2026-04-13T13:51:54+06:00,Pragya Demo Book House,Science & Technology,2,Dhanmondi,23.751692,90.382134,673,cash,processing,2026-04-17T12:51:54+06:00,True,Rokomari,RKM-RDR-004,Fahim Karim,8801564428282,delivery_rider,Bike,Dhaka-Metro-LA-49-5778,2023-06-10,4.82,active,Dhanmondi,58,29,821,2026-02-14T08:31:15+06:00,2026-08-10T21:30:40+06:00
891,USR100,+8801774878490,Rakib Hasan,RKM0000892,2026-02-12T16:01:46+06:00,Gyanpath Demo Publications,History,4,Motijheel,23.736651,90.420626,1778,mobile_wallet,delivered,2026-02-12T18:01:46+06:00,True,Rokomari,RKM-RDR-011,Sumon Uddin,8801903242764,delivery_rider,Bike,Dhaka-Metro-LA-44-1426,2023-08-04,4.66,active,Motijheel,43,22,1317,2026-02-12T04:42:40+06:00,2026-08-06T08:07:38+06:00
892,USR100,+8801774878490,Rakib Hasan,RKM0000893,2026-06-10T08:06:58+06:00,Akshar Demo Publications,Religion,1,Dhanmondi,23.752947,90.380787,3213,cash,delivered,2026-06-16T16:06:58+06:00,True,Rokomari,RKM-RDR-004,Fahim Karim,8801564428282,delivery_rider,Bike,Dhaka-Metro-LA-49-5778,2023-06-10,4.82,active,Dhanmondi,58,29,821,2026-02-14T08:31:15+06:00,2026-08-10T21:30:40+06:00
893,USR100,+8801774878490,Rakib Hasan,RKM0000894,2026-05-02T07:36:44+06:00,Shikkhaloy Demo Books,Exam Preparation,1,Uttara,23.884194,90.384952,2886,card,delivered,2026-05-08T00:36:44+06:00,True,Rokomari,RKM-RDR-017,Emon Rahman,8801932543816,delivery_rider,Bike,Dhaka-Metro-LA-59-3501,2026-03-29,4.62,active,Uttara,52,27,1300,2026-02-11T17:22:46+06:00,2026-08-06T10:33:58+06:00
894,USR100,+8801774878490,Rakib Hasan,RKM0000895,2026-07-21T11:30:34+06:00,Akshar Demo Publications,Fiction,1,Uttara,23.882658,90.370776,4525,cash,returned,2026-07-31T11:30:34+06:00,True,Rokomari,RKM-RDR-017,Emon Rahman,8801932543816,delivery_rider,Bike,Dhaka-Metro-LA-59-3501,2026-03-29,4.62,active,Uttara,52,27,1300,2026-02-11T17:22:46+06:00,2026-08-06T10:33:58+06:00
895,USR100,+8801774878490,Rakib Hasan,RKM0000896,2026-04-20T10:46:38+06:00,Boibagan Demo Publications,Science & Technology,4,Mohammadpur,23.770425,90.358943,4732,card,delivered,2026-04-22T18:46:38+06:00,True,Rokomari,RKM-RDR-010,Kawsar Hasan,8801752549830,delivery_rider,Bike,Dhaka-Metro-LA-32-8079,2024-06-06,4.23,active,Mohammadpur,50,24,1645,2026-02-11T04:16:48+06:00,2026-08-07T17:24:51+06:00
