index,user_id,phone,customer_name,parcel_id,user_role,booking_time,parcel_type,pickup_area,pickup_lat,pickup_lon,delivery_area,delivery_lat,delivery_lon,delivery_charge_bdt,parcel_status,source_updated_at,synthetic,provider_name,rider_id,rider_name,rider_phone,rider_role,rider_vehicle_type,rider_vehicle_number,rider_joined_at,rider_rating,rider_status,rider_primary_area,rider_dataset_activity_count,rider_dataset_completed_count,rider_total_completed_activities,rider_first_activity_at,rider_last_activity_at
0,USR001,+8801584323851,Sanjida Khan,STF0000001,receiver,2026-03-13T03:33:03+06:00,small_parcel,Rampura,23.76163,90.426548,Mohakhali,23.775524,90.39606,93,picked_up,2026-03-16T21:33:03+06:00,True,Steadfast,STF-RDR-011,Imran Mia,8801729705726,courier_rider,Bike,Dhaka-Metro-LA-55-3918,2025-07-22,4.88,active,Mohakhali,56,21,1714,2026-02-11T12:17:14+06:00,2026-08-09T07:42:00+06:00
1,USR001,+8801584323851,Sanjida Khan,STF0000002,sender,2026-03-02T18:55:14+06:00,document,Farmgate,23.766322,90.398021,Mohakhali,23.779217,90.399941,342,in_transit,2026-03-04T23:55:14+06:00,True,Steadfast,STF-RDR-011,Imran Mia,8801729705726,courier_rider,Bike,Dhaka-Metro-LA-55-3918,2025-07-22,4.88,active,Mohakhali,56,21,1714,2026-02-11T12:17:14+06:00,2026-08-09T07:42:00+06:00
2,USR001,+8801584323851,Sanjida Khan,STF0000003,receiver,2026-02-13T07:18:09+06:00,small_parcel,Banani,23.790122,90.415375,Badda,23.772281,90.420344,290,in_transit,2026-02-15T06:18:09+06:00,True,Steadfast,STF-RDR-021,Mamun Khan,8801550451076,courier_rider,Bike,Dhaka-Metro-LA-46-4897,2023-05-12,4.39,active,Badda,31,14,976,2026-02-13T07:18:09+06:00,2026-08-10T18:55:10+06:00
3,USR001,+8801584323851,Sanjida Khan,STF0000004,receiver,2026-07-03T13:25:16+06:00,small_parcel,Mirpur,23.820415,90.364589,Pallabi,23.833712,90.373803,158,in_transit,2026-07-04T03:25:16+06:00,True,Steadfast,STF-RDR-015,Noman Hasan,8801374179797,courier_rider,Bike,Dhaka-Metro-LA-39-2863,2025-06-29,4.78,active,Pallabi,65,30,1596,2026-02-10T01:26:12+06:00,2026-08-08T10:01:17+06:00
4,USR001,+8801584323851,Sanjida Khan,STF0000005,sender,2026-03-17T01:31:14+06:00,document,Bashundhara,23.807444,90.420212,Dhanmondi,23.75091,90.379925,100,picked_up,2026-03-20T23:31:14+06:00,True,Steadfast,STF-RDR-006,Shakil Ali,8801781454791,courier_rider,Bike,Dhaka-Metro-LA-30-3204,2023-04-22,4.57,active,Dhanmondi,59,22,398,2026-02-15T21:35:06+06:00,2026-08-09T12:49:46+06:00
5,USR001,+8801584323851,Sanjida Khan,STF0000006,receiver,2026-03-12T14:39:39+06:00,medium_parcel,Motijheel,23.724012,90.408559,Badda,23.787618,90.430796,72,delivered,2026-03-16T06:39:39+06:00,True,Steadfast,STF-RDR-001,Zahid Ahmed,8801371653930,courier_rider,Bike,Dhaka-Metro-LA-47-6988,2026-03-01,4.44,active,Badda,18,8,932,2026-02-10T03:29:07+06:00,2026-08-07T13:08:02+06:00
6,USR002,+8801757183416,Rakib Jahan,STF0000007,receiver,2026-08-08T03:32:04+06:00,document,Rampura,23.761598,90.429393,Badda,23.786146,90.430664,146,picked_up,2026-08-12T13:32:04+06:00,True,Steadfast,STF-RDR-021,Mamun Khan,8801550451076,courier_rider,Bike,Dhaka-Metro-LA-46-4897,2023-05-12,4.39,active,Badda,31,14,976,2026-02-13T07:18:09+06:00,2026-08-10T18:55:10+06:00
7,USR002,+8801757183416,Rakib Jahan,STF0000008,receiver,2026-07-06T12:45:23+06:00,small_parcel,Gulshan,23.784637,90.402778,Pallabi,23.829792,90.371328,177,delivered,2026-07-10T11:45:23+06:00,True,Steadfast,STF-RDR-015,Noman Hasan,8801374179797,courier_rider,Bike,Dhaka-Metro-LA-39-2863,2025-06-29,4.78,active,Pallabi,65,30,1596,2026-02-10T01:26:12+06:00,2026-08-08T10:01:17+06:00
8,USR002,+8801757183416,Rakib Jahan,STF0000009,sender,2026-08-01T19:38:19+06:00,small_parcel,Farmgate,23.756882,90.38632,Pallabi,23.832771,90.359944,279,delivered,2026-08-03T18:38:19+06:00,True,Steadfast,STF-RDR-015,Noman Hasan,8801374179797,courier_rider,Bike,Dhaka-Metro-LA-39-2863,2025-06-29,4.78,active,Pallabi,65,30,1596,2026-02-10T01:26:12+06:00,2026-08-08T10:01:17+06:00
9,USR002,+8801757183416,Rakib Jahan,STF0000010,sender,2026-07-29T14:42:32+06:00,medium_parcel,Rampura,23.758244,90.41437,Bashundhara,23.807562,90.430266,160,picked_up,2026-07-29T21:42:32+06:00,True,Steadfast,STF-RDR-003,Shahadat Mollah,8801918581171,courier_rider,Bike,Dhaka-Metro-LA-26-1345,2023-06-16,4.40,active,Bashundhara,60,26,1270,2026-02-10T20:41:14+06:00,2026-08-05T18:37:32+06:00
10,USR002,+8801757183416,Rakib Jahan,STF0000011,receiver,2026-07-30T19:46:02+06:00,small_parcel,Wari,23.713453,90.4092,Tejgaon,23.772309,90.390659,272,returned,2026-07-31T02:46:02+06:00,True,Steadfast,STF-RDR-018,Al Amin Uddin,8801433490845,courier_rider,Bike,Dhaka-Metro-LA-17-7450,2023-06-18,4.55,active,Tejgaon,40,17,1513,2026-02-12T22:21:32+06:00,2026-08-10T19:56:43+06:00
11,USR002,+8801757183416,Rakib Jahan,STF0000012,receiver,2026-06-30T08:20:58+06:00,document,Mohakhali,23.773013,90.402338,Bashundhara,23.808392,90.432021,127,picked_up,2026-07-01T00:20:58+06:00,True,Steadfast,STF-RDR-003,Shahadat Mollah,8801918581171,courier_rider,Bike,Dhaka-Metro-LA-26-1345,2023-06-16,4.40,active,Bashundhara,60,26,1270,2026-02-10T20:41:14+06:00,2026-08-05T18:37:32+06:00
12,USR002,+8801757183416,Rakib Jahan,STF0000013,sender,2026-06-25T05:10:06+06:00,document,Gulshan,23.800618,90.408742,Rampura,23.764456,90.412282,82,cancelled,2026-06-25T15:10:06+06:00,True,Steadfast,STF-RDR-016,Nadim Mahmud,8801366112261,courier_rider,Bike,Dhaka-Metro-LA-24-7717,2024-01-16,4.20,active,Rampura,53,18,1057,2026-02-18T06:15:30+06:00,2026-08-03T04:51:23+06:00
13,USR002,+8801757183416,Rakib Jahan,STF0000014,receiver,2026-03-12T00:17:13+06:00,medium_parcel,Banani,23.800281,90.400535,Wari,23.718266,90.414235,73,cancelled,2026-03-12T06:17:13+06:00,True,Steadfast,STF-RDR-020,Emon Chowdhury,8801311733213,courier_rider,Bike,Dhaka-Metro-LA-44-7379,2023-07-10,4.24,active,Wari,56,26,197,2026-02-13T15:08:13+06:00,2026-08-07T17:55:05+06:00
14,USR002,+8801757183416,Rakib Jahan,STF0000015,receiver,2026-08-05T18:37:32+06:00,small_parcel,Old Dhaka,23.701502,90.406706,Bashundhara,23.811799,90.424266,176,delivered,2026-08-05T23:37:32+06:00,True,Steadfast,STF-RDR-003,Shahadat Mollah,8801918581171,courier_rider,Bike,Dhaka-Metro-LA-26-1345,2023-06-16,4.40,active,Bashundhara,60,26,1270,2026-02-10T20:41:14+06:00,2026-08-05T18:37:32+06:00
15,USR003,+8801354621115,Tania Islam,STF0000016,receiver,2026-04-03T06:40:53+06:00,small_parcel,Dhanmondi,23.744689,90.369132,Wari,23.726539,90.413672,237,delivered,2026-04-05T09:40:53+06:00,True,Steadfast,STF-RDR-020,Emon Chowdhury,8801311733213,courier_rider,Bike,Dhaka-Metro-LA-44-7379,2023-07-10,4.24,active,Wari,56,26,197,2026-02-13T15:08:13+06:00,2026-08-07T17:55:05+06:00
16,USR003,+8801354621115,Tania Islam,STF0000017,receiver,2026-08-02T22:47:26+06:00,document,Old Dhaka,23.715338,90.404041,Badda,23.781078,90.426666,105,delivered,2026-08-07T04:47:26+06:00,True,Steadfast,STF-RDR-001,Zahid Ahmed,8801371653930,courier_rider,Bike,Dhaka-Metro-LA-47-6988,2026-03-01,4.44,active,Badda,18,8,932,2026-02-10T03:29:07+06:00,2026-08-07T13:08:02+06:00
17,USR003,+8801354621115,Tania Islam,STF0000018,sender,2026-06-15T03:43:41+06:00,large_parcel,Wari,23.724098,90.409898,Mohammadpur,23.774114,90.365389,337,picked_up,2026-06-19T00:43:41+06:00,True,Steadfast,STF-RDR-012,Ashik Uddin,8801899845426,courier_rider,Bike,Dhaka-Metro-LA-12-6776,2023-01-12,4.91,temporarily_inactive,Mohammadpur,45,16,547,2026-02-11T00:26:15+06:00,2026-08-09T08:57:59+06:00
18,USR003,+8801354621115,Tania Islam,STF0000019,sender,2026-08-03T14:30:13+06:00,medium_parcel,Shyamoli,23.780445,90.371315,Dhanmondi,23.753925,90.381152,70,delivered,2026-08-07T23:30:13+06:00,True,Steadfast,STF-RDR-006,Shakil Ali,8801781454791,courier_rider,Bike,Dhaka-Metro-LA-30-3204,2023-04-22,4.57,active,Dhanmondi,59,22,398,2026-02-15T21:35:06+06:00,2026-08-09T12:49:46+06:00
19,USR003,+8801354621115,Tania Islam,STF0000020,receiver,2026-03-08T11:02:12+06:00,document,Banani,23.786118,90.399328,Pallabi,23.826028,90.363985,95,returned,2026-03-11T16:02:12+06:00,True,Steadfast,STF-RDR-015,Noman Hasan,8801374179797,courier_rider,Bike,Dhaka-Metro-LA-39-2863,2025-06-29,4.78,active,Pallabi,65,30,1596,2026-02-10T01:26:12+06:00,2026-08-08T10:01:17+06:00
20,USR003,+8801354621115,Tania Islam,STF0000021,receiver,2026-04-20T02:48:42+06:00,medium_parcel,Banani,23.798432,90.415412,Mohakhali,23.77303,90.393369,200,in_transit,2026-04-23T15:48:42+06:00,True,Steadfast,STF-RDR-011,Imran Mia,8801729705726,courier_rider,Bike,Dhaka-Metro-LA-55-3918,2025-07-22,4.88,active,Mohakhali,56,21,1714,2026-02-11T12:17:14+06:00,2026-08-09T07:42:00+06:00
21,USR003,+8801354621115,Tania Islam,STF0000022,receiver,2026-05-16T03:38:10+06:00,small_parcel,Mohakhali,23.785915,90.396585,Pallabi,23.825929,90.367829,198,delivered,2026-05-18T13:38:10+06:00,True,Steadfast,STF-RDR-015,Noman Hasan,8801374179797,courier_rider,Bike,Dhaka-Metro-LA-39-2863,2025-06-29,4.78,active,Pallabi,65,30,1596,2026-02-10T01:26:12+06:00,2026-08-08T10:01:17+06:00
22,USR003,+8801354621115,Tania Islam,STF0000023,receiver,2026-03-07T12:15:34+06:00,medium_parcel,Pallabi,23.826434,90.369214,Wari,23.721173,90.412271,237,delivered,2026-03-09T15:15:34+06:00,True,Steadfast,STF-RDR-020,Emon Chowdhury,8801311733213,courier_rider,Bike,Dhaka-Metro-LA-44-7379,2023-07-10,4.24,active,Wari,56,26,197,2026-02-13T15:08:13+06:00,2026-08-07T17:55:05+06:00
23,USR004,+8801569374252,Mim Rahman,STF0000024,receiver,2026-04-22T05:45:33+06:00,small_parcel,Mohammadpur,23.777334,90.362818,Bashundhara,23.817786,90.429021,156,in_transit,2026-04-23T10:45:33+06:00,True,Steadfast,STF-RDR-003,Shahadat Mollah,8801918581171,courier_rider,Bike,Dhaka-Metro-LA-26-1345,2023-06-16,4.40,active,Bashundhara,60,26,1270,2026-02-10T20:41:14+06:00,2026-08-05T18:37:32+06:00
24,USR004,+8801569374252,Mim Rahman,STF0000025,sender,2026-06-18T04:01:56+06:00,medium_parcel,Badda,23.772197,90.42066,Dhanmondi,23.750438,90.383543,133,returned,2026-06-19T21:01:56+06:00,True,Steadfast,STF-RDR-006,Shakil Ali,8801781454791,courier_rider,Bike,Dhaka-Metro-LA-30-3204,2023-04-22,4.57,active,Dhanmondi,59,22,398,2026-02-15T21:35:06+06:00,2026-08-09T12:49:46+06:00
25,USR004,+8801569374252,Mim Rahman,STF0000026,receiver,2026-04-04T08:14:46+06:00,large_parcel,Dhanmondi,23.739372,90.377647,Wari,23.714767,90.424262,274,in_transit,2026-04-08T00:14:46+06:00,True,Steadfast,STF-RDR-020,Emon Chowdhury,8801311733213,courier_rider,Bike,Dhaka-Metro-LA-44-7379,2023-07-10,4.24,active,Wari,56,26,197,2026-02-13T15:08:13+06:00,2026-08-07T17:55:05+06:00
26,USR004,+8801569374252,Mim Rahman,STF0000027,sender,2026-02-25T06:14:11+06:00,large_parcel,Gulshan,23.785982,90.41596,Shyamoli,23.78026,90.359339,148,in_transit,2026-02-28T05:14:11+06:00,True,Steadfast,STF-RDR-017,Masud Khan,8801360702419,courier_rider,Bike,Dhaka-Metro-LA-28-9831,2023-07-08,4.45,active,Shyamoli,44,21,460,2026-02-12T15:00:00+06:00,2026-08-09T14:25:38+06:00
27,USR004,+8801569374252,Mim Rahman,STF0000028,sender,2026-04-09T03:56:16+06:00,medium_parcel,Bashundhara,23.816769,90.433492,Old Dhaka,23.704282,90.405257,177,cancelled,2026-04-13T08:56:16+06:00,True,Steadfast,STF-RDR-014,Rakib Mahmud,8801513377974,courier_rider,Bike,Dhaka-Metro-LA-52-9796,2024-11-17,4.92,active,Old Dhaka,50,18,608,2026-02-10T21:51:42+06:00,2026-07-31T06:18:21+06:00
28,USR004,+8801569374252,Mim Rahman,STF0000029,receiver,2026-04-10T11:48:03+06:00,small_parcel,Tejgaon,23.768138,90.383589,Farmgate,23.766047,90.389155,213,delivered,2026-04-12T10:48:03+06:00,True,Steadfast,STF-RDR-007,Habib Khan,8801355541558,courier_rider,Bicycle,BIC-74141,2024-12-06,4.22,active,Farmgate,44,18,1281,2026-02-11T07:50:51+06:00,2026-08-09T04:50:46+06:00
29,USR005,+8801526187734,Anika Hossain,STF0000030,sender,2026-02-18T04:47:31+06:00,large_parcel,Shyamoli,23.767135,90.356444,Khilgaon,23.746731,90.424562,160,delivered,2026-02-22T21:47:31+06:00,True,Steadfast,STF-RDR-009,Habib Hossain,8801495463244,courier_rider,Bike,Dhaka-Metro-LA-18-5393,2023-09-14,4.29,active,Khilgaon,47,24,1313,2026-02-11T11:56:35+06:00,2026-08-08T17:34:54+06:00
30,USR005,+8801526187734,Anika Hossain,STF0000031,sender,2026-05-21T03:45:27+06:00,large_parcel,Pallabi,23.825502,90.356586,Uttara,23.871239,90.375275,171,delivered,2026-05-25T13:45:27+06:00,True,Steadfast,STF-RDR-019,Mizan Kabir,8801539426102,courier_rider,Bicycle,BIC-56726,2025-07-12,4.44,active,Uttara,57,28,1473,2026-02-10T23:40:12+06:00,2026-08-09T01:27:07+06:00
31,USR005,+8801526187734,Anika Hossain,STF0000032,receiver,2026-04-05T17:04:52+06:00,document,Bashundhara,23.810166,90.418548,Motijheel,23.735402,90.425155,218,delivered,2026-04-08T13:04:52+06:00,True,Steadfast,STF-RDR-013,Rubel Mia,8801633950512,courier_rider,Bike,Dhaka-Metro-LA-28-7399,2025-12-23,4.32,active,Motijheel,39,18,975,2026-02-10T21:39:21+06:00,2026-08-06T00:06:07+06:00
32,USR005,+8801526187734,Anika Hossain,STF0000033,receiver,2026-04-30T17:55:54+06:00,large_parcel,Shyamoli,23.774677,90.361267,Mohakhali,23.77818,90.396279,204,returned,2026-05-02T09:55:54+06:00,True,Steadfast,STF-RDR-011,Imran Mia,8801729705726,courier_rider,Bike,Dhaka-Metro-LA-55-3918,2025-07-22,4.88,active,Mohakhali,56,21,1714,2026-02-11T12:17:14+06:00,2026-08-09T07:42:00+06:00
33,USR005,+8801526187734,Anika Hossain,STF0000034,sender,2026-03-25T04:41:58+06:00,document,Farmgate,23.759473,90.382965,Mirpur,23.817473,90.36384,214,in_transit,2026-03-28T22:41:58+06:00,True,Steadfast,STF-RDR-010,Shakil Chowdhury,8801508898967,courier_rider,Bicycle,BIC-84798,2024-12-18,4.74,active,Mirpur,41,20,707,2026-02-17T05:21:07+06:00,2026-08-10T23:01:21+06:00
34,USR005,+8801526187734,Anika Hossain,STF0000035,receiver,2026-08-09T04:50:46+06:00,large_parcel,Motijheel,23.729278,90.414828,Farmgate,23.752107,90.394428,309,delivered,2026-08-10T03:50:46+06:00,True,Steadfast,STF-RDR-007,Habib Khan,8801355541558,courier_rider,Bicycle,BIC-74141,2024-12-06,4.22,active,Farmgate,44,18,1281,2026-02-11T07:50:51+06:00,2026-08-09T04:50:46+06:00
35,USR006,+8801540236353,Sanjida Hasan,STF0000036,sender,2026-02-23T10:20:36+06:00,document,Gulshan,23.794294,90.413853,Uttara,23.879367,90.374261,182,delivered,2026-02-26T22:20:36+06:00,True,Steadfast,STF-RDR-019,Mizan Kabir,8801539426102,courier_rider,Bicycle,BIC-56726,2025-07-12,4.44,active,Uttara,57,28,1473,2026-02-10T23:40:12+06:00,2026-08-09T01:27:07+06:00
36,USR006,+8801540236353,Sanjida Hasan,STF0000037,receiver,2026-07-20T07:26:29+06:00,medium_parcel,Mohakhali,23.77992,90.404677,Mohammadpur,23.770355,90.361941,134,delivered,2026-07-21T11:26:29+06:00,True,Steadfast,STF-RDR-012,Ashik Uddin,8801899845426,courier_rider,Bike,Dhaka-Metro-LA-12-6776,2023-01-12,4.91,temporarily_inactive,Mohammadpur,45,16,547,2026-02-11T00:26:15+06:00,2026-08-09T08:57:59+06:00
37,USR006,+8801540236353,Sanjida Hasan,STF0000038,sender,2026-08-06T04:44:07+06:00,medium_parcel,Khilgaon,23.755614,90.420757,Uttara,23.874961,90.378366,158,delivered,2026-08-07T07:44:07+06:00,True,Steadfast,STF-RDR-019,Mizan Kabir,8801539426102,courier_rider,Bicycle,BIC-56726,2025-07-12,4.44,active,Uttara,57,28,1473,2026-02-10T23:40:12+06:00,2026-08-09T01:27:07+06:00
38,USR006,+8801540236353,Sanjida Hasan,STF0000039,receiver,2026-07-09T02:21:55+06:00,large_parcel,Gulshan,23.797406,90.401594,Pallabi,23.825507,90.366473,237,delivered,2026-07-11T18:21:55+06:00,True,Steadfast,STF-RDR-015,Noman Hasan,8801374179797,courier_rider,Bike,Dhaka-Metro-LA-39-2863,2025-06-29,4.78,active,Pallabi,65,30,1596,2026-02-10T01:26:12+06:00,2026-08-08T10:01:17+06:00
39,USR006,+8801540236353,Sanjida Hasan,STF0000040,receiver,2026-06-06T11:08:49+06:00,large_parcel,Farmgate,23.759908,90.388313,Mohakhali,23.778574,90.396479,323,returned,2026-06-09T17:08:49+06:00,True,Steadfast,STF-RDR-011,Imran Mia,8801729705726,courier_rider,Bike,Dhaka-Metro-LA-55-3918,2025-07-22,4.88,active,Mohakhali,56,21,1714,2026-02-11T12:17:14+06:00,2026-08-09T07:42:00+06:00
40,USR006,+8801540236353,Sanjida Hasan,STF0000041,receiver,2026-06-22T04:28:59+06:00,small_parcel,Uttara,23.879305,90.37369,Wari,23.721682,90.417729,90,picked_up,2026-06-25T00:28:59+06:00,True,Steadfast,STF-RDR-020,Emon Chowdhury,8801311733213,courier_rider,Bike,Dhaka-Metro-LA-44-7379,2023-07-10,4.24,active,Wari,56,26,197,2026-02-13T15:08:13+06:00,2026-08-07T17:55:05+06:00
41,USR006,+8801540236353,Sanjida Hasan,STF0000042,receiver,2026-03-09T22:08:15+06:00,medium_parcel,Bashundhara,23.812412,90.428561,Badda,23.775484,90.429728,294,delivered,2026-03-13T12:08:15+06:00,True,Steadfast,STF-RDR-021,Mamun Khan,8801550451076,courier_rider,Bike,Dhaka-Metro-LA-46-4897,2023-05-12,4.39,active,Badda,31,14,976,2026-02-13T07:18:09+06:00,2026-08-10T18:55:10+06:00
42,USR006,+8801540236353,Sanjida Hasan,STF0000043,sender,2026-04-10T03:45:43+06:00,small_parcel,Shyamoli,23.774877,90.372455,Mirpur,23.822062,90.364177,203,delivered,2026-04-12T00:45:43+06:00,True,Steadfast,STF-RDR-010,Shakil Chowdhury,8801508898967,courier_rider,Bicycle,BIC-84798,2024-12-18,4.74,active,Mirpur,41,20,707,2026-02-17T05:21:07+06:00,2026-08-10T23:01:21+06:00
43,USR006,+8801540236353,Sanjida Hasan,STF0000044,receiver,2026-04-28T21:11:41+06:00,medium_parcel,Mohammadpur,23.767805,90.355405,Farmgate,23.757702,90.396894,253,in_transit,2026-05-01T03:11:41+06:00,True,Steadfast,STF-RDR-007,Habib Khan,8801355541558,courier_rider,Bicycle,BIC-74141,2024-12-06,4.22,active,Farmgate,44,18,1281,2026-02-11T07:50:51+06:00,2026-08-09T04:50:46+06:00
44,USR006,+8801540236353,Sanjida Hasan,STF0000045,receiver,2026-04-29T14:55:59+06:00,document,Mohakhali,23.774742,90.395635,Pallabi,23.833701,90.368364,296,delivered,2026-05-03T13:55:59+06:00,True,Steadfast,STF-RDR-015,Noman Hasan,8801374179797,courier_rider,Bike,Dhaka-Metro-LA-39-2863,2025-06-29,4.78,active,Pallabi,65,30,1596,2026-02-10T01:26:12+06:00,2026-08-08T10:01:17+06:00
45,USR006,+8801540236353,Sanjida Hasan,STF0000046,receiver,2026-05-22T13:26:15+06:00,medium_parcel,Mohakhali,23.774723,90.391278,Dhanmondi,23.753194,90.368766,91,returned,2026-05-24T21:26:15+06:00,True,Steadfast,STF-RDR-006,Shakil Ali,8801781454791,courier_rider,Bike,Dhaka-Metro-LA-30-3204,2023-04-22,4.57,active,Dhanmondi,59,22,398,2026-02-15T21:35:06+06:00,2026-08-09T12:49:46+06:00
46,USR006,+8801540236353,Sanjida Hasan,STF0000047,receiver,2026-08-05T19:40:28+06:00,small_parcel,Mirpur,23.815926,90.369794,Mohakhali,23.78433,90.397066,304,cancelled,2026-08-08T11:40:28+06:00,True,Steadfast,STF-RDR-011,Imran Mia,8801729705726,courier_rider,Bike,Dhaka-Metro-LA-55-3918,2025-07-22,4.88,active,Mohakhali,56,21,1714,2026-02-11T12:17:14+06:00,2026-08-09T07:42:00+06:00
47,USR007,+8801414017475,Sadia Chowdhury,STF0000048,sender,2026-04-26T01:27:07+06:00,small_parcel,Wari,23.714649,90.414213,Rampura,23.752977,90.428954,244,in_transit,2026-04-30T20:27:07+06:00,True,Steadfast,STF-RDR-016,Nadim Mahmud,8801366112261,courier_rider,Bike,Dhaka-Metro-LA-24-7717,2024-01-16,4.20,active,Rampura,53,18,1057,2026-02-18T06:15:30+06:00,2026-08-03T04:51:23+06:00
48,USR007,+8801414017475,Sadia Chowdhury,STF0000049,sender,2026-06-28T20:14:47+06:00,document,Khilgaon,23.74965,90.423502,Pallabi,23.82377,90.36937,312,in_transit,2026-07-02T01:14:47+06:00,True,Steadfast,STF-RDR-015,Noman Hasan,8801374179797,courier_rider,Bike,Dhaka-Metro-LA-39-2863,2025-06-29,4.78,active,Pallabi,65,30,1596,2026-02-10T01:26:12+06:00,2026-08-08T10:01:17+06:00
49,USR007,+8801414017475,Sadia Chowdhury,STF0000050,receiver,2026-05-04T02:12:38+06:00,document,Dhanmondi,23.747982,90.371504,Shyamoli,23.778387,90.358123,270,delivered,2026-05-05T10:12:38+06:00,True,Steadfast,STF-RDR-017,Masud Khan,8801360702419,courier_rider,Bike,Dhaka-Metro-LA-28-9831,2023-07-08,4.45,active,Shyamoli,44,21,460,2026-02-12T15:00:00+06:00,2026-08-09T14:25:38+06:00
50,USR007,+8801414017475,Sadia Chowdhury,STF0000051,receiver,2026-03-17T10:35:04+06:00,document,Mohammadpur,23.764475,90.364121,Rampura,23.766343,90.419054,186,returned,2026-03-22T04:35:04+06:00,True,Steadfast,STF-RDR-016,Nadim Mahmud,8801366112261,courier_rider,Bike,Dhaka-Metro-LA-24-7717,2024-01-16,4.20,active,Rampura,53,18,1057,2026-02-18T06:15:30+06:00,2026-08-03T04:51:23+06:00
51,USR007,+8801414017475,Sadia Chowdhury,STF0000052,receiver,2026-04-24T01:37:15+06:00,large_parcel,Uttara,23.87718,90.377716,Tejgaon,23.762441,90.38943,146,delivered,2026-04-25T09:37:15+06:00,True,Steadfast,STF-RDR-018,Al Amin Uddin,8801433490845,courier_rider,Bike,Dhaka-Metro-LA-17-7450,2023-06-18,4.55,active,Tejgaon,40,17,1513,2026-02-12T22:21:32+06:00,2026-08-10T19:56:43+06:00
52,USR007,+8801414017475,Sadia Chowdhury,STF0000053,receiver,2026-06-23T08:21:27+06:00,small_parcel,Badda,23.78567,90.42191,Uttara,23.874419,90.38587,240,picked_up,2026-06-25T05:21:27+06:00,True,Steadfast,STF-RDR-019,Mizan Kabir,8801539426102,courier_rider,Bicycle,BIC-56726,2025-07-12,4.44,active,Uttara,57,28,1473,2026-02-10T23:40:12+06:00,2026-08-09T01:27:07+06:00
53,USR007,+8801414017475,Sadia Chowdhury,STF0000054,receiver,2026-02-22T06:19:32+06:00,large_parcel,Khilgaon,23.754912,90.427132,Uttara,23.876516,90.375077,296,cancelled,2026-02-26T01:19:32+06:00,True,Steadfast,STF-RDR-019,Mizan Kabir,8801539426102,courier_rider,Bicycle,BIC-56726,2025-07-12,4.44,active,Uttara,57,28,1473,2026-02-10T23:40:12+06:00,2026-08-09T01:27:07+06:00
54,USR008,+8801416261428,Imran Jahan,STF0000055,receiver,2026-05-12T06:47:52+06:00,medium_parcel,Bashundhara,23.822588,90.431747,Mirpur,23.827019,90.357418,129,returned,2026-05-15T06:47:52+06:00,True,Steadfast,STF-RDR-010,Shakil Chowdhury,8801508898967,courier_rider,Bicycle,BIC-84798,2024-12-18,4.74,active,Mirpur,41,20,707,2026-02-17T05:21:07+06:00,2026-08-10T23:01:21+06:00
55,USR008,+8801416261428,Imran Jahan,STF0000056,receiver,2026-05-24T09:38:54+06:00,large_parcel,Farmgate,23.754346,90.39847,Uttara,23.880667,90.378534,329,cancelled,2026-05-27T08:38:54+06:00,True,Steadfast,STF-RDR-019,Mizan Kabir,8801539426102,courier_rider,Bicycle,BIC-56726,2025-07-12,4.44,active,Uttara,57,28,1473,2026-02-10T23:40:12+06:00,2026-08-09T01:27:07+06:00
56,USR008,+8801416261428,Imran Jahan,STF0000057,receiver,2026-02-17T10:46:52+06:00,large_parcel,Wari,23.713554,90.412378,Badda,23.781727,90.418226,286,delivered,2026-02-20T23:46:52+06:00,True,Steadfast,STF-RDR-001,Zahid Ahmed,8801371653930,courier_rider,Bike,Dhaka-Metro-LA-47-6988,2026-03-01,4.44,active,Badda,18,8,932,2026-02-10T03:29:07+06:00,2026-08-07T13:08:02+06:00
57,USR008,+8801416261428,Imran Jahan,STF0000058,sender,2026-04-13T20:36:01+06:00,medium_parcel,Mohakhali,23.781544,90.393669,Mirpur,23.815736,90.360784,151,picked_up,2026-04-14T08:36:01+06:00,True,Steadfast,STF-RDR-010,Shakil Chowdhury,8801508898967,courier_rider,Bicycle,BIC-84798,2024-12-18,4.74,active,Mirpur,41,20,707,2026-02-17T05:21:07+06:00,2026-08-10T23:01:21+06:00
58,USR008,+8801416261428,Imran Jahan,STF0000059,sender,2026-03-12T20:06:24+06:00,medium_parcel,Uttara,23.878269,90.380256,Bashundhara,23.80889,90.43376,135,cancelled,2026-03-13T14:06:24+06:00,True,Steadfast,STF-RDR-003,Shahadat Mollah,8801918581171,courier_rider,Bike,Dhaka-Metro-LA-26-1345,2023-06-16,4.40,active,Bashundhara,60,26,1270,2026-02-10T20:41:14+06:00,2026-08-05T18:37:32+06:00
59,USR008,+8801416261428,Imran Jahan,STF0000060,sender,2026-03-18T00:39:21+06:00,medium_parcel,Khilgaon,23.756198,90.419616,Tejgaon,23.761956,90.394332,214,in_transit,2026-03-21T23:39:21+06:00,True,Steadfast,STF-RDR-018,Al Amin Uddin,8801433490845,courier_rider,Bike,Dhaka-Metro-LA-17-7450,2023-06-18,4.55,active,Tejgaon,40,17,1513,2026-02-12T22:21:32+06:00,2026-08-10T19:56:43+06:00
60,USR008,+8801416261428,Imran Jahan,STF0000061,sender,2026-02-12T03:59:52+06:00,medium_parcel,Gulshan,23.799594,90.408609,Banani,23.787724,90.402407,271,delivered,2026-02-13T04:59:52+06:00,True,Steadfast,STF-RDR-002,Nahid Ali,8801571364853,courier_rider,Bike,Dhaka-Metro-LA-17-2538,2024-06-01,4.61,active,Banani,38,18,585,2026-02-11T07:26:41+06:00,2026-07-27T20:50:45+06:00
61,USR008,+8801416261428,Imran Jahan,STF0000062,sender,2026-05-20T13:31:57+06:00,small_parcel,Mohakhali,23.772272,90.401798,Mirpur,23.823682,90.361129,199,cancelled,2026-05-21T02:31:57+06:00,True,Steadfast,STF-RDR-010,Shakil Chowdhury,8801508898967,courier_rider,Bicycle,BIC-84798,2024-12-18,4.74,active,Mirpur,41,20,707,2026-02-17T05:21:07+06:00,2026-08-10T23:01:21+06:00
62,USR009,+8801912664313,Samira Jahan,STF0000063,sender,2026-04-18T05:16:22+06:00,medium_parcel,Rampura,23.753033,90.413648,Pallabi,23.824869,90.356112,169,in_transit,2026-04-19T18:16:22+06:00,True,Steadfast,STF-RDR-015,Noman Hasan,8801374179797,courier_rider,Bike,Dhaka-Metro-LA-39-2863,2025-06-29,4.78,active,Pallabi,65,30,1596,2026-02-10T01:26:12+06:00,2026-08-08T10:01:17+06:00
63,USR009,+8801912664313,Samira Jahan,STF0000064,sender,2026-03-23T15:41:26+06:00,small_parcel,Old Dhaka,23.716401,90.411518,Rampura,23.769942,90.427939,197,delivered,2026-03-26T21:41:26+06:00,True,Steadfast,STF-RDR-016,Nadim Mahmud,8801366112261,courier_rider,Bike,Dhaka-Metro-LA-24-7717,2024-01-16,4.20,active,Rampura,53,18,1057,2026-02-18T06:15:30+06:00,2026-08-03T04:51:23+06:00
64,USR009,+8801912664313,Samira Jahan,STF0000065,receiver,2026-05-27T13:01:47+06:00,small_parcel,Pallabi,23.825411,90.359885,Mohakhali,23.784001,90.399698,235,in_transit,2026-05-31T15:01:47+06:00,True,Steadfast,STF-RDR-011,Imran Mia,8801729705726,courier_rider,Bike,Dhaka-Metro-LA-55-3918,2025-07-22,4.88,active,Mohakhali,56,21,1714,2026-02-11T12:17:14+06:00,2026-08-09T07:42:00+06:00
65,USR009,+8801912664313,Samira Jahan,STF0000066,receiver,2026-02-12T09:33:43+06:00,medium_parcel,Old Dhaka,23.703576,90.415863,Gulshan,23.798329,90.408736,97,picked_up,2026-02-14T23:33:43+06:00,True,Steadfast,STF-RDR-008,Kawsar Hasan,8801749085349,courier_rider,Bike,Dhaka-Metro-LA-47-2714,2025-11-24,4.63,active,Gulshan,44,18,921,2026-02-11T10:32:27+06:00,2026-08-06T05:18:42+06:00
66,USR009,+8801912664313,Samira Jahan,STF0000067,sender,2026-05-02T09:34:06+06:00,large_parcel,Old Dhaka,23.710955,90.405344,Motijheel,23.728004,90.420395,87,delivered,2026-05-05T06:34:06+06:00,True,Steadfast,STF-RDR-013,Rubel Mia,8801633950512,courier_rider,Bike,Dhaka-Metro-LA-28-7399,2025-12-23,4.32,active,Motijheel,39,18,975,2026-02-10T21:39:21+06:00,2026-08-06T00:06:07+06:00
67,USR009,+8801912664313,Samira Jahan,STF0000068,sender,2026-03-13T08:21:46+06:00,large_parcel,Uttara,23.877107,90.381212,Dhanmondi,23.743195,90.371923,220,in_transit,2026-03-15T15:21:46+06:00,True,Steadfast,STF-RDR-006,Shakil Ali,8801781454791,courier_rider,Bike,Dhaka-Metro-LA-30-3204,2023-04-22,4.57,active,Dhanmondi,59,22,398,2026-02-15T21:35:06+06:00,2026-08-09T12:49:46+06:00
68,USR009,+8801912664313,Samira Jahan,STF0000069,sender,2026-03-05T12:10:34+06:00,small_parcel,Dhanmondi,23.748877,90.367331,Motijheel,23.732597,90.417487,101,returned,2026-03-07T01:10:34+06:00,True,Steadfast,STF-RDR-013,Rubel Mia,8801633950512,courier_rider,Bike,Dhaka-Metro-LA-28-7399,2025-12-23,4.32,active,Motijheel,39,18,975,2026-02-10T21:39:21+06:00,2026-08-06T00:06:07+06:00
69,USR009,+8801912664313,Samira Jahan,STF0000070,sender,2026-03-02T23:53:53+06:00,document,Gulshan,23.801042,90.410586,Mohakhali,23.778523,90.399156,220,delivered,2026-03-06T03:53:53+06:00,True,Steadfast,STF-RDR-011,Imran Mia,8801729705726,courier_rider,Bike,Dhaka-Metro-LA-55-3918,2025-07-22,4.88,active,Mohakhali,56,21,1714,2026-02-11T12:17:14+06:00,2026-08-09T07:42:00+06:00
70,USR010,+8801645545273,Nadia Uddin,STF0000071,receiver,2026-07-29T17:32:22+06:00,large_parcel,Mirpur,23.822705,90.363247,Badda,23.778807,90.42269,220,delivered,2026-07-31T14:32:22+06:00,True,Steadfast,STF-RDR-021,Mamun Khan,8801550451076,courier_rider,Bike,Dhaka-Metro-LA-46-4897,2023-05-12,4.39,active,Badda,31,14,976,2026-02-13T07:18:09+06:00,2026-08-10T18:55:10+06:00
71,USR010,+8801645545273,Nadia Uddin,STF0000072,receiver,2026-02-17T11:55:17+06:00,small_parcel,Tejgaon,23.762705,90.393431,Old Dhaka,23.701759,90.407483,317,in_transit,2026-02-19T06:55:17+06:00,True,Steadfast,STF-RDR-014,Rakib Mahmud,8801513377974,courier_rider,Bike,Dhaka-Metro-LA-52-9796,2024-11-17,4.92,active,Old Dhaka,50,18,608,2026-02-10T21:51:42+06:00,2026-07-31T06:18:21+06:00
72,USR010,+8801645545273,Nadia Uddin,STF0000073,sender,2026-06-04T05:18:13+06:00,medium_parcel,Mohammadpur,23.770473,90.363518,Motijheel,23.73832,90.425651,248,delivered,2026-06-08T22:18:13+06:00,True,Steadfast,STF-RDR-013,Rubel Mia,8801633950512,courier_rider,Bike,Dhaka-Metro-LA-28-7399,2025-12-23,4.32,active,Motijheel,39,18,975,2026-02-10T21:39:21+06:00,2026-08-06T00:06:07+06:00
73,USR010,+8801645545273,Nadia Uddin,STF0000074,sender,2026-04-15T06:04:39+06:00,small_parcel,Motijheel,23.738588,90.418763,Pallabi,23.827048,90.369339,239,cancelled,2026-04-19T01:04:39+06:00,True,Steadfast,STF-RDR-015,Noman Hasan,8801374179797,courier_rider,Bike,Dhaka-Metro-LA-39-2863,2025-06-29,4.78,active,Pallabi,65,30,1596,2026-02-10T01:26:12+06:00,2026-08-08T10:01:17+06:00
74,USR010,+8801645545273,Nadia Uddin,STF0000075,sender,2026-02-11T07:50:51+06:00,small_parcel,Khilgaon,23.74828,90.423526,Farmgate,23.764389,90.389721,209,in_transit,2026-02-13T21:50:51+06:00,True,Steadfast,STF-RDR-007,Habib Khan,8801355541558,courier_rider,Bicycle,BIC-74141,2024-12-06,4.22,active,Farmgate,44,18,1281,2026-02-11T07:50:51+06:00,2026-08-09T04:50:46+06:00
75,USR010,+8801645545273,Nadia Uddin,STF0000076,sender,2026-06-28T04:55:05+06:00,document,Uttara,23.874713,90.379364,Pallabi,23.823955,90.361576,132,delivered,2026-07-02T08:55:05+06:00,True,Steadfast,STF-RDR-015,Noman Hasan,8801374179797,courier_rider,Bike,Dhaka-Metro-LA-39-2863,2025-06-29,4.78,active,Pallabi,65,30,1596,2026-02-10T01:26:12+06:00,2026-08-08T10:01:17+06:00
76,USR010,+8801645545273,Nadia Uddin,STF0000077,sender,2026-03-26T15:52:43+06:00,medium_parcel,Tejgaon,23.75653,90.398998,Bashundhara,23.812217,90.419111,313,cancelled,2026-03-31T14:52:43+06:00,True,Steadfast,STF-RDR-003,Shahadat Mollah,8801918581171,courier_rider,Bike,Dhaka-Metro-LA-26-1345,2023-06-16,4.40,active,Bashundhara,60,26,1270,2026-02-10T20:41:14+06:00,2026-08-05T18:37:32+06:00
77,USR010,+8801645545273,Nadia Uddin,STF0000078,sender,2026-06-18T15:32:21+06:00,large_parcel,Mohakhali,23.78285,90.406154,Khilgaon,23.746133,90.433162,170,delivered,2026-06-23T01:32:21+06:00,True,Steadfast,STF-RDR-009,Habib Hossain,8801495463244,courier_rider,Bike,Dhaka-Metro-LA-18-5393,2023-09-14,4.29,active,Khilgaon,47,24,1313,2026-02-11T11:56:35+06:00,2026-08-08T17:34:54+06:00
78,USR010,+8801645545273,Nadia Uddin,STF0000079,receiver,2026-06-21T05:04:26+06:00,document,Old Dhaka,23.716561,90.404924,Wari,23.713603,90.416318,299,delivered,2026-06-23T18:04:26+06:00,True,Steadfast,STF-RDR-020,Emon Chowdhury,8801311733213,courier_rider,Bike,Dhaka-Metro-LA-44-7379,2023-07-10,4.24,active,Wari,56,26,197,2026-02-13T15:08:13+06:00,2026-08-07T17:55:05+06:00
79,USR010,+8801645545273,Nadia Uddin,STF0000080,sender,2026-06-22T07:27:22+06:00,document,Mohammadpur,23.766068,90.363478,Mohakhali,23.770848,90.405214,195,delivered,2026-06-25T09:27:22+06:00,True,Steadfast,STF-RDR-011,Imran Mia,8801729705726,courier_rider,Bike,Dhaka-Metro-LA-55-3918,2025-07-22,4.88,active,Mohakhali,56,21,1714,2026-02-11T12:17:14+06:00,2026-08-09T07:42:00+06:00
80,USR010,+8801645545273,Nadia Uddin,STF0000081,receiver,2026-03-19T01:38:15+06:00,large_parcel,Mohakhali,23.785087,90.402347,Gulshan,23.787358,90.413643,184,cancelled,2026-03-22T23:38:15+06:00,True,Steadfast,STF-RDR-008,Kawsar Hasan,8801749085349,courier_rider,Bike,Dhaka-Metro-LA-47-2714,2025-11-24,4.63,active,Gulshan,44,18,921,2026-02-11T10:32:27+06:00,2026-08-06T05:18:42+06:00
81,USR011,+8801667091759,Samira Mahmud,STF0000082,sender,2026-02-18T17:49:47+06:00,document,Dhanmondi,23.742258,90.381702,Mohammadpur,23.767803,90.355318,292,in_transit,2026-02-20T00:49:47+06:00,True,Steadfast,STF-RDR-012,Ashik Uddin,8801899845426,courier_rider,Bike,Dhaka-Metro-LA-12-6776,2023-01-12,4.91,temporarily_inactive,Mohammadpur,45,16,547,2026-02-11T00:26:15+06:00,2026-08-09T08:57:59+06:00
82,USR011,+8801667091759,Samira Mahmud,STF0000083,receiver,2026-06-06T08:19:44+06:00,document,Mirpur,23.818623,90.365977,Banani,23.799601,90.401579,294,in_transit,2026-06-10T01:19:44+06:00,True,Steadfast,STF-RDR-002,Nahid Ali,8801571364853,courier_rider,Bike,Dhaka-Metro-LA-17-2538,2024-06-01,4.61,active,Banani,38,18,585,2026-02-11T07:26:41+06:00,2026-07-27T20:50:45+06:00
83,USR011,+8801667091759,Samira Mahmud,STF0000084,receiver,2026-05-18T13:45:18+06:00,document,Khilgaon,23.755109,90.427716,Uttara,23.869881,90.382419,252,delivered,2026-05-19T20:45:18+06:00,True,Steadfast,STF-RDR-019,Mizan Kabir,8801539426102,courier_rider,Bicycle,BIC-56726,2025-07-12,4.44,active,Uttara,57,28,1473,2026-02-10T23:40:12+06:00,2026-08-09T01:27:07+06:00
84,USR011,+8801667091759,Samira Mahmud,STF0000085,receiver,2026-08-07T17:55:05+06:00,small_parcel,Pallabi,23.833028,90.358873,Wari,23.725767,90.417394,270,delivered,2026-08-12T15:55:05+06:00,True,Steadfast,STF-RDR-020,Emon Chowdhury,8801311733213,courier_rider,Bike,Dhaka-Metro-LA-44-7379,2023-07-10,4.24,active,Wari,56,26,197,2026-02-13T15:08:13+06:00,2026-08-07T17:55:05+06:00
85,USR011,+8801667091759,Samira Mahmud,STF0000086,receiver,2026-07-07T11:10:44+06:00,large_parcel,Khilgaon,23.745705,90.43083,Bashundhara,23.81604,90.429491,89,delivered,2026-07-08T01:10:44+06:00,True,Steadfast,STF-RDR-003,Shahadat Mollah,8801918581171,courier_rider,Bike,Dhaka-Metro-LA-26-1345,2023-06-16,4.40,active,Bashundhara,60,26,1270,2026-02-10T20:41:14+06:00,2026-08-05T18:37:32+06:00
86,USR011,+8801667091759,Samira Mahmud,STF0000087,receiver,2026-04-09T10:51:26+06:00,small_parcel,Mohakhali,23.769398,90.39541,Dhanmondi,23.745092,90.377345,141,in_transit,2026-04-13T13:51:26+06:00,True,Steadfast,STF-RDR-006,Shakil Ali,8801781454791,courier_rider,Bike,Dhaka-Metro-LA-30-3204,2023-04-22,4.57,active,Dhanmondi,59,22,398,2026-02-15T21:35:06+06:00,2026-08-09T12:49:46+06:00
87,USR011,+8801667091759,Samira Mahmud,STF0000088,sender,2026-06-22T06:28:05+06:00,document,Khilgaon,23.750642,90.436571,Mohakhali,23.782483,90.394257,211,cancelled,2026-06-26T08:28:05+06:00,True,Steadfast,STF-RDR-011,Imran Mia,8801729705726,courier_rider,Bike,Dhaka-Metro-LA-55-3918,2025-07-22,4.88,active,Mohakhali,56,21,1714,2026-02-11T12:17:14+06:00,2026-08-09T07:42:00+06:00
88,USR011,+8801667091759,Samira Mahmud,STF0000089,receiver,2026-07-06T19:15:29+06:00,large_parcel,Farmgate,23.764792,90.391622,Old Dhaka,23.701534,90.40685,130,delivered,2026-07-10T20:15:29+06:00,True,Steadfast,STF-RDR-014,Rakib Mahmud,8801513377974,courier_rider,Bike,Dhaka-Metro-LA-52-9796,2024-11-17,4.92,active,Old Dhaka,50,18,608,2026-02-10T21:51:42+06:00,2026-07-31T06:18:21+06:00
89,USR011,+8801667091759,Samira Mahmud,STF0000090,receiver,2026-07-23T23:54:48+06:00,large_parcel,Gulshan,23.798563,90.399769,Uttara,23.883008,90.371399,179,delivered,2026-07-27T01:54:48+06:00,True,Steadfast,STF-RDR-019,Mizan Kabir,8801539426102,courier_rider,Bicycle,BIC-56726,2025-07-12,4.44,active,Uttara,57,28,1473,2026-02-10T23:40:12+06:00,2026-08-09T01:27:07+06:00
90,USR011,+8801667091759,Samira Mahmud,STF0000091,receiver,2026-03-11T19:19:47+06:00,large_parcel,Dhanmondi,23.741465,90.381896,Badda,23.774648,90.424185,203,returned,2026-03-15T16:19:47+06:00,True,Steadfast,STF-RDR-021,Mamun Khan,8801550451076,courier_rider,Bike,Dhaka-Metro-LA-46-4897,2023-05-12,4.39,active,Badda,31,14,976,2026-02-13T07:18:09+06:00,2026-08-10T18:55:10+06:00
91,USR011,+8801667091759,Samira Mahmud,STF0000092,receiver,2026-06-28T09:12:16+06:00,document,Wari,23.719709,90.423668,Shyamoli,23.781836,90.360897,160,delivered,2026-06-30T08:12:16+06:00,True,Steadfast,STF-RDR-017,Masud Khan,8801360702419,courier_rider,Bike,Dhaka-Metro-LA-28-9831,2023-07-08,4.45,active,Shyamoli,44,21,460,2026-02-12T15:00:00+06:00,2026-08-09T14:25:38+06:00
92,USR011,+8801667091759,Samira Mahmud,STF0000093,receiver,2026-03-03T20:31:35+06:00,document,Bashundhara,23.819729,90.424086,Uttara,23.869984,90.370889,96,returned,2026-03-06T19:31:35+06:00,True,Steadfast,STF-RDR-019,Mizan Kabir,8801539426102,courier_rider,Bicycle,BIC-56726,2025-07-12,4.44,active,Uttara,57,28,1473,2026-02-10T23:40:12+06:00,2026-08-09T01:27:07+06:00
93,USR012,+8801503416513,Siam Hasan,STF0000094,receiver,2026-04-20T05:40:23+06:00,large_parcel,Khilgaon,23.744634,90.4324,Rampura,23.766632,90.424032,116,in_transit,2026-04-23T01:40:23+06:00,True,Steadfast,STF-RDR-016,Nadim Mahmud,8801366112261,courier_rider,Bike,Dhaka-Metro-LA-24-7717,2024-01-16,4.20,active,Rampura,53,18,1057,2026-02-18T06:15:30+06:00,2026-08-03T04:51:23+06:00
94,USR012,+8801503416513,Siam Hasan,STF0000095,sender,2026-03-13T14:23:32+06:00,medium_parcel,Old Dhaka,23.706504,90.408646,Mohakhali,23.771715,90.396924,348,delivered,2026-03-15T10:23:32+06:00,True,Steadfast,STF-RDR-011,Imran Mia,8801729705726,courier_rider,Bike,Dhaka-Metro-LA-55-3918,2025-07-22,4.88,active,Mohakhali,56,21,1714,2026-02-11T12:17:14+06:00,2026-08-09T07:42:00+06:00
95,USR012,+8801503416513,Siam Hasan,STF0000096,sender,2026-03-10T21:15:43+06:00,document,Tejgaon,23.761754,90.389434,Old Dhaka,23.710409,90.405391,244,delivered,2026-03-12T18:15:43+06:00,True,Steadfast,STF-RDR-014,Rakib Mahmud,8801513377974,courier_rider,Bike,Dhaka-Metro-LA-52-9796,2024-11-17,4.92,active,Old Dhaka,50,18,608,2026-02-10T21:51:42+06:00,2026-07-31T06:18:21+06:00
96,USR012,+8801503416513,Siam Hasan,STF0000097,receiver,2026-06-06T16:47:28+06:00,medium_parcel,Uttara,23.878055,90.37305,Khilgaon,23.743918,90.423197,265,delivered,2026-06-11T14:47:28+06:00,True,Steadfast,STF-RDR-009,Habib Hossain,8801495463244,courier_rider,Bike,Dhaka-Metro-LA-18-5393,2023-09-14,4.29,active,Khilgaon,47,24,1313,2026-02-11T11:56:35+06:00,2026-08-08T17:34:54+06:00
97,USR012,+8801503416513,Siam Hasan,STF0000098,receiver,2026-05-27T17:20:46+06:00,medium_parcel,Mirpur,23.821912,90.361735,Shyamoli,23.778557,90.361283,176,delivered,2026-05-30T21:20:46+06:00,True,Steadfast,STF-RDR-017,Masud Khan,8801360702419,courier_rider,Bike,Dhaka-Metro-LA-28-9831,2023-07-08,4.45,active,Shyamoli,44,21,460,2026-02-12T15:00:00+06:00,2026-08-09T14:25:38+06:00
98,USR012,+8801503416513,Siam Hasan,STF0000099,sender,2026-04-11T13:01:24+06:00,medium_parcel,Tejgaon,23.769353,90.392412,Motijheel,23.725913,90.413639,221,in_transit,2026-04-12T06:01:24+06:00,True,Steadfast,STF-RDR-013,Rubel Mia,8801633950512,courier_rider,Bike,Dhaka-Metro-LA-28-7399,2025-12-23,4.32,active,Motijheel,39,18,975,2026-02-10T21:39:21+06:00,2026-08-06T00:06:07+06:00
99,USR012,+8801503416513,Siam Hasan,STF0000100,receiver,2026-04-28T13:36:03+06:00,small_parcel,Mohakhali,23.781361,90.402772,Bashundhara,23.818805,90.416922,144,cancelled,2026-05-02T09:36:03+06:00,True,Steadfast,STF-RDR-003,Shahadat Mollah,8801918581171,courier_rider,Bike,Dhaka-Metro-LA-26-1345,2023-06-16,4.40,active,Bashundhara,60,26,1270,2026-02-10T20:41:14+06:00,2026-08-05T18:37:32+06:00
100,USR012,+8801503416513,Siam Hasan,STF0000101,sender,2026-05-30T05:26:47+06:00,document,Khilgaon,23.757806,90.436102,Bashundhara,23.814379,90.433215,134,delivered,2026-05-31T15:26:47+06:00,True,Steadfast,STF-RDR-003,Shahadat Mollah,8801918581171,courier_rider,Bike,Dhaka-Metro-LA-26-1345,2023-06-16,4.40,active,Bashundhara,60,26,1270,2026-02-10T20:41:14+06:00,2026-08-05T18:37:32+06:00
101,USR012,+8801503416513,Siam Hasan,STF0000102,receiver,2026-02-13T15:08:13+06:00,large_parcel,Farmgate,23.757463,90.398035,Wari,23.729699,90.409462,240,cancelled,2026-02-15T18:08:13+06:00,True,Steadfast,STF-RDR-020,Emon Chowdhury,8801311733213,courier_rider,Bike,Dhaka-Metro-LA-44-7379,2023-07-10,4.24,active,Wari,56,26,197,2026-02-13T15:08:13+06:00,2026-08-07T17:55:05+06:00
102,USR012,+8801503416513,Siam Hasan,STF0000103,receiver,2026-06-12T07:04:27+06:00,small_parcel,Mohakhali,23.770648,90.402498,Banani,23.787977,90.411263,80,returned,2026-06-13T00:04:27+06:00,True,Steadfast,STF-RDR-002,Nahid Ali,8801571364853,courier_rider,Bike,Dhaka-Metro-LA-17-2538,2024-06-01,4.61,active,Banani,38,18,585,2026-02-11T07:26:41+06:00,2026-07-27T20:50:45+06:00
103,USR012,+8801503416513,Siam Hasan,STF0000104,receiver,2026-02-20T21:52:58+06:00,document,Pallabi,23.835634,90.369139,Khilgaon,23.750423,90.419202,333,returned,2026-02-25T20:52:58+06:00,True,Steadfast,STF-RDR-009,Habib Hossain,8801495463244,courier_rider,Bike,Dhaka-Metro-LA-18-5393,2023-09-14,4.29,active,Khilgaon,47,24,1313,2026-02-11T11:56:35+06:00,2026-08-08T17:34:54+06:00
104,USR013,+8801357928509,Arif Sultana,STF0000105,sender,2026-03-29T21:15:03+06:00,large_parcel,Mohakhali,23.782121,90.403249,Pallabi,23.833139,90.368494,256,picked_up,2026-04-02T05:15:03+06:00,True,Steadfast,STF-RDR-015,Noman Hasan,8801374179797,courier_rider,Bike,Dhaka-Metro-LA-39-2863,2025-06-29,4.78,active,Pallabi,65,30,1596,2026-02-10T01:26:12+06:00,2026-08-08T10:01:17+06:00
105,USR013,+8801357928509,Arif Sultana,STF0000106,sender,2026-05-27T07:10:32+06:00,small_parcel,Mohakhali,23.776844,90.398109,Wari,23.724318,90.414834,247,returned,2026-05-30T16:10:32+06:00,True,Steadfast,STF-RDR-020,Emon Chowdhury,8801311733213,courier_rider,Bike,Dhaka-Metro-LA-44-7379,2023-07-10,4.24,active,Wari,56,26,197,2026-02-13T15:08:13+06:00,2026-08-07T17:55:05+06:00
106,USR013,+8801357928509,Arif Sultana,STF0000107,receiver,2026-08-06T00:06:07+06:00,large_parcel,Mohakhali,23.772268,90.391823,Motijheel,23.727301,90.421617,184,cancelled,2026-08-06T22:06:07+06:00,True,Steadfast,STF-RDR-013,Rubel Mia,8801633950512,courier_rider,Bike,Dhaka-Metro-LA-28-7399,2025-12-23,4.32,active,Motijheel,39,18,975,2026-02-10T21:39:21+06:00,2026-08-06T00:06:07+06:00
107,USR013,+8801357928509,Arif Sultana,STF0000108,receiver,2026-07-16T00:14:36+06:00,medium_parcel,Mohakhali,23.786399,90.400926,Rampura,23.764142,90.413985,200,cancelled,2026-07-16T12:14:36+06:00,True,Steadfast,STF-RDR-016,Nadim Mahmud,8801366112261,courier_rider,Bike,Dhaka-Metro-LA-24-7717,2024-01-16,4.20,active,Rampura,53,18,1057,2026-02-18T06:15:30+06:00,2026-08-03T04:51:23+06:00
108,USR013,+8801357928509,Arif Sultana,STF0000109,receiver,2026-05-31T22:46:21+06:00,medium_parcel,Banani,23.795775,90.414867,Pallabi,23.836581,90.359722,241,picked_up,2026-06-02T01:46:21+06:00,True,Steadfast,STF-RDR-015,Noman Hasan,8801374179797,courier_rider,Bike,Dhaka-Metro-LA-39-2863,2025-06-29,4.78,active,Pallabi,65,30,1596,2026-02-10T01:26:12+06:00,2026-08-08T10:01:17+06:00
109,USR013,+8801357928509,Arif Sultana,STF0000110,receiver,2026-07-13T04:39:45+06:00,small_parcel,Wari,23.717726,90.41316,Bashundhara,23.817941,90.426679,327,delivered,2026-07-14T07:39:45+06:00,True,Steadfast,STF-RDR-003,Shahadat Mollah,8801918581171,courier_rider,Bike,Dhaka-Metro-LA-26-1345,2023-06-16,4.40,active,Bashundhara,60,26,1270,2026-02-10T20:41:14+06:00,2026-08-05T18:37:32+06:00
110,USR013,+8801357928509,Arif Sultana,STF0000111,sender,2026-03-28T17:29:51+06:00,small_parcel,Bashundhara,23.820143,90.419554,Mohakhali,23.772575,90.393115,321,delivered,2026-03-31T23:29:51+06:00,True,Steadfast,STF-RDR-011,Imran Mia,8801729705726,courier_rider,Bike,Dhaka-Metro-LA-55-3918,2025-07-22,4.88,active,Mohakhali,56,21,1714,2026-02-11T12:17:14+06:00,2026-08-09T07:42:00+06:00
111,USR013,+8801357928509,Arif Sultana,STF0000112,receiver,2026-07-13T23:07:21+06:00,document,Khilgaon,23.759065,90.432028,Wari,23.715957,90.410911,300,delivered,2026-07-16T17:07:21+06:00,True,Steadfast,STF-RDR-020,Emon Chowdhury,8801311733213,courier_rider,Bike,Dhaka-Metro-LA-44-7379,2023-07-10,4.24,active,Wari,56,26,197,2026-02-13T15:08:13+06:00,2026-08-07T17:55:05+06:00
112,USR013,+8801357928509,Arif Sultana,STF0000113,receiver,2026-06-26T01:30:08+06:00,large_parcel,Mohakhali,23.779862,90.399255,Uttara,23.869011,90.3822,229,delivered,2026-06-28T22:30:08+06:00,True,Steadfast,STF-RDR-019,Mizan Kabir,8801539426102,courier_rider,Bicycle,BIC-56726,2025-07-12,4.44,active,Uttara,57,28,1473,2026-02-10T23:40:12+06:00,2026-08-09T01:27:07+06:00
113,USR013,+8801357928509,Arif Sultana,STF0000114,sender,2026-04-21T23:59:38+06:00,large_parcel,Rampura,23.760594,90.412316,Uttara,23.868417,90.387632,212,returned,2026-04-22T06:59:38+06:00,True,Steadfast,STF-RDR-019,Mizan Kabir,8801539426102,courier_rider,Bicycle,BIC-56726,2025-07-12,4.44,active,Uttara,57,28,1473,2026-02-10T23:40:12+06:00,2026-08-09T01:27:07+06:00
114,USR013,+8801357928509,Arif Sultana,STF0000115,sender,2026-06-03T18:33:06+06:00,small_parcel,Pallabi,23.835534,90.366941,Mohammadpur,23.766986,90.354109,178,in_transit,2026-06-08T03:33:06+06:00,True,Steadfast,STF-RDR-012,Ashik Uddin,8801899845426,courier_rider,Bike,Dhaka-Metro-LA-12-6776,2023-01-12,4.91,temporarily_inactive,Mohammadpur,45,16,547,2026-02-11T00:26:15+06:00,2026-08-09T08:57:59+06:00
115,USR014,+8801787913695,Anika Karim,STF0000116,sender,2026-07-18T12:47:23+06:00,large_parcel,Badda,23.773369,90.420171,Dhanmondi,23.746245,90.384643,261,in_transit,2026-07-20T00:47:23+06:00,True,Steadfast,STF-RDR-006,Shakil Ali,8801781454791,courier_rider,Bike,Dhaka-Metro-LA-30-3204,2023-04-22,4.57,active,Dhanmondi,59,22,398,2026-02-15T21:35:06+06:00,2026-08-09T12:49:46+06:00
116,USR014,+8801787913695,Anika Karim,STF0000117,receiver,2026-02-10T21:39:21+06:00,small_parcel,Badda,23.774437,90.42915,Motijheel,23.736165,90.420993,202,picked_up,2026-02-11T21:39:21+06:00,True,Steadfast,STF-RDR-013,Rubel Mia,8801633950512,courier_rider,Bike,Dhaka-Metro-LA-28-7399,2025-12-23,4.32,active,Motijheel,39,18,975,2026-02-10T21:39:21+06:00,2026-08-06T00:06:07+06:00
117,USR014,+8801787913695,Anika Karim,STF0000118,receiver,2026-07-14T15:57:59+06:00,medium_parcel,Motijheel,23.724488,90.420139,Pallabi,23.828022,90.372247,76,picked_up,2026-07-16T14:57:59+06:00,True,Steadfast,STF-RDR-015,Noman Hasan,8801374179797,courier_rider,Bike,Dhaka-Metro-LA-39-2863,2025-06-29,4.78,active,Pallabi,65,30,1596,2026-02-10T01:26:12+06:00,2026-08-08T10:01:17+06:00
118,USR014,+8801787913695,Anika Karim,STF0000119,receiver,2026-02-18T14:07:11+06:00,large_parcel,Khilgaon,23.749359,90.423815,Badda,23.777609,90.420466,321,delivered,2026-02-21T02:07:11+06:00,True,Steadfast,STF-RDR-021,Mamun Khan,8801550451076,courier_rider,Bike,Dhaka-Metro-LA-46-4897,2023-05-12,4.39,active,Badda,31,14,976,2026-02-13T07:18:09+06:00,2026-08-10T18:55:10+06:00
119,USR014,+8801787913695,Anika Karim,STF0000120,sender,2026-07-21T09:40:48+06:00,large_parcel,Mohammadpur,23.764931,90.362124,Old Dhaka,23.705893,90.403308,302,picked_up,2026-07-22T23:40:48+06:00,True,Steadfast,STF-RDR-014,Rakib Mahmud,8801513377974,courier_rider,Bike,Dhaka-Metro-LA-52-9796,2024-11-17,4.92,active,Old Dhaka,50,18,608,2026-02-10T21:51:42+06:00,2026-07-31T06:18:21+06:00
120,USR014,+8801787913695,Anika Karim,STF0000121,receiver,2026-02-10T06:37:12+06:00,small_parcel,Wari,23.725094,90.413488,Pallabi,23.830228,90.365098,296,delivered,2026-02-10T15:37:12+06:00,True,Steadfast,STF-RDR-015,Noman Hasan,8801374179797,courier_rider,Bike,Dhaka-Metro-LA-39-2863,2025-06-29,4.78,active,Pallabi,65,30,1596,2026-02-10T01:26:12+06:00,2026-08-08T10:01:17+06:00
121,USR015,+8801807655276,Tanvir Rahman,STF0000122,sender,2026-05-27T17:09:34+06:00,medium_parcel,Wari,23.724421,90.413886,Farmgate,23.75841,90.397714,170,cancelled,2026-05-28T09:09:34+06:00,True,Steadfast,STF-RDR-007,Habib Khan,8801355541558,courier_rider,Bicycle,BIC-74141,2024-12-06,4.22,active,Farmgate,44,18,1281,2026-02-11T07:50:51+06:00,2026-08-09T04:50:46+06:00
122,USR015,+8801807655276,Tanvir Rahman,STF0000123,receiver,2026-08-09T23:46:18+06:00,large_parcel,Pallabi,23.836468,90.365941,Badda,23.783281,90.434947,279,picked_up,2026-08-10T12:46:18+06:00,True,Steadfast,STF-RDR-021,Mamun Khan,8801550451076,courier_rider,Bike,Dhaka-Metro-LA-46-4897,2023-05-12,4.39,active,Badda,31,14,976,2026-02-13T07:18:09+06:00,2026-08-10T18:55:10+06:00
123,USR015,+8801807655276,Tanvir Rahman,STF0000124,receiver,2026-03-12T11:09:43+06:00,document,Dhanmondi,23.747579,90.373076,Bashundhara,23.818073,90.426302,206,picked_up,2026-03-16T00:09:43+06:00,True,Steadfast,STF-RDR-003,Shahadat Mollah,8801918581171,courier_rider,Bike,Dhaka-Metro-LA-26-1345,2023-06-16,4.40,active,Bashundhara,60,26,1270,2026-02-10T20:41:14+06:00,2026-08-05T18:37:32+06:00
124,USR015,+8801807655276,Tanvir Rahman,STF0000125,receiver,2026-07-19T14:41:53+06:00,medium_parcel,Khilgaon,23.750598,90.43353,Wari,23.723208,90.409731,295,delivered,2026-07-24T01:41:53+06:00,True,Steadfast,STF-RDR-020,Emon Chowdhury,8801311733213,courier_rider,Bike,Dhaka-Metro-LA-44-7379,2023-07-10,4.24,active,Wari,56,26,197,2026-02-13T15:08:13+06:00,2026-08-07T17:55:05+06:00
125,USR015,+8801807655276,Tanvir Rahman,STF0000126,receiver,2026-08-01T09:01:24+06:00,small_parcel,Pallabi,23.835915,90.360965,Mohammadpur,23.764424,90.36565,139,returned,2026-08-02T19:01:24+06:00,True,Steadfast,STF-RDR-012,Ashik Uddin,8801899845426,courier_rider,Bike,Dhaka-Metro-LA-12-6776,2023-01-12,4.91,temporarily_inactive,Mohammadpur,45,16,547,2026-02-11T00:26:15+06:00,2026-08-09T08:57:59+06:00
126,USR015,+8801807655276,Tanvir Rahman,STF0000127,sender,2026-07-12T12:02:43+06:00,large_parcel,Mohammadpur,23.772786,90.35894,Banani,23.795952,90.400297,303,delivered,2026-07-13T10:02:43+06:00,True,Steadfast,STF-RDR-002,Nahid Ali,8801571364853,courier_rider,Bike,Dhaka-Metro-LA-17-2538,2024-06-01,4.61,active,Banani,38,18,585,2026-02-11T07:26:41+06:00,2026-07-27T20:50:45+06:00
127,USR015,+8801807655276,Tanvir Rahman,STF0000128,receiver,2026-05-11T12:04:38+06:00,document,Shyamoli,23.765359,90.36727,Mohakhali,23.772944,90.407107,139,delivered,2026-05-16T01:04:38+06:00,True,Steadfast,STF-RDR-011,Imran Mia,8801729705726,courier_rider,Bike,Dhaka-Metro-LA-55-3918,2025-07-22,4.88,active,Mohakhali,56,21,1714,2026-02-11T12:17:14+06:00,2026-08-09T07:42:00+06:00
128,USR015,+8801807655276,Tanvir Rahman,STF0000129,receiver,2026-04-17T04:55:50+06:00,medium_parcel,Old Dhaka,23.702554,90.40947,Wari,23.727395,90.418044,213,delivered,2026-04-20T07:55:50+06:00,True,Steadfast,STF-RDR-020,Emon Chowdhury,8801311733213,courier_rider,Bike,Dhaka-Metro-LA-44-7379,2023-07-10,4.24,active,Wari,56,26,197,2026-02-13T15:08:13+06:00,2026-08-07T17:55:05+06:00
129,USR015,+8801807655276,Tanvir Rahman,STF0000130,receiver,2026-06-04T07:03:00+06:00,small_parcel,Badda,23.772111,90.41923,Uttara,23.871807,90.375701,316,picked_up,2026-06-07T07:03:00+06:00,True,Steadfast,STF-RDR-019,Mizan Kabir,8801539426102,courier_rider,Bicycle,BIC-56726,2025-07-12,4.44,active,Uttara,57,28,1473,2026-02-10T23:40:12+06:00,2026-08-09T01:27:07+06:00
130,USR015,+8801807655276,Tanvir Rahman,STF0000131,sender,2026-08-07T17:58:19+06:00,large_parcel,Motijheel,23.735134,90.409743,Pallabi,23.837544,90.357353,181,delivered,2026-08-12T09:58:19+06:00,True,Steadfast,STF-RDR-015,Noman Hasan,8801374179797,courier_rider,Bike,Dhaka-Metro-LA-39-2863,2025-06-29,4.78,active,Pallabi,65,30,1596,2026-02-10T01:26:12+06:00,2026-08-08T10:01:17+06:00
131,USR015,+8801807655276,Tanvir Rahman,STF0000132,receiver,2026-07-16T02:44:46+06:00,small_parcel,Dhanmondi,23.752047,90.379243,Uttara,23.879119,90.378929,97,in_transit,2026-07-18T18:44:46+06:00,True,Steadfast,STF-RDR-019,Mizan Kabir,8801539426102,courier_rider,Bicycle,BIC-56726,2025-07-12,4.44,active,Uttara,57,28,1473,2026-02-10T23:40:12+06:00,2026-08-09T01:27:07+06:00
132,USR015,+8801807655276,Tanvir Rahman,STF0000133,receiver,2026-04-24T18:40:13+06:00,small_parcel,Banani,23.790495,90.405953,Bashundhara,23.808948,90.428489,273,in_transit,2026-04-26T12:40:13+06:00,True,Steadfast,STF-RDR-003,Shahadat Mollah,8801918581171,courier_rider,Bike,Dhaka-Metro-LA-26-1345,2023-06-16,4.40,active,Bashundhara,60,26,1270,2026-02-10T20:41:14+06:00,2026-08-05T18:37:32+06:00
133,USR016,+8801566053876,Nusrat Karim,STF0000134,receiver,2026-06-23T03:11:53+06:00,small_parcel,Gulshan,23.789247,90.401008,Mohammadpur,23.774968,90.367545,138,delivered,2026-06-23T23:11:53+06:00,True,Steadfast,STF-RDR-012,Ashik Uddin,8801899845426,courier_rider,Bike,Dhaka-Metro-LA-12-6776,2023-01-12,4.91,temporarily_inactive,Mohammadpur,45,16,547,2026-02-11T00:26:15+06:00,2026-08-09T08:57:59+06:00
134,USR016,+8801566053876,Nusrat Karim,STF0000135,sender,2026-03-07T20:06:00+06:00,medium_parcel,Uttara,23.869988,90.383236,Dhanmondi,23.740748,90.37297,194,in_transit,2026-03-08T14:06:00+06:00,True,Steadfast,STF-RDR-006,Shakil Ali,8801781454791,courier_rider,Bike,Dhaka-Metro-LA-30-3204,2023-04-22,4.57,active,Dhanmondi,59,22,398,2026-02-15T21:35:06+06:00,2026-08-09T12:49:46+06:00
135,USR016,+8801566053876,Nusrat Karim,STF0000136,sender,2026-07-29T11:01:35+06:00,document,Wari,23.716781,90.423234,Pallabi,23.836141,90.361727,243,picked_up,2026-07-31T07:01:35+06:00,True,Steadfast,STF-RDR-015,Noman Hasan,8801374179797,courier_rider,Bike,Dhaka-Metro-LA-39-2863,2025-06-29,4.78,active,Pallabi,65,30,1596,2026-02-10T01:26:12+06:00,2026-08-08T10:01:17+06:00
136,USR016,+8801566053876,Nusrat Karim,STF0000137,receiver,2026-05-22T13:57:51+06:00,document,Pallabi,23.836236,90.360846,Rampura,23.756107,90.427809,263,cancelled,2026-05-24T18:57:51+06:00,True,Steadfast,STF-RDR-016,Nadim Mahmud,8801366112261,courier_rider,Bike,Dhaka-Metro-LA-24-7717,2024-01-16,4.20,active,Rampura,53,18,1057,2026-02-18T06:15:30+06:00,2026-08-03T04:51:23+06:00
137,USR016,+8801566053876,Nusrat Karim,STF0000138,sender,2026-03-22T15:01:54+06:00,document,Khilgaon,23.754207,90.43163,Mohakhali,23.76886,90.39159,201,delivered,2026-03-24T15:01:54+06:00,True,Steadfast,STF-RDR-011,Imran Mia,8801729705726,courier_rider,Bike,Dhaka-Metro-LA-55-3918,2025-07-22,4.88,active,Mohakhali,56,21,1714,2026-02-11T12:17:14+06:00,2026-08-09T07:42:00+06:00
138,USR016,+8801566053876,Nusrat Karim,STF0000139,sender,2026-07-27T20:50:45+06:00,large_parcel,Mirpur,23.826136,90.358876,Banani,23.792423,90.410604,83,picked_up,2026-07-31T06:50:45+06:00,True,Steadfast,STF-RDR-002,Nahid Ali,8801571364853,courier_rider,Bike,Dhaka-Metro-LA-17-2538,2024-06-01,4.61,active,Banani,38,18,585,2026-02-11T07:26:41+06:00,2026-07-27T20:50:45+06:00
139,USR016,+8801566053876,Nusrat Karim,STF0000140,receiver,2026-02-25T00:26:23+06:00,small_parcel,Wari,23.722368,90.419964,Rampura,23.754929,90.413852,80,delivered,2026-02-26T01:26:23+06:00,True,Steadfast,STF-RDR-016,Nadim Mahmud,8801366112261,courier_rider,Bike,Dhaka-Metro-LA-24-7717,2024-01-16,4.20,active,Rampura,53,18,1057,2026-02-18T06:15:30+06:00,2026-08-03T04:51:23+06:00
140,USR016,+8801566053876,Nusrat Karim,STF0000141,sender,2026-05-25T06:19:20+06:00,document,Mohakhali,23.782245,90.400155,Shyamoli,23.777473,90.366054,201,picked_up,2026-05-26T07:19:20+06:00,True,Steadfast,STF-RDR-017,Masud Khan,8801360702419,courier_rider,Bike,Dhaka-Metro-LA-28-9831,2023-07-08,4.45,active,Shyamoli,44,21,460,2026-02-12T15:00:00+06:00,2026-08-09T14:25:38+06:00
141,USR016,+8801566053876,Nusrat Karim,STF0000142,receiver,2026-06-29T16:24:00+06:00,large_parcel,Dhanmondi,23.753139,90.379385,Old Dhaka,23.717138,90.404427,120,cancelled,2026-06-30T20:24:00+06:00,True,Steadfast,STF-RDR-014,Rakib Mahmud,8801513377974,courier_rider,Bike,Dhaka-Metro-LA-52-9796,2024-11-17,4.92,active,Old Dhaka,50,18,608,2026-02-10T21:51:42+06:00,2026-07-31T06:18:21+06:00
142,USR016,+8801566053876,Nusrat Karim,STF0000143,receiver,2026-04-18T11:28:02+06:00,medium_parcel,Mirpur,23.814304,90.370568,Gulshan,23.797357,90.413063,104,cancelled,2026-04-19T19:28:02+06:00,True,Steadfast,STF-RDR-008,Kawsar Hasan,8801749085349,courier_rider,Bike,Dhaka-Metro-LA-47-2714,2025-11-24,4.63,active,Gulshan,44,18,921,2026-02-11T10:32:27+06:00,2026-08-06T05:18:42+06:00
143,USR017,+8801485053811,Farzana Islam,STF0000144,receiver,2026-05-08T03:31:54+06:00,document,Khilgaon,23.754978,90.428757,Shyamoli,23.782583,90.358742,270,picked_up,2026-05-11T03:31:54+06:00,True,Steadfast,STF-RDR-017,Masud Khan,8801360702419,courier_rider,Bike,Dhaka-Metro-LA-28-9831,2023-07-08,4.45,active,Shyamoli,44,21,460,2026-02-12T15:00:00+06:00,2026-08-09T14:25:38+06:00
144,USR017,+8801485053811,Farzana Islam,STF0000145,sender,2026-03-13T03:13:59+06:00,small_parcel,Shyamoli,23.775756,90.363794,Bashundhara,23.81413,90.431331,238,in_transit,2026-03-18T00:13:59+06:00,True,Steadfast,STF-RDR-003,Shahadat Mollah,8801918581171,courier_rider,Bike,Dhaka-Metro-LA-26-1345,2023-06-16,4.40,active,Bashundhara,60,26,1270,2026-02-10T20:41:14+06:00,2026-08-05T18:37:32+06:00
145,USR017,+8801485053811,Farzana Islam,STF0000146,sender,2026-05-23T03:11:31+06:00,medium_parcel,Pallabi,23.830186,90.361339,Motijheel,23.739201,90.413976,320,delivered,2026-05-24T04:11:31+06:00,True,Steadfast,STF-RDR-013,Rubel Mia,8801633950512,courier_rider,Bike,Dhaka-Metro-LA-28-7399,2025-12-23,4.32,active,Motijheel,39,18,975,2026-02-10T21:39:21+06:00,2026-08-06T00:06:07+06:00
146,USR017,+8801485053811,Farzana Islam,STF0000147,receiver,2026-05-21T15:53:59+06:00,small_parcel,Gulshan,23.799644,90.416687,Bashundhara,23.810072,90.428099,82,delivered,2026-05-25T14:53:59+06:00,True,Steadfast,STF-RDR-003,Shahadat Mollah,8801918581171,courier_rider,Bike,Dhaka-Metro-LA-26-1345,2023-06-16,4.40,active,Bashundhara,60,26,1270,2026-02-10T20:41:14+06:00,2026-08-05T18:37:32+06:00
147,USR017,+8801485053811,Farzana Islam,STF0000148,receiver,2026-04-06T07:57:30+06:00,small_parcel,Old Dhaka,23.710251,90.400456,Gulshan,23.785898,90.402609,91,picked_up,2026-04-07T07:57:30+06:00,True,Steadfast,STF-RDR-008,Kawsar Hasan,8801749085349,courier_rider,Bike,Dhaka-Metro-LA-47-2714,2025-11-24,4.63,active,Gulshan,44,18,921,2026-02-11T10:32:27+06:00,2026-08-06T05:18:42+06:00
148,USR017,+8801485053811,Farzana Islam,STF0000149,receiver,2026-07-10T20:06:10+06:00,small_parcel,Mohammadpur,23.766353,90.361361,Uttara,23.873791,90.381432,168,cancelled,2026-07-11T21:06:10+06:00,True,Steadfast,STF-RDR-019,Mizan Kabir,8801539426102,courier_rider,Bicycle,BIC-56726,2025-07-12,4.44,active,Uttara,57,28,1473,2026-02-10T23:40:12+06:00,2026-08-09T01:27:07+06:00
149,USR017,+8801485053811,Farzana Islam,STF0000150,receiver,2026-03-21T17:17:04+06:00,large_parcel,Khilgaon,23.745541,90.419501,Banani,23.80104,90.407981,237,cancelled,2026-03-24T13:17:04+06:00,True,Steadfast,STF-RDR-002,Nahid Ali,8801571364853,courier_rider,Bike,Dhaka-Metro-LA-17-2538,2024-06-01,4.61,active,Banani,38,18,585,2026-02-11T07:26:41+06:00,2026-07-27T20:50:45+06:00
150,USR017,+8801485053811,Farzana Islam,STF0000151,receiver,2026-08-01T13:11:32+06:00,document,Shyamoli,23.772287,90.364768,Mohakhali,23.78165,90.401081,347,in_transit,2026-08-01T16:11:32+06:00,True,Steadfast,STF-RDR-011,Imran Mia,8801729705726,courier_rider,Bike,Dhaka-Metro-LA-55-3918,2025-07-22,4.88,active,Mohakhali,56,21,1714,2026-02-11T12:17:14+06:00,2026-08-09T07:42:00+06:00
151,USR017,+8801485053811,Farzana Islam,STF0000152,sender,2026-05-29T16:04:55+06:00,medium_parcel,Farmgate,23.75615,90.395027,Gulshan,23.787378,90.408835,106,delivered,2026-05-30T11:04:55+06:00,True,Steadfast,STF-RDR-008,Kawsar Hasan,8801749085349,courier_rider,Bike,Dhaka-Metro-LA-47-2714,2025-11-24,4.63,active,Gulshan,44,18,921,2026-02-11T10:32:27+06:00,2026-08-06T05:18:42+06:00
152,USR018,+8801396253657,Naim Khan,STF0000153,sender,2026-05-09T20:35:45+06:00,document,Pallabi,23.824876,90.3639,Wari,23.720525,90.41616,107,delivered,2026-05-10T19:35:45+06:00,True,Steadfast,STF-RDR-020,Emon Chowdhury,8801311733213,courier_rider,Bike,Dhaka-Metro-LA-44-7379,2023-07-10,4.24,active,Wari,56,26,197,2026-02-13T15:08:13+06:00,2026-08-07T17:55:05+06:00
153,USR018,+8801396253657,Naim Khan,STF0000154,sender,2026-03-15T23:59:13+06:00,medium_parcel,Old Dhaka,23.714561,90.40883,Gulshan,23.786728,90.407227,110,delivered,2026-03-16T21:59:13+06:00,True,Steadfast,STF-RDR-008,Kawsar Hasan,8801749085349,courier_rider,Bike,Dhaka-Metro-LA-47-2714,2025-11-24,4.63,active,Gulshan,44,18,921,2026-02-11T10:32:27+06:00,2026-08-06T05:18:42+06:00
154,USR018,+8801396253657,Naim Khan,STF0000155,sender,2026-06-21T18:45:39+06:00,large_parcel,Pallabi,23.828332,90.369619,Rampura,23.754127,90.426708,221,picked_up,2026-06-25T15:45:39+06:00,True,Steadfast,STF-RDR-016,Nadim Mahmud,8801366112261,courier_rider,Bike,Dhaka-Metro-LA-24-7717,2024-01-16,4.20,active,Rampura,53,18,1057,2026-02-18T06:15:30+06:00,2026-08-03T04:51:23+06:00
155,USR018,+8801396253657,Naim Khan,STF0000156,sender,2026-02-20T10:39:45+06:00,small_parcel,Gulshan,23.790026,90.406266,Banani,23.791115,90.398382,244,delivered,2026-02-24T14:39:45+06:00,True,Steadfast,STF-RDR-002,Nahid Ali,8801571364853,courier_rider,Bike,Dhaka-Metro-LA-17-2538,2024-06-01,4.61,active,Banani,38,18,585,2026-02-11T07:26:41+06:00,2026-07-27T20:50:45+06:00
156,USR018,+8801396253657,Naim Khan,STF0000157,sender,2026-02-24T14:36:09+06:00,document,Pallabi,23.825294,90.366583,Gulshan,23.795982,90.401461,144,returned,2026-02-26T03:36:09+06:00,True,Steadfast,STF-RDR-008,Kawsar Hasan,8801749085349,courier_rider,Bike,Dhaka-Metro-LA-47-2714,2025-11-24,4.63,active,Gulshan,44,18,921,2026-02-11T10:32:27+06:00,2026-08-06T05:18:42+06:00
157,USR018,+8801396253657,Naim Khan,STF0000158,sender,2026-03-06T04:50:15+06:00,medium_parcel,Badda,23.788442,90.421082,Banani,23.785282,90.414887,165,picked_up,2026-03-08T15:50:15+06:00,True,Steadfast,STF-RDR-002,Nahid Ali,8801571364853,courier_rider,Bike,Dhaka-Metro-LA-17-2538,2024-06-01,4.61,active,Banani,38,18,585,2026-02-11T07:26:41+06:00,2026-07-27T20:50:45+06:00
158,USR019,+8801759980555,Tanjim Uddin,STF0000159,sender,2026-06-14T16:03:58+06:00,medium_parcel,Banani,23.797467,90.399699,Badda,23.782733,90.432194,117,returned,2026-06-15T08:03:58+06:00,True,Steadfast,STF-RDR-001,Zahid Ahmed,8801371653930,courier_rider,Bike,Dhaka-Metro-LA-47-6988,2026-03-01,4.44,active,Badda,18,8,932,2026-02-10T03:29:07+06:00,2026-08-07T13:08:02+06:00
159,USR019,+8801759980555,Tanjim Uddin,STF0000160,receiver,2026-03-21T06:39:37+06:00,large_parcel,Shyamoli,23.775927,90.359499,Mirpur,23.828962,90.366138,323,delivered,2026-03-21T14:39:37+06:00,True,Steadfast,STF-RDR-010,Shakil Chowdhury,8801508898967,courier_rider,Bicycle,BIC-84798,2024-12-18,4.74,active,Mirpur,41,20,707,2026-02-17T05:21:07+06:00,2026-08-10T23:01:21+06:00
160,USR019,+8801759980555,Tanjim Uddin,STF0000161,sender,2026-03-10T03:27:08+06:00,large_parcel,Mirpur,23.821064,90.373743,Uttara,23.869391,90.37247,271,delivered,2026-03-12T20:27:08+06:00,True,Steadfast,STF-RDR-019,Mizan Kabir,8801539426102,courier_rider,Bicycle,BIC-56726,2025-07-12,4.44,active,Uttara,57,28,1473,2026-02-10T23:40:12+06:00,2026-08-09T01:27:07+06:00
161,USR019,+8801759980555,Tanjim Uddin,STF0000162,receiver,2026-03-08T17:17:33+06:00,large_parcel,Farmgate,23.76328,90.388853,Gulshan,23.789954,90.409329,350,returned,2026-03-12T01:17:33+06:00,True,Steadfast,STF-RDR-008,Kawsar Hasan,8801749085349,courier_rider,Bike,Dhaka-Metro-LA-47-2714,2025-11-24,4.63,active,Gulshan,44,18,921,2026-02-11T10:32:27+06:00,2026-08-06T05:18:42+06:00
162,USR019,+8801759980555,Tanjim Uddin,STF0000163,receiver,2026-02-25T22:32:42+06:00,medium_parcel,Wari,23.7205,90.419237,Bashundhara,23.813987,90.429104,192,picked_up,2026-02-28T07:32:42+06:00,True,Steadfast,STF-RDR-003,Shahadat Mollah,8801918581171,courier_rider,Bike,Dhaka-Metro-LA-26-1345,2023-06-16,4.40,active,Bashundhara,60,26,1270,2026-02-10T20:41:14+06:00,2026-08-05T18:37:32+06:00
163,USR019,+8801759980555,Tanjim Uddin,STF0000164,receiver,2026-06-01T17:54:09+06:00,small_parcel,Farmgate,23.756381,90.396476,Mohammadpur,23.7701,90.35056,258,in_transit,2026-06-03T03:54:09+06:00,True,Steadfast,STF-RDR-012,Ashik Uddin,8801899845426,courier_rider,Bike,Dhaka-Metro-LA-12-6776,2023-01-12,4.91,temporarily_inactive,Mohammadpur,45,16,547,2026-02-11T00:26:15+06:00,2026-08-09T08:57:59+06:00
164,USR019,+8801759980555,Tanjim Uddin,STF0000165,sender,2026-06-17T03:19:08+06:00,document,Badda,23.78241,90.419296,Old Dhaka,23.703333,90.408552,324,delivered,2026-06-19T13:19:08+06:00,True,Steadfast,STF-RDR-014,Rakib Mahmud,8801513377974,courier_rider,Bike,Dhaka-Metro-LA-52-9796,2024-11-17,4.92,active,Old Dhaka,50,18,608,2026-02-10T21:51:42+06:00,2026-07-31T06:18:21+06:00
165,USR019,+8801759980555,Tanjim Uddin,STF0000166,receiver,2026-05-06T10:18:45+06:00,document,Old Dhaka,23.709342,90.405722,Uttara,23.878325,90.383163,116,picked_up,2026-05-06T23:18:45+06:00,True,Steadfast,STF-RDR-019,Mizan Kabir,8801539426102,courier_rider,Bicycle,BIC-56726,2025-07-12,4.44,active,Uttara,57,28,1473,2026-02-10T23:40:12+06:00,2026-08-09T01:27:07+06:00
166,USR020,+8801394446203,Nadia Chowdhury,STF0000167,receiver,2026-02-12T15:00:00+06:00,medium_parcel,Rampura,23.762775,90.416398,Shyamoli,23.780542,90.368156,278,delivered,2026-02-16T08:00:00+06:00,True,Steadfast,STF-RDR-017,Masud Khan,8801360702419,courier_rider,Bike,Dhaka-Metro-LA-28-9831,2023-07-08,4.45,active,Shyamoli,44,21,460,2026-02-12T15:00:00+06:00,2026-08-09T14:25:38+06:00
167,USR020,+8801394446203,Nadia Chowdhury,STF0000168,receiver,2026-05-08T00:47:16+06:00,small_parcel,Khilgaon,23.755578,90.423305,Banani,23.791932,90.398256,101,delivered,2026-05-08T12:47:16+06:00,True,Steadfast,STF-RDR-002,Nahid Ali,8801571364853,courier_rider,Bike,Dhaka-Metro-LA-17-2538,2024-06-01,4.61,active,Banani,38,18,585,2026-02-11T07:26:41+06:00,2026-07-27T20:50:45+06:00
168,USR020,+8801394446203,Nadia Chowdhury,STF0000169,receiver,2026-02-15T07:46:23+06:00,small_parcel,Uttara,23.880529,90.383229,Pallabi,23.824968,90.359358,149,picked_up,2026-02-17T00:46:23+06:00,True,Steadfast,STF-RDR-015,Noman Hasan,8801374179797,courier_rider,Bike,Dhaka-Metro-LA-39-2863,2025-06-29,4.78,active,Pallabi,65,30,1596,2026-02-10T01:26:12+06:00,2026-08-08T10:01:17+06:00
169,USR020,+8801394446203,Nadia Chowdhury,STF0000170,sender,2026-03-30T11:54:45+06:00,small_parcel,Rampura,23.753632,90.413519,Mohakhali,23.771451,90.400375,93,returned,2026-04-01T22:54:45+06:00,True,Steadfast,STF-RDR-011,Imran Mia,8801729705726,courier_rider,Bike,Dhaka-Metro-LA-55-3918,2025-07-22,4.88,active,Mohakhali,56,21,1714,2026-02-11T12:17:14+06:00,2026-08-09T07:42:00+06:00
170,USR020,+8801394446203,Nadia Chowdhury,STF0000171,sender,2026-06-18T12:29:21+06:00,small_parcel,Banani,23.794141,90.414315,Farmgate,23.764554,90.390438,131,picked_up,2026-06-21T18:29:21+06:00,True,Steadfast,STF-RDR-007,Habib Khan,8801355541558,courier_rider,Bicycle,BIC-74141,2024-12-06,4.22,active,Farmgate,44,18,1281,2026-02-11T07:50:51+06:00,2026-08-09T04:50:46+06:00
171,USR020,+8801394446203,Nadia Chowdhury,STF0000172,sender,2026-03-06T17:05:44+06:00,medium_parcel,Banani,23.785934,90.401718,Farmgate,23.764588,90.380945,113,delivered,2026-03-09T02:05:44+06:00,True,Steadfast,STF-RDR-007,Habib Khan,8801355541558,courier_rider,Bicycle,BIC-74141,2024-12-06,4.22,active,Farmgate,44,18,1281,2026-02-11T07:50:51+06:00,2026-08-09T04:50:46+06:00
172,USR020,+8801394446203,Nadia Chowdhury,STF0000173,receiver,2026-04-26T19:30:56+06:00,small_parcel,Bashundhara,23.810701,90.434053,Wari,23.723211,90.420521,70,picked_up,2026-04-29T12:30:56+06:00,True,Steadfast,STF-RDR-020,Emon Chowdhury,8801311733213,courier_rider,Bike,Dhaka-Metro-LA-44-7379,2023-07-10,4.24,active,Wari,56,26,197,2026-02-13T15:08:13+06:00,2026-08-07T17:55:05+06:00
173,USR020,+8801394446203,Nadia Chowdhury,STF0000174,receiver,2026-05-27T05:12:06+06:00,small_parcel,Dhanmondi,23.743514,90.368136,Wari,23.729381,90.422212,310,delivered,2026-05-29T22:12:06+06:00,True,Steadfast,STF-RDR-020,Emon Chowdhury,8801311733213,courier_rider,Bike,Dhaka-Metro-LA-44-7379,2023-07-10,4.24,active,Wari,56,26,197,2026-02-13T15:08:13+06:00,2026-08-07T17:55:05+06:00
174,USR020,+8801394446203,Nadia Chowdhury,STF0000175,receiver,2026-07-05T16:15:05+06:00,medium_parcel,Mohakhali,23.780861,90.391715,Dhanmondi,23.747924,90.371361,341,delivered,2026-07-08T03:15:05+06:00,True,Steadfast,STF-RDR-006,Shakil Ali,8801781454791,courier_rider,Bike,Dhaka-Metro-LA-30-3204,2023-04-22,4.57,active,Dhanmondi,59,22,398,2026-02-15T21:35:06+06:00,2026-08-09T12:49:46+06:00
175,USR020,+8801394446203,Nadia Chowdhury,STF0000176,sender,2026-06-25T14:15:17+06:00,small_parcel,Rampura,23.763393,90.422052,Bashundhara,23.816674,90.420833,305,in_transit,2026-06-28T04:15:17+06:00,True,Steadfast,STF-RDR-003,Shahadat Mollah,8801918581171,courier_rider,Bike,Dhaka-Metro-LA-26-1345,2023-06-16,4.40,active,Bashundhara,60,26,1270,2026-02-10T20:41:14+06:00,2026-08-05T18:37:32+06:00
176,USR021,+8801643629810,Shanto Islam,STF0000177,sender,2026-04-09T10:55:10+06:00,small_parcel,Motijheel,23.740939,90.419184,Mirpur,23.819762,90.365279,176,delivered,2026-04-13T05:55:10+06:00,True,Steadfast,STF-RDR-010,Shakil Chowdhury,8801508898967,courier_rider,Bicycle,BIC-84798,2024-12-18,4.74,active,Mirpur,41,20,707,2026-02-17T05:21:07+06:00,2026-08-10T23:01:21+06:00
177,USR021,+8801643629810,Shanto Islam,STF0000178,receiver,2026-03-29T03:42:19+06:00,document,Banani,23.792984,90.406539,Pallabi,23.822621,90.369038,110,delivered,2026-03-29T09:42:19+06:00,True,Steadfast,STF-RDR-015,Noman Hasan,8801374179797,courier_rider,Bike,Dhaka-Metro-LA-39-2863,2025-06-29,4.78,active,Pallabi,65,30,1596,2026-02-10T01:26:12+06:00,2026-08-08T10:01:17+06:00
178,USR021,+8801643629810,Shanto Islam,STF0000179,sender,2026-04-21T08:43:51+06:00,document,Khilgaon,23.757115,90.426838,Pallabi,23.824743,90.366692,301,picked_up,2026-04-24T16:43:51+06:00,True,Steadfast,STF-RDR-015,Noman Hasan,8801374179797,courier_rider,Bike,Dhaka-Metro-LA-39-2863,2025-06-29,4.78,active,Pallabi,65,30,1596,2026-02-10T01:26:12+06:00,2026-08-08T10:01:17+06:00
179,USR021,+8801643629810,Shanto Islam,STF0000180,sender,2026-03-08T09:58:45+06:00,large_parcel,Shyamoli,23.776008,90.361477,Dhanmondi,23.744949,90.370861,210,in_transit,2026-03-13T09:58:45+06:00,True,Steadfast,STF-RDR-006,Shakil Ali,8801781454791,courier_rider,Bike,Dhaka-Metro-LA-30-3204,2023-04-22,4.57,active,Dhanmondi,59,22,398,2026-02-15T21:35:06+06:00,2026-08-09T12:49:46+06:00
180,USR021,+8801643629810,Shanto Islam,STF0000181,receiver,2026-04-13T11:31:07+06:00,document,Dhanmondi,23.746801,90.379084,Mohammadpur,23.766676,90.36082,83,returned,2026-04-13T22:31:07+06:00,True,Steadfast,STF-RDR-012,Ashik Uddin,8801899845426,courier_rider,Bike,Dhaka-Metro-LA-12-6776,2023-01-12,4.91,temporarily_inactive,Mohammadpur,45,16,547,2026-02-11T00:26:15+06:00,2026-08-09T08:57:59+06:00
181,USR021,+8801643629810,Shanto Islam,STF0000182,sender,2026-02-18T01:34:33+06:00,document,Gulshan,23.790496,90.410891,Bashundhara,23.807209,90.43103,343,delivered,2026-02-22T23:34:33+06:00,True,Steadfast,STF-RDR-003,Shahadat Mollah,8801918581171,courier_rider,Bike,Dhaka-Metro-LA-26-1345,2023-06-16,4.40,active,Bashundhara,60,26,1270,2026-02-10T20:41:14+06:00,2026-08-05T18:37:32+06:00
182,USR021,+8801643629810,Shanto Islam,STF0000183,receiver,2026-03-20T20:32:39+06:00,document,Mohammadpur,23.768841,90.355629,Tejgaon,23.75584,90.399563,71,cancelled,2026-03-24T00:32:39+06:00,True,Steadfast,STF-RDR-018,Al Amin Uddin,8801433490845,courier_rider,Bike,Dhaka-Metro-LA-17-7450,2023-06-18,4.55,active,Tejgaon,40,17,1513,2026-02-12T22:21:32+06:00,2026-08-10T19:56:43+06:00
183,USR021,+8801643629810,Shanto Islam,STF0000184,receiver,2026-06-12T20:27:36+06:00,document,Wari,23.729108,90.415183,Badda,23.781114,90.42301,326,picked_up,2026-06-17T19:27:36+06:00,True,Steadfast,STF-RDR-001,Zahid Ahmed,8801371653930,courier_rider,Bike,Dhaka-Metro-LA-47-6988,2026-03-01,4.44,active,Badda,18,8,932,2026-02-10T03:29:07+06:00,2026-08-07T13:08:02+06:00
184,USR022,+8801385714090,Nabil Mahmud,STF0000185,sender,2026-03-28T23:00:57+06:00,medium_parcel,Tejgaon,23.767624,90.389203,Gulshan,23.79969,90.410236,189,delivered,2026-03-31T13:00:57+06:00,True,Steadfast,STF-RDR-008,Kawsar Hasan,8801749085349,courier_rider,Bike,Dhaka-Metro-LA-47-2714,2025-11-24,4.63,active,Gulshan,44,18,921,2026-02-11T10:32:27+06:00,2026-08-06T05:18:42+06:00
185,USR022,+8801385714090,Nabil Mahmud,STF0000186,sender,2026-05-08T05:40:43+06:00,small_parcel,Badda,23.777747,90.435523,Dhanmondi,23.745683,90.372486,272,cancelled,2026-05-12T10:40:43+06:00,True,Steadfast,STF-RDR-006,Shakil Ali,8801781454791,courier_rider,Bike,Dhaka-Metro-LA-30-3204,2023-04-22,4.57,active,Dhanmondi,59,22,398,2026-02-15T21:35:06+06:00,2026-08-09T12:49:46+06:00
186,USR022,+8801385714090,Nabil Mahmud,STF0000187,receiver,2026-03-28T00:20:31+06:00,medium_parcel,Pallabi,23.826033,90.368269,Gulshan,23.788422,90.407153,278,delivered,2026-03-29T21:20:31+06:00,True,Steadfast,STF-RDR-008,Kawsar Hasan,8801749085349,courier_rider,Bike,Dhaka-Metro-LA-47-2714,2025-11-24,4.63,active,Gulshan,44,18,921,2026-02-11T10:32:27+06:00,2026-08-06T05:18:42+06:00
187,USR022,+8801385714090,Nabil Mahmud,STF0000188,receiver,2026-06-08T04:37:34+06:00,small_parcel,Gulshan,23.795274,90.406895,Mohammadpur,23.768416,90.350134,204,delivered,2026-06-12T06:37:34+06:00,True,Steadfast,STF-RDR-012,Ashik Uddin,8801899845426,courier_rider,Bike,Dhaka-Metro-LA-12-6776,2023-01-12,4.91,temporarily_inactive,Mohammadpur,45,16,547,2026-02-11T00:26:15+06:00,2026-08-09T08:57:59+06:00
188,USR022,+8801385714090,Nabil Mahmud,STF0000189,receiver,2026-07-26T01:58:33+06:00,small_parcel,Motijheel,23.725182,90.416649,Uttara,23.870675,90.380046,161,picked_up,2026-07-29T21:58:33+06:00,True,Steadfast,STF-RDR-019,Mizan Kabir,8801539426102,courier_rider,Bicycle,BIC-56726,2025-07-12,4.44,active,Uttara,57,28,1473,2026-02-10T23:40:12+06:00,2026-08-09T01:27:07+06:00
189,USR022,+8801385714090,Nabil Mahmud,STF0000190,receiver,2026-02-27T07:05:28+06:00,document,Tejgaon,23.769855,90.388763,Shyamoli,23.768702,90.359115,231,cancelled,2026-03-01T10:05:28+06:00,True,Steadfast,STF-RDR-017,Masud Khan,8801360702419,courier_rider,Bike,Dhaka-Metro-LA-28-9831,2023-07-08,4.45,active,Shyamoli,44,21,460,2026-02-12T15:00:00+06:00,2026-08-09T14:25:38+06:00
190,USR022,+8801385714090,Nabil Mahmud,STF0000191,sender,2026-05-27T12:51:08+06:00,large_parcel,Old Dhaka,23.708955,90.405537,Motijheel,23.730624,90.425893,270,delivered,2026-05-29T16:51:08+06:00,True,Steadfast,STF-RDR-013,Rubel Mia,8801633950512,courier_rider,Bike,Dhaka-Metro-LA-28-7399,2025-12-23,4.32,active,Motijheel,39,18,975,2026-02-10T21:39:21+06:00,2026-08-06T00:06:07+06:00
191,USR022,+8801385714090,Nabil Mahmud,STF0000192,sender,2026-06-30T07:26:02+06:00,document,Tejgaon,23.768397,90.384843,Farmgate,23.764306,90.38795,291,delivered,2026-07-03T21:26:02+06:00,True,Steadfast,STF-RDR-007,Habib Khan,8801355541558,courier_rider,Bicycle,BIC-74141,2024-12-06,4.22,active,Farmgate,44,18,1281,2026-02-11T07:50:51+06:00,2026-08-09T04:50:46+06:00
192,USR022,+8801385714090,Nabil Mahmud,STF0000193,sender,2026-03-17T20:58:54+06:00,large_parcel,Gulshan,23.793817,90.407676,Old Dhaka,23.71006,90.409052,256,cancelled,2026-03-22T03:58:54+06:00,True,Steadfast,STF-RDR-014,Rakib Mahmud,8801513377974,courier_rider,Bike,Dhaka-Metro-LA-52-9796,2024-11-17,4.92,active,Old Dhaka,50,18,608,2026-02-10T21:51:42+06:00,2026-07-31T06:18:21+06:00
193,USR022,+8801385714090,Nabil Mahmud,STF0000194,receiver,2026-05-28T17:46:08+06:00,medium_parcel,Khilgaon,23.756056,90.424037,Shyamoli,23.769691,90.371253,255,picked_up,2026-05-29T02:46:08+06:00,True,Steadfast,STF-RDR-017,Masud Khan,8801360702419,courier_rider,Bike,Dhaka-Metro-LA-28-9831,2023-07-08,4.45,active,Shyamoli,44,21,460,2026-02-12T15:00:00+06:00,2026-08-09T14:25:38+06:00
194,USR023,+8801326177008,Touhid Islam,STF0000195,receiver,2026-04-27T09:58:05+06:00,medium_parcel,Bashundhara,23.808563,90.428668,Motijheel,23.729622,90.414138,284,returned,2026-04-28T14:58:05+06:00,True,Steadfast,STF-RDR-013,Rubel Mia,8801633950512,courier_rider,Bike,Dhaka-Metro-LA-28-7399,2025-12-23,4.32,active,Motijheel,39,18,975,2026-02-10T21:39:21+06:00,2026-08-06T00:06:07+06:00
195,USR023,+8801326177008,Touhid Islam,STF0000196,sender,2026-02-10T03:29:07+06:00,document,Gulshan,23.793833,90.414613,Badda,23.782402,90.423781,266,delivered,2026-02-14T07:29:07+06:00,True,Steadfast,STF-RDR-001,Zahid Ahmed,8801371653930,courier_rider,Bike,Dhaka-Metro-LA-47-6988,2026-03-01,4.44,active,Badda,18,8,932,2026-02-10T03:29:07+06:00,2026-08-07T13:08:02+06:00
196,USR023,+8801326177008,Touhid Islam,STF0000197,receiver,2026-05-10T12:07:06+06:00,document,Motijheel,23.739399,90.423882,Tejgaon,23.758552,90.385703,325,delivered,2026-05-15T10:07:06+06:00,True,Steadfast,STF-RDR-018,Al Amin Uddin,8801433490845,courier_rider,Bike,Dhaka-Metro-LA-17-7450,2023-06-18,4.55,active,Tejgaon,40,17,1513,2026-02-12T22:21:32+06:00,2026-08-10T19:56:43+06:00
197,USR023,+8801326177008,Touhid Islam,STF0000198,sender,2026-05-29T18:51:50+06:00,medium_parcel,Banani,23.797611,90.39783,Uttara,23.879881,90.384774,333,delivered,2026-06-01T12:51:50+06:00,True,Steadfast,STF-RDR-019,Mizan Kabir,8801539426102,courier_rider,Bicycle,BIC-56726,2025-07-12,4.44,active,Uttara,57,28,1473,2026-02-10T23:40:12+06:00,2026-08-09T01:27:07+06:00
198,USR023,+8801326177008,Touhid Islam,STF0000199,sender,2026-02-25T01:32:59+06:00,large_parcel,Banani,23.794394,90.404677,Old Dhaka,23.713359,90.402921,265,delivered,2026-02-25T23:32:59+06:00,True,Steadfast,STF-RDR-014,Rakib Mahmud,8801513377974,courier_rider,Bike,Dhaka-Metro-LA-52-9796,2024-11-17,4.92,active,Old Dhaka,50,18,608,2026-02-10T21:51:42+06:00,2026-07-31T06:18:21+06:00
199,USR023,+8801326177008,Touhid Islam,STF0000200,receiver,2026-06-09T15:05:23+06:00,document,Bashundhara,23.808267,90.43255,Rampura,23.754978,90.422062,280,returned,2026-06-10T23:05:23+06:00,True,Steadfast,STF-RDR-016,Nadim Mahmud,8801366112261,courier_rider,Bike,Dhaka-Metro-LA-24-7717,2024-01-16,4.20,active,Rampura,53,18,1057,2026-02-18T06:15:30+06:00,2026-08-03T04:51:23+06:00
200,USR024,+8801803972985,Sanjida Chowdhury,STF0000201,receiver,2026-03-22T20:13:12+06:00,medium_parcel,Dhanmondi,23.748977,90.376302,Mirpur,23.814093,90.357145,108,in_transit,2026-03-26T15:13:12+06:00,True,Steadfast,STF-RDR-010,Shakil Chowdhury,8801508898967,courier_rider,Bicycle,BIC-84798,2024-12-18,4.74,active,Mirpur,41,20,707,2026-02-17T05:21:07+06:00,2026-08-10T23:01:21+06:00
201,USR024,+8801803972985,Sanjida Chowdhury,STF0000202,receiver,2026-03-02T05:47:05+06:00,large_parcel,Gulshan,23.788847,90.414638,Rampura,23.758502,90.419508,145,returned,2026-03-02T13:47:05+06:00,True,Steadfast,STF-RDR-016,Nadim Mahmud,8801366112261,courier_rider,Bike,Dhaka-Metro-LA-24-7717,2024-01-16,4.20,active,Rampura,53,18,1057,2026-02-18T06:15:30+06:00,2026-08-03T04:51:23+06:00
202,USR024,+8801803972985,Sanjida Chowdhury,STF0000203,sender,2026-05-20T11:27:40+06:00,medium_parcel,Farmgate,23.762584,90.388972,Shyamoli,23.769261,90.359436,85,delivered,2026-05-20T18:27:40+06:00,True,Steadfast,STF-RDR-017,Masud Khan,8801360702419,courier_rider,Bike,Dhaka-Metro-LA-28-9831,2023-07-08,4.45,active,Shyamoli,44,21,460,2026-02-12T15:00:00+06:00,2026-08-09T14:25:38+06:00
203,USR024,+8801803972985,Sanjida Chowdhury,STF0000204,receiver,2026-06-09T19:50:54+06:00,medium_parcel,Mohakhali,23.774189,90.403576,Khilgaon,23.75012,90.422437,341,delivered,2026-06-12T03:50:54+06:00,True,Steadfast,STF-RDR-009,Habib Hossain,8801495463244,courier_rider,Bike,Dhaka-Metro-LA-18-5393,2023-09-14,4.29,active,Khilgaon,47,24,1313,2026-02-11T11:56:35+06:00,2026-08-08T17:34:54+06:00
204,USR024,+8801803972985,Sanjida Chowdhury,STF0000205,receiver,2026-03-03T20:18:38+06:00,medium_parcel,Wari,23.720859,90.42131,Pallabi,23.83818,90.369807,135,in_transit,2026-03-07T21:18:38+06:00,True,Steadfast,STF-RDR-015,Noman Hasan,8801374179797,courier_rider,Bike,Dhaka-Metro-LA-39-2863,2025-06-29,4.78,active,Pallabi,65,30,1596,2026-02-10T01:26:12+06:00,2026-08-08T10:01:17+06:00
205,USR024,+8801803972985,Sanjida Chowdhury,STF0000206,sender,2026-08-09T12:49:46+06:00,small_parcel,Pallabi,23.822181,90.35628,Dhanmondi,23.741331,90.381849,223,delivered,2026-08-09T21:49:46+06:00,True,Steadfast,STF-RDR-006,Shakil Ali,8801781454791,courier_rider,Bike,Dhaka-Metro-LA-30-3204,2023-04-22,4.57,active,Dhanmondi,59,22,398,2026-02-15T21:35:06+06:00,2026-08-09T12:49:46+06:00
206,USR025,+8801328508768,Tanjim Sultana,STF0000207,sender,2026-03-05T18:42:49+06:00,document,Pallabi,23.821868,90.367216,Shyamoli,23.773981,90.35926,130,picked_up,2026-03-08T11:42:49+06:00,True,Steadfast,STF-RDR-017,Masud Khan,8801360702419,courier_rider,Bike,Dhaka-Metro-LA-28-9831,2023-07-08,4.45,active,Shyamoli,44,21,460,2026-02-12T15:00:00+06:00,2026-08-09T14:25:38+06:00
207,USR025,+8801328508768,Tanjim Sultana,STF0000208,receiver,2026-07-23T02:11:59+06:00,document,Uttara,23.876376,90.378056,Banani,23.786278,90.404864,97,cancelled,2026-07-28T01:11:59+06:00,True,Steadfast,STF-RDR-002,Nahid Ali,8801571364853,courier_rider,Bike,Dhaka-Metro-LA-17-2538,2024-06-01,4.61,active,Banani,38,18,585,2026-02-11T07:26:41+06:00,2026-07-27T20:50:45+06:00
208,USR025,+8801328508768,Tanjim Sultana,STF0000209,receiver,2026-02-18T06:33:51+06:00,document,Wari,23.726122,90.418673,Dhanmondi,23.74319,90.377779,129,delivered,2026-02-21T10:33:51+06:00,True,Steadfast,STF-RDR-006,Shakil Ali,8801781454791,courier_rider,Bike,Dhaka-Metro-LA-30-3204,2023-04-22,4.57,active,Dhanmondi,59,22,398,2026-02-15T21:35:06+06:00,2026-08-09T12:49:46+06:00
209,USR025,+8801328508768,Tanjim Sultana,STF0000210,receiver,2026-02-25T11:50:19+06:00,small_parcel,Rampura,23.752859,90.417742,Farmgate,23.763295,90.392717,121,delivered,2026-02-26T23:50:19+06:00,True,Steadfast,STF-RDR-007,Habib Khan,8801355541558,courier_rider,Bicycle,BIC-74141,2024-12-06,4.22,active,Farmgate,44,18,1281,2026-02-11T07:50:51+06:00,2026-08-09T04:50:46+06:00
210,USR025,+8801328508768,Tanjim Sultana,STF0000211,receiver,2026-03-06T00:39:17+06:00,medium_parcel,Farmgate,23.763844,90.384747,Bashundhara,23.80992,90.423247,209,delivered,2026-03-09T12:39:17+06:00,True,Steadfast,STF-RDR-003,Shahadat Mollah,8801918581171,courier_rider,Bike,Dhaka-Metro-LA-26-1345,2023-06-16,4.40,active,Bashundhara,60,26,1270,2026-02-10T20:41:14+06:00,2026-08-05T18:37:32+06:00
211,USR025,+8801328508768,Tanjim Sultana,STF0000212,sender,2026-02-18T07:09:38+06:00,large_parcel,Pallabi,23.837765,90.361284,Gulshan,23.799852,90.403879,299,delivered,2026-02-20T15:09:38+06:00,True,Steadfast,STF-RDR-008,Kawsar Hasan,8801749085349,courier_rider,Bike,Dhaka-Metro-LA-47-2714,2025-11-24,4.63,active,Gulshan,44,18,921,2026-02-11T10:32:27+06:00,2026-08-06T05:18:42+06:00
212,USR025,+8801328508768,Tanjim Sultana,STF0000213,receiver,2026-07-17T04:57:55+06:00,document,Mohammadpur,23.774432,90.359874,Mirpur,23.822038,90.362359,187,cancelled,2026-07-21T05:57:55+06:00,True,Steadfast,STF-RDR-010,Shakil Chowdhury,8801508898967,courier_rider,Bicycle,BIC-84798,2024-12-18,4.74,active,Mirpur,41,20,707,2026-02-17T05:21:07+06:00,2026-08-10T23:01:21+06:00
213,USR025,+8801328508768,Tanjim Sultana,STF0000214,receiver,2026-06-23T05:26:34+06:00,large_parcel,Wari,23.720184,90.423545,Uttara,23.880449,90.37169,108,delivered,2026-06-27T16:26:34+06:00,True,Steadfast,STF-RDR-019,Mizan Kabir,8801539426102,courier_rider,Bicycle,BIC-56726,2025-07-12,4.44,active,Uttara,57,28,1473,2026-02-10T23:40:12+06:00,2026-08-09T01:27:07+06:00
214,USR025,+8801328508768,Tanjim Sultana,STF0000215,receiver,2026-04-27T20:17:19+06:00,medium_parcel,Pallabi,23.822357,90.366106,Mohammadpur,23.772341,90.354316,120,delivered,2026-05-02T16:17:19+06:00,True,Steadfast,STF-RDR-012,Ashik Uddin,8801899845426,courier_rider,Bike,Dhaka-Metro-LA-12-6776,2023-01-12,4.91,temporarily_inactive,Mohammadpur,45,16,547,2026-02-11T00:26:15+06:00,2026-08-09T08:57:59+06:00
215,USR025,+8801328508768,Tanjim Sultana,STF0000216,sender,2026-05-29T11:29:24+06:00,small_parcel,Gulshan,23.785281,90.407813,Badda,23.781253,90.423413,87,cancelled,2026-05-29T17:29:24+06:00,True,Steadfast,STF-RDR-021,Mamun Khan,8801550451076,courier_rider,Bike,Dhaka-Metro-LA-46-4897,2023-05-12,4.39,active,Badda,31,14,976,2026-02-13T07:18:09+06:00,2026-08-10T18:55:10+06:00
216,USR025,+8801328508768,Tanjim Sultana,STF0000217,sender,2026-05-29T19:27:33+06:00,document,Mohammadpur,23.774584,90.352569,Tejgaon,23.762093,90.385338,123,picked_up,2026-06-02T00:27:33+06:00,True,Steadfast,STF-RDR-018,Al Amin Uddin,8801433490845,courier_rider,Bike,Dhaka-Metro-LA-17-7450,2023-06-18,4.55,active,Tejgaon,40,17,1513,2026-02-12T22:21:32+06:00,2026-08-10T19:56:43+06:00
217,USR025,+8801328508768,Tanjim Sultana,STF0000218,receiver,2026-06-12T21:31:48+06:00,document,Khilgaon,23.751011,90.422082,Wari,23.729499,90.412895,318,delivered,2026-06-14T13:31:48+06:00,True,Steadfast,STF-RDR-020,Emon Chowdhury,8801311733213,courier_rider,Bike,Dhaka-Metro-LA-44-7379,2023-07-10,4.24,active,Wari,56,26,197,2026-02-13T15:08:13+06:00,2026-08-07T17:55:05+06:00
218,USR026,+8801795919068,Imran Ahmed,STF0000219,sender,2026-07-06T02:48:01+06:00,small_parcel,Mirpur,23.828173,90.357435,Badda,23.773,90.421096,226,delivered,2026-07-08T19:48:01+06:00,True,Steadfast,STF-RDR-021,Mamun Khan,8801550451076,courier_rider,Bike,Dhaka-Metro-LA-46-4897,2023-05-12,4.39,active,Badda,31,14,976,2026-02-13T07:18:09+06:00,2026-08-10T18:55:10+06:00
219,USR026,+8801795919068,Imran Ahmed,STF0000220,sender,2026-05-02T21:16:07+06:00,document,Motijheel,23.72913,90.422667,Mohammadpur,23.761073,90.350201,313,cancelled,2026-05-05T13:16:07+06:00,True,Steadfast,STF-RDR-012,Ashik Uddin,8801899845426,courier_rider,Bike,Dhaka-Metro-LA-12-6776,2023-01-12,4.91,temporarily_inactive,Mohammadpur,45,16,547,2026-02-11T00:26:15+06:00,2026-08-09T08:57:59+06:00
220,USR026,+8801795919068,Imran Ahmed,STF0000221,receiver,2026-05-02T19:23:54+06:00,medium_parcel,Badda,23.787179,90.431878,Old Dhaka,23.70754,90.402788,103,delivered,2026-05-03T19:23:54+06:00,True,Steadfast,STF-RDR-014,Rakib Mahmud,8801513377974,courier_rider,Bike,Dhaka-Metro-LA-52-9796,2024-11-17,4.92,active,Old Dhaka,50,18,608,2026-02-10T21:51:42+06:00,2026-07-31T06:18:21+06:00
221,USR026,+8801795919068,Imran Ahmed,STF0000222,sender,2026-03-12T14:51:08+06:00,small_parcel,Khilgaon,23.754526,90.425446,Mohakhali,23.775413,90.39278,102,returned,2026-03-12T20:51:08+06:00,True,Steadfast,STF-RDR-011,Imran Mia,8801729705726,courier_rider,Bike,Dhaka-Metro-LA-55-3918,2025-07-22,4.88,active,Mohakhali,56,21,1714,2026-02-11T12:17:14+06:00,2026-08-09T07:42:00+06:00
222,USR026,+8801795919068,Imran Ahmed,STF0000223,receiver,2026-07-12T20:30:58+06:00,small_parcel,Khilgaon,23.753187,90.427533,Gulshan,23.798177,90.409081,336,delivered,2026-07-13T04:30:58+06:00,True,Steadfast,STF-RDR-008,Kawsar Hasan,8801749085349,courier_rider,Bike,Dhaka-Metro-LA-47-2714,2025-11-24,4.63,active,Gulshan,44,18,921,2026-02-11T10:32:27+06:00,2026-08-06T05:18:42+06:00
223,USR026,+8801795919068,Imran Ahmed,STF0000224,sender,2026-07-10T12:26:46+06:00,document,Mohammadpur,23.770237,90.364808,Old Dhaka,23.710494,90.415203,292,picked_up,2026-07-12T12:26:46+06:00,True,Steadfast,STF-RDR-014,Rakib Mahmud,8801513377974,courier_rider,Bike,Dhaka-Metro-LA-52-9796,2024-11-17,4.92,active,Old Dhaka,50,18,608,2026-02-10T21:51:42+06:00,2026-07-31T06:18:21+06:00
224,USR026,+8801795919068,Imran Ahmed,STF0000225,sender,2026-06-25T09:32:12+06:00,medium_parcel,Khilgaon,23.750752,90.434957,Pallabi,23.823878,90.356618,133,returned,2026-06-29T11:32:12+06:00,True,Steadfast,STF-RDR-015,Noman Hasan,8801374179797,courier_rider,Bike,Dhaka-Metro-LA-39-2863,2025-06-29,4.78,active,Pallabi,65,30,1596,2026-02-10T01:26:12+06:00,2026-08-08T10:01:17+06:00
225,USR026,+8801795919068,Imran Ahmed,STF0000226,sender,2026-07-25T15:09:38+06:00,small_parcel,Wari,23.721598,90.408772,Rampura,23.761792,90.426342,104,delivered,2026-07-26T22:09:38+06:00,True,Steadfast,STF-RDR-016,Nadim Mahmud,8801366112261,courier_rider,Bike,Dhaka-Metro-LA-24-7717,2024-01-16,4.20,active,Rampura,53,18,1057,2026-02-18T06:15:30+06:00,2026-08-03T04:51:23+06:00
226,USR026,+8801795919068,Imran Ahmed,STF0000227,receiver,2026-04-13T00:57:45+06:00,large_parcel,Motijheel,23.726094,90.421076,Pallabi,23.824575,90.357771,276,delivered,2026-04-17T19:57:45+06:00,True,Steadfast,STF-RDR-015,Noman Hasan,8801374179797,courier_rider,Bike,Dhaka-Metro-LA-39-2863,2025-06-29,4.78,active,Pallabi,65,30,1596,2026-02-10T01:26:12+06:00,2026-08-08T10:01:17+06:00
227,USR027,+8801706292887,Rumana Ahmed,STF0000228,sender,2026-03-19T11:47:03+06:00,document,Rampura,23.761164,90.418481,Farmgate,23.748924,90.381651,331,picked_up,2026-03-20T07:47:03+06:00,True,Steadfast,STF-RDR-007,Habib Khan,8801355541558,courier_rider,Bicycle,BIC-74141,2024-12-06,4.22,active,Farmgate,44,18,1281,2026-02-11T07:50:51+06:00,2026-08-09T04:50:46+06:00
228,USR027,+8801706292887,Rumana Ahmed,STF0000229,receiver,2026-06-21T06:27:32+06:00,medium_parcel,Uttara,23.872794,90.382866,Shyamoli,23.769487,90.366171,99,delivered,2026-06-26T01:27:32+06:00,True,Steadfast,STF-RDR-017,Masud Khan,8801360702419,courier_rider,Bike,Dhaka-Metro-LA-28-9831,2023-07-08,4.45,active,Shyamoli,44,21,460,2026-02-12T15:00:00+06:00,2026-08-09T14:25:38+06:00
229,USR027,+8801706292887,Rumana Ahmed,STF0000230,receiver,2026-06-12T04:33:37+06:00,document,Shyamoli,23.767231,90.362786,Bashundhara,23.815331,90.424909,104,picked_up,2026-06-15T13:33:37+06:00,True,Steadfast,STF-RDR-003,Shahadat Mollah,8801918581171,courier_rider,Bike,Dhaka-Metro-LA-26-1345,2023-06-16,4.40,active,Bashundhara,60,26,1270,2026-02-10T20:41:14+06:00,2026-08-05T18:37:32+06:00
230,USR027,+8801706292887,Rumana Ahmed,STF0000231,receiver,2026-03-25T12:22:21+06:00,large_parcel,Bashundhara,23.80913,90.421844,Tejgaon,23.768931,90.386683,217,delivered,2026-03-27T17:22:21+06:00,True,Steadfast,STF-RDR-018,Al Amin Uddin,8801433490845,courier_rider,Bike,Dhaka-Metro-LA-17-7450,2023-06-18,4.55,active,Tejgaon,40,17,1513,2026-02-12T22:21:32+06:00,2026-08-10T19:56:43+06:00
231,USR027,+8801706292887,Rumana Ahmed,STF0000232,receiver,2026-02-25T15:00:12+06:00,large_parcel,Rampura,23.754328,90.412974,Mohammadpur,23.76155,90.364801,244,delivered,2026-02-27T07:00:12+06:00,True,Steadfast,STF-RDR-012,Ashik Uddin,8801899845426,courier_rider,Bike,Dhaka-Metro-LA-12-6776,2023-01-12,4.91,temporarily_inactive,Mohammadpur,45,16,547,2026-02-11T00:26:15+06:00,2026-08-09T08:57:59+06:00
232,USR027,+8801706292887,Rumana Ahmed,STF0000233,sender,2026-02-27T18:00:18+06:00,small_parcel,Motijheel,23.738006,90.41698,Khilgaon,23.749395,90.419169,120,cancelled,2026-03-01T06:00:18+06:00,True,Steadfast,STF-RDR-009,Habib Hossain,8801495463244,courier_rider,Bike,Dhaka-Metro-LA-18-5393,2023-09-14,4.29,active,Khilgaon,47,24,1313,2026-02-11T11:56:35+06:00,2026-08-08T17:34:54+06:00
233,USR027,+8801706292887,Rumana Ahmed,STF0000234,sender,2026-06-11T04:05:23+06:00,small_parcel,Bashundhara,23.81452,90.431704,Badda,23.785203,90.43188,139,cancelled,2026-06-14T10:05:23+06:00,True,Steadfast,STF-RDR-021,Mamun Khan,8801550451076,courier_rider,Bike,Dhaka-Metro-LA-46-4897,2023-05-12,4.39,active,Badda,31,14,976,2026-02-13T07:18:09+06:00,2026-08-10T18:55:10+06:00
234,USR027,+8801706292887,Rumana Ahmed,STF0000235,sender,2026-04-10T05:29:14+06:00,small_parcel,Motijheel,23.740356,90.4119,Badda,23.782024,90.432116,79,returned,2026-04-13T10:29:14+06:00,True,Steadfast,STF-RDR-001,Zahid Ahmed,8801371653930,courier_rider,Bike,Dhaka-Metro-LA-47-6988,2026-03-01,4.44,active,Badda,18,8,932,2026-02-10T03:29:07+06:00,2026-08-07T13:08:02+06:00
235,USR028,+8801717722707,Raisa Sultana,STF0000236,sender,2026-06-17T23:49:25+06:00,small_parcel,Badda,23.777356,90.427573,Tejgaon,23.761395,90.395328,138,in_transit,2026-06-18T13:49:25+06:00,True,Steadfast,STF-RDR-018,Al Amin Uddin,8801433490845,courier_rider,Bike,Dhaka-Metro-LA-17-7450,2023-06-18,4.55,active,Tejgaon,40,17,1513,2026-02-12T22:21:32+06:00,2026-08-10T19:56:43+06:00
236,USR028,+8801717722707,Raisa Sultana,STF0000237,sender,2026-04-23T04:16:49+06:00,document,Dhanmondi,23.743006,90.370235,Uttara,23.868085,90.373354,184,delivered,2026-04-25T22:16:49+06:00,True,Steadfast,STF-RDR-019,Mizan Kabir,8801539426102,courier_rider,Bicycle,BIC-56726,2025-07-12,4.44,active,Uttara,57,28,1473,2026-02-10T23:40:12+06:00,2026-08-09T01:27:07+06:00
237,USR028,+8801717722707,Raisa Sultana,STF0000238,receiver,2026-06-01T19:16:26+06:00,small_parcel,Dhanmondi,23.742034,90.379341,Pallabi,23.82109,90.362278,338,cancelled,2026-06-04T02:16:26+06:00,True,Steadfast,STF-RDR-015,Noman Hasan,8801374179797,courier_rider,Bike,Dhaka-Metro-LA-39-2863,2025-06-29,4.78,active,Pallabi,65,30,1596,2026-02-10T01:26:12+06:00,2026-08-08T10:01:17+06:00
238,USR028,+8801717722707,Raisa Sultana,STF0000239,receiver,2026-07-24T12:32:48+06:00,medium_parcel,Farmgate,23.752978,90.382683,Badda,23.782262,90.420195,110,returned,2026-07-26T11:32:48+06:00,True,Steadfast,STF-RDR-001,Zahid Ahmed,8801371653930,courier_rider,Bike,Dhaka-Metro-LA-47-6988,2026-03-01,4.44,active,Badda,18,8,932,2026-02-10T03:29:07+06:00,2026-08-07T13:08:02+06:00
239,USR028,+8801717722707,Raisa Sultana,STF0000240,receiver,2026-02-14T07:44:15+06:00,large_parcel,Pallabi,23.833828,90.359441,Mohammadpur,23.773758,90.359989,209,delivered,2026-02-17T07:44:15+06:00,True,Steadfast,STF-RDR-012,Ashik Uddin,8801899845426,courier_rider,Bike,Dhaka-Metro-LA-12-6776,2023-01-12,4.91,temporarily_inactive,Mohammadpur,45,16,547,2026-02-11T00:26:15+06:00,2026-08-09T08:57:59+06:00
240,USR028,+8801717722707,Raisa Sultana,STF0000241,receiver,2026-02-24T05:06:56+06:00,document,Gulshan,23.795604,90.402488,Old Dhaka,23.71437,90.402792,286,picked_up,2026-02-26T14:06:56+06:00,True,Steadfast,STF-RDR-014,Rakib Mahmud,8801513377974,courier_rider,Bike,Dhaka-Metro-LA-52-9796,2024-11-17,4.92,active,Old Dhaka,50,18,608,2026-02-10T21:51:42+06:00,2026-07-31T06:18:21+06:00
241,USR028,+8801717722707,Raisa Sultana,STF0000242,receiver,2026-07-26T12:01:17+06:00,small_parcel,Farmgate,23.75777,90.3814,Pallabi,23.824351,90.369346,240,in_transit,2026-07-28T11:01:17+06:00,True,Steadfast,STF-RDR-015,Noman Hasan,8801374179797,courier_rider,Bike,Dhaka-Metro-LA-39-2863,2025-06-29,4.78,active,Pallabi,65,30,1596,2026-02-10T01:26:12+06:00,2026-08-08T10:01:17+06:00
242,USR028,+8801717722707,Raisa Sultana,STF0000243,sender,2026-03-27T15:29:40+06:00,document,Pallabi,23.837658,90.369135,Rampura,23.762463,90.414965,129,cancelled,2026-04-01T01:29:40+06:00,True,Steadfast,STF-RDR-016,Nadim Mahmud,8801366112261,courier_rider,Bike,Dhaka-Metro-LA-24-7717,2024-01-16,4.20,active,Rampura,53,18,1057,2026-02-18T06:15:30+06:00,2026-08-03T04:51:23+06:00
243,USR028,+8801717722707,Raisa Sultana,STF0000244,receiver,2026-03-27T09:09:20+06:00,document,Farmgate,23.759172,90.397084,Old Dhaka,23.709235,90.402933,105,returned,2026-03-28T09:09:20+06:00,True,Steadfast,STF-RDR-014,Rakib Mahmud,8801513377974,courier_rider,Bike,Dhaka-Metro-LA-52-9796,2024-11-17,4.92,active,Old Dhaka,50,18,608,2026-02-10T21:51:42+06:00,2026-07-31T06:18:21+06:00
244,USR028,+8801717722707,Raisa Sultana,STF0000245,sender,2026-06-08T00:42:42+06:00,document,Farmgate,23.749652,90.385759,Tejgaon,23.757972,90.3904,160,picked_up,2026-06-09T15:42:42+06:00,True,Steadfast,STF-RDR-018,Al Amin Uddin,8801433490845,courier_rider,Bike,Dhaka-Metro-LA-17-7450,2023-06-18,4.55,active,Tejgaon,40,17,1513,2026-02-12T22:21:32+06:00,2026-08-10T19:56:43+06:00
245,USR028,+8801717722707,Raisa Sultana,STF0000246,sender,2026-04-22T22:00:53+06:00,document,Dhanmondi,23.749808,90.375248,Bashundhara,23.818898,90.420697,228,delivered,2026-04-23T18:00:53+06:00,True,Steadfast,STF-RDR-003,Shahadat Mollah,8801918581171,courier_rider,Bike,Dhaka-Metro-LA-26-1345,2023-06-16,4.40,active,Bashundhara,60,26,1270,2026-02-10T20:41:14+06:00,2026-08-05T18:37:32+06:00
246,USR028,+8801717722707,Raisa Sultana,STF0000247,receiver,2026-03-06T11:32:46+06:00,medium_parcel,Shyamoli,23.776343,90.363009,Old Dhaka,23.713429,90.409047,163,cancelled,2026-03-11T05:32:46+06:00,True,Steadfast,STF-RDR-014,Rakib Mahmud,8801513377974,courier_rider,Bike,Dhaka-Metro-LA-52-9796,2024-11-17,4.92,active,Old Dhaka,50,18,608,2026-02-10T21:51:42+06:00,2026-07-31T06:18:21+06:00
247,USR029,+8801526609535,Saif Islam,STF0000248,receiver,2026-03-21T06:35:34+06:00,large_parcel,Mohakhali,23.773541,90.39063,Mirpur,23.819837,90.372371,183,delivered,2026-03-23T16:35:34+06:00,True,Steadfast,STF-RDR-010,Shakil Chowdhury,8801508898967,courier_rider,Bicycle,BIC-84798,2024-12-18,4.74,active,Mirpur,41,20,707,2026-02-17T05:21:07+06:00,2026-08-10T23:01:21+06:00
248,USR029,+8801526609535,Saif Islam,STF0000249,sender,2026-03-31T03:25:42+06:00,medium_parcel,Tejgaon,23.764029,90.386647,Dhanmondi,23.745872,90.377804,124,returned,2026-04-02T03:25:42+06:00,True,Steadfast,STF-RDR-006,Shakil Ali,8801781454791,courier_rider,Bike,Dhaka-Metro-LA-30-3204,2023-04-22,4.57,active,Dhanmondi,59,22,398,2026-02-15T21:35:06+06:00,2026-08-09T12:49:46+06:00
249,USR029,+8801526609535,Saif Islam,STF0000250,receiver,2026-04-15T20:27:41+06:00,medium_parcel,Mirpur,23.814405,90.369006,Bashundhara,23.811781,90.424361,204,delivered,2026-04-19T21:27:41+06:00,True,Steadfast,STF-RDR-003,Shahadat Mollah,8801918581171,courier_rider,Bike,Dhaka-Metro-LA-26-1345,2023-06-16,4.40,active,Bashundhara,60,26,1270,2026-02-10T20:41:14+06:00,2026-08-05T18:37:32+06:00
250,USR029,+8801526609535,Saif Islam,STF0000251,receiver,2026-04-01T23:41:43+06:00,medium_parcel,Dhanmondi,23.738711,90.37717,Banani,23.799641,90.400046,115,in_transit,2026-04-03T06:41:43+06:00,True,Steadfast,STF-RDR-002,Nahid Ali,8801571364853,courier_rider,Bike,Dhaka-Metro-LA-17-2538,2024-06-01,4.61,active,Banani,38,18,585,2026-02-11T07:26:41+06:00,2026-07-27T20:50:45+06:00
251,USR029,+8801526609535,Saif Islam,STF0000252,sender,2026-05-26T12:18:37+06:00,large_parcel,Mohammadpur,23.760286,90.34997,Dhanmondi,23.747817,90.377852,151,cancelled,2026-05-28T18:18:37+06:00,True,Steadfast,STF-RDR-006,Shakil Ali,8801781454791,courier_rider,Bike,Dhaka-Metro-LA-30-3204,2023-04-22,4.57,active,Dhanmondi,59,22,398,2026-02-15T21:35:06+06:00,2026-08-09T12:49:46+06:00
252,USR029,+8801526609535,Saif Islam,STF0000253,receiver,2026-02-22T19:42:06+06:00,medium_parcel,Old Dhaka,23.71468,90.399898,Farmgate,23.766166,90.382194,225,delivered,2026-02-27T18:42:06+06:00,True,Steadfast,STF-RDR-007,Habib Khan,8801355541558,courier_rider,Bicycle,BIC-74141,2024-12-06,4.22,active,Farmgate,44,18,1281,2026-02-11T07:50:51+06:00,2026-08-09T04:50:46+06:00
253,USR029,+8801526609535,Saif Islam,STF0000254,receiver,2026-05-26T14:24:54+06:00,small_parcel,Mohammadpur,23.775978,90.365481,Mirpur,23.823208,90.363859,226,cancelled,2026-05-27T13:24:54+06:00,True,Steadfast,STF-RDR-010,Shakil Chowdhury,8801508898967,courier_rider,Bicycle,BIC-84798,2024-12-18,4.74,active,Mirpur,41,20,707,2026-02-17T05:21:07+06:00,2026-08-10T23:01:21+06:00
254,USR030,+8801462025102,Tanjim Mahmud,STF0000255,sender,2026-06-16T00:25:44+06:00,large_parcel,Mohammadpur,23.769106,90.365415,Bashundhara,23.808317,90.423976,180,cancelled,2026-06-19T10:25:44+06:00,True,Steadfast,STF-RDR-003,Shahadat Mollah,8801918581171,courier_rider,Bike,Dhaka-Metro-LA-26-1345,2023-06-16,4.40,active,Bashundhara,60,26,1270,2026-02-10T20:41:14+06:00,2026-08-05T18:37:32+06:00
255,USR030,+8801462025102,Tanjim Mahmud,STF0000256,receiver,2026-07-17T07:01:32+06:00,document,Dhanmondi,23.743321,90.37092,Khilgaon,23.753999,90.433857,284,delivered,2026-07-17T15:01:32+06:00,True,Steadfast,STF-RDR-009,Habib Hossain,8801495463244,courier_rider,Bike,Dhaka-Metro-LA-18-5393,2023-09-14,4.29,active,Khilgaon,47,24,1313,2026-02-11T11:56:35+06:00,2026-08-08T17:34:54+06:00
256,USR030,+8801462025102,Tanjim Mahmud,STF0000257,receiver,2026-03-25T14:17:09+06:00,document,Banani,23.795587,90.410453,Dhanmondi,23.746312,90.367367,191,cancelled,2026-03-29T05:17:09+06:00,True,Steadfast,STF-RDR-006,Shakil Ali,8801781454791,courier_rider,Bike,Dhaka-Metro-LA-30-3204,2023-04-22,4.57,active,Dhanmondi,59,22,398,2026-02-15T21:35:06+06:00,2026-08-09T12:49:46+06:00
257,USR030,+8801462025102,Tanjim Mahmud,STF0000258,receiver,2026-04-20T20:10:22+06:00,document,Gulshan,23.793239,90.398969,Khilgaon,23.759471,90.435438,86,delivered,2026-04-24T18:10:22+06:00,True,Steadfast,STF-RDR-009,Habib Hossain,8801495463244,courier_rider,Bike,Dhaka-Metro-LA-18-5393,2023-09-14,4.29,active,Khilgaon,47,24,1313,2026-02-11T11:56:35+06:00,2026-08-08T17:34:54+06:00
258,USR030,+8801462025102,Tanjim Mahmud,STF0000259,receiver,2026-03-09T23:26:20+06:00,medium_parcel,Wari,23.726846,90.415657,Motijheel,23.724648,90.425746,79,in_transit,2026-03-13T05:26:20+06:00,True,Steadfast,STF-RDR-013,Rubel Mia,8801633950512,courier_rider,Bike,Dhaka-Metro-LA-28-7399,2025-12-23,4.32,active,Motijheel,39,18,975,2026-02-10T21:39:21+06:00,2026-08-06T00:06:07+06:00
259,USR030,+8801462025102,Tanjim Mahmud,STF0000260,receiver,2026-04-03T05:46:01+06:00,document,Tejgaon,23.755334,90.397208,Bashundhara,23.813894,90.417259,70,picked_up,2026-04-06T07:46:01+06:00,True,Steadfast,STF-RDR-003,Shahadat Mollah,8801918581171,courier_rider,Bike,Dhaka-Metro-LA-26-1345,2023-06-16,4.40,active,Bashundhara,60,26,1270,2026-02-10T20:41:14+06:00,2026-08-05T18:37:32+06:00
260,USR030,+8801462025102,Tanjim Mahmud,STF0000261,sender,2026-05-05T14:01:19+06:00,small_parcel,Shyamoli,23.773366,90.3563,Dhanmondi,23.753353,90.382704,145,cancelled,2026-05-08T21:01:19+06:00,True,Steadfast,STF-RDR-006,Shakil Ali,8801781454791,courier_rider,Bike,Dhaka-Metro-LA-30-3204,2023-04-22,4.57,active,Dhanmondi,59,22,398,2026-02-15T21:35:06+06:00,2026-08-09T12:49:46+06:00
261,USR030,+8801462025102,Tanjim Mahmud,STF0000262,receiver,2026-04-10T06:25:09+06:00,document,Motijheel,23.737211,90.423877,Farmgate,23.764628,90.385426,217,delivered,2026-04-11T13:25:09+06:00,True,Steadfast,STF-RDR-007,Habib Khan,8801355541558,courier_rider,Bicycle,BIC-74141,2024-12-06,4.22,active,Farmgate,44,18,1281,2026-02-11T07:50:51+06:00,2026-08-09T04:50:46+06:00
262,USR030,+8801462025102,Tanjim Mahmud,STF0000263,sender,2026-04-23T18:42:30+06:00,large_parcel,Mirpur,23.827111,90.368338,Pallabi,23.837981,90.370617,80,cancelled,2026-04-24T14:42:30+06:00,True,Steadfast,STF-RDR-015,Noman Hasan,8801374179797,courier_rider,Bike,Dhaka-Metro-LA-39-2863,2025-06-29,4.78,active,Pallabi,65,30,1596,2026-02-10T01:26:12+06:00,2026-08-08T10:01:17+06:00
263,USR030,+8801462025102,Tanjim Mahmud,STF0000264,receiver,2026-02-19T14:57:09+06:00,small_parcel,Mirpur,23.825357,90.363487,Uttara,23.87215,90.383984,77,delivered,2026-02-23T20:57:09+06:00,True,Steadfast,STF-RDR-019,Mizan Kabir,8801539426102,courier_rider,Bicycle,BIC-56726,2025-07-12,4.44,active,Uttara,57,28,1473,2026-02-10T23:40:12+06:00,2026-08-09T01:27:07+06:00
264,USR030,+8801462025102,Tanjim Mahmud,STF0000265,sender,2026-05-25T03:52:16+06:00,medium_parcel,Mirpur,23.829233,90.359647,Banani,23.788888,90.406549,167,delivered,2026-05-27T02:52:16+06:00,True,Steadfast,STF-RDR-002,Nahid Ali,8801571364853,courier_rider,Bike,Dhaka-Metro-LA-17-2538,2024-06-01,4.61,active,Banani,38,18,585,2026-02-11T07:26:41+06:00,2026-07-27T20:50:45+06:00
265,USR030,+8801462025102,Tanjim Mahmud,STF0000266,sender,2026-04-10T06:25:54+06:00,large_parcel,Motijheel,23.741036,90.413645,Shyamoli,23.778339,90.371844,294,delivered,2026-04-12T22:25:54+06:00,True,Steadfast,STF-RDR-017,Masud Khan,8801360702419,courier_rider,Bike,Dhaka-Metro-LA-28-9831,2023-07-08,4.45,active,Shyamoli,44,21,460,2026-02-12T15:00:00+06:00,2026-08-09T14:25:38+06:00
266,USR031,+8801444217372,Mahi Rahman,STF0000267,receiver,2026-05-03T20:40:32+06:00,large_parcel,Wari,23.718526,90.419439,Dhanmondi,23.739285,90.373816,237,delivered,2026-05-04T07:40:32+06:00,True,Steadfast,STF-RDR-006,Shakil Ali,8801781454791,courier_rider,Bike,Dhaka-Metro-LA-30-3204,2023-04-22,4.57,active,Dhanmondi,59,22,398,2026-02-15T21:35:06+06:00,2026-08-09T12:49:46+06:00
267,USR031,+8801444217372,Mahi Rahman,STF0000268,sender,2026-05-19T03:38:46+06:00,large_parcel,Mirpur,23.828993,90.362952,Khilgaon,23.747823,90.43573,260,in_transit,2026-05-24T00:38:46+06:00,True,Steadfast,STF-RDR-009,Habib Hossain,8801495463244,courier_rider,Bike,Dhaka-Metro-LA-18-5393,2023-09-14,4.29,active,Khilgaon,47,24,1313,2026-02-11T11:56:35+06:00,2026-08-08T17:34:54+06:00
268,USR031,+8801444217372,Mahi Rahman,STF0000269,sender,2026-08-05T23:06:53+06:00,small_parcel,Dhanmondi,23.749243,90.379789,Tejgaon,23.758545,90.390375,293,returned,2026-08-09T14:06:53+06:00,True,Steadfast,STF-RDR-018,Al Amin Uddin,8801433490845,courier_rider,Bike,Dhaka-Metro-LA-17-7450,2023-06-18,4.55,active,Tejgaon,40,17,1513,2026-02-12T22:21:32+06:00,2026-08-10T19:56:43+06:00
269,USR031,+8801444217372,Mahi Rahman,STF0000270,receiver,2026-06-04T12:44:00+06:00,small_parcel,Khilgaon,23.755329,90.43514,Wari,23.728798,90.423504,125,returned,2026-06-09T06:44:00+06:00,True,Steadfast,STF-RDR-020,Emon Chowdhury,8801311733213,courier_rider,Bike,Dhaka-Metro-LA-44-7379,2023-07-10,4.24,active,Wari,56,26,197,2026-02-13T15:08:13+06:00,2026-08-07T17:55:05+06:00
270,USR031,+8801444217372,Mahi Rahman,STF0000271,receiver,2026-07-18T17:44:10+06:00,document,Shyamoli,23.776639,90.357456,Dhanmondi,23.739227,90.369786,232,picked_up,2026-07-22T02:44:10+06:00,True,Steadfast,STF-RDR-006,Shakil Ali,8801781454791,courier_rider,Bike,Dhaka-Metro-LA-30-3204,2023-04-22,4.57,active,Dhanmondi,59,22,398,2026-02-15T21:35:06+06:00,2026-08-09T12:49:46+06:00
271,USR031,+8801444217372,Mahi Rahman,STF0000272,sender,2026-06-13T17:02:27+06:00,large_parcel,Banani,23.794419,90.402525,Badda,23.783406,90.435535,320,delivered,2026-06-14T09:02:27+06:00,True,Steadfast,STF-RDR-021,Mamun Khan,8801550451076,courier_rider,Bike,Dhaka-Metro-LA-46-4897,2023-05-12,4.39,active,Badda,31,14,976,2026-02-13T07:18:09+06:00,2026-08-10T18:55:10+06:00
272,USR032,+8801535357252,Nafisa Khan,STF0000273,receiver,2026-03-29T01:11:26+06:00,medium_parcel,Rampura,23.762781,90.419933,Wari,23.72669,90.412832,320,picked_up,2026-03-31T01:11:26+06:00,True,Steadfast,STF-RDR-020,Emon Chowdhury,8801311733213,courier_rider,Bike,Dhaka-Metro-LA-44-7379,2023-07-10,4.24,active,Wari,56,26,197,2026-02-13T15:08:13+06:00,2026-08-07T17:55:05+06:00
273,USR032,+8801535357252,Nafisa Khan,STF0000274,sender,2026-02-17T10:03:47+06:00,large_parcel,Shyamoli,23.765538,90.366288,Bashundhara,23.814365,90.420207,71,returned,2026-02-22T03:03:47+06:00,True,Steadfast,STF-RDR-003,Shahadat Mollah,8801918581171,courier_rider,Bike,Dhaka-Metro-LA-26-1345,2023-06-16,4.40,active,Bashundhara,60,26,1270,2026-02-10T20:41:14+06:00,2026-08-05T18:37:32+06:00
274,USR032,+8801535357252,Nafisa Khan,STF0000275,receiver,2026-02-11T08:19:03+06:00,document,Tejgaon,23.771423,90.397697,Pallabi,23.830517,90.362734,305,delivered,2026-02-13T12:19:03+06:00,True,Steadfast,STF-RDR-015,Noman Hasan,8801374179797,courier_rider,Bike,Dhaka-Metro-LA-39-2863,2025-06-29,4.78,active,Pallabi,65,30,1596,2026-02-10T01:26:12+06:00,2026-08-08T10:01:17+06:00
275,USR032,+8801535357252,Nafisa Khan,STF0000276,receiver,2026-02-11T10:32:27+06:00,small_parcel,Mirpur,23.818112,90.3689,Gulshan,23.79404,90.415143,286,returned,2026-02-11T21:32:27+06:00,True,Steadfast,STF-RDR-008,Kawsar Hasan,8801749085349,courier_rider,Bike,Dhaka-Metro-LA-47-2714,2025-11-24,4.63,active,Gulshan,44,18,921,2026-02-11T10:32:27+06:00,2026-08-06T05:18:42+06:00
276,USR032,+8801535357252,Nafisa Khan,STF0000277,receiver,2026-06-23T09:32:05+06:00,document,Old Dhaka,23.70921,90.402799,Mohammadpur,23.764445,90.353629,120,picked_up,2026-06-27T06:32:05+06:00,True,Steadfast,STF-RDR-012,Ashik Uddin,8801899845426,courier_rider,Bike,Dhaka-Metro-LA-12-6776,2023-01-12,4.91,temporarily_inactive,Mohammadpur,45,16,547,2026-02-11T00:26:15+06:00,2026-08-09T08:57:59+06:00
277,USR032,+8801535357252,Nafisa Khan,STF0000278,sender,2026-05-07T03:37:17+06:00,document,Rampura,23.761867,90.41548,Pallabi,23.822237,90.371918,282,delivered,2026-05-10T03:37:17+06:00,True,Steadfast,STF-RDR-015,Noman Hasan,8801374179797,courier_rider,Bike,Dhaka-Metro-LA-39-2863,2025-06-29,4.78,active,Pallabi,65,30,1596,2026-02-10T01:26:12+06:00,2026-08-08T10:01:17+06:00
278,USR032,+8801535357252,Nafisa Khan,STF0000279,sender,2026-03-01T15:25:59+06:00,medium_parcel,Gulshan,23.791483,90.415537,Mohammadpur,23.766124,90.363925,255,cancelled,2026-03-06T01:25:59+06:00,True,Steadfast,STF-RDR-012,Ashik Uddin,8801899845426,courier_rider,Bike,Dhaka-Metro-LA-12-6776,2023-01-12,4.91,temporarily_inactive,Mohammadpur,45,16,547,2026-02-11T00:26:15+06:00,2026-08-09T08:57:59+06:00
279,USR033,+8801813484178,Priya Ahmed,STF0000280,receiver,2026-05-28T12:06:28+06:00,document,Farmgate,23.74938,90.392092,Rampura,23.764853,90.418458,104,delivered,2026-05-31T20:06:28+06:00,True,Steadfast,STF-RDR-016,Nadim Mahmud,8801366112261,courier_rider,Bike,Dhaka-Metro-LA-24-7717,2024-01-16,4.20,active,Rampura,53,18,1057,2026-02-18T06:15:30+06:00,2026-08-03T04:51:23+06:00
280,USR033,+8801813484178,Priya Ahmed,STF0000281,sender,2026-03-16T02:41:37+06:00,medium_parcel,Rampura,23.769706,90.425902,Khilgaon,23.750291,90.429408,263,delivered,2026-03-16T06:41:37+06:00,True,Steadfast,STF-RDR-009,Habib Hossain,8801495463244,courier_rider,Bike,Dhaka-Metro-LA-18-5393,2023-09-14,4.29,active,Khilgaon,47,24,1313,2026-02-11T11:56:35+06:00,2026-08-08T17:34:54+06:00
281,USR033,+8801813484178,Priya Ahmed,STF0000282,sender,2026-02-25T06:14:59+06:00,small_parcel,Khilgaon,23.746109,90.421031,Motijheel,23.739404,90.41952,298,delivered,2026-02-27T11:14:59+06:00,True,Steadfast,STF-RDR-013,Rubel Mia,8801633950512,courier_rider,Bike,Dhaka-Metro-LA-28-7399,2025-12-23,4.32,active,Motijheel,39,18,975,2026-02-10T21:39:21+06:00,2026-08-06T00:06:07+06:00
282,USR033,+8801813484178,Priya Ahmed,STF0000283,receiver,2026-03-25T00:55:14+06:00,document,Gulshan,23.797472,90.408624,Uttara,23.868797,90.374425,197,in_transit,2026-03-27T06:55:14+06:00,True,Steadfast,STF-RDR-019,Mizan Kabir,8801539426102,courier_rider,Bicycle,BIC-56726,2025-07-12,4.44,active,Uttara,57,28,1473,2026-02-10T23:40:12+06:00,2026-08-09T01:27:07+06:00
283,USR033,+8801813484178,Priya Ahmed,STF0000284,sender,2026-05-10T02:24:38+06:00,small_parcel,Badda,23.771631,90.420053,Dhanmondi,23.750884,90.374141,260,cancelled,2026-05-11T03:24:38+06:00,True,Steadfast,STF-RDR-006,Shakil Ali,8801781454791,courier_rider,Bike,Dhaka-Metro-LA-30-3204,2023-04-22,4.57,active,Dhanmondi,59,22,398,2026-02-15T21:35:06+06:00,2026-08-09T12:49:46+06:00
284,USR033,+8801813484178,Priya Ahmed,STF0000285,receiver,2026-05-20T03:38:01+06:00,document,Gulshan,23.788109,90.407902,Bashundhara,23.823573,90.420299,127,delivered,2026-05-24T15:38:01+06:00,True,Steadfast,STF-RDR-003,Shahadat Mollah,8801918581171,courier_rider,Bike,Dhaka-Metro-LA-26-1345,2023-06-16,4.40,active,Bashundhara,60,26,1270,2026-02-10T20:41:14+06:00,2026-08-05T18:37:32+06:00
285,USR033,+8801813484178,Priya Ahmed,STF0000286,receiver,2026-05-12T15:27:37+06:00,small_parcel,Mirpur,23.82579,90.358538,Tejgaon,23.757203,90.394926,118,picked_up,2026-05-13T07:27:37+06:00,True,Steadfast,STF-RDR-018,Al Amin Uddin,8801433490845,courier_rider,Bike,Dhaka-Metro-LA-17-7450,2023-06-18,4.55,active,Tejgaon,40,17,1513,2026-02-12T22:21:32+06:00,2026-08-10T19:56:43+06:00
286,USR033,+8801813484178,Priya Ahmed,STF0000287,sender,2026-05-23T13:48:35+06:00,medium_parcel,Banani,23.800825,90.408168,Uttara,23.878395,90.382895,343,returned,2026-05-27T10:48:35+06:00,True,Steadfast,STF-RDR-019,Mizan Kabir,8801539426102,courier_rider,Bicycle,BIC-56726,2025-07-12,4.44,active,Uttara,57,28,1473,2026-02-10T23:40:12+06:00,2026-08-09T01:27:07+06:00
287,USR033,+8801813484178,Priya Ahmed,STF0000288,receiver,2026-05-21T04:02:45+06:00,small_parcel,Shyamoli,23.765264,90.372442,Mirpur,23.814212,90.365913,333,cancelled,2026-05-25T23:02:45+06:00,True,Steadfast,STF-RDR-010,Shakil Chowdhury,8801508898967,courier_rider,Bicycle,BIC-84798,2024-12-18,4.74,active,Mirpur,41,20,707,2026-02-17T05:21:07+06:00,2026-08-10T23:01:21+06:00
288,USR033,+8801813484178,Priya Ahmed,STF0000289,receiver,2026-03-13T21:26:58+06:00,document,Mohakhali,23.770421,90.39587,Gulshan,23.787827,90.402401,313,delivered,2026-03-16T00:26:58+06:00,True,Steadfast,STF-RDR-008,Kawsar Hasan,8801749085349,courier_rider,Bike,Dhaka-Metro-LA-47-2714,2025-11-24,4.63,active,Gulshan,44,18,921,2026-02-11T10:32:27+06:00,2026-08-06T05:18:42+06:00
289,USR033,+8801813484178,Priya Ahmed,STF0000290,sender,2026-04-13T07:19:50+06:00,medium_parcel,Rampura,23.754576,90.427128,Mirpur,23.827537,90.366873,174,delivered,2026-04-15T06:19:50+06:00,True,Steadfast,STF-RDR-010,Shakil Chowdhury,8801508898967,courier_rider,Bicycle,BIC-84798,2024-12-18,4.74,active,Mirpur,41,20,707,2026-02-17T05:21:07+06:00,2026-08-10T23:01:21+06:00
290,USR033,+8801813484178,Priya Ahmed,STF0000291,sender,2026-03-08T05:13:30+06:00,small_parcel,Rampura,23.756031,90.416891,Mohakhali,23.77021,90.407196,284,delivered,2026-03-09T20:13:30+06:00,True,Steadfast,STF-RDR-011,Imran Mia,8801729705726,courier_rider,Bike,Dhaka-Metro-LA-55-3918,2025-07-22,4.88,active,Mohakhali,56,21,1714,2026-02-11T12:17:14+06:00,2026-08-09T07:42:00+06:00
291,USR034,+8801580160103,Sadia Mahmud,STF0000292,sender,2026-02-25T00:40:15+06:00,small_parcel,Shyamoli,23.772732,90.366523,Mohammadpur,23.776396,90.350174,214,delivered,2026-02-25T17:40:15+06:00,True,Steadfast,STF-RDR-012,Ashik Uddin,8801899845426,courier_rider,Bike,Dhaka-Metro-LA-12-6776,2023-01-12,4.91,temporarily_inactive,Mohammadpur,45,16,547,2026-02-11T00:26:15+06:00,2026-08-09T08:57:59+06:00
292,USR034,+8801580160103,Sadia Mahmud,STF0000293,sender,2026-07-17T20:43:43+06:00,small_parcel,Badda,23.788328,90.425769,Tejgaon,23.760961,90.399475,282,in_transit,2026-07-19T17:43:43+06:00,True,Steadfast,STF-RDR-018,Al Amin Uddin,8801433490845,courier_rider,Bike,Dhaka-Metro-LA-17-7450,2023-06-18,4.55,active,Tejgaon,40,17,1513,2026-02-12T22:21:32+06:00,2026-08-10T19:56:43+06:00
293,USR034,+8801580160103,Sadia Mahmud,STF0000294,receiver,2026-05-11T01:03:44+06:00,large_parcel,Tejgaon,23.769216,90.395294,Mirpur,23.818013,90.362961,226,picked_up,2026-05-15T08:03:44+06:00,True,Steadfast,STF-RDR-010,Shakil Chowdhury,8801508898967,courier_rider,Bicycle,BIC-84798,2024-12-18,4.74,active,Mirpur,41,20,707,2026-02-17T05:21:07+06:00,2026-08-10T23:01:21+06:00
294,USR034,+8801580160103,Sadia Mahmud,STF0000295,sender,2026-04-17T07:47:17+06:00,small_parcel,Mohakhali,23.772023,90.400288,Badda,23.777997,90.420954,104,delivered,2026-04-19T17:47:17+06:00,True,Steadfast,STF-RDR-021,Mamun Khan,8801550451076,courier_rider,Bike,Dhaka-Metro-LA-46-4897,2023-05-12,4.39,active,Badda,31,14,976,2026-02-13T07:18:09+06:00,2026-08-10T18:55:10+06:00
295,USR034,+8801580160103,Sadia Mahmud,STF0000296,receiver,2026-07-01T11:31:30+06:00,large_parcel,Dhanmondi,23.751716,90.36708,Khilgaon,23.752693,90.436489,102,picked_up,2026-07-01T15:31:30+06:00,True,Steadfast,STF-RDR-009,Habib Hossain,8801495463244,courier_rider,Bike,Dhaka-Metro-LA-18-5393,2023-09-14,4.29,active,Khilgaon,47,24,1313,2026-02-11T11:56:35+06:00,2026-08-08T17:34:54+06:00
296,USR034,+8801580160103,Sadia Mahmud,STF0000297,receiver,2026-03-09T16:37:50+06:00,large_parcel,Bashundhara,23.817635,90.426195,Rampura,23.755181,90.413981,211,in_transit,2026-03-11T19:37:50+06:00,True,Steadfast,STF-RDR-016,Nadim Mahmud,8801366112261,courier_rider,Bike,Dhaka-Metro-LA-24-7717,2024-01-16,4.20,active,Rampura,53,18,1057,2026-02-18T06:15:30+06:00,2026-08-03T04:51:23+06:00
297,USR035,+8801786507106,Imran Hasan,STF0000298,receiver,2026-02-23T03:17:11+06:00,medium_parcel,Pallabi,23.825585,90.369524,Rampura,23.757908,90.416873,290,delivered,2026-02-24T02:17:11+06:00,True,Steadfast,STF-RDR-016,Nadim Mahmud,8801366112261,courier_rider,Bike,Dhaka-Metro-LA-24-7717,2024-01-16,4.20,active,Rampura,53,18,1057,2026-02-18T06:15:30+06:00,2026-08-03T04:51:23+06:00
298,USR035,+8801786507106,Imran Hasan,STF0000299,receiver,2026-02-18T06:15:30+06:00,medium_parcel,Shyamoli,23.767697,90.366719,Rampura,23.76976,90.424681,176,in_transit,2026-02-22T10:15:30+06:00,True,Steadfast,STF-RDR-016,Nadim Mahmud,8801366112261,courier_rider,Bike,Dhaka-Metro-LA-24-7717,2024-01-16,4.20,active,Rampura,53,18,1057,2026-02-18T06:15:30+06:00,2026-08-03T04:51:23+06:00
299,USR035,+8801786507106,Imran Hasan,STF0000300,receiver,2026-05-13T18:53:10+06:00,small_parcel,Shyamoli,23.772225,90.359003,Pallabi,23.821376,90.361408,218,delivered,2026-05-17T20:53:10+06:00,True,Steadfast,STF-RDR-015,Noman Hasan,8801374179797,courier_rider,Bike,Dhaka-Metro-LA-39-2863,2025-06-29,4.78,active,Pallabi,65,30,1596,2026-02-10T01:26:12+06:00,2026-08-08T10:01:17+06:00
300,USR035,+8801786507106,Imran Hasan,STF0000301,receiver,2026-02-28T10:37:05+06:00,medium_parcel,Dhanmondi,23.742373,90.370925,Wari,23.72189,90.415827,190,delivered,2026-02-28T16:37:05+06:00,True,Steadfast,STF-RDR-020,Emon Chowdhury,8801311733213,courier_rider,Bike,Dhaka-Metro-LA-44-7379,2023-07-10,4.24,active,Wari,56,26,197,2026-02-13T15:08:13+06:00,2026-08-07T17:55:05+06:00
301,USR035,+8801786507106,Imran Hasan,STF0000302,sender,2026-06-10T22:31:31+06:00,small_parcel,Shyamoli,23.777052,90.360332,Banani,23.802382,90.413093,310,delivered,2026-06-14T00:31:31+06:00,True,Steadfast,STF-RDR-002,Nahid Ali,8801571364853,courier_rider,Bike,Dhaka-Metro-LA-17-2538,2024-06-01,4.61,active,Banani,38,18,585,2026-02-11T07:26:41+06:00,2026-07-27T20:50:45+06:00
302,USR035,+8801786507106,Imran Hasan,STF0000303,sender,2026-03-31T07:41:42+06:00,small_parcel,Pallabi,23.823183,90.372482,Khilgaon,23.742123,90.434064,208,delivered,2026-03-31T14:41:42+06:00,True,Steadfast,STF-RDR-009,Habib Hossain,8801495463244,courier_rider,Bike,Dhaka-Metro-LA-18-5393,2023-09-14,4.29,active,Khilgaon,47,24,1313,2026-02-11T11:56:35+06:00,2026-08-08T17:34:54+06:00
303,USR035,+8801786507106,Imran Hasan,STF0000304,sender,2026-04-13T16:42:30+06:00,medium_parcel,Mohammadpur,23.765491,90.36495,Pallabi,23.834319,90.360734,167,returned,2026-04-17T09:42:30+06:00,True,Steadfast,STF-RDR-015,Noman Hasan,8801374179797,courier_rider,Bike,Dhaka-Metro-LA-39-2863,2025-06-29,4.78,active,Pallabi,65,30,1596,2026-02-10T01:26:12+06:00,2026-08-08T10:01:17+06:00
304,USR035,+8801786507106,Imran Hasan,STF0000305,sender,2026-07-11T19:08:14+06:00,small_parcel,Mirpur,23.822572,90.374,Wari,23.721216,90.414478,200,returned,2026-07-16T12:08:14+06:00,True,Steadfast,STF-RDR-020,Emon Chowdhury,8801311733213,courier_rider,Bike,Dhaka-Metro-LA-44-7379,2023-07-10,4.24,active,Wari,56,26,197,2026-02-13T15:08:13+06:00,2026-08-07T17:55:05+06:00
305,USR035,+8801786507106,Imran Hasan,STF0000306,sender,2026-07-18T02:32:38+06:00,large_parcel,Farmgate,23.752051,90.389815,Badda,23.775718,90.431968,172,cancelled,2026-07-19T13:32:38+06:00,True,Steadfast,STF-RDR-021,Mamun Khan,8801550451076,courier_rider,Bike,Dhaka-Metro-LA-46-4897,2023-05-12,4.39,active,Badda,31,14,976,2026-02-13T07:18:09+06:00,2026-08-10T18:55:10+06:00
306,USR036,+8801879457558,Rumana Islam,STF0000307,receiver,2026-05-29T08:11:09+06:00,large_parcel,Rampura,23.766812,90.418401,Badda,23.777689,90.432448,169,delivered,2026-05-31T12:11:09+06:00,True,Steadfast,STF-RDR-021,Mamun Khan,8801550451076,courier_rider,Bike,Dhaka-Metro-LA-46-4897,2023-05-12,4.39,active,Badda,31,14,976,2026-02-13T07:18:09+06:00,2026-08-10T18:55:10+06:00
307,USR036,+8801879457558,Rumana Islam,STF0000308,sender,2026-02-19T12:22:05+06:00,document,Khilgaon,23.756705,90.424491,Mohakhali,23.78541,90.406846,345,delivered,2026-02-21T05:22:05+06:00,True,Steadfast,STF-RDR-011,Imran Mia,8801729705726,courier_rider,Bike,Dhaka-Metro-LA-55-3918,2025-07-22,4.88,active,Mohakhali,56,21,1714,2026-02-11T12:17:14+06:00,2026-08-09T07:42:00+06:00
308,USR036,+8801879457558,Rumana Islam,STF0000309,sender,2026-03-30T23:32:40+06:00,document,Tejgaon,23.758377,90.390625,Old Dhaka,23.702997,90.401331,271,delivered,2026-03-31T07:32:40+06:00,True,Steadfast,STF-RDR-014,Rakib Mahmud,8801513377974,courier_rider,Bike,Dhaka-Metro-LA-52-9796,2024-11-17,4.92,active,Old Dhaka,50,18,608,2026-02-10T21:51:42+06:00,2026-07-31T06:18:21+06:00
309,USR036,+8801879457558,Rumana Islam,STF0000310,sender,2026-06-24T00:00:41+06:00,large_parcel,Mohakhali,23.770603,90.407389,Wari,23.729811,90.415985,314,in_transit,2026-06-27T06:00:41+06:00,True,Steadfast,STF-RDR-020,Emon Chowdhury,8801311733213,courier_rider,Bike,Dhaka-Metro-LA-44-7379,2023-07-10,4.24,active,Wari,56,26,197,2026-02-13T15:08:13+06:00,2026-08-07T17:55:05+06:00
310,USR036,+8801879457558,Rumana Islam,STF0000311,sender,2026-07-28T11:12:15+06:00,document,Mohakhali,23.780102,90.398097,Shyamoli,23.780856,90.362348,132,delivered,2026-07-29T18:12:15+06:00,True,Steadfast,STF-RDR-017,Masud Khan,8801360702419,courier_rider,Bike,Dhaka-Metro-LA-28-9831,2023-07-08,4.45,active,Shyamoli,44,21,460,2026-02-12T15:00:00+06:00,2026-08-09T14:25:38+06:00
311,USR036,+8801879457558,Rumana Islam,STF0000312,receiver,2026-06-10T00:59:27+06:00,document,Gulshan,23.799748,90.415461,Wari,23.71951,90.412727,301,returned,2026-06-11T04:59:27+06:00,True,Steadfast,STF-RDR-020,Emon Chowdhury,8801311733213,courier_rider,Bike,Dhaka-Metro-LA-44-7379,2023-07-10,4.24,active,Wari,56,26,197,2026-02-13T15:08:13+06:00,2026-08-07T17:55:05+06:00
312,USR037,+8801909160886,Farzana Sultana,STF0000313,receiver,2026-02-11T07:26:41+06:00,large_parcel,Badda,23.781818,90.434112,Banani,23.790828,90.404374,327,delivered,2026-02-11T11:26:41+06:00,True,Steadfast,STF-RDR-002,Nahid Ali,8801571364853,courier_rider,Bike,Dhaka-Metro-LA-17-2538,2024-06-01,4.61,active,Banani,38,18,585,2026-02-11T07:26:41+06:00,2026-07-27T20:50:45+06:00
313,USR037,+8801909160886,Farzana Sultana,STF0000314,receiver,2026-06-27T06:59:00+06:00,document,Uttara,23.872274,90.376118,Mohammadpur,23.767737,90.353593,127,returned,2026-06-27T14:59:00+06:00,True,Steadfast,STF-RDR-012,Ashik Uddin,8801899845426,courier_rider,Bike,Dhaka-Metro-LA-12-6776,2023-01-12,4.91,temporarily_inactive,Mohammadpur,45,16,547,2026-02-11T00:26:15+06:00,2026-08-09T08:57:59+06:00
314,USR037,+8801909160886,Farzana Sultana,STF0000315,sender,2026-06-19T07:22:00+06:00,small_parcel,Old Dhaka,23.704214,90.411376,Bashundhara,23.813314,90.431619,157,in_transit,2026-06-22T21:22:00+06:00,True,Steadfast,STF-RDR-003,Shahadat Mollah,8801918581171,courier_rider,Bike,Dhaka-Metro-LA-26-1345,2023-06-16,4.40,active,Bashundhara,60,26,1270,2026-02-10T20:41:14+06:00,2026-08-05T18:37:32+06:00
315,USR037,+8801909160886,Farzana Sultana,STF0000316,sender,2026-06-18T14:49:29+06:00,large_parcel,Farmgate,23.761052,90.394982,Dhanmondi,23.740945,90.382464,214,in_transit,2026-06-22T12:49:29+06:00,True,Steadfast,STF-RDR-006,Shakil Ali,8801781454791,courier_rider,Bike,Dhaka-Metro-LA-30-3204,2023-04-22,4.57,active,Dhanmondi,59,22,398,2026-02-15T21:35:06+06:00,2026-08-09T12:49:46+06:00
316,USR037,+8801909160886,Farzana Sultana,STF0000317,receiver,2026-07-06T12:27:46+06:00,document,Khilgaon,23.742605,90.430489,Bashundhara,23.810964,90.42443,315,picked_up,2026-07-11T02:27:46+06:00,True,Steadfast,STF-RDR-003,Shahadat Mollah,8801918581171,courier_rider,Bike,Dhaka-Metro-LA-26-1345,2023-06-16,4.40,active,Bashundhara,60,26,1270,2026-02-10T20:41:14+06:00,2026-08-05T18:37:32+06:00
317,USR037,+8801909160886,Farzana Sultana,STF0000318,receiver,2026-07-14T14:05:05+06:00,medium_parcel,Rampura,23.759157,90.421973,Pallabi,23.837794,90.370562,261,delivered,2026-07-18T15:05:05+06:00,True,Steadfast,STF-RDR-015,Noman Hasan,8801374179797,courier_rider,Bike,Dhaka-Metro-LA-39-2863,2025-06-29,4.78,active,Pallabi,65,30,1596,2026-02-10T01:26:12+06:00,2026-08-08T10:01:17+06:00
318,USR037,+8801909160886,Farzana Sultana,STF0000319,sender,2026-04-17T07:33:19+06:00,small_parcel,Tejgaon,23.769047,90.384287,Bashundhara,23.818675,90.421511,133,delivered,2026-04-17T19:33:19+06:00,True,Steadfast,STF-RDR-003,Shahadat Mollah,8801918581171,courier_rider,Bike,Dhaka-Metro-LA-26-1345,2023-06-16,4.40,active,Bashundhara,60,26,1270,2026-02-10T20:41:14+06:00,2026-08-05T18:37:32+06:00
319,USR037,+8801909160886,Farzana Sultana,STF0000320,sender,2026-06-03T13:30:49+06:00,medium_parcel,Mohammadpur,23.769692,90.361647,Uttara,23.878196,90.385498,177,picked_up,2026-06-03T16:30:49+06:00,True,Steadfast,STF-RDR-019,Mizan Kabir,8801539426102,courier_rider,Bicycle,BIC-56726,2025-07-12,4.44,active,Uttara,57,28,1473,2026-02-10T23:40:12+06:00,2026-08-09T01:27:07+06:00
320,USR038,+8801312595905,Arif Islam,STF0000321,sender,2026-03-27T04:40:41+06:00,document,Bashundhara,23.821381,90.425788,Tejgaon,23.764136,90.387622,86,returned,2026-03-28T17:40:41+06:00,True,Steadfast,STF-RDR-018,Al Amin Uddin,8801433490845,courier_rider,Bike,Dhaka-Metro-LA-17-7450,2023-06-18,4.55,active,Tejgaon,40,17,1513,2026-02-12T22:21:32+06:00,2026-08-10T19:56:43+06:00
321,USR038,+8801312595905,Arif Islam,STF0000322,sender,2026-03-08T04:19:40+06:00,small_parcel,Farmgate,23.752726,90.385112,Dhanmondi,23.741692,90.381621,215,delivered,2026-03-11T00:19:40+06:00,True,Steadfast,STF-RDR-006,Shakil Ali,8801781454791,courier_rider,Bike,Dhaka-Metro-LA-30-3204,2023-04-22,4.57,active,Dhanmondi,59,22,398,2026-02-15T21:35:06+06:00,2026-08-09T12:49:46+06:00
322,USR038,+8801312595905,Arif Islam,STF0000323,receiver,2026-03-09T17:41:14+06:00,large_parcel,Bashundhara,23.807055,90.422962,Khilgaon,23.750465,90.433357,200,delivered,2026-03-13T02:41:14+06:00,True,Steadfast,STF-RDR-009,Habib Hossain,8801495463244,courier_rider,Bike,Dhaka-Metro-LA-18-5393,2023-09-14,4.29,active,Khilgaon,47,24,1313,2026-02-11T11:56:35+06:00,2026-08-08T17:34:54+06:00
323,USR038,+8801312595905,Arif Islam,STF0000324,receiver,2026-05-17T10:00:38+06:00,large_parcel,Uttara,23.879084,90.38531,Mirpur,23.815667,90.367213,213,delivered,2026-05-17T17:00:38+06:00,True,Steadfast,STF-RDR-010,Shakil Chowdhury,8801508898967,courier_rider,Bicycle,BIC-84798,2024-12-18,4.74,active,Mirpur,41,20,707,2026-02-17T05:21:07+06:00,2026-08-10T23:01:21+06:00
324,USR038,+8801312595905,Arif Islam,STF0000325,sender,2026-06-20T17:11:48+06:00,small_parcel,Mohakhali,23.781707,90.392251,Gulshan,23.800916,90.403422,274,in_transit,2026-06-21T13:11:48+06:00,True,Steadfast,STF-RDR-008,Kawsar Hasan,8801749085349,courier_rider,Bike,Dhaka-Metro-LA-47-2714,2025-11-24,4.63,active,Gulshan,44,18,921,2026-02-11T10:32:27+06:00,2026-08-06T05:18:42+06:00
325,USR038,+8801312595905,Arif Islam,STF0000326,sender,2026-05-28T09:51:29+06:00,large_parcel,Badda,23.772155,90.428075,Mohakhali,23.76917,90.405188,242,delivered,2026-05-29T06:51:29+06:00,True,Steadfast,STF-RDR-011,Imran Mia,8801729705726,courier_rider,Bike,Dhaka-Metro-LA-55-3918,2025-07-22,4.88,active,Mohakhali,56,21,1714,2026-02-11T12:17:14+06:00,2026-08-09T07:42:00+06:00
326,USR038,+8801312595905,Arif Islam,STF0000327,receiver,2026-05-07T14:23:46+06:00,medium_parcel,Motijheel,23.725193,90.41298,Mohakhali,23.775137,90.407573,216,picked_up,2026-05-10T23:23:46+06:00,True,Steadfast,STF-RDR-011,Imran Mia,8801729705726,courier_rider,Bike,Dhaka-Metro-LA-55-3918,2025-07-22,4.88,active,Mohakhali,56,21,1714,2026-02-11T12:17:14+06:00,2026-08-09T07:42:00+06:00
327,USR039,+8801461779647,Mahin Karim,STF0000328,receiver,2026-05-23T10:22:43+06:00,document,Tejgaon,23.758025,90.397926,Shyamoli,23.771821,90.358982,221,delivered,2026-05-24T20:22:43+06:00,True,Steadfast,STF-RDR-017,Masud Khan,8801360702419,courier_rider,Bike,Dhaka-Metro-LA-28-9831,2023-07-08,4.45,active,Shyamoli,44,21,460,2026-02-12T15:00:00+06:00,2026-08-09T14:25:38+06:00
328,USR039,+8801461779647,Mahin Karim,STF0000329,sender,2026-02-21T03:36:34+06:00,medium_parcel,Mirpur,23.820905,90.36824,Mohammadpur,23.766126,90.351409,82,picked_up,2026-02-22T16:36:34+06:00,True,Steadfast,STF-RDR-012,Ashik Uddin,8801899845426,courier_rider,Bike,Dhaka-Metro-LA-12-6776,2023-01-12,4.91,temporarily_inactive,Mohammadpur,45,16,547,2026-02-11T00:26:15+06:00,2026-08-09T08:57:59+06:00
329,USR039,+8801461779647,Mahin Karim,STF0000330,sender,2026-02-10T01:26:12+06:00,small_parcel,Farmgate,23.758004,90.396157,Pallabi,23.829381,90.357941,168,cancelled,2026-02-13T20:26:12+06:00,True,Steadfast,STF-RDR-015,Noman Hasan,8801374179797,courier_rider,Bike,Dhaka-Metro-LA-39-2863,2025-06-29,4.78,active,Pallabi,65,30,1596,2026-02-10T01:26:12+06:00,2026-08-08T10:01:17+06:00
330,USR039,+8801461779647,Mahin Karim,STF0000331,sender,2026-03-17T16:16:44+06:00,document,Gulshan,23.792834,90.414447,Rampura,23.761846,90.427123,224,delivered,2026-03-18T17:16:44+06:00,True,Steadfast,STF-RDR-016,Nadim Mahmud,8801366112261,courier_rider,Bike,Dhaka-Metro-LA-24-7717,2024-01-16,4.20,active,Rampura,53,18,1057,2026-02-18T06:15:30+06:00,2026-08-03T04:51:23+06:00
331,USR039,+8801461779647,Mahin Karim,STF0000332,sender,2026-06-20T20:51:53+06:00,small_parcel,Khilgaon,23.752441,90.430472,Bashundhara,23.806368,90.431954,141,delivered,2026-06-23T00:51:53+06:00,True,Steadfast,STF-RDR-003,Shahadat Mollah,8801918581171,courier_rider,Bike,Dhaka-Metro-LA-26-1345,2023-06-16,4.40,active,Bashundhara,60,26,1270,2026-02-10T20:41:14+06:00,2026-08-05T18:37:32+06:00
332,USR039,+8801461779647,Mahin Karim,STF0000333,receiver,2026-07-08T17:29:13+06:00,small_parcel,Uttara,23.879583,90.386595,Mohakhali,23.772532,90.391108,165,delivered,2026-07-10T20:29:13+06:00,True,Steadfast,STF-RDR-011,Imran Mia,8801729705726,courier_rider,Bike,Dhaka-Metro-LA-55-3918,2025-07-22,4.88,active,Mohakhali,56,21,1714,2026-02-11T12:17:14+06:00,2026-08-09T07:42:00+06:00
333,USR039,+8801461779647,Mahin Karim,STF0000334,receiver,2026-06-24T05:32:24+06:00,large_parcel,Mohakhali,23.772393,90.406895,Gulshan,23.791053,90.411134,98,delivered,2026-06-27T12:32:24+06:00,True,Steadfast,STF-RDR-008,Kawsar Hasan,8801749085349,courier_rider,Bike,Dhaka-Metro-LA-47-2714,2025-11-24,4.63,active,Gulshan,44,18,921,2026-02-11T10:32:27+06:00,2026-08-06T05:18:42+06:00
334,USR039,+8801461779647,Mahin Karim,STF0000335,sender,2026-05-31T18:08:11+06:00,small_parcel,Gulshan,23.787039,90.399629,Wari,23.729313,90.420849,259,in_transit,2026-06-04T22:08:11+06:00,True,Steadfast,STF-RDR-020,Emon Chowdhury,8801311733213,courier_rider,Bike,Dhaka-Metro-LA-44-7379,2023-07-10,4.24,active,Wari,56,26,197,2026-02-13T15:08:13+06:00,2026-08-07T17:55:05+06:00
335,USR039,+8801461779647,Mahin Karim,STF0000336,sender,2026-06-01T06:15:03+06:00,document,Farmgate,23.758197,90.383431,Rampura,23.763085,90.420387,223,picked_up,2026-06-04T19:15:03+06:00,True,Steadfast,STF-RDR-016,Nadim Mahmud,8801366112261,courier_rider,Bike,Dhaka-Metro-LA-24-7717,2024-01-16,4.20,active,Rampura,53,18,1057,2026-02-18T06:15:30+06:00,2026-08-03T04:51:23+06:00
336,USR040,+8801754701672,Tanvir Karim,STF0000337,sender,2026-02-12T22:21:32+06:00,document,Banani,23.79345,90.414738,Tejgaon,23.763653,90.383243,293,delivered,2026-02-13T09:21:32+06:00,True,Steadfast,STF-RDR-018,Al Amin Uddin,8801433490845,courier_rider,Bike,Dhaka-Metro-LA-17-7450,2023-06-18,4.55,active,Tejgaon,40,17,1513,2026-02-12T22:21:32+06:00,2026-08-10T19:56:43+06:00
337,USR040,+8801754701672,Tanvir Karim,STF0000338,sender,2026-06-13T15:15:21+06:00,large_parcel,Bashundhara,23.820246,90.424586,Pallabi,23.834161,90.367164,310,delivered,2026-06-18T14:15:21+06:00,True,Steadfast,STF-RDR-015,Noman Hasan,8801374179797,courier_rider,Bike,Dhaka-Metro-LA-39-2863,2025-06-29,4.78,active,Pallabi,65,30,1596,2026-02-10T01:26:12+06:00,2026-08-08T10:01:17+06:00
338,USR040,+8801754701672,Tanvir Karim,STF0000339,sender,2026-05-29T21:54:05+06:00,small_parcel,Farmgate,23.759374,90.385091,Dhanmondi,23.73854,90.370318,222,cancelled,2026-05-31T19:54:05+06:00,True,Steadfast,STF-RDR-006,Shakil Ali,8801781454791,courier_rider,Bike,Dhaka-Metro-LA-30-3204,2023-04-22,4.57,active,Dhanmondi,59,22,398,2026-02-15T21:35:06+06:00,2026-08-09T12:49:46+06:00
339,USR040,+8801754701672,Tanvir Karim,STF0000340,sender,2026-05-22T15:37:12+06:00,document,Motijheel,23.738699,90.425303,Mohakhali,23.771859,90.397525,169,cancelled,2026-05-24T02:37:12+06:00,True,Steadfast,STF-RDR-011,Imran Mia,8801729705726,courier_rider,Bike,Dhaka-Metro-LA-55-3918,2025-07-22,4.88,active,Mohakhali,56,21,1714,2026-02-11T12:17:14+06:00,2026-08-09T07:42:00+06:00
340,USR040,+8801754701672,Tanvir Karim,STF0000341,sender,2026-03-09T18:13:14+06:00,small_parcel,Old Dhaka,23.702213,90.411042,Bashundhara,23.808696,90.416743,274,delivered,2026-03-09T21:13:14+06:00,True,Steadfast,STF-RDR-003,Shahadat Mollah,8801918581171,courier_rider,Bike,Dhaka-Metro-LA-26-1345,2023-06-16,4.40,active,Bashundhara,60,26,1270,2026-02-10T20:41:14+06:00,2026-08-05T18:37:32+06:00
341,USR040,+8801754701672,Tanvir Karim,STF0000342,sender,2026-06-11T09:25:54+06:00,document,Wari,23.724464,90.418676,Rampura,23.766574,90.423642,183,delivered,2026-06-11T11:25:54+06:00,True,Steadfast,STF-RDR-016,Nadim Mahmud,8801366112261,courier_rider,Bike,Dhaka-Metro-LA-24-7717,2024-01-16,4.20,active,Rampura,53,18,1057,2026-02-18T06:15:30+06:00,2026-08-03T04:51:23+06:00
342,USR040,+8801754701672,Tanvir Karim,STF0000343,sender,2026-04-29T13:19:59+06:00,document,Mohakhali,23.780256,90.408505,Shyamoli,23.775542,90.364814,86,delivered,2026-05-04T07:19:59+06:00,True,Steadfast,STF-RDR-017,Masud Khan,8801360702419,courier_rider,Bike,Dhaka-Metro-LA-28-9831,2023-07-08,4.45,active,Shyamoli,44,21,460,2026-02-12T15:00:00+06:00,2026-08-09T14:25:38+06:00
343,USR040,+8801754701672,Tanvir Karim,STF0000344,sender,2026-03-05T14:49:16+06:00,document,Shyamoli,23.775665,90.366426,Mirpur,23.828064,90.36824,72,delivered,2026-03-10T11:49:16+06:00,True,Steadfast,STF-RDR-010,Shakil Chowdhury,8801508898967,courier_rider,Bicycle,BIC-84798,2024-12-18,4.74,active,Mirpur,41,20,707,2026-02-17T05:21:07+06:00,2026-08-10T23:01:21+06:00
344,USR040,+8801754701672,Tanvir Karim,STF0000345,receiver,2026-06-18T08:25:41+06:00,small_parcel,Uttara,23.870974,90.375023,Pallabi,23.835988,90.365442,178,delivered,2026-06-19T18:25:41+06:00,True,Steadfast,STF-RDR-015,Noman Hasan,8801374179797,courier_rider,Bike,Dhaka-Metro-LA-39-2863,2025-06-29,4.78,active,Pallabi,65,30,1596,2026-02-10T01:26:12+06:00,2026-08-08T10:01:17+06:00
345,USR040,+8801754701672,Tanvir Karim,STF0000346,sender,2026-04-12T14:38:15+06:00,medium_parcel,Motijheel,23.730608,90.41105,Pallabi,23.829386,90.37118,292,returned,2026-04-14T04:38:15+06:00,True,Steadfast,STF-RDR-015,Noman Hasan,8801374179797,courier_rider,Bike,Dhaka-Metro-LA-39-2863,2025-06-29,4.78,active,Pallabi,65,30,1596,2026-02-10T01:26:12+06:00,2026-08-08T10:01:17+06:00
346,USR040,+8801754701672,Tanvir Karim,STF0000347,sender,2026-03-23T19:43:42+06:00,medium_parcel,Dhanmondi,23.752758,90.382165,Mirpur,23.823632,90.369061,178,delivered,2026-03-24T17:43:42+06:00,True,Steadfast,STF-RDR-010,Shakil Chowdhury,8801508898967,courier_rider,Bicycle,BIC-84798,2024-12-18,4.74,active,Mirpur,41,20,707,2026-02-17T05:21:07+06:00,2026-08-10T23:01:21+06:00
347,USR040,+8801754701672,Tanvir Karim,STF0000348,sender,2026-03-11T01:46:26+06:00,small_parcel,Farmgate,23.75236,90.385688,Shyamoli,23.776601,90.366699,186,returned,2026-03-15T23:46:26+06:00,True,Steadfast,STF-RDR-017,Masud Khan,8801360702419,courier_rider,Bike,Dhaka-Metro-LA-28-9831,2023-07-08,4.45,active,Shyamoli,44,21,460,2026-02-12T15:00:00+06:00,2026-08-09T14:25:38+06:00
348,USR041,+8801410279211,Nafisa Ali,STF0000349,sender,2026-02-24T17:48:36+06:00,medium_parcel,Shyamoli,23.78008,90.365705,Dhanmondi,23.742163,90.378325,109,in_transit,2026-02-27T03:48:36+06:00,True,Steadfast,STF-RDR-006,Shakil Ali,8801781454791,courier_rider,Bike,Dhaka-Metro-LA-30-3204,2023-04-22,4.57,active,Dhanmondi,59,22,398,2026-02-15T21:35:06+06:00,2026-08-09T12:49:46+06:00
349,USR041,+8801410279211,Nafisa Ali,STF0000350,receiver,2026-04-30T07:54:43+06:00,medium_parcel,Rampura,23.759901,90.423015,Wari,23.713061,90.42057,131,delivered,2026-05-01T16:54:43+06:00,True,Steadfast,STF-RDR-020,Emon Chowdhury,8801311733213,courier_rider,Bike,Dhaka-Metro-LA-44-7379,2023-07-10,4.24,active,Wari,56,26,197,2026-02-13T15:08:13+06:00,2026-08-07T17:55:05+06:00
350,USR041,+8801410279211,Nafisa Ali,STF0000351,receiver,2026-05-23T12:41:01+06:00,large_parcel,Motijheel,23.736172,90.421713,Farmgate,23.759538,90.391779,175,returned,2026-05-26T05:41:01+06:00,True,Steadfast,STF-RDR-007,Habib Khan,8801355541558,courier_rider,Bicycle,BIC-74141,2024-12-06,4.22,active,Farmgate,44,18,1281,2026-02-11T07:50:51+06:00,2026-08-09T04:50:46+06:00
351,USR041,+8801410279211,Nafisa Ali,STF0000352,receiver,2026-03-14T20:10:31+06:00,document,Old Dhaka,23.717392,90.412305,Mohammadpur,23.772537,90.363585,164,returned,2026-03-19T11:10:31+06:00,True,Steadfast,STF-RDR-012,Ashik Uddin,8801899845426,courier_rider,Bike,Dhaka-Metro-LA-12-6776,2023-01-12,4.91,temporarily_inactive,Mohammadpur,45,16,547,2026-02-11T00:26:15+06:00,2026-08-09T08:57:59+06:00
352,USR041,+8801410279211,Nafisa Ali,STF0000353,sender,2026-05-17T10:25:26+06:00,medium_parcel,Mohakhali,23.779147,90.400961,Bashundhara,23.812642,90.418746,256,returned,2026-05-19T11:25:26+06:00,True,Steadfast,STF-RDR-003,Shahadat Mollah,8801918581171,courier_rider,Bike,Dhaka-Metro-LA-26-1345,2023-06-16,4.40,active,Bashundhara,60,26,1270,2026-02-10T20:41:14+06:00,2026-08-05T18:37:32+06:00
353,USR041,+8801410279211,Nafisa Ali,STF0000354,sender,2026-07-02T13:59:35+06:00,large_parcel,Gulshan,23.796484,90.406651,Dhanmondi,23.752754,90.375231,287,delivered,2026-07-06T07:59:35+06:00,True,Steadfast,STF-RDR-006,Shakil Ali,8801781454791,courier_rider,Bike,Dhaka-Metro-LA-30-3204,2023-04-22,4.57,active,Dhanmondi,59,22,398,2026-02-15T21:35:06+06:00,2026-08-09T12:49:46+06:00
354,USR041,+8801410279211,Nafisa Ali,STF0000355,sender,2026-06-05T23:46:43+06:00,small_parcel,Khilgaon,23.751223,90.432336,Uttara,23.874924,90.388271,209,delivered,2026-06-09T00:46:43+06:00,True,Steadfast,STF-RDR-019,Mizan Kabir,8801539426102,courier_rider,Bicycle,BIC-56726,2025-07-12,4.44,active,Uttara,57,28,1473,2026-02-10T23:40:12+06:00,2026-08-09T01:27:07+06:00
355,USR041,+8801410279211,Nafisa Ali,STF0000356,sender,2026-03-01T06:55:01+06:00,medium_parcel,Wari,23.713094,90.409178,Old Dhaka,23.703267,90.412562,254,picked_up,2026-03-06T02:55:01+06:00,True,Steadfast,STF-RDR-014,Rakib Mahmud,8801513377974,courier_rider,Bike,Dhaka-Metro-LA-52-9796,2024-11-17,4.92,active,Old Dhaka,50,18,608,2026-02-10T21:51:42+06:00,2026-07-31T06:18:21+06:00
356,USR041,+8801410279211,Nafisa Ali,STF0000357,receiver,2026-03-10T21:59:25+06:00,large_parcel,Old Dhaka,23.717299,90.398785,Shyamoli,23.766355,90.373187,179,cancelled,2026-03-11T10:59:25+06:00,True,Steadfast,STF-RDR-017,Masud Khan,8801360702419,courier_rider,Bike,Dhaka-Metro-LA-28-9831,2023-07-08,4.45,active,Shyamoli,44,21,460,2026-02-12T15:00:00+06:00,2026-08-09T14:25:38+06:00
357,USR041,+8801410279211,Nafisa Ali,STF0000358,receiver,2026-04-11T13:36:43+06:00,large_parcel,Mohakhali,23.774382,90.393848,Tejgaon,23.764136,90.397913,121,delivered,2026-04-11T17:36:43+06:00,True,Steadfast,STF-RDR-018,Al Amin Uddin,8801433490845,courier_rider,Bike,Dhaka-Metro-LA-17-7450,2023-06-18,4.55,active,Tejgaon,40,17,1513,2026-02-12T22:21:32+06:00,2026-08-10T19:56:43+06:00
358,USR041,+8801410279211,Nafisa Ali,STF0000359,receiver,2026-03-18T17:17:10+06:00,document,Badda,23.784784,90.420484,Tejgaon,23.768582,90.385013,204,delivered,2026-03-19T10:17:10+06:00,True,Steadfast,STF-RDR-018,Al Amin Uddin,8801433490845,courier_rider,Bike,Dhaka-Metro-LA-17-7450,2023-06-18,4.55,active,Tejgaon,40,17,1513,2026-02-12T22:21:32+06:00,2026-08-10T19:56:43+06:00
359,USR041,+8801410279211,Nafisa Ali,STF0000360,receiver,2026-03-14T02:45:12+06:00,small_parcel,Mirpur,23.818592,90.368747,Wari,23.715698,90.419708,325,returned,2026-03-15T09:45:12+06:00,True,Steadfast,STF-RDR-020,Emon Chowdhury,8801311733213,courier_rider,Bike,Dhaka-Metro-LA-44-7379,2023-07-10,4.24,active,Wari,56,26,197,2026-02-13T15:08:13+06:00,2026-08-07T17:55:05+06:00
360,USR042,+8801455140705,Sanjida Sultana,STF0000361,sender,2026-07-10T18:36:50+06:00,document,Pallabi,23.822484,90.37126,Mohakhali,23.778931,90.39515,109,cancelled,2026-07-15T18:36:50+06:00,True,Steadfast,STF-RDR-011,Imran Mia,8801729705726,courier_rider,Bike,Dhaka-Metro-LA-55-3918,2025-07-22,4.88,active,Mohakhali,56,21,1714,2026-02-11T12:17:14+06:00,2026-08-09T07:42:00+06:00
361,USR042,+8801455140705,Sanjida Sultana,STF0000362,sender,2026-06-02T21:22:30+06:00,large_parcel,Mohammadpur,23.760884,90.350194,Rampura,23.75268,90.422058,262,cancelled,2026-06-05T15:22:30+06:00,True,Steadfast,STF-RDR-016,Nadim Mahmud,8801366112261,courier_rider,Bike,Dhaka-Metro-LA-24-7717,2024-01-16,4.20,active,Rampura,53,18,1057,2026-02-18T06:15:30+06:00,2026-08-03T04:51:23+06:00
362,USR042,+8801455140705,Sanjida Sultana,STF0000363,sender,2026-08-10T19:56:43+06:00,large_parcel,Old Dhaka,23.703021,90.402852,Tejgaon,23.763812,90.384996,73,returned,2026-08-11T07:56:43+06:00,True,Steadfast,STF-RDR-018,Al Amin Uddin,8801433490845,courier_rider,Bike,Dhaka-Metro-LA-17-7450,2023-06-18,4.55,active,Tejgaon,40,17,1513,2026-02-12T22:21:32+06:00,2026-08-10T19:56:43+06:00
363,USR042,+8801455140705,Sanjida Sultana,STF0000364,receiver,2026-06-30T10:25:00+06:00,medium_parcel,Pallabi,23.835651,90.37132,Badda,23.779711,90.422194,229,cancelled,2026-07-02T16:25:00+06:00,True,Steadfast,STF-RDR-001,Zahid Ahmed,8801371653930,courier_rider,Bike,Dhaka-Metro-LA-47-6988,2026-03-01,4.44,active,Badda,18,8,932,2026-02-10T03:29:07+06:00,2026-08-07T13:08:02+06:00
364,USR042,+8801455140705,Sanjida Sultana,STF0000365,receiver,2026-05-25T19:20:03+06:00,small_parcel,Pallabi,23.828769,90.361093,Bashundhara,23.815996,90.431072,145,delivered,2026-05-28T14:20:03+06:00,True,Steadfast,STF-RDR-003,Shahadat Mollah,8801918581171,courier_rider,Bike,Dhaka-Metro-LA-26-1345,2023-06-16,4.40,active,Bashundhara,60,26,1270,2026-02-10T20:41:14+06:00,2026-08-05T18:37:32+06:00
365,USR042,+8801455140705,Sanjida Sultana,STF0000366,sender,2026-05-20T09:33:26+06:00,large_parcel,Pallabi,23.825478,90.361027,Wari,23.72443,90.424667,296,delivered,2026-05-21T23:33:26+06:00,True,Steadfast,STF-RDR-020,Emon Chowdhury,8801311733213,courier_rider,Bike,Dhaka-Metro-LA-44-7379,2023-07-10,4.24,active,Wari,56,26,197,2026-02-13T15:08:13+06:00,2026-08-07T17:55:05+06:00
366,USR042,+8801455140705,Sanjida Sultana,STF0000367,receiver,2026-06-17T00:14:05+06:00,medium_parcel,Wari,23.71822,90.410767,Tejgaon,23.770683,90.382986,308,delivered,2026-06-22T00:14:05+06:00,True,Steadfast,STF-RDR-018,Al Amin Uddin,8801433490845,courier_rider,Bike,Dhaka-Metro-LA-17-7450,2023-06-18,4.55,active,Tejgaon,40,17,1513,2026-02-12T22:21:32+06:00,2026-08-10T19:56:43+06:00
367,USR042,+8801455140705,Sanjida Sultana,STF0000368,receiver,2026-02-14T23:34:45+06:00,medium_parcel,Motijheel,23.729484,90.425749,Shyamoli,23.765726,90.365203,149,delivered,2026-02-16T01:34:45+06:00,True,Steadfast,STF-RDR-017,Masud Khan,8801360702419,courier_rider,Bike,Dhaka-Metro-LA-28-9831,2023-07-08,4.45,active,Shyamoli,44,21,460,2026-02-12T15:00:00+06:00,2026-08-09T14:25:38+06:00
368,USR042,+8801455140705,Sanjida Sultana,STF0000369,receiver,2026-06-07T02:22:56+06:00,document,Mohammadpur,23.773502,90.365136,Gulshan,23.787974,90.399441,279,cancelled,2026-06-11T13:22:56+06:00,True,Steadfast,STF-RDR-008,Kawsar Hasan,8801749085349,courier_rider,Bike,Dhaka-Metro-LA-47-2714,2025-11-24,4.63,active,Gulshan,44,18,921,2026-02-11T10:32:27+06:00,2026-08-06T05:18:42+06:00
369,USR042,+8801455140705,Sanjida Sultana,STF0000370,sender,2026-04-07T14:01:28+06:00,medium_parcel,Mohakhali,23.786019,90.398331,Banani,23.789591,90.413928,293,cancelled,2026-04-11T10:01:28+06:00,True,Steadfast,STF-RDR-002,Nahid Ali,8801571364853,courier_rider,Bike,Dhaka-Metro-LA-17-2538,2024-06-01,4.61,active,Banani,38,18,585,2026-02-11T07:26:41+06:00,2026-07-27T20:50:45+06:00
370,USR043,+8801879605481,Tasnim Karim,STF0000371,sender,2026-07-24T07:51:13+06:00,document,Badda,23.78005,90.428113,Bashundhara,23.810477,90.430875,299,delivered,2026-07-26T20:51:13+06:00,True,Steadfast,STF-RDR-003,Shahadat Mollah,8801918581171,courier_rider,Bike,Dhaka-Metro-LA-26-1345,2023-06-16,4.40,active,Bashundhara,60,26,1270,2026-02-10T20:41:14+06:00,2026-08-05T18:37:32+06:00
371,USR043,+8801879605481,Tasnim Karim,STF0000372,receiver,2026-03-18T21:57:08+06:00,medium_parcel,Motijheel,23.727512,90.414805,Gulshan,23.786744,90.414741,188,returned,2026-03-21T05:57:08+06:00,True,Steadfast,STF-RDR-008,Kawsar Hasan,8801749085349,courier_rider,Bike,Dhaka-Metro-LA-47-2714,2025-11-24,4.63,active,Gulshan,44,18,921,2026-02-11T10:32:27+06:00,2026-08-06T05:18:42+06:00
372,USR043,+8801879605481,Tasnim Karim,STF0000373,receiver,2026-04-16T14:26:34+06:00,large_parcel,Tejgaon,23.760988,90.399244,Gulshan,23.790175,90.402506,309,cancelled,2026-04-19T12:26:34+06:00,True,Steadfast,STF-RDR-008,Kawsar Hasan,8801749085349,courier_rider,Bike,Dhaka-Metro-LA-47-2714,2025-11-24,4.63,active,Gulshan,44,18,921,2026-02-11T10:32:27+06:00,2026-08-06T05:18:42+06:00
373,USR043,+8801879605481,Tasnim Karim,STF0000374,sender,2026-07-21T06:26:45+06:00,large_parcel,Tejgaon,23.770115,90.388471,Pallabi,23.831071,90.362098,123,in_transit,2026-07-23T05:26:45+06:00,True,Steadfast,STF-RDR-015,Noman Hasan,8801374179797,courier_rider,Bike,Dhaka-Metro-LA-39-2863,2025-06-29,4.78,active,Pallabi,65,30,1596,2026-02-10T01:26:12+06:00,2026-08-08T10:01:17+06:00
374,USR043,+8801879605481,Tasnim Karim,STF0000375,receiver,2026-07-14T10:44:30+06:00,small_parcel,Farmgate,23.763118,90.395021,Pallabi,23.83091,90.368269,174,delivered,2026-07-14T17:44:30+06:00,True,Steadfast,STF-RDR-015,Noman Hasan,8801374179797,courier_rider,Bike,Dhaka-Metro-LA-39-2863,2025-06-29,4.78,active,Pallabi,65,30,1596,2026-02-10T01:26:12+06:00,2026-08-08T10:01:17+06:00
375,USR043,+8801879605481,Tasnim Karim,STF0000376,sender,2026-08-04T09:19:50+06:00,document,Mohammadpur,23.773635,90.365037,Pallabi,23.834663,90.364951,317,cancelled,2026-08-07T12:19:50+06:00,True,Steadfast,STF-RDR-015,Noman Hasan,8801374179797,courier_rider,Bike,Dhaka-Metro-LA-39-2863,2025-06-29,4.78,active,Pallabi,65,30,1596,2026-02-10T01:26:12+06:00,2026-08-08T10:01:17+06:00
376,USR043,+8801879605481,Tasnim Karim,STF0000377,sender,2026-05-11T00:07:24+06:00,document,Old Dhaka,23.719165,90.41507,Farmgate,23.750774,90.392623,100,in_transit,2026-05-11T04:07:24+06:00,True,Steadfast,STF-RDR-007,Habib Khan,8801355541558,courier_rider,Bicycle,BIC-74141,2024-12-06,4.22,active,Farmgate,44,18,1281,2026-02-11T07:50:51+06:00,2026-08-09T04:50:46+06:00
377,USR043,+8801879605481,Tasnim Karim,STF0000378,receiver,2026-06-11T06:33:09+06:00,large_parcel,Mohammadpur,23.759759,90.355541,Dhanmondi,23.744849,90.374989,302,returned,2026-06-15T14:33:09+06:00,True,Steadfast,STF-RDR-006,Shakil Ali,8801781454791,courier_rider,Bike,Dhaka-Metro-LA-30-3204,2023-04-22,4.57,active,Dhanmondi,59,22,398,2026-02-15T21:35:06+06:00,2026-08-09T12:49:46+06:00
378,USR043,+8801879605481,Tasnim Karim,STF0000379,sender,2026-03-17T10:10:56+06:00,small_parcel,Old Dhaka,23.711711,90.404151,Mirpur,23.824726,90.367294,219,delivered,2026-03-20T06:10:56+06:00,True,Steadfast,STF-RDR-010,Shakil Chowdhury,8801508898967,courier_rider,Bicycle,BIC-84798,2024-12-18,4.74,active,Mirpur,41,20,707,2026-02-17T05:21:07+06:00,2026-08-10T23:01:21+06:00
379,USR043,+8801879605481,Tasnim Karim,STF0000380,receiver,2026-02-24T14:36:33+06:00,small_parcel,Pallabi,23.83688,90.367546,Mohammadpur,23.768707,90.361744,347,in_transit,2026-02-26T04:36:33+06:00,True,Steadfast,STF-RDR-012,Ashik Uddin,8801899845426,courier_rider,Bike,Dhaka-Metro-LA-12-6776,2023-01-12,4.91,temporarily_inactive,Mohammadpur,45,16,547,2026-02-11T00:26:15+06:00,2026-08-09T08:57:59+06:00
380,USR043,+8801879605481,Tasnim Karim,STF0000381,receiver,2026-04-23T21:35:22+06:00,medium_parcel,Shyamoli,23.766582,90.364904,Badda,23.787415,90.420466,243,cancelled,2026-04-28T20:35:22+06:00,True,Steadfast,STF-RDR-001,Zahid Ahmed,8801371653930,courier_rider,Bike,Dhaka-Metro-LA-47-6988,2026-03-01,4.44,active,Badda,18,8,932,2026-02-10T03:29:07+06:00,2026-08-07T13:08:02+06:00
381,USR044,+8801684789643,Tasnim Uddin,STF0000382,receiver,2026-05-30T10:49:47+06:00,document,Rampura,23.762913,90.415805,Banani,23.791984,90.410466,343,picked_up,2026-05-30T23:49:47+06:00,True,Steadfast,STF-RDR-002,Nahid Ali,8801571364853,courier_rider,Bike,Dhaka-Metro-LA-17-2538,2024-06-01,4.61,active,Banani,38,18,585,2026-02-11T07:26:41+06:00,2026-07-27T20:50:45+06:00
382,USR044,+8801684789643,Tasnim Uddin,STF0000383,receiver,2026-02-20T16:13:50+06:00,large_parcel,Uttara,23.879559,90.38537,Khilgaon,23.752384,90.423564,89,picked_up,2026-02-21T16:13:50+06:00,True,Steadfast,STF-RDR-009,Habib Hossain,8801495463244,courier_rider,Bike,Dhaka-Metro-LA-18-5393,2023-09-14,4.29,active,Khilgaon,47,24,1313,2026-02-11T11:56:35+06:00,2026-08-08T17:34:54+06:00
383,USR044,+8801684789643,Tasnim Uddin,STF0000384,receiver,2026-03-27T14:57:04+06:00,small_parcel,Shyamoli,23.780838,90.369192,Tejgaon,23.757623,90.384765,109,delivered,2026-03-29T15:57:04+06:00,True,Steadfast,STF-RDR-018,Al Amin Uddin,8801433490845,courier_rider,Bike,Dhaka-Metro-LA-17-7450,2023-06-18,4.55,active,Tejgaon,40,17,1513,2026-02-12T22:21:32+06:00,2026-08-10T19:56:43+06:00
384,USR044,+8801684789643,Tasnim Uddin,STF0000385,sender,2026-02-13T05:53:16+06:00,medium_parcel,Dhanmondi,23.74196,90.382634,Khilgaon,23.742069,90.428754,183,returned,2026-02-17T03:53:16+06:00,True,Steadfast,STF-RDR-009,Habib Hossain,8801495463244,courier_rider,Bike,Dhaka-Metro-LA-18-5393,2023-09-14,4.29,active,Khilgaon,47,24,1313,2026-02-11T11:56:35+06:00,2026-08-08T17:34:54+06:00
385,USR044,+8801684789643,Tasnim Uddin,STF0000386,receiver,2026-07-26T12:50:02+06:00,document,Mohammadpur,23.776212,90.365043,Pallabi,23.831785,90.357913,207,delivered,2026-07-28T01:50:02+06:00,True,Steadfast,STF-RDR-015,Noman Hasan,8801374179797,courier_rider,Bike,Dhaka-Metro-LA-39-2863,2025-06-29,4.78,active,Pallabi,65,30,1596,2026-02-10T01:26:12+06:00,2026-08-08T10:01:17+06:00
386,USR044,+8801684789643,Tasnim Uddin,STF0000387,receiver,2026-04-09T01:27:25+06:00,medium_parcel,Mirpur,23.817725,90.366584,Khilgaon,23.752546,90.430226,82,delivered,2026-04-13T20:27:25+06:00,True,Steadfast,STF-RDR-009,Habib Hossain,8801495463244,courier_rider,Bike,Dhaka-Metro-LA-18-5393,2023-09-14,4.29,active,Khilgaon,47,24,1313,2026-02-11T11:56:35+06:00,2026-08-08T17:34:54+06:00
387,USR044,+8801684789643,Tasnim Uddin,STF0000388,receiver,2026-05-06T23:36:40+06:00,medium_parcel,Mirpur,23.819691,90.372342,Dhanmondi,23.751309,90.368194,160,in_transit,2026-05-09T06:36:40+06:00,True,Steadfast,STF-RDR-006,Shakil Ali,8801781454791,courier_rider,Bike,Dhaka-Metro-LA-30-3204,2023-04-22,4.57,active,Dhanmondi,59,22,398,2026-02-15T21:35:06+06:00,2026-08-09T12:49:46+06:00
388,USR044,+8801684789643,Tasnim Uddin,STF0000389,sender,2026-07-09T23:19:45+06:00,large_parcel,Mohammadpur,23.772245,90.35658,Tejgaon,23.758669,90.383383,230,delivered,2026-07-13T21:19:45+06:00,True,Steadfast,STF-RDR-018,Al Amin Uddin,8801433490845,courier_rider,Bike,Dhaka-Metro-LA-17-7450,2023-06-18,4.55,active,Tejgaon,40,17,1513,2026-02-12T22:21:32+06:00,2026-08-10T19:56:43+06:00
389,USR044,+8801684789643,Tasnim Uddin,STF0000390,receiver,2026-03-20T13:07:44+06:00,medium_parcel,Uttara,23.878082,90.377261,Farmgate,23.761116,90.382813,195,cancelled,2026-03-25T13:07:44+06:00,True,Steadfast,STF-RDR-007,Habib Khan,8801355541558,courier_rider,Bicycle,BIC-74141,2024-12-06,4.22,active,Farmgate,44,18,1281,2026-02-11T07:50:51+06:00,2026-08-09T04:50:46+06:00
390,USR044,+8801684789643,Tasnim Uddin,STF0000391,sender,2026-06-24T21:50:52+06:00,large_parcel,Mirpur,23.828776,90.360161,Pallabi,23.829489,90.360038,223,picked_up,2026-06-27T06:50:52+06:00,True,Steadfast,STF-RDR-015,Noman Hasan,8801374179797,courier_rider,Bike,Dhaka-Metro-LA-39-2863,2025-06-29,4.78,active,Pallabi,65,30,1596,2026-02-10T01:26:12+06:00,2026-08-08T10:01:17+06:00
391,USR044,+8801684789643,Tasnim Uddin,STF0000392,receiver,2026-08-09T14:16:38+06:00,document,Mohakhali,23.770879,90.390952,Badda,23.780985,90.421895,276,returned,2026-08-12T07:16:38+06:00,True,Steadfast,STF-RDR-021,Mamun Khan,8801550451076,courier_rider,Bike,Dhaka-Metro-LA-46-4897,2023-05-12,4.39,active,Badda,31,14,976,2026-02-13T07:18:09+06:00,2026-08-10T18:55:10+06:00
392,USR045,+8801822577827,Labiba Ali,STF0000393,receiver,2026-05-09T19:35:38+06:00,small_parcel,Pallabi,23.82221,90.371489,Rampura,23.757143,90.415169,84,delivered,2026-05-14T00:35:38+06:00,True,Steadfast,STF-RDR-016,Nadim Mahmud,8801366112261,courier_rider,Bike,Dhaka-Metro-LA-24-7717,2024-01-16,4.20,active,Rampura,53,18,1057,2026-02-18T06:15:30+06:00,2026-08-03T04:51:23+06:00
393,USR045,+8801822577827,Labiba Ali,STF0000394,receiver,2026-03-01T07:51:33+06:00,medium_parcel,Uttara,23.873053,90.384599,Rampura,23.763219,90.418712,168,delivered,2026-03-02T05:51:33+06:00,True,Steadfast,STF-RDR-016,Nadim Mahmud,8801366112261,courier_rider,Bike,Dhaka-Metro-LA-24-7717,2024-01-16,4.20,active,Rampura,53,18,1057,2026-02-18T06:15:30+06:00,2026-08-03T04:51:23+06:00
394,USR045,+8801822577827,Labiba Ali,STF0000395,sender,2026-06-24T13:07:18+06:00,medium_parcel,Pallabi,23.834286,90.367871,Tejgaon,23.765414,90.390942,322,cancelled,2026-06-26T02:07:18+06:00,True,Steadfast,STF-RDR-018,Al Amin Uddin,8801433490845,courier_rider,Bike,Dhaka-Metro-LA-17-7450,2023-06-18,4.55,active,Tejgaon,40,17,1513,2026-02-12T22:21:32+06:00,2026-08-10T19:56:43+06:00
395,USR045,+8801822577827,Labiba Ali,STF0000396,receiver,2026-06-16T22:17:46+06:00,small_parcel,Gulshan,23.791988,90.406019,Khilgaon,23.755938,90.426604,123,delivered,2026-06-20T03:17:46+06:00,True,Steadfast,STF-RDR-009,Habib Hossain,8801495463244,courier_rider,Bike,Dhaka-Metro-LA-18-5393,2023-09-14,4.29,active,Khilgaon,47,24,1313,2026-02-11T11:56:35+06:00,2026-08-08T17:34:54+06:00
396,USR045,+8801822577827,Labiba Ali,STF0000397,receiver,2026-04-08T23:22:28+06:00,small_parcel,Mohammadpur,23.761942,90.363362,Mirpur,23.814041,90.365629,334,picked_up,2026-04-09T20:22:28+06:00,True,Steadfast,STF-RDR-010,Shakil Chowdhury,8801508898967,courier_rider,Bicycle,BIC-84798,2024-12-18,4.74,active,Mirpur,41,20,707,2026-02-17T05:21:07+06:00,2026-08-10T23:01:21+06:00
397,USR045,+8801822577827,Labiba Ali,STF0000398,sender,2026-07-14T07:07:06+06:00,small_parcel,Gulshan,23.800126,90.409198,Bashundhara,23.822621,90.422378,114,in_transit,2026-07-17T06:07:06+06:00,True,Steadfast,STF-RDR-003,Shahadat Mollah,8801918581171,courier_rider,Bike,Dhaka-Metro-LA-26-1345,2023-06-16,4.40,active,Bashundhara,60,26,1270,2026-02-10T20:41:14+06:00,2026-08-05T18:37:32+06:00
398,USR045,+8801822577827,Labiba Ali,STF0000399,sender,2026-03-31T10:46:38+06:00,document,Dhanmondi,23.751386,90.372864,Wari,23.728058,90.409263,310,delivered,2026-04-05T08:46:38+06:00,True,Steadfast,STF-RDR-020,Emon Chowdhury,8801311733213,courier_rider,Bike,Dhaka-Metro-LA-44-7379,2023-07-10,4.24,active,Wari,56,26,197,2026-02-13T15:08:13+06:00,2026-08-07T17:55:05+06:00
399,USR045,+8801822577827,Labiba Ali,STF0000400,receiver,2026-06-01T21:39:20+06:00,medium_parcel,Farmgate,23.751292,90.387293,Mohammadpur,23.76233,90.367541,204,delivered,2026-06-04T19:39:20+06:00,True,Steadfast,STF-RDR-012,Ashik Uddin,8801899845426,courier_rider,Bike,Dhaka-Metro-LA-12-6776,2023-01-12,4.91,temporarily_inactive,Mohammadpur,45,16,547,2026-02-11T00:26:15+06:00,2026-08-09T08:57:59+06:00
400,USR045,+8801822577827,Labiba Ali,STF0000401,sender,2026-05-17T13:31:06+06:00,small_parcel,Mirpur,23.829327,90.365311,Rampura,23.755446,90.417929,272,picked_up,2026-05-17T21:31:06+06:00,True,Steadfast,STF-RDR-016,Nadim Mahmud,8801366112261,courier_rider,Bike,Dhaka-Metro-LA-24-7717,2024-01-16,4.20,active,Rampura,53,18,1057,2026-02-18T06:15:30+06:00,2026-08-03T04:51:23+06:00
401,USR046,+8801976762475,Saif Jahan,STF0000402,receiver,2026-05-29T03:36:26+06:00,large_parcel,Farmgate,23.753706,90.38899,Mohammadpur,23.761958,90.350745,108,returned,2026-06-01T08:36:26+06:00,True,Steadfast,STF-RDR-012,Ashik Uddin,8801899845426,courier_rider,Bike,Dhaka-Metro-LA-12-6776,2023-01-12,4.91,temporarily_inactive,Mohammadpur,45,16,547,2026-02-11T00:26:15+06:00,2026-08-09T08:57:59+06:00
402,USR046,+8801976762475,Saif Jahan,STF0000403,sender,2026-05-13T07:25:25+06:00,document,Rampura,23.756948,90.412016,Motijheel,23.736996,90.423987,140,picked_up,2026-05-17T18:25:25+06:00,True,Steadfast,STF-RDR-013,Rubel Mia,8801633950512,courier_rider,Bike,Dhaka-Metro-LA-28-7399,2025-12-23,4.32,active,Motijheel,39,18,975,2026-02-10T21:39:21+06:00,2026-08-06T00:06:07+06:00
403,USR046,+8801976762475,Saif Jahan,STF0000404,sender,2026-06-19T18:36:58+06:00,document,Rampura,23.754503,90.422234,Khilgaon,23.741806,90.429758,114,delivered,2026-06-21T12:36:58+06:00,True,Steadfast,STF-RDR-009,Habib Hossain,8801495463244,courier_rider,Bike,Dhaka-Metro-LA-18-5393,2023-09-14,4.29,active,Khilgaon,47,24,1313,2026-02-11T11:56:35+06:00,2026-08-08T17:34:54+06:00
404,USR046,+8801976762475,Saif Jahan,STF0000405,sender,2026-05-02T22:38:24+06:00,document,Shyamoli,23.765336,90.373901,Rampura,23.765096,90.412087,152,picked_up,2026-05-06T09:38:24+06:00,True,Steadfast,STF-RDR-016,Nadim Mahmud,8801366112261,courier_rider,Bike,Dhaka-Metro-LA-24-7717,2024-01-16,4.20,active,Rampura,53,18,1057,2026-02-18T06:15:30+06:00,2026-08-03T04:51:23+06:00
405,USR046,+8801976762475,Saif Jahan,STF0000406,receiver,2026-02-19T08:39:42+06:00,small_parcel,Rampura,23.769118,90.427423,Khilgaon,23.741861,90.434161,292,picked_up,2026-02-23T10:39:42+06:00,True,Steadfast,STF-RDR-009,Habib Hossain,8801495463244,courier_rider,Bike,Dhaka-Metro-LA-18-5393,2023-09-14,4.29,active,Khilgaon,47,24,1313,2026-02-11T11:56:35+06:00,2026-08-08T17:34:54+06:00
406,USR046,+8801976762475,Saif Jahan,STF0000407,receiver,2026-05-17T02:24:22+06:00,document,Khilgaon,23.754691,90.430741,Banani,23.789597,90.400232,203,cancelled,2026-05-21T22:24:22+06:00,True,Steadfast,STF-RDR-002,Nahid Ali,8801571364853,courier_rider,Bike,Dhaka-Metro-LA-17-2538,2024-06-01,4.61,active,Banani,38,18,585,2026-02-11T07:26:41+06:00,2026-07-27T20:50:45+06:00
407,USR046,+8801976762475,Saif Jahan,STF0000408,sender,2026-06-28T04:14:01+06:00,medium_parcel,Wari,23.712909,90.419462,Tejgaon,23.761569,90.392191,307,picked_up,2026-07-02T00:14:01+06:00,True,Steadfast,STF-RDR-018,Al Amin Uddin,8801433490845,courier_rider,Bike,Dhaka-Metro-LA-17-7450,2023-06-18,4.55,active,Tejgaon,40,17,1513,2026-02-12T22:21:32+06:00,2026-08-10T19:56:43+06:00
408,USR046,+8801976762475,Saif Jahan,STF0000409,sender,2026-05-26T17:59:28+06:00,large_parcel,Banani,23.791596,90.407827,Uttara,23.878761,90.373213,85,delivered,2026-05-30T22:59:28+06:00,True,Steadfast,STF-RDR-019,Mizan Kabir,8801539426102,courier_rider,Bicycle,BIC-56726,2025-07-12,4.44,active,Uttara,57,28,1473,2026-02-10T23:40:12+06:00,2026-08-09T01:27:07+06:00
409,USR047,+8801884969838,Tasnim Hossain,STF0000410,receiver,2026-05-28T01:15:14+06:00,document,Pallabi,23.836501,90.361036,Mirpur,23.825458,90.370151,159,in_transit,2026-05-29T21:15:14+06:00,True,Steadfast,STF-RDR-010,Shakil Chowdhury,8801508898967,courier_rider,Bicycle,BIC-84798,2024-12-18,4.74,active,Mirpur,41,20,707,2026-02-17T05:21:07+06:00,2026-08-10T23:01:21+06:00
410,USR047,+8801884969838,Tasnim Hossain,STF0000411,sender,2026-06-22T04:45:06+06:00,small_parcel,Gulshan,23.797323,90.411603,Uttara,23.881595,90.386769,313,delivered,2026-06-24T09:45:06+06:00,True,Steadfast,STF-RDR-019,Mizan Kabir,8801539426102,courier_rider,Bicycle,BIC-56726,2025-07-12,4.44,active,Uttara,57,28,1473,2026-02-10T23:40:12+06:00,2026-08-09T01:27:07+06:00
411,USR047,+8801884969838,Tasnim Hossain,STF0000412,sender,2026-07-31T22:52:26+06:00,small_parcel,Bashundhara,23.811668,90.422544,Wari,23.724024,90.410496,310,delivered,2026-08-02T07:52:26+06:00,True,Steadfast,STF-RDR-020,Emon Chowdhury,8801311733213,courier_rider,Bike,Dhaka-Metro-LA-44-7379,2023-07-10,4.24,active,Wari,56,26,197,2026-02-13T15:08:13+06:00,2026-08-07T17:55:05+06:00
412,USR047,+8801884969838,Tasnim Hossain,STF0000413,receiver,2026-04-08T13:48:49+06:00,large_parcel,Rampura,23.763802,90.415854,Uttara,23.87138,90.377349,97,delivered,2026-04-13T08:48:49+06:00,True,Steadfast,STF-RDR-019,Mizan Kabir,8801539426102,courier_rider,Bicycle,BIC-56726,2025-07-12,4.44,active,Uttara,57,28,1473,2026-02-10T23:40:12+06:00,2026-08-09T01:27:07+06:00
413,USR047,+8801884969838,Tasnim Hossain,STF0000414,sender,2026-07-14T21:39:30+06:00,document,Gulshan,23.79987,90.406194,Farmgate,23.757551,90.381678,305,delivered,2026-07-16T21:39:30+06:00,True,Steadfast,STF-RDR-007,Habib Khan,8801355541558,courier_rider,Bicycle,BIC-74141,2024-12-06,4.22,active,Farmgate,44,18,1281,2026-02-11T07:50:51+06:00,2026-08-09T04:50:46+06:00
414,USR047,+8801884969838,Tasnim Hossain,STF0000415,receiver,2026-04-30T06:25:22+06:00,large_parcel,Wari,23.727115,90.419386,Badda,23.784856,90.421803,311,picked_up,2026-05-02T17:25:22+06:00,True,Steadfast,STF-RDR-021,Mamun Khan,8801550451076,courier_rider,Bike,Dhaka-Metro-LA-46-4897,2023-05-12,4.39,active,Badda,31,14,976,2026-02-13T07:18:09+06:00,2026-08-10T18:55:10+06:00
415,USR047,+8801884969838,Tasnim Hossain,STF0000416,sender,2026-06-30T11:16:05+06:00,small_parcel,Wari,23.71883,90.418354,Bashundhara,23.811345,90.421252,266,in_transit,2026-07-01T05:16:05+06:00,True,Steadfast,STF-RDR-003,Shahadat Mollah,8801918581171,courier_rider,Bike,Dhaka-Metro-LA-26-1345,2023-06-16,4.40,active,Bashundhara,60,26,1270,2026-02-10T20:41:14+06:00,2026-08-05T18:37:32+06:00
416,USR047,+8801884969838,Tasnim Hossain,STF0000417,sender,2026-06-09T03:18:31+06:00,medium_parcel,Old Dhaka,23.710885,90.412804,Mohakhali,23.776786,90.402027,340,delivered,2026-06-10T12:18:31+06:00,True,Steadfast,STF-RDR-011,Imran Mia,8801729705726,courier_rider,Bike,Dhaka-Metro-LA-55-3918,2025-07-22,4.88,active,Mohakhali,56,21,1714,2026-02-11T12:17:14+06:00,2026-08-09T07:42:00+06:00
417,USR047,+8801884969838,Tasnim Hossain,STF0000418,sender,2026-07-17T01:34:54+06:00,small_parcel,Gulshan,23.791983,90.416702,Khilgaon,23.75186,90.422661,109,in_transit,2026-07-21T14:34:54+06:00,True,Steadfast,STF-RDR-009,Habib Hossain,8801495463244,courier_rider,Bike,Dhaka-Metro-LA-18-5393,2023-09-14,4.29,active,Khilgaon,47,24,1313,2026-02-11T11:56:35+06:00,2026-08-08T17:34:54+06:00
418,USR047,+8801884969838,Tasnim Hossain,STF0000419,sender,2026-04-02T05:20:03+06:00,medium_parcel,Mirpur,23.829373,90.36791,Dhanmondi,23.745608,90.373564,166,delivered,2026-04-03T23:20:03+06:00,True,Steadfast,STF-RDR-006,Shakil Ali,8801781454791,courier_rider,Bike,Dhaka-Metro-LA-30-3204,2023-04-22,4.57,active,Dhanmondi,59,22,398,2026-02-15T21:35:06+06:00,2026-08-09T12:49:46+06:00
419,USR047,+8801884969838,Tasnim Hossain,STF0000420,sender,2026-07-22T01:19:46+06:00,medium_parcel,Badda,23.777294,90.417961,Khilgaon,23.754291,90.433443,296,delivered,2026-07-23T00:19:46+06:00,True,Steadfast,STF-RDR-009,Habib Hossain,8801495463244,courier_rider,Bike,Dhaka-Metro-LA-18-5393,2023-09-14,4.29,active,Khilgaon,47,24,1313,2026-02-11T11:56:35+06:00,2026-08-08T17:34:54+06:00
420,USR047,+8801884969838,Tasnim Hossain,STF0000421,receiver,2026-05-08T08:49:01+06:00,small_parcel,Khilgaon,23.741588,90.429805,Uttara,23.869894,90.370894,249,delivered,2026-05-12T03:49:01+06:00,True,Steadfast,STF-RDR-019,Mizan Kabir,8801539426102,courier_rider,Bicycle,BIC-56726,2025-07-12,4.44,active,Uttara,57,28,1473,2026-02-10T23:40:12+06:00,2026-08-09T01:27:07+06:00
421,USR048,+8801592798051,Nadia Rahman,STF0000422,sender,2026-02-20T04:42:07+06:00,document,Pallabi,23.829477,90.373104,Gulshan,23.785891,90.39903,139,delivered,2026-02-23T00:42:07+06:00,True,Steadfast,STF-RDR-008,Kawsar Hasan,8801749085349,courier_rider,Bike,Dhaka-Metro-LA-47-2714,2025-11-24,4.63,active,Gulshan,44,18,921,2026-02-11T10:32:27+06:00,2026-08-06T05:18:42+06:00
422,USR048,+8801592798051,Nadia Rahman,STF0000423,receiver,2026-04-07T15:18:37+06:00,small_parcel,Rampura,23.754939,90.416683,Gulshan,23.790008,90.408123,232,picked_up,2026-04-07T22:18:37+06:00,True,Steadfast,STF-RDR-008,Kawsar Hasan,8801749085349,courier_rider,Bike,Dhaka-Metro-LA-47-2714,2025-11-24,4.63,active,Gulshan,44,18,921,2026-02-11T10:32:27+06:00,2026-08-06T05:18:42+06:00
423,USR048,+8801592798051,Nadia Rahman,STF0000424,sender,2026-05-15T22:59:30+06:00,document,Rampura,23.762177,90.420868,Badda,23.773856,90.430206,84,in_transit,2026-05-19T11:59:30+06:00,True,Steadfast,STF-RDR-021,Mamun Khan,8801550451076,courier_rider,Bike,Dhaka-Metro-LA-46-4897,2023-05-12,4.39,active,Badda,31,14,976,2026-02-13T07:18:09+06:00,2026-08-10T18:55:10+06:00
424,USR048,+8801592798051,Nadia Rahman,STF0000425,receiver,2026-02-18T10:25:14+06:00,large_parcel,Khilgaon,23.742019,90.421503,Pallabi,23.823569,90.36021,198,delivered,2026-02-22T09:25:14+06:00,True,Steadfast,STF-RDR-015,Noman Hasan,8801374179797,courier_rider,Bike,Dhaka-Metro-LA-39-2863,2025-06-29,4.78,active,Pallabi,65,30,1596,2026-02-10T01:26:12+06:00,2026-08-08T10:01:17+06:00
425,USR048,+8801592798051,Nadia Rahman,STF0000426,sender,2026-04-18T13:16:34+06:00,small_parcel,Tejgaon,23.761241,90.387518,Mohakhali,23.783479,90.396383,115,returned,2026-04-22T10:16:34+06:00,True,Steadfast,STF-RDR-011,Imran Mia,8801729705726,courier_rider,Bike,Dhaka-Metro-LA-55-3918,2025-07-22,4.88,active,Mohakhali,56,21,1714,2026-02-11T12:17:14+06:00,2026-08-09T07:42:00+06:00
426,USR048,+8801592798051,Nadia Rahman,STF0000427,sender,2026-07-26T06:07:35+06:00,large_parcel,Pallabi,23.832652,90.362578,Bashundhara,23.817515,90.422849,131,cancelled,2026-07-28T00:07:35+06:00,True,Steadfast,STF-RDR-003,Shahadat Mollah,8801918581171,courier_rider,Bike,Dhaka-Metro-LA-26-1345,2023-06-16,4.40,active,Bashundhara,60,26,1270,2026-02-10T20:41:14+06:00,2026-08-05T18:37:32+06:00
427,USR048,+8801592798051,Nadia Rahman,STF0000428,sender,2026-03-09T09:12:53+06:00,document,Dhanmondi,23.755084,90.383739,Tejgaon,23.768579,90.395052,255,picked_up,2026-03-12T23:12:53+06:00,True,Steadfast,STF-RDR-018,Al Amin Uddin,8801433490845,courier_rider,Bike,Dhaka-Metro-LA-17-7450,2023-06-18,4.55,active,Tejgaon,40,17,1513,2026-02-12T22:21:32+06:00,2026-08-10T19:56:43+06:00
428,USR048,+8801592798051,Nadia Rahman,STF0000429,sender,2026-08-06T05:18:42+06:00,large_parcel,Mohakhali,23.784535,90.392098,Gulshan,23.796807,90.403149,115,returned,2026-08-10T14:18:42+06:00,True,Steadfast,STF-RDR-008,Kawsar Hasan,8801749085349,courier_rider,Bike,Dhaka-Metro-LA-47-2714,2025-11-24,4.63,active,Gulshan,44,18,921,2026-02-11T10:32:27+06:00,2026-08-06T05:18:42+06:00
429,USR048,+8801592798051,Nadia Rahman,STF0000430,receiver,2026-02-19T06:56:51+06:00,large_parcel,Tejgaon,23.765188,90.395638,Badda,23.778945,90.431844,288,delivered,2026-02-20T03:56:51+06:00,True,Steadfast,STF-RDR-021,Mamun Khan,8801550451076,courier_rider,Bike,Dhaka-Metro-LA-46-4897,2023-05-12,4.39,active,Badda,31,14,976,2026-02-13T07:18:09+06:00,2026-08-10T18:55:10+06:00
430,USR048,+8801592798051,Nadia Rahman,STF0000431,receiver,2026-05-15T12:48:00+06:00,large_parcel,Rampura,23.756742,90.421009,Uttara,23.872827,90.376738,104,delivered,2026-05-19T08:48:00+06:00,True,Steadfast,STF-RDR-019,Mizan Kabir,8801539426102,courier_rider,Bicycle,BIC-56726,2025-07-12,4.44,active,Uttara,57,28,1473,2026-02-10T23:40:12+06:00,2026-08-09T01:27:07+06:00
431,USR048,+8801592798051,Nadia Rahman,STF0000432,sender,2026-05-28T21:11:34+06:00,medium_parcel,Motijheel,23.731322,90.409498,Mohakhali,23.772781,90.40552,173,delivered,2026-06-01T09:11:34+06:00,True,Steadfast,STF-RDR-011,Imran Mia,8801729705726,courier_rider,Bike,Dhaka-Metro-LA-55-3918,2025-07-22,4.88,active,Mohakhali,56,21,1714,2026-02-11T12:17:14+06:00,2026-08-09T07:42:00+06:00
432,USR048,+8801592798051,Nadia Rahman,STF0000433,receiver,2026-08-04T10:09:45+06:00,document,Dhanmondi,23.738839,90.371069,Mirpur,23.813478,90.372985,132,delivered,2026-08-07T00:09:45+06:00,True,Steadfast,STF-RDR-010,Shakil Chowdhury,8801508898967,courier_rider,Bicycle,BIC-84798,2024-12-18,4.74,active,Mirpur,41,20,707,2026-02-17T05:21:07+06:00,2026-08-10T23:01:21+06:00
433,USR049,+8801460032068,Shanto Sultana,STF0000434,sender,2026-06-26T07:22:29+06:00,medium_parcel,Mirpur,23.828834,90.370898,Farmgate,23.761863,90.386287,321,delivered,2026-06-30T15:22:29+06:00,True,Steadfast,STF-RDR-007,Habib Khan,8801355541558,courier_rider,Bicycle,BIC-74141,2024-12-06,4.22,active,Farmgate,44,18,1281,2026-02-11T07:50:51+06:00,2026-08-09T04:50:46+06:00
434,USR049,+8801460032068,Shanto Sultana,STF0000435,receiver,2026-07-07T06:30:42+06:00,document,Old Dhaka,23.705682,90.408951,Motijheel,23.740188,90.420615,115,delivered,2026-07-10T20:30:42+06:00,True,Steadfast,STF-RDR-013,Rubel Mia,8801633950512,courier_rider,Bike,Dhaka-Metro-LA-28-7399,2025-12-23,4.32,active,Motijheel,39,18,975,2026-02-10T21:39:21+06:00,2026-08-06T00:06:07+06:00
435,USR049,+8801460032068,Shanto Sultana,STF0000436,sender,2026-05-26T22:25:05+06:00,large_parcel,Badda,23.77411,90.420538,Uttara,23.867422,90.378745,214,cancelled,2026-05-29T20:25:05+06:00,True,Steadfast,STF-RDR-019,Mizan Kabir,8801539426102,courier_rider,Bicycle,BIC-56726,2025-07-12,4.44,active,Uttara,57,28,1473,2026-02-10T23:40:12+06:00,2026-08-09T01:27:07+06:00
436,USR049,+8801460032068,Shanto Sultana,STF0000437,sender,2026-05-22T04:22:38+06:00,large_parcel,Bashundhara,23.813607,90.416728,Tejgaon,23.767137,90.388641,148,returned,2026-05-26T03:22:38+06:00,True,Steadfast,STF-RDR-018,Al Amin Uddin,8801433490845,courier_rider,Bike,Dhaka-Metro-LA-17-7450,2023-06-18,4.55,active,Tejgaon,40,17,1513,2026-02-12T22:21:32+06:00,2026-08-10T19:56:43+06:00
437,USR049,+8801460032068,Shanto Sultana,STF0000438,sender,2026-05-21T08:49:07+06:00,small_parcel,Uttara,23.86897,90.373691,Mirpur,23.821393,90.364188,244,returned,2026-05-22T03:49:07+06:00,True,Steadfast,STF-RDR-010,Shakil Chowdhury,8801508898967,courier_rider,Bicycle,BIC-84798,2024-12-18,4.74,active,Mirpur,41,20,707,2026-02-17T05:21:07+06:00,2026-08-10T23:01:21+06:00
438,USR049,+8801460032068,Shanto Sultana,STF0000439,receiver,2026-07-29T14:32:38+06:00,large_parcel,Mohakhali,23.770605,90.399264,Wari,23.727588,90.423914,184,cancelled,2026-07-29T17:32:38+06:00,True,Steadfast,STF-RDR-020,Emon Chowdhury,8801311733213,courier_rider,Bike,Dhaka-Metro-LA-44-7379,2023-07-10,4.24,active,Wari,56,26,197,2026-02-13T15:08:13+06:00,2026-08-07T17:55:05+06:00
439,USR049,+8801460032068,Shanto Sultana,STF0000440,sender,2026-05-07T20:39:34+06:00,medium_parcel,Banani,23.795117,90.402831,Farmgate,23.756737,90.394348,273,delivered,2026-05-09T12:39:34+06:00,True,Steadfast,STF-RDR-007,Habib Khan,8801355541558,courier_rider,Bicycle,BIC-74141,2024-12-06,4.22,active,Farmgate,44,18,1281,2026-02-11T07:50:51+06:00,2026-08-09T04:50:46+06:00
440,USR049,+8801460032068,Shanto Sultana,STF0000441,sender,2026-08-01T09:52:07+06:00,medium_parcel,Rampura,23.764184,90.415202,Motijheel,23.728326,90.409897,208,picked_up,2026-08-01T19:52:07+06:00,True,Steadfast,STF-RDR-013,Rubel Mia,8801633950512,courier_rider,Bike,Dhaka-Metro-LA-28-7399,2025-12-23,4.32,active,Motijheel,39,18,975,2026-02-10T21:39:21+06:00,2026-08-06T00:06:07+06:00
441,USR049,+8801460032068,Shanto Sultana,STF0000442,sender,2026-06-16T15:41:05+06:00,small_parcel,Shyamoli,23.771168,90.373666,Mirpur,23.821802,90.357951,127,delivered,2026-06-21T07:41:05+06:00,True,Steadfast,STF-RDR-010,Shakil Chowdhury,8801508898967,courier_rider,Bicycle,BIC-84798,2024-12-18,4.74,active,Mirpur,41,20,707,2026-02-17T05:21:07+06:00,2026-08-10T23:01:21+06:00
442,USR049,+8801460032068,Shanto Sultana,STF0000443,sender,2026-08-09T14:25:38+06:00,small_parcel,Badda,23.777228,90.421869,Shyamoli,23.774635,90.36885,330,delivered,2026-08-11T20:25:38+06:00,True,Steadfast,STF-RDR-017,Masud Khan,8801360702419,courier_rider,Bike,Dhaka-Metro-LA-28-9831,2023-07-08,4.45,active,Shyamoli,44,21,460,2026-02-12T15:00:00+06:00,2026-08-09T14:25:38+06:00
443,USR049,+8801460032068,Shanto Sultana,STF0000444,receiver,2026-07-14T16:26:38+06:00,document,Khilgaon,23.750027,90.432977,Motijheel,23.738292,90.424064,109,delivered,2026-07-15T02:26:38+06:00,True,Steadfast,STF-RDR-013,Rubel Mia,8801633950512,courier_rider,Bike,Dhaka-Metro-LA-28-7399,2025-12-23,4.32,active,Motijheel,39,18,975,2026-02-10T21:39:21+06:00,2026-08-06T00:06:07+06:00
444,USR050,+8801303661331,Ritu Ahmed,STF0000445,receiver,2026-04-09T01:02:01+06:00,large_parcel,Wari,23.713436,90.418606,Old Dhaka,23.707205,90.414562,296,delivered,2026-04-11T21:02:01+06:00,True,Steadfast,STF-RDR-014,Rakib Mahmud,8801513377974,courier_rider,Bike,Dhaka-Metro-LA-52-9796,2024-11-17,4.92,active,Old Dhaka,50,18,608,2026-02-10T21:51:42+06:00,2026-07-31T06:18:21+06:00
445,USR050,+8801303661331,Ritu Ahmed,STF0000446,receiver,2026-08-07T07:00:14+06:00,small_parcel,Farmgate,23.75441,90.383465,Shyamoli,23.776973,90.366118,310,delivered,2026-08-12T06:00:14+06:00,True,Steadfast,STF-RDR-017,Masud Khan,8801360702419,courier_rider,Bike,Dhaka-Metro-LA-28-9831,2023-07-08,4.45,active,Shyamoli,44,21,460,2026-02-12T15:00:00+06:00,2026-08-09T14:25:38+06:00
446,USR050,+8801303661331,Ritu Ahmed,STF0000447,receiver,2026-06-13T05:31:32+06:00,medium_parcel,Farmgate,23.760889,90.39055,Gulshan,23.797425,90.401122,276,delivered,2026-06-17T18:31:32+06:00,True,Steadfast,STF-RDR-008,Kawsar Hasan,8801749085349,courier_rider,Bike,Dhaka-Metro-LA-47-2714,2025-11-24,4.63,active,Gulshan,44,18,921,2026-02-11T10:32:27+06:00,2026-08-06T05:18:42+06:00
447,USR050,+8801303661331,Ritu Ahmed,STF0000448,receiver,2026-06-25T18:19:54+06:00,document,Pallabi,23.831517,90.36356,Badda,23.783233,90.428778,186,delivered,2026-06-26T13:19:54+06:00,True,Steadfast,STF-RDR-001,Zahid Ahmed,8801371653930,courier_rider,Bike,Dhaka-Metro-LA-47-6988,2026-03-01,4.44,active,Badda,18,8,932,2026-02-10T03:29:07+06:00,2026-08-07T13:08:02+06:00
448,USR050,+8801303661331,Ritu Ahmed,STF0000449,receiver,2026-03-27T14:43:34+06:00,document,Mohammadpur,23.759413,90.354762,Mirpur,23.824979,90.358513,117,picked_up,2026-03-28T19:43:34+06:00,True,Steadfast,STF-RDR-010,Shakil Chowdhury,8801508898967,courier_rider,Bicycle,BIC-84798,2024-12-18,4.74,active,Mirpur,41,20,707,2026-02-17T05:21:07+06:00,2026-08-10T23:01:21+06:00
449,USR050,+8801303661331,Ritu Ahmed,STF0000450,sender,2026-07-13T06:02:06+06:00,medium_parcel,Tejgaon,23.766656,90.39881,Farmgate,23.758427,90.397071,211,returned,2026-07-14T12:02:06+06:00,True,Steadfast,STF-RDR-007,Habib Khan,8801355541558,courier_rider,Bicycle,BIC-74141,2024-12-06,4.22,active,Farmgate,44,18,1281,2026-02-11T07:50:51+06:00,2026-08-09T04:50:46+06:00
450,USR050,+8801303661331,Ritu Ahmed,STF0000451,sender,2026-07-18T19:33:50+06:00,small_parcel,Rampura,23.764688,90.41337,Old Dhaka,23.702311,90.402708,188,returned,2026-07-22T14:33:50+06:00,True,Steadfast,STF-RDR-014,Rakib Mahmud,8801513377974,courier_rider,Bike,Dhaka-Metro-LA-52-9796,2024-11-17,4.92,active,Old Dhaka,50,18,608,2026-02-10T21:51:42+06:00,2026-07-31T06:18:21+06:00
451,USR050,+8801303661331,Ritu Ahmed,STF0000452,receiver,2026-05-31T08:43:01+06:00,medium_parcel,Rampura,23.766277,90.422222,Wari,23.715623,90.419588,265,returned,2026-06-03T14:43:01+06:00,True,Steadfast,STF-RDR-020,Emon Chowdhury,8801311733213,courier_rider,Bike,Dhaka-Metro-LA-44-7379,2023-07-10,4.24,active,Wari,56,26,197,2026-02-13T15:08:13+06:00,2026-08-07T17:55:05+06:00
452,USR050,+8801303661331,Ritu Ahmed,STF0000453,sender,2026-04-18T23:24:43+06:00,small_parcel,Dhanmondi,23.747059,90.36863,Khilgaon,23.747348,90.419346,348,picked_up,2026-04-22T16:24:43+06:00,True,Steadfast,STF-RDR-009,Habib Hossain,8801495463244,courier_rider,Bike,Dhaka-Metro-LA-18-5393,2023-09-14,4.29,active,Khilgaon,47,24,1313,2026-02-11T11:56:35+06:00,2026-08-08T17:34:54+06:00
453,USR051,+8801344765452,Touhid Ali,STF0000454,sender,2026-04-13T10:52:03+06:00,document,Bashundhara,23.821389,90.423941,Old Dhaka,23.711826,90.403271,229,delivered,2026-04-16T06:52:03+06:00,True,Steadfast,STF-RDR-014,Rakib Mahmud,8801513377974,courier_rider,Bike,Dhaka-Metro-LA-52-9796,2024-11-17,4.92,active,Old Dhaka,50,18,608,2026-02-10T21:51:42+06:00,2026-07-31T06:18:21+06:00
454,USR051,+8801344765452,Touhid Ali,STF0000455,receiver,2026-03-29T02:16:03+06:00,medium_parcel,Shyamoli,23.76791,90.360032,Farmgate,23.749074,90.390604,271,delivered,2026-03-31T11:16:03+06:00,True,Steadfast,STF-RDR-007,Habib Khan,8801355541558,courier_rider,Bicycle,BIC-74141,2024-12-06,4.22,active,Farmgate,44,18,1281,2026-02-11T07:50:51+06:00,2026-08-09T04:50:46+06:00
455,USR051,+8801344765452,Touhid Ali,STF0000456,receiver,2026-05-01T13:49:53+06:00,document,Farmgate,23.752812,90.383771,Bashundhara,23.823275,90.417736,243,picked_up,2026-05-03T12:49:53+06:00,True,Steadfast,STF-RDR-003,Shahadat Mollah,8801918581171,courier_rider,Bike,Dhaka-Metro-LA-26-1345,2023-06-16,4.40,active,Bashundhara,60,26,1270,2026-02-10T20:41:14+06:00,2026-08-05T18:37:32+06:00
456,USR051,+8801344765452,Touhid Ali,STF0000457,sender,2026-07-09T07:45:57+06:00,small_parcel,Gulshan,23.790741,90.406781,Shyamoli,23.775837,90.370283,81,cancelled,2026-07-10T22:45:57+06:00,True,Steadfast,STF-RDR-017,Masud Khan,8801360702419,courier_rider,Bike,Dhaka-Metro-LA-28-9831,2023-07-08,4.45,active,Shyamoli,44,21,460,2026-02-12T15:00:00+06:00,2026-08-09T14:25:38+06:00
457,USR051,+8801344765452,Touhid Ali,STF0000458,sender,2026-04-27T21:24:10+06:00,large_parcel,Pallabi,23.821634,90.372061,Rampura,23.769082,90.419828,213,delivered,2026-04-30T11:24:10+06:00,True,Steadfast,STF-RDR-016,Nadim Mahmud,8801366112261,courier_rider,Bike,Dhaka-Metro-LA-24-7717,2024-01-16,4.20,active,Rampura,53,18,1057,2026-02-18T06:15:30+06:00,2026-08-03T04:51:23+06:00
458,USR051,+8801344765452,Touhid Ali,STF0000459,sender,2026-05-27T22:10:10+06:00,large_parcel,Old Dhaka,23.706058,90.399118,Badda,23.780932,90.428575,157,delivered,2026-05-31T13:10:10+06:00,True,Steadfast,STF-RDR-001,Zahid Ahmed,8801371653930,courier_rider,Bike,Dhaka-Metro-LA-47-6988,2026-03-01,4.44,active,Badda,18,8,932,2026-02-10T03:29:07+06:00,2026-08-07T13:08:02+06:00
459,USR052,+8801539050502,Nusrat Hossain,STF0000460,sender,2026-05-20T08:29:40+06:00,document,Mohammadpur,23.759762,90.362453,Dhanmondi,23.752806,90.38194,97,picked_up,2026-05-22T19:29:40+06:00,True,Steadfast,STF-RDR-006,Shakil Ali,8801781454791,courier_rider,Bike,Dhaka-Metro-LA-30-3204,2023-04-22,4.57,active,Dhanmondi,59,22,398,2026-02-15T21:35:06+06:00,2026-08-09T12:49:46+06:00
460,USR052,+8801539050502,Nusrat Hossain,STF0000461,receiver,2026-04-09T19:35:16+06:00,small_parcel,Dhanmondi,23.752595,90.37558,Gulshan,23.797783,90.416203,322,in_transit,2026-04-11T22:35:16+06:00,True,Steadfast,STF-RDR-008,Kawsar Hasan,8801749085349,courier_rider,Bike,Dhaka-Metro-LA-47-2714,2025-11-24,4.63,active,Gulshan,44,18,921,2026-02-11T10:32:27+06:00,2026-08-06T05:18:42+06:00
461,USR052,+8801539050502,Nusrat Hossain,STF0000462,receiver,2026-04-27T15:34:37+06:00,large_parcel,Old Dhaka,23.702675,90.408161,Mirpur,23.814736,90.372608,138,delivered,2026-05-02T07:34:37+06:00,True,Steadfast,STF-RDR-010,Shakil Chowdhury,8801508898967,courier_rider,Bicycle,BIC-84798,2024-12-18,4.74,active,Mirpur,41,20,707,2026-02-17T05:21:07+06:00,2026-08-10T23:01:21+06:00
462,USR052,+8801539050502,Nusrat Hossain,STF0000463,sender,2026-07-29T04:07:33+06:00,large_parcel,Dhanmondi,23.753492,90.37055,Rampura,23.757531,90.425949,252,cancelled,2026-07-29T23:07:33+06:00,True,Steadfast,STF-RDR-016,Nadim Mahmud,8801366112261,courier_rider,Bike,Dhaka-Metro-LA-24-7717,2024-01-16,4.20,active,Rampura,53,18,1057,2026-02-18T06:15:30+06:00,2026-08-03T04:51:23+06:00
463,USR052,+8801539050502,Nusrat Hossain,STF0000464,sender,2026-07-09T00:43:57+06:00,large_parcel,Old Dhaka,23.717929,90.415149,Wari,23.717637,90.422355,250,delivered,2026-07-12T19:43:57+06:00,True,Steadfast,STF-RDR-020,Emon Chowdhury,8801311733213,courier_rider,Bike,Dhaka-Metro-LA-44-7379,2023-07-10,4.24,active,Wari,56,26,197,2026-02-13T15:08:13+06:00,2026-08-07T17:55:05+06:00
464,USR052,+8801539050502,Nusrat Hossain,STF0000465,sender,2026-07-29T14:54:42+06:00,small_parcel,Mohakhali,23.783593,90.405883,Old Dhaka,23.707443,90.412765,291,cancelled,2026-08-01T03:54:42+06:00,True,Steadfast,STF-RDR-014,Rakib Mahmud,8801513377974,courier_rider,Bike,Dhaka-Metro-LA-52-9796,2024-11-17,4.92,active,Old Dhaka,50,18,608,2026-02-10T21:51:42+06:00,2026-07-31T06:18:21+06:00
465,USR052,+8801539050502,Nusrat Hossain,STF0000466,sender,2026-03-16T19:09:27+06:00,large_parcel,Mohakhali,23.772558,90.394313,Dhanmondi,23.746774,90.384568,215,cancelled,2026-03-20T10:09:27+06:00,True,Steadfast,STF-RDR-006,Shakil Ali,8801781454791,courier_rider,Bike,Dhaka-Metro-LA-30-3204,2023-04-22,4.57,active,Dhanmondi,59,22,398,2026-02-15T21:35:06+06:00,2026-08-09T12:49:46+06:00
466,USR052,+8801539050502,Nusrat Hossain,STF0000467,receiver,2026-06-20T12:40:42+06:00,medium_parcel,Pallabi,23.830917,90.356144,Bashundhara,23.822488,90.423992,340,delivered,2026-06-21T05:40:42+06:00,True,Steadfast,STF-RDR-003,Shahadat Mollah,8801918581171,courier_rider,Bike,Dhaka-Metro-LA-26-1345,2023-06-16,4.40,active,Bashundhara,60,26,1270,2026-02-10T20:41:14+06:00,2026-08-05T18:37:32+06:00
467,USR052,+8801539050502,Nusrat Hossain,STF0000468,sender,2026-07-16T20:40:17+06:00,medium_parcel,Mohammadpur,23.769891,90.366184,Mohakhali,23.781049,90.397212,244,delivered,2026-07-19T03:40:17+06:00,True,Steadfast,STF-RDR-011,Imran Mia,8801729705726,courier_rider,Bike,Dhaka-Metro-LA-55-3918,2025-07-22,4.88,active,Mohakhali,56,21,1714,2026-02-11T12:17:14+06:00,2026-08-09T07:42:00+06:00
468,USR052,+8801539050502,Nusrat Hossain,STF0000469,sender,2026-05-01T02:23:28+06:00,large_parcel,Motijheel,23.739641,90.419691,Dhanmondi,23.740676,90.37214,308,delivered,2026-05-03T05:23:28+06:00,True,Steadfast,STF-RDR-006,Shakil Ali,8801781454791,courier_rider,Bike,Dhaka-Metro-LA-30-3204,2023-04-22,4.57,active,Dhanmondi,59,22,398,2026-02-15T21:35:06+06:00,2026-08-09T12:49:46+06:00
469,USR052,+8801539050502,Nusrat Hossain,STF0000470,receiver,2026-05-31T08:35:29+06:00,small_parcel,Farmgate,23.764406,90.38306,Dhanmondi,23.745641,90.369803,270,returned,2026-06-04T08:35:29+06:00,True,Steadfast,STF-RDR-006,Shakil Ali,8801781454791,courier_rider,Bike,Dhaka-Metro-LA-30-3204,2023-04-22,4.57,active,Dhanmondi,59,22,398,2026-02-15T21:35:06+06:00,2026-08-09T12:49:46+06:00
470,USR053,+8801852381087,Labiba Sultana,STF0000471,receiver,2026-03-03T06:52:47+06:00,large_parcel,Pallabi,23.828832,90.367884,Bashundhara,23.813325,90.418738,339,delivered,2026-03-06T21:52:47+06:00,True,Steadfast,STF-RDR-003,Shahadat Mollah,8801918581171,courier_rider,Bike,Dhaka-Metro-LA-26-1345,2023-06-16,4.40,active,Bashundhara,60,26,1270,2026-02-10T20:41:14+06:00,2026-08-05T18:37:32+06:00
471,USR053,+8801852381087,Labiba Sultana,STF0000472,receiver,2026-06-22T21:03:27+06:00,large_parcel,Shyamoli,23.777891,90.37106,Dhanmondi,23.745962,90.371779,115,in_transit,2026-06-26T02:03:27+06:00,True,Steadfast,STF-RDR-006,Shakil Ali,8801781454791,courier_rider,Bike,Dhaka-Metro-LA-30-3204,2023-04-22,4.57,active,Dhanmondi,59,22,398,2026-02-15T21:35:06+06:00,2026-08-09T12:49:46+06:00
472,USR053,+8801852381087,Labiba Sultana,STF0000473,receiver,2026-05-27T01:53:35+06:00,medium_parcel,Mohakhali,23.785407,90.395102,Pallabi,23.821833,90.365499,243,delivered,2026-05-28T23:53:35+06:00,True,Steadfast,STF-RDR-015,Noman Hasan,8801374179797,courier_rider,Bike,Dhaka-Metro-LA-39-2863,2025-06-29,4.78,active,Pallabi,65,30,1596,2026-02-10T01:26:12+06:00,2026-08-08T10:01:17+06:00
473,USR053,+8801852381087,Labiba Sultana,STF0000474,sender,2026-05-13T16:41:29+06:00,document,Pallabi,23.83672,90.364951,Shyamoli,23.768091,90.372209,134,returned,2026-05-16T00:41:29+06:00,True,Steadfast,STF-RDR-017,Masud Khan,8801360702419,courier_rider,Bike,Dhaka-Metro-LA-28-9831,2023-07-08,4.45,active,Shyamoli,44,21,460,2026-02-12T15:00:00+06:00,2026-08-09T14:25:38+06:00
474,USR053,+8801852381087,Labiba Sultana,STF0000475,receiver,2026-04-19T16:56:46+06:00,large_parcel,Mohammadpur,23.775196,90.360838,Old Dhaka,23.702486,90.398614,202,returned,2026-04-20T04:56:46+06:00,True,Steadfast,STF-RDR-014,Rakib Mahmud,8801513377974,courier_rider,Bike,Dhaka-Metro-LA-52-9796,2024-11-17,4.92,active,Old Dhaka,50,18,608,2026-02-10T21:51:42+06:00,2026-07-31T06:18:21+06:00
475,USR053,+8801852381087,Labiba Sultana,STF0000476,sender,2026-06-25T17:10:55+06:00,large_parcel,Old Dhaka,23.710747,90.410751,Banani,23.788886,90.398884,137,cancelled,2026-06-27T16:10:55+06:00,True,Steadfast,STF-RDR-002,Nahid Ali,8801571364853,courier_rider,Bike,Dhaka-Metro-LA-17-2538,2024-06-01,4.61,active,Banani,38,18,585,2026-02-11T07:26:41+06:00,2026-07-27T20:50:45+06:00
476,USR054,+8801423871224,Rakib Uddin,STF0000477,receiver,2026-02-24T01:42:42+06:00,document,Banani,23.799342,90.402443,Rampura,23.758692,90.42857,318,in_transit,2026-02-28T05:42:42+06:00,True,Steadfast,STF-RDR-016,Nadim Mahmud,8801366112261,courier_rider,Bike,Dhaka-Metro-LA-24-7717,2024-01-16,4.20,active,Rampura,53,18,1057,2026-02-18T06:15:30+06:00,2026-08-03T04:51:23+06:00
477,USR054,+8801423871224,Rakib Uddin,STF0000478,sender,2026-03-23T11:10:00+06:00,small_parcel,Wari,23.713428,90.422969,Bashundhara,23.822783,90.420001,208,in_transit,2026-03-24T21:10:00+06:00,True,Steadfast,STF-RDR-003,Shahadat Mollah,8801918581171,courier_rider,Bike,Dhaka-Metro-LA-26-1345,2023-06-16,4.40,active,Bashundhara,60,26,1270,2026-02-10T20:41:14+06:00,2026-08-05T18:37:32+06:00
478,USR054,+8801423871224,Rakib Uddin,STF0000479,receiver,2026-06-08T22:03:14+06:00,small_parcel,Tejgaon,23.760632,90.38509,Mohakhali,23.785373,90.393574,253,delivered,2026-06-09T10:03:14+06:00,True,Steadfast,STF-RDR-011,Imran Mia,8801729705726,courier_rider,Bike,Dhaka-Metro-LA-55-3918,2025-07-22,4.88,active,Mohakhali,56,21,1714,2026-02-11T12:17:14+06:00,2026-08-09T07:42:00+06:00
479,USR054,+8801423871224,Rakib Uddin,STF0000480,receiver,2026-08-09T08:57:59+06:00,medium_parcel,Shyamoli,23.778917,90.364629,Mohammadpur,23.771509,90.349785,287,delivered,2026-08-10T09:57:59+06:00,True,Steadfast,STF-RDR-012,Ashik Uddin,8801899845426,courier_rider,Bike,Dhaka-Metro-LA-12-6776,2023-01-12,4.91,temporarily_inactive,Mohammadpur,45,16,547,2026-02-11T00:26:15+06:00,2026-08-09T08:57:59+06:00
480,USR054,+8801423871224,Rakib Uddin,STF0000481,sender,2026-03-13T01:11:30+06:00,small_parcel,Rampura,23.754523,90.422529,Old Dhaka,23.715447,90.404792,70,delivered,2026-03-14T22:11:30+06:00,True,Steadfast,STF-RDR-014,Rakib Mahmud,8801513377974,courier_rider,Bike,Dhaka-Metro-LA-52-9796,2024-11-17,4.92,active,Old Dhaka,50,18,608,2026-02-10T21:51:42+06:00,2026-07-31T06:18:21+06:00
481,USR054,+8801423871224,Rakib Uddin,STF0000482,receiver,2026-05-14T01:41:20+06:00,document,Gulshan,23.799207,90.401432,Old Dhaka,23.713448,90.403378,136,delivered,2026-05-17T15:41:20+06:00,True,Steadfast,STF-RDR-014,Rakib Mahmud,8801513377974,courier_rider,Bike,Dhaka-Metro-LA-52-9796,2024-11-17,4.92,active,Old Dhaka,50,18,608,2026-02-10T21:51:42+06:00,2026-07-31T06:18:21+06:00
482,USR054,+8801423871224,Rakib Uddin,STF0000483,receiver,2026-06-14T07:08:48+06:00,medium_parcel,Farmgate,23.758685,90.388744,Pallabi,23.824293,90.356764,290,picked_up,2026-06-15T13:08:48+06:00,True,Steadfast,STF-RDR-015,Noman Hasan,8801374179797,courier_rider,Bike,Dhaka-Metro-LA-39-2863,2025-06-29,4.78,active,Pallabi,65,30,1596,2026-02-10T01:26:12+06:00,2026-08-08T10:01:17+06:00
483,USR054,+8801423871224,Rakib Uddin,STF0000484,receiver,2026-06-15T23:59:04+06:00,document,Rampura,23.76966,90.427591,Badda,23.778223,90.426949,99,delivered,2026-06-17T15:59:04+06:00,True,Steadfast,STF-RDR-021,Mamun Khan,8801550451076,courier_rider,Bike,Dhaka-Metro-LA-46-4897,2023-05-12,4.39,active,Badda,31,14,976,2026-02-13T07:18:09+06:00,2026-08-10T18:55:10+06:00
484,USR054,+8801423871224,Rakib Uddin,STF0000485,sender,2026-03-13T19:20:09+06:00,large_parcel,Mohakhali,23.782855,90.393789,Farmgate,23.759644,90.382886,328,picked_up,2026-03-16T07:20:09+06:00,True,Steadfast,STF-RDR-007,Habib Khan,8801355541558,courier_rider,Bicycle,BIC-74141,2024-12-06,4.22,active,Farmgate,44,18,1281,2026-02-11T07:50:51+06:00,2026-08-09T04:50:46+06:00
485,USR054,+8801423871224,Rakib Uddin,STF0000486,receiver,2026-07-04T07:11:47+06:00,large_parcel,Motijheel,23.741575,90.414643,Uttara,23.874782,90.374674,342,delivered,2026-07-06T02:11:47+06:00,True,Steadfast,STF-RDR-019,Mizan Kabir,8801539426102,courier_rider,Bicycle,BIC-56726,2025-07-12,4.44,active,Uttara,57,28,1473,2026-02-10T23:40:12+06:00,2026-08-09T01:27:07+06:00
486,USR055,+8801755067568,Nafisa Jahan,STF0000487,sender,2026-07-06T01:02:26+06:00,small_parcel,Mirpur,23.818524,90.367935,Pallabi,23.827569,90.357638,314,delivered,2026-07-06T16:02:26+06:00,True,Steadfast,STF-RDR-015,Noman Hasan,8801374179797,courier_rider,Bike,Dhaka-Metro-LA-39-2863,2025-06-29,4.78,active,Pallabi,65,30,1596,2026-02-10T01:26:12+06:00,2026-08-08T10:01:17+06:00
487,USR055,+8801755067568,Nafisa Jahan,STF0000488,sender,2026-04-17T21:17:11+06:00,medium_parcel,Pallabi,23.822987,90.360156,Khilgaon,23.748336,90.423171,327,picked_up,2026-04-19T02:17:11+06:00,True,Steadfast,STF-RDR-009,Habib Hossain,8801495463244,courier_rider,Bike,Dhaka-Metro-LA-18-5393,2023-09-14,4.29,active,Khilgaon,47,24,1313,2026-02-11T11:56:35+06:00,2026-08-08T17:34:54+06:00
488,USR055,+8801755067568,Nafisa Jahan,STF0000489,receiver,2026-05-12T16:53:53+06:00,document,Wari,23.716244,90.417609,Dhanmondi,23.750925,90.381708,252,delivered,2026-05-15T14:53:53+06:00,True,Steadfast,STF-RDR-006,Shakil Ali,8801781454791,courier_rider,Bike,Dhaka-Metro-LA-30-3204,2023-04-22,4.57,active,Dhanmondi,59,22,398,2026-02-15T21:35:06+06:00,2026-08-09T12:49:46+06:00
489,USR055,+8801755067568,Nafisa Jahan,STF0000490,receiver,2026-06-11T01:11:30+06:00,small_parcel,Uttara,23.873819,90.378572,Mirpur,23.813488,90.358989,329,in_transit,2026-06-12T15:11:30+06:00,True,Steadfast,STF-RDR-010,Shakil Chowdhury,8801508898967,courier_rider,Bicycle,BIC-84798,2024-12-18,4.74,active,Mirpur,41,20,707,2026-02-17T05:21:07+06:00,2026-08-10T23:01:21+06:00
490,USR055,+8801755067568,Nafisa Jahan,STF0000491,sender,2026-06-09T16:25:53+06:00,document,Uttara,23.872543,90.378735,Badda,23.784329,90.419708,203,delivered,2026-06-12T21:25:53+06:00,True,Steadfast,STF-RDR-021,Mamun Khan,8801550451076,courier_rider,Bike,Dhaka-Metro-LA-46-4897,2023-05-12,4.39,active,Badda,31,14,976,2026-02-13T07:18:09+06:00,2026-08-10T18:55:10+06:00
491,USR055,+8801755067568,Nafisa Jahan,STF0000492,sender,2026-05-20T09:42:48+06:00,large_parcel,Rampura,23.753357,90.418212,Wari,23.730786,90.409131,106,delivered,2026-05-23T19:42:48+06:00,True,Steadfast,STF-RDR-020,Emon Chowdhury,8801311733213,courier_rider,Bike,Dhaka-Metro-LA-44-7379,2023-07-10,4.24,active,Wari,56,26,197,2026-02-13T15:08:13+06:00,2026-08-07T17:55:05+06:00
492,USR055,+8801755067568,Nafisa Jahan,STF0000493,sender,2026-02-10T20:41:14+06:00,small_parcel,Mohammadpur,23.764388,90.350325,Bashundhara,23.820023,90.424096,76,returned,2026-02-12T22:41:14+06:00,True,Steadfast,STF-RDR-003,Shahadat Mollah,8801918581171,courier_rider,Bike,Dhaka-Metro-LA-26-1345,2023-06-16,4.40,active,Bashundhara,60,26,1270,2026-02-10T20:41:14+06:00,2026-08-05T18:37:32+06:00
493,USR055,+8801755067568,Nafisa Jahan,STF0000494,sender,2026-03-15T20:36:35+06:00,large_parcel,Old Dhaka,23.704393,90.401062,Shyamoli,23.773637,90.369664,124,delivered,2026-03-16T18:36:35+06:00,True,Steadfast,STF-RDR-017,Masud Khan,8801360702419,courier_rider,Bike,Dhaka-Metro-LA-28-9831,2023-07-08,4.45,active,Shyamoli,44,21,460,2026-02-12T15:00:00+06:00,2026-08-09T14:25:38+06:00
494,USR055,+8801755067568,Nafisa Jahan,STF0000495,sender,2026-04-15T14:28:08+06:00,small_parcel,Badda,23.780094,90.418728,Rampura,23.767246,90.419398,95,cancelled,2026-04-19T14:28:08+06:00,True,Steadfast,STF-RDR-016,Nadim Mahmud,8801366112261,courier_rider,Bike,Dhaka-Metro-LA-24-7717,2024-01-16,4.20,active,Rampura,53,18,1057,2026-02-18T06:15:30+06:00,2026-08-03T04:51:23+06:00
495,USR055,+8801755067568,Nafisa Jahan,STF0000496,sender,2026-05-26T01:26:45+06:00,large_parcel,Rampura,23.767034,90.423001,Banani,23.800847,90.407597,188,delivered,2026-05-28T22:26:45+06:00,True,Steadfast,STF-RDR-002,Nahid Ali,8801571364853,courier_rider,Bike,Dhaka-Metro-LA-17-2538,2024-06-01,4.61,active,Banani,38,18,585,2026-02-11T07:26:41+06:00,2026-07-27T20:50:45+06:00
496,USR055,+8801755067568,Nafisa Jahan,STF0000497,sender,2026-03-24T16:44:53+06:00,small_parcel,Tejgaon,23.766945,90.398472,Motijheel,23.741209,90.411191,286,delivered,2026-03-29T04:44:53+06:00,True,Steadfast,STF-RDR-013,Rubel Mia,8801633950512,courier_rider,Bike,Dhaka-Metro-LA-28-7399,2025-12-23,4.32,active,Motijheel,39,18,975,2026-02-10T21:39:21+06:00,2026-08-06T00:06:07+06:00
497,USR055,+8801755067568,Nafisa Jahan,STF0000498,sender,2026-04-14T16:25:01+06:00,document,Rampura,23.769268,90.426882,Khilgaon,23.750482,90.433653,242,cancelled,2026-04-16T10:25:01+06:00,True,Steadfast,STF-RDR-009,Habib Hossain,8801495463244,courier_rider,Bike,Dhaka-Metro-LA-18-5393,2023-09-14,4.29,active,Khilgaon,47,24,1313,2026-02-11T11:56:35+06:00,2026-08-08T17:34:54+06:00
498,USR056,+8801687653764,Sakib Islam,STF0000499,sender,2026-02-22T07:55:43+06:00,medium_parcel,Bashundhara,23.819362,90.434027,Old Dhaka,23.716368,90.413503,275,returned,2026-02-25T06:55:43+06:00,True,Steadfast,STF-RDR-014,Rakib Mahmud,8801513377974,courier_rider,Bike,Dhaka-Metro-LA-52-9796,2024-11-17,4.92,active,Old Dhaka,50,18,608,2026-02-10T21:51:42+06:00,2026-07-31T06:18:21+06:00
499,USR056,+8801687653764,Sakib Islam,STF0000500,receiver,2026-02-20T16:38:52+06:00,document,Uttara,23.873507,90.376762,Mohakhali,23.783834,90.400365,86,cancelled,2026-02-22T23:38:52+06:00,True,Steadfast,STF-RDR-011,Imran Mia,8801729705726,courier_rider,Bike,Dhaka-Metro-LA-55-3918,2025-07-22,4.88,active,Mohakhali,56,21,1714,2026-02-11T12:17:14+06:00,2026-08-09T07:42:00+06:00
500,USR056,+8801687653764,Sakib Islam,STF0000501,sender,2026-06-07T07:29:55+06:00,document,Bashundhara,23.80816,90.43237,Farmgate,23.763807,90.395719,188,cancelled,2026-06-11T21:29:55+06:00,True,Steadfast,STF-RDR-007,Habib Khan,8801355541558,courier_rider,Bicycle,BIC-74141,2024-12-06,4.22,active,Farmgate,44,18,1281,2026-02-11T07:50:51+06:00,2026-08-09T04:50:46+06:00
501,USR056,+8801687653764,Sakib Islam,STF0000502,sender,2026-06-25T06:44:10+06:00,large_parcel,Mohammadpur,23.772987,90.356782,Mohakhali,23.770905,90.3958,218,cancelled,2026-06-29T22:44:10+06:00,True,Steadfast,STF-RDR-011,Imran Mia,8801729705726,courier_rider,Bike,Dhaka-Metro-LA-55-3918,2025-07-22,4.88,active,Mohakhali,56,21,1714,2026-02-11T12:17:14+06:00,2026-08-09T07:42:00+06:00
502,USR056,+8801687653764,Sakib Islam,STF0000503,sender,2026-07-23T10:18:08+06:00,medium_parcel,Mirpur,23.821315,90.363266,Motijheel,23.727979,90.416956,223,delivered,2026-07-27T00:18:08+06:00,True,Steadfast,STF-RDR-013,Rubel Mia,8801633950512,courier_rider,Bike,Dhaka-Metro-LA-28-7399,2025-12-23,4.32,active,Motijheel,39,18,975,2026-02-10T21:39:21+06:00,2026-08-06T00:06:07+06:00
503,USR056,+8801687653764,Sakib Islam,STF0000504,receiver,2026-05-05T16:28:27+06:00,large_parcel,Pallabi,23.826262,90.361015,Rampura,23.766127,90.424451,218,delivered,2026-05-07T02:28:27+06:00,True,Steadfast,STF-RDR-016,Nadim Mahmud,8801366112261,courier_rider,Bike,Dhaka-Metro-LA-24-7717,2024-01-16,4.20,active,Rampura,53,18,1057,2026-02-18T06:15:30+06:00,2026-08-03T04:51:23+06:00
504,USR056,+8801687653764,Sakib Islam,STF0000505,receiver,2026-02-20T04:42:28+06:00,medium_parcel,Bashundhara,23.823216,90.427232,Tejgaon,23.765298,90.383127,137,delivered,2026-02-21T07:42:28+06:00,True,Steadfast,STF-RDR-018,Al Amin Uddin,8801433490845,courier_rider,Bike,Dhaka-Metro-LA-17-7450,2023-06-18,4.55,active,Tejgaon,40,17,1513,2026-02-12T22:21:32+06:00,2026-08-10T19:56:43+06:00
505,USR056,+8801687653764,Sakib Islam,STF0000506,receiver,2026-04-25T15:20:30+06:00,medium_parcel,Old Dhaka,23.709521,90.404083,Bashundhara,23.812426,90.422598,236,delivered,2026-04-28T16:20:30+06:00,True,Steadfast,STF-RDR-003,Shahadat Mollah,8801918581171,courier_rider,Bike,Dhaka-Metro-LA-26-1345,2023-06-16,4.40,active,Bashundhara,60,26,1270,2026-02-10T20:41:14+06:00,2026-08-05T18:37:32+06:00
506,USR056,+8801687653764,Sakib Islam,STF0000507,receiver,2026-05-20T02:28:26+06:00,document,Farmgate,23.761038,90.384721,Tejgaon,23.75918,90.398186,332,delivered,2026-05-20T05:28:26+06:00,True,Steadfast,STF-RDR-018,Al Amin Uddin,8801433490845,courier_rider,Bike,Dhaka-Metro-LA-17-7450,2023-06-18,4.55,active,Tejgaon,40,17,1513,2026-02-12T22:21:32+06:00,2026-08-10T19:56:43+06:00
507,USR056,+8801687653764,Sakib Islam,STF0000508,receiver,2026-06-26T09:10:34+06:00,large_parcel,Khilgaon,23.748481,90.423364,Gulshan,23.800363,90.398984,141,delivered,2026-06-27T01:10:34+06:00,True,Steadfast,STF-RDR-008,Kawsar Hasan,8801749085349,courier_rider,Bike,Dhaka-Metro-LA-47-2714,2025-11-24,4.63,active,Gulshan,44,18,921,2026-02-11T10:32:27+06:00,2026-08-06T05:18:42+06:00
508,USR056,+8801687653764,Sakib Islam,STF0000509,sender,2026-03-24T23:49:25+06:00,medium_parcel,Farmgate,23.757035,90.382404,Badda,23.781169,90.428173,111,in_transit,2026-03-26T18:49:25+06:00,True,Steadfast,STF-RDR-021,Mamun Khan,8801550451076,courier_rider,Bike,Dhaka-Metro-LA-46-4897,2023-05-12,4.39,active,Badda,31,14,976,2026-02-13T07:18:09+06:00,2026-08-10T18:55:10+06:00
509,USR056,+8801687653764,Sakib Islam,STF0000510,sender,2026-04-21T21:34:01+06:00,document,Motijheel,23.729596,90.425675,Banani,23.799523,90.409143,186,delivered,2026-04-22T11:34:01+06:00,True,Steadfast,STF-RDR-002,Nahid Ali,8801571364853,courier_rider,Bike,Dhaka-Metro-LA-17-2538,2024-06-01,4.61,active,Banani,38,18,585,2026-02-11T07:26:41+06:00,2026-07-27T20:50:45+06:00
510,USR057,+8801600888036,Siam Akter,STF0000511,receiver,2026-05-06T21:35:34+06:00,large_parcel,Mohammadpur,23.764507,90.349941,Mohakhali,23.768745,90.403295,275,in_transit,2026-05-07T11:35:34+06:00,True,Steadfast,STF-RDR-011,Imran Mia,8801729705726,courier_rider,Bike,Dhaka-Metro-LA-55-3918,2025-07-22,4.88,active,Mohakhali,56,21,1714,2026-02-11T12:17:14+06:00,2026-08-09T07:42:00+06:00
511,USR057,+8801600888036,Siam Akter,STF0000512,receiver,2026-06-11T10:35:31+06:00,medium_parcel,Mohakhali,23.776775,90.399084,Wari,23.722049,90.415696,250,picked_up,2026-06-13T05:35:31+06:00,True,Steadfast,STF-RDR-020,Emon Chowdhury,8801311733213,courier_rider,Bike,Dhaka-Metro-LA-44-7379,2023-07-10,4.24,active,Wari,56,26,197,2026-02-13T15:08:13+06:00,2026-08-07T17:55:05+06:00
512,USR057,+8801600888036,Siam Akter,STF0000513,sender,2026-06-06T09:00:15+06:00,document,Gulshan,23.785301,90.415041,Farmgate,23.748808,90.384316,297,cancelled,2026-06-09T15:00:15+06:00,True,Steadfast,STF-RDR-007,Habib Khan,8801355541558,courier_rider,Bicycle,BIC-74141,2024-12-06,4.22,active,Farmgate,44,18,1281,2026-02-11T07:50:51+06:00,2026-08-09T04:50:46+06:00
513,USR057,+8801600888036,Siam Akter,STF0000514,sender,2026-03-01T08:59:44+06:00,large_parcel,Badda,23.775454,90.42872,Old Dhaka,23.704725,90.405974,195,delivered,2026-03-03T10:59:44+06:00,True,Steadfast,STF-RDR-014,Rakib Mahmud,8801513377974,courier_rider,Bike,Dhaka-Metro-LA-52-9796,2024-11-17,4.92,active,Old Dhaka,50,18,608,2026-02-10T21:51:42+06:00,2026-07-31T06:18:21+06:00
514,USR057,+8801600888036,Siam Akter,STF0000515,sender,2026-03-22T22:14:37+06:00,medium_parcel,Banani,23.799837,90.404993,Khilgaon,23.755924,90.428572,270,delivered,2026-03-24T13:14:37+06:00,True,Steadfast,STF-RDR-009,Habib Hossain,8801495463244,courier_rider,Bike,Dhaka-Metro-LA-18-5393,2023-09-14,4.29,active,Khilgaon,47,24,1313,2026-02-11T11:56:35+06:00,2026-08-08T17:34:54+06:00
515,USR057,+8801600888036,Siam Akter,STF0000516,receiver,2026-04-22T04:17:48+06:00,large_parcel,Dhanmondi,23.745955,90.375893,Old Dhaka,23.706268,90.410303,323,in_transit,2026-04-22T17:17:48+06:00,True,Steadfast,STF-RDR-014,Rakib Mahmud,8801513377974,courier_rider,Bike,Dhaka-Metro-LA-52-9796,2024-11-17,4.92,active,Old Dhaka,50,18,608,2026-02-10T21:51:42+06:00,2026-07-31T06:18:21+06:00
516,USR058,+8801581827758,Shanto Jahan,STF0000517,sender,2026-04-16T16:17:06+06:00,large_parcel,Mirpur,23.814142,90.366074,Wari,23.715632,90.417603,234,in_transit,2026-04-18T12:17:06+06:00,True,Steadfast,STF-RDR-020,Emon Chowdhury,8801311733213,courier_rider,Bike,Dhaka-Metro-LA-44-7379,2023-07-10,4.24,active,Wari,56,26,197,2026-02-13T15:08:13+06:00,2026-08-07T17:55:05+06:00
517,USR058,+8801581827758,Shanto Jahan,STF0000518,receiver,2026-08-08T17:34:54+06:00,small_parcel,Bashundhara,23.810208,90.419254,Khilgaon,23.754296,90.432693,295,picked_up,2026-08-10T20:34:54+06:00,True,Steadfast,STF-RDR-009,Habib Hossain,8801495463244,courier_rider,Bike,Dhaka-Metro-LA-18-5393,2023-09-14,4.29,active,Khilgaon,47,24,1313,2026-02-11T11:56:35+06:00,2026-08-08T17:34:54+06:00
518,USR058,+8801581827758,Shanto Jahan,STF0000519,receiver,2026-02-15T21:35:06+06:00,document,Rampura,23.753049,90.412527,Dhanmondi,23.751789,90.372473,141,delivered,2026-02-17T15:35:06+06:00,True,Steadfast,STF-RDR-006,Shakil Ali,8801781454791,courier_rider,Bike,Dhaka-Metro-LA-30-3204,2023-04-22,4.57,active,Dhanmondi,59,22,398,2026-02-15T21:35:06+06:00,2026-08-09T12:49:46+06:00
519,USR058,+8801581827758,Shanto Jahan,STF0000520,sender,2026-05-22T23:36:06+06:00,large_parcel,Pallabi,23.837061,90.364194,Badda,23.775874,90.432234,280,returned,2026-05-27T18:36:06+06:00,True,Steadfast,STF-RDR-021,Mamun Khan,8801550451076,courier_rider,Bike,Dhaka-Metro-LA-46-4897,2023-05-12,4.39,active,Badda,31,14,976,2026-02-13T07:18:09+06:00,2026-08-10T18:55:10+06:00
520,USR058,+8801581827758,Shanto Jahan,STF0000521,receiver,2026-04-05T13:52:32+06:00,small_parcel,Khilgaon,23.753964,90.42397,Bashundhara,23.808256,90.427972,230,delivered,2026-04-09T19:52:32+06:00,True,Steadfast,STF-RDR-003,Shahadat Mollah,8801918581171,courier_rider,Bike,Dhaka-Metro-LA-26-1345,2023-06-16,4.40,active,Bashundhara,60,26,1270,2026-02-10T20:41:14+06:00,2026-08-05T18:37:32+06:00
521,USR058,+8801581827758,Shanto Jahan,STF0000522,receiver,2026-03-26T15:15:52+06:00,small_parcel,Farmgate,23.761168,90.38226,Uttara,23.882544,90.374477,257,delivered,2026-03-31T08:15:52+06:00,True,Steadfast,STF-RDR-019,Mizan Kabir,8801539426102,courier_rider,Bicycle,BIC-56726,2025-07-12,4.44,active,Uttara,57,28,1473,2026-02-10T23:40:12+06:00,2026-08-09T01:27:07+06:00
522,USR058,+8801581827758,Shanto Jahan,STF0000523,receiver,2026-06-29T07:22:36+06:00,large_parcel,Motijheel,23.740517,90.416001,Dhanmondi,23.738721,90.377897,141,delivered,2026-07-02T00:22:36+06:00,True,Steadfast,STF-RDR-006,Shakil Ali,8801781454791,courier_rider,Bike,Dhaka-Metro-LA-30-3204,2023-04-22,4.57,active,Dhanmondi,59,22,398,2026-02-15T21:35:06+06:00,2026-08-09T12:49:46+06:00
523,USR058,+8801581827758,Shanto Jahan,STF0000524,sender,2026-05-18T03:53:57+06:00,small_parcel,Mirpur,23.828543,90.373145,Wari,23.72434,90.409128,313,returned,2026-05-20T06:53:57+06:00,True,Steadfast,STF-RDR-020,Emon Chowdhury,8801311733213,courier_rider,Bike,Dhaka-Metro-LA-44-7379,2023-07-10,4.24,active,Wari,56,26,197,2026-02-13T15:08:13+06:00,2026-08-07T17:55:05+06:00
524,USR058,+8801581827758,Shanto Jahan,STF0000525,sender,2026-07-18T00:49:33+06:00,large_parcel,Farmgate,23.761454,90.382014,Dhanmondi,23.738477,90.369694,319,delivered,2026-07-20T17:49:33+06:00,True,Steadfast,STF-RDR-006,Shakil Ali,8801781454791,courier_rider,Bike,Dhaka-Metro-LA-30-3204,2023-04-22,4.57,active,Dhanmondi,59,22,398,2026-02-15T21:35:06+06:00,2026-08-09T12:49:46+06:00
525,USR059,+8801457721753,Hasan Ahmed,STF0000526,sender,2026-07-23T17:12:23+06:00,medium_parcel,Old Dhaka,23.717774,90.415775,Motijheel,23.731471,90.413712,311,delivered,2026-07-27T10:12:23+06:00,True,Steadfast,STF-RDR-013,Rubel Mia,8801633950512,courier_rider,Bike,Dhaka-Metro-LA-28-7399,2025-12-23,4.32,active,Motijheel,39,18,975,2026-02-10T21:39:21+06:00,2026-08-06T00:06:07+06:00
526,USR059,+8801457721753,Hasan Ahmed,STF0000527,receiver,2026-04-26T04:30:00+06:00,document,Wari,23.7286,90.410167,Khilgaon,23.759453,90.422758,261,delivered,2026-04-26T19:30:00+06:00,True,Steadfast,STF-RDR-009,Habib Hossain,8801495463244,courier_rider,Bike,Dhaka-Metro-LA-18-5393,2023-09-14,4.29,active,Khilgaon,47,24,1313,2026-02-11T11:56:35+06:00,2026-08-08T17:34:54+06:00
527,USR059,+8801457721753,Hasan Ahmed,STF0000528,sender,2026-07-07T10:26:01+06:00,small_parcel,Tejgaon,23.769227,90.382805,Rampura,23.755209,90.422578,315,picked_up,2026-07-09T19:26:01+06:00,True,Steadfast,STF-RDR-016,Nadim Mahmud,8801366112261,courier_rider,Bike,Dhaka-Metro-LA-24-7717,2024-01-16,4.20,active,Rampura,53,18,1057,2026-02-18T06:15:30+06:00,2026-08-03T04:51:23+06:00
528,USR059,+8801457721753,Hasan Ahmed,STF0000529,sender,2026-07-01T17:30:07+06:00,large_parcel,Shyamoli,23.768616,90.361243,Dhanmondi,23.746123,90.381051,325,delivered,2026-07-04T16:30:07+06:00,True,Steadfast,STF-RDR-006,Shakil Ali,8801781454791,courier_rider,Bike,Dhaka-Metro-LA-30-3204,2023-04-22,4.57,active,Dhanmondi,59,22,398,2026-02-15T21:35:06+06:00,2026-08-09T12:49:46+06:00
529,USR059,+8801457721753,Hasan Ahmed,STF0000530,receiver,2026-04-20T23:45:06+06:00,medium_parcel,Rampura,23.769261,90.420162,Mohakhali,23.781379,90.396163,120,picked_up,2026-04-22T13:45:06+06:00,True,Steadfast,STF-RDR-011,Imran Mia,8801729705726,courier_rider,Bike,Dhaka-Metro-LA-55-3918,2025-07-22,4.88,active,Mohakhali,56,21,1714,2026-02-11T12:17:14+06:00,2026-08-09T07:42:00+06:00
530,USR059,+8801457721753,Hasan Ahmed,STF0000531,sender,2026-05-14T06:49:40+06:00,small_parcel,Bashundhara,23.818057,90.427035,Badda,23.787002,90.432393,88,returned,2026-05-17T17:49:40+06:00,True,Steadfast,STF-RDR-021,Mamun Khan,8801550451076,courier_rider,Bike,Dhaka-Metro-LA-46-4897,2023-05-12,4.39,active,Badda,31,14,976,2026-02-13T07:18:09+06:00,2026-08-10T18:55:10+06:00
531,USR059,+8801457721753,Hasan Ahmed,STF0000532,sender,2026-05-30T16:47:20+06:00,document,Badda,23.785352,90.42038,Tejgaon,23.771866,90.385907,217,returned,2026-06-03T22:47:20+06:00,True,Steadfast,STF-RDR-018,Al Amin Uddin,8801433490845,courier_rider,Bike,Dhaka-Metro-LA-17-7450,2023-06-18,4.55,active,Tejgaon,40,17,1513,2026-02-12T22:21:32+06:00,2026-08-10T19:56:43+06:00
532,USR059,+8801457721753,Hasan Ahmed,STF0000533,sender,2026-04-06T07:16:18+06:00,small_parcel,Dhanmondi,23.753756,90.374503,Farmgate,23.753535,90.396667,76,returned,2026-04-06T11:16:18+06:00,True,Steadfast,STF-RDR-007,Habib Khan,8801355541558,courier_rider,Bicycle,BIC-74141,2024-12-06,4.22,active,Farmgate,44,18,1281,2026-02-11T07:50:51+06:00,2026-08-09T04:50:46+06:00
533,USR059,+8801457721753,Hasan Ahmed,STF0000534,receiver,2026-08-07T13:08:02+06:00,document,Wari,23.713424,90.409607,Badda,23.780094,90.434164,79,picked_up,2026-08-12T04:08:02+06:00,True,Steadfast,STF-RDR-001,Zahid Ahmed,8801371653930,courier_rider,Bike,Dhaka-Metro-LA-47-6988,2026-03-01,4.44,active,Badda,18,8,932,2026-02-10T03:29:07+06:00,2026-08-07T13:08:02+06:00
534,USR060,+8801900841950,Mim Hasan,STF0000535,receiver,2026-04-21T16:19:51+06:00,document,Old Dhaka,23.709371,90.401898,Dhanmondi,23.748944,90.368616,297,picked_up,2026-04-22T10:19:51+06:00,True,Steadfast,STF-RDR-006,Shakil Ali,8801781454791,courier_rider,Bike,Dhaka-Metro-LA-30-3204,2023-04-22,4.57,active,Dhanmondi,59,22,398,2026-02-15T21:35:06+06:00,2026-08-09T12:49:46+06:00
535,USR060,+8801900841950,Mim Hasan,STF0000536,sender,2026-07-17T00:50:16+06:00,large_parcel,Mohammadpur,23.773328,90.351575,Dhanmondi,23.74286,90.377843,201,delivered,2026-07-19T01:50:16+06:00,True,Steadfast,STF-RDR-006,Shakil Ali,8801781454791,courier_rider,Bike,Dhaka-Metro-LA-30-3204,2023-04-22,4.57,active,Dhanmondi,59,22,398,2026-02-15T21:35:06+06:00,2026-08-09T12:49:46+06:00
536,USR060,+8801900841950,Mim Hasan,STF0000537,receiver,2026-03-30T22:14:43+06:00,small_parcel,Farmgate,23.76362,90.393102,Rampura,23.764753,90.42697,290,delivered,2026-04-04T02:14:43+06:00,True,Steadfast,STF-RDR-016,Nadim Mahmud,8801366112261,courier_rider,Bike,Dhaka-Metro-LA-24-7717,2024-01-16,4.20,active,Rampura,53,18,1057,2026-02-18T06:15:30+06:00,2026-08-03T04:51:23+06:00
537,USR060,+8801900841950,Mim Hasan,STF0000538,sender,2026-07-13T01:12:21+06:00,medium_parcel,Gulshan,23.787726,90.400466,Motijheel,23.724124,90.420509,164,in_transit,2026-07-15T15:12:21+06:00,True,Steadfast,STF-RDR-013,Rubel Mia,8801633950512,courier_rider,Bike,Dhaka-Metro-LA-28-7399,2025-12-23,4.32,active,Motijheel,39,18,975,2026-02-10T21:39:21+06:00,2026-08-06T00:06:07+06:00
538,USR060,+8801900841950,Mim Hasan,STF0000539,receiver,2026-05-23T08:32:44+06:00,small_parcel,Motijheel,23.728392,90.410182,Mirpur,23.817424,90.357411,307,delivered,2026-05-23T20:32:44+06:00,True,Steadfast,STF-RDR-010,Shakil Chowdhury,8801508898967,courier_rider,Bicycle,BIC-84798,2024-12-18,4.74,active,Mirpur,41,20,707,2026-02-17T05:21:07+06:00,2026-08-10T23:01:21+06:00
539,USR060,+8801900841950,Mim Hasan,STF0000540,sender,2026-08-09T10:52:58+06:00,medium_parcel,Motijheel,23.726052,90.418723,Mirpur,23.815029,90.370484,152,delivered,2026-08-13T07:52:58+06:00,True,Steadfast,STF-RDR-010,Shakil Chowdhury,8801508898967,courier_rider,Bicycle,BIC-84798,2024-12-18,4.74,active,Mirpur,41,20,707,2026-02-17T05:21:07+06:00,2026-08-10T23:01:21+06:00
540,USR060,+8801900841950,Mim Hasan,STF0000541,sender,2026-03-30T08:43:56+06:00,medium_parcel,Badda,23.787156,90.425019,Banani,23.789151,90.415572,97,delivered,2026-04-02T00:43:56+06:00,True,Steadfast,STF-RDR-002,Nahid Ali,8801571364853,courier_rider,Bike,Dhaka-Metro-LA-17-2538,2024-06-01,4.61,active,Banani,38,18,585,2026-02-11T07:26:41+06:00,2026-07-27T20:50:45+06:00
541,USR060,+8801900841950,Mim Hasan,STF0000542,receiver,2026-04-13T06:01:53+06:00,medium_parcel,Bashundhara,23.81066,90.423796,Uttara,23.88104,90.384448,153,cancelled,2026-04-14T21:01:53+06:00,True,Steadfast,STF-RDR-019,Mizan Kabir,8801539426102,courier_rider,Bicycle,BIC-56726,2025-07-12,4.44,active,Uttara,57,28,1473,2026-02-10T23:40:12+06:00,2026-08-09T01:27:07+06:00
542,USR061,+8801302733320,Nadia Jahan,STF0000543,receiver,2026-03-02T23:26:41+06:00,medium_parcel,Tejgaon,23.763083,90.391583,Bashundhara,23.806762,90.428755,323,delivered,2026-03-03T08:26:41+06:00,True,Steadfast,STF-RDR-003,Shahadat Mollah,8801918581171,courier_rider,Bike,Dhaka-Metro-LA-26-1345,2023-06-16,4.40,active,Bashundhara,60,26,1270,2026-02-10T20:41:14+06:00,2026-08-05T18:37:32+06:00
543,USR061,+8801302733320,Nadia Jahan,STF0000544,sender,2026-07-17T23:36:59+06:00,small_parcel,Khilgaon,23.752944,90.433885,Dhanmondi,23.744672,90.377325,106,picked_up,2026-07-22T06:36:59+06:00,True,Steadfast,STF-RDR-006,Shakil Ali,8801781454791,courier_rider,Bike,Dhaka-Metro-LA-30-3204,2023-04-22,4.57,active,Dhanmondi,59,22,398,2026-02-15T21:35:06+06:00,2026-08-09T12:49:46+06:00
544,USR061,+8801302733320,Nadia Jahan,STF0000545,sender,2026-07-14T03:37:02+06:00,large_parcel,Rampura,23.754054,90.427975,Wari,23.72283,90.412577,130,delivered,2026-07-16T21:37:02+06:00,True,Steadfast,STF-RDR-020,Emon Chowdhury,8801311733213,courier_rider,Bike,Dhaka-Metro-LA-44-7379,2023-07-10,4.24,active,Wari,56,26,197,2026-02-13T15:08:13+06:00,2026-08-07T17:55:05+06:00
545,USR061,+8801302733320,Nadia Jahan,STF0000546,receiver,2026-07-15T21:01:20+06:00,large_parcel,Farmgate,23.756259,90.397455,Rampura,23.767515,90.425044,71,returned,2026-07-17T20:01:20+06:00,True,Steadfast,STF-RDR-016,Nadim Mahmud,8801366112261,courier_rider,Bike,Dhaka-Metro-LA-24-7717,2024-01-16,4.20,active,Rampura,53,18,1057,2026-02-18T06:15:30+06:00,2026-08-03T04:51:23+06:00
546,USR061,+8801302733320,Nadia Jahan,STF0000547,sender,2026-05-05T13:19:34+06:00,document,Tejgaon,23.769662,90.398802,Dhanmondi,23.742337,90.383796,332,delivered,2026-05-07T14:19:34+06:00,True,Steadfast,STF-RDR-006,Shakil Ali,8801781454791,courier_rider,Bike,Dhaka-Metro-LA-30-3204,2023-04-22,4.57,active,Dhanmondi,59,22,398,2026-02-15T21:35:06+06:00,2026-08-09T12:49:46+06:00
547,USR061,+8801302733320,Nadia Jahan,STF0000548,sender,2026-07-23T21:22:32+06:00,small_parcel,Uttara,23.882247,90.384549,Gulshan,23.784622,90.402749,226,picked_up,2026-07-26T11:22:32+06:00,True,Steadfast,STF-RDR-008,Kawsar Hasan,8801749085349,courier_rider,Bike,Dhaka-Metro-LA-47-2714,2025-11-24,4.63,active,Gulshan,44,18,921,2026-02-11T10:32:27+06:00,2026-08-06T05:18:42+06:00
548,USR062,+8801842740637,Sadia Ahmed,STF0000549,receiver,2026-02-25T01:51:01+06:00,medium_parcel,Khilgaon,23.743554,90.430742,Farmgate,23.761435,90.383918,233,in_transit,2026-02-28T14:51:01+06:00,True,Steadfast,STF-RDR-007,Habib Khan,8801355541558,courier_rider,Bicycle,BIC-74141,2024-12-06,4.22,active,Farmgate,44,18,1281,2026-02-11T07:50:51+06:00,2026-08-09T04:50:46+06:00
549,USR062,+8801842740637,Sadia Ahmed,STF0000550,receiver,2026-04-30T06:43:42+06:00,small_parcel,Motijheel,23.739091,90.418563,Rampura,23.762824,90.427955,137,returned,2026-05-01T23:43:42+06:00,True,Steadfast,STF-RDR-016,Nadim Mahmud,8801366112261,courier_rider,Bike,Dhaka-Metro-LA-24-7717,2024-01-16,4.20,active,Rampura,53,18,1057,2026-02-18T06:15:30+06:00,2026-08-03T04:51:23+06:00
550,USR062,+8801842740637,Sadia Ahmed,STF0000551,receiver,2026-05-06T07:45:54+06:00,medium_parcel,Khilgaon,23.757469,90.436156,Pallabi,23.826235,90.359754,229,in_transit,2026-05-07T03:45:54+06:00,True,Steadfast,STF-RDR-015,Noman Hasan,8801374179797,courier_rider,Bike,Dhaka-Metro-LA-39-2863,2025-06-29,4.78,active,Pallabi,65,30,1596,2026-02-10T01:26:12+06:00,2026-08-08T10:01:17+06:00
551,USR062,+8801842740637,Sadia Ahmed,STF0000552,sender,2026-03-03T06:31:36+06:00,large_parcel,Old Dhaka,23.712016,90.410756,Motijheel,23.735663,90.425525,216,delivered,2026-03-04T21:31:36+06:00,True,Steadfast,STF-RDR-013,Rubel Mia,8801633950512,courier_rider,Bike,Dhaka-Metro-LA-28-7399,2025-12-23,4.32,active,Motijheel,39,18,975,2026-02-10T21:39:21+06:00,2026-08-06T00:06:07+06:00
552,USR062,+8801842740637,Sadia Ahmed,STF0000553,sender,2026-06-30T18:58:48+06:00,medium_parcel,Dhanmondi,23.73992,90.370111,Shyamoli,23.775628,90.35734,138,delivered,2026-07-01T08:58:48+06:00,True,Steadfast,STF-RDR-017,Masud Khan,8801360702419,courier_rider,Bike,Dhaka-Metro-LA-28-9831,2023-07-08,4.45,active,Shyamoli,44,21,460,2026-02-12T15:00:00+06:00,2026-08-09T14:25:38+06:00
553,USR062,+8801842740637,Sadia Ahmed,STF0000554,sender,2026-06-15T13:23:17+06:00,small_parcel,Mohakhali,23.781011,90.399114,Wari,23.722282,90.416808,74,picked_up,2026-06-19T06:23:17+06:00,True,Steadfast,STF-RDR-020,Emon Chowdhury,8801311733213,courier_rider,Bike,Dhaka-Metro-LA-44-7379,2023-07-10,4.24,active,Wari,56,26,197,2026-02-13T15:08:13+06:00,2026-08-07T17:55:05+06:00
554,USR062,+8801842740637,Sadia Ahmed,STF0000555,sender,2026-06-15T22:51:59+06:00,small_parcel,Wari,23.727946,90.425172,Banani,23.801219,90.412184,173,delivered,2026-06-16T14:51:59+06:00,True,Steadfast,STF-RDR-002,Nahid Ali,8801571364853,courier_rider,Bike,Dhaka-Metro-LA-17-2538,2024-06-01,4.61,active,Banani,38,18,585,2026-02-11T07:26:41+06:00,2026-07-27T20:50:45+06:00
555,USR062,+8801842740637,Sadia Ahmed,STF0000556,receiver,2026-08-05T09:44:34+06:00,medium_parcel,Rampura,23.767755,90.424567,Motijheel,23.725633,90.419027,144,picked_up,2026-08-08T02:44:34+06:00,True,Steadfast,STF-RDR-013,Rubel Mia,8801633950512,courier_rider,Bike,Dhaka-Metro-LA-28-7399,2025-12-23,4.32,active,Motijheel,39,18,975,2026-02-10T21:39:21+06:00,2026-08-06T00:06:07+06:00
556,USR062,+8801842740637,Sadia Ahmed,STF0000557,sender,2026-03-20T22:36:14+06:00,document,Mohammadpur,23.766767,90.359026,Banani,23.790734,90.411619,236,picked_up,2026-03-24T21:36:14+06:00,True,Steadfast,STF-RDR-002,Nahid Ali,8801571364853,courier_rider,Bike,Dhaka-Metro-LA-17-2538,2024-06-01,4.61,active,Banani,38,18,585,2026-02-11T07:26:41+06:00,2026-07-27T20:50:45+06:00
557,USR062,+8801842740637,Sadia Ahmed,STF0000558,sender,2026-06-28T17:04:41+06:00,medium_parcel,Mirpur,23.827351,90.357618,Banani,23.794255,90.407879,349,picked_up,2026-06-30T06:04:41+06:00,True,Steadfast,STF-RDR-002,Nahid Ali,8801571364853,courier_rider,Bike,Dhaka-Metro-LA-17-2538,2024-06-01,4.61,active,Banani,38,18,585,2026-02-11T07:26:41+06:00,2026-07-27T20:50:45+06:00
558,USR063,+8801939489765,Tania Hossain,STF0000559,receiver,2026-05-16T13:38:54+06:00,medium_parcel,Rampura,23.763178,90.414222,Mohakhali,23.785821,90.400477,341,returned,2026-05-19T19:38:54+06:00,True,Steadfast,STF-RDR-011,Imran Mia,8801729705726,courier_rider,Bike,Dhaka-Metro-LA-55-3918,2025-07-22,4.88,active,Mohakhali,56,21,1714,2026-02-11T12:17:14+06:00,2026-08-09T07:42:00+06:00
559,USR063,+8801939489765,Tania Hossain,STF0000560,receiver,2026-06-03T18:38:58+06:00,document,Mohakhali,23.779693,90.402978,Wari,23.729241,90.410267,263,delivered,2026-06-04T11:38:58+06:00,True,Steadfast,STF-RDR-020,Emon Chowdhury,8801311733213,courier_rider,Bike,Dhaka-Metro-LA-44-7379,2023-07-10,4.24,active,Wari,56,26,197,2026-02-13T15:08:13+06:00,2026-08-07T17:55:05+06:00
560,USR063,+8801939489765,Tania Hossain,STF0000561,receiver,2026-04-09T05:50:43+06:00,small_parcel,Dhanmondi,23.745266,90.379253,Tejgaon,23.765834,90.398642,72,delivered,2026-04-12T09:50:43+06:00,True,Steadfast,STF-RDR-018,Al Amin Uddin,8801433490845,courier_rider,Bike,Dhaka-Metro-LA-17-7450,2023-06-18,4.55,active,Tejgaon,40,17,1513,2026-02-12T22:21:32+06:00,2026-08-10T19:56:43+06:00
561,USR063,+8801939489765,Tania Hossain,STF0000562,sender,2026-05-02T03:25:25+06:00,large_parcel,Banani,23.795361,90.404303,Bashundhara,23.817044,90.432632,147,returned,2026-05-06T16:25:25+06:00,True,Steadfast,STF-RDR-003,Shahadat Mollah,8801918581171,courier_rider,Bike,Dhaka-Metro-LA-26-1345,2023-06-16,4.40,active,Bashundhara,60,26,1270,2026-02-10T20:41:14+06:00,2026-08-05T18:37:32+06:00
562,USR063,+8801939489765,Tania Hossain,STF0000563,sender,2026-03-23T06:31:12+06:00,small_parcel,Mirpur,23.818385,90.363134,Mohammadpur,23.772919,90.36438,210,delivered,2026-03-25T18:31:12+06:00,True,Steadfast,STF-RDR-012,Ashik Uddin,8801899845426,courier_rider,Bike,Dhaka-Metro-LA-12-6776,2023-01-12,4.91,temporarily_inactive,Mohammadpur,45,16,547,2026-02-11T00:26:15+06:00,2026-08-09T08:57:59+06:00
563,USR063,+8801939489765,Tania Hossain,STF0000564,sender,2026-04-27T07:40:43+06:00,document,Mohakhali,23.775927,90.398544,Khilgaon,23.754279,90.429352,108,picked_up,2026-04-29T13:40:43+06:00,True,Steadfast,STF-RDR-009,Habib Hossain,8801495463244,courier_rider,Bike,Dhaka-Metro-LA-18-5393,2023-09-14,4.29,active,Khilgaon,47,24,1313,2026-02-11T11:56:35+06:00,2026-08-08T17:34:54+06:00
564,USR063,+8801939489765,Tania Hossain,STF0000565,receiver,2026-05-04T01:23:25+06:00,large_parcel,Old Dhaka,23.706278,90.415497,Farmgate,23.7507,90.392451,97,in_transit,2026-05-04T09:23:25+06:00,True,Steadfast,STF-RDR-007,Habib Khan,8801355541558,courier_rider,Bicycle,BIC-74141,2024-12-06,4.22,active,Farmgate,44,18,1281,2026-02-11T07:50:51+06:00,2026-08-09T04:50:46+06:00
565,USR063,+8801939489765,Tania Hossain,STF0000566,receiver,2026-03-30T13:50:16+06:00,medium_parcel,Khilgaon,23.757262,90.424922,Old Dhaka,23.715054,90.415013,347,returned,2026-04-01T18:50:16+06:00,True,Steadfast,STF-RDR-014,Rakib Mahmud,8801513377974,courier_rider,Bike,Dhaka-Metro-LA-52-9796,2024-11-17,4.92,active,Old Dhaka,50,18,608,2026-02-10T21:51:42+06:00,2026-07-31T06:18:21+06:00
566,USR063,+8801939489765,Tania Hossain,STF0000567,sender,2026-07-02T14:34:03+06:00,medium_parcel,Uttara,23.869287,90.383016,Khilgaon,23.753843,90.428298,108,in_transit,2026-07-06T12:34:03+06:00,True,Steadfast,STF-RDR-009,Habib Hossain,8801495463244,courier_rider,Bike,Dhaka-Metro-LA-18-5393,2023-09-14,4.29,active,Khilgaon,47,24,1313,2026-02-11T11:56:35+06:00,2026-08-08T17:34:54+06:00
567,USR063,+8801939489765,Tania Hossain,STF0000568,sender,2026-03-13T07:52:22+06:00,large_parcel,Bashundhara,23.813757,90.424519,Shyamoli,23.777285,90.35853,260,delivered,2026-03-15T04:52:22+06:00,True,Steadfast,STF-RDR-017,Masud Khan,8801360702419,courier_rider,Bike,Dhaka-Metro-LA-28-9831,2023-07-08,4.45,active,Shyamoli,44,21,460,2026-02-12T15:00:00+06:00,2026-08-09T14:25:38+06:00
568,USR063,+8801939489765,Tania Hossain,STF0000569,receiver,2026-08-03T04:51:23+06:00,medium_parcel,Bashundhara,23.822116,90.419381,Rampura,23.764932,90.427282,168,in_transit,2026-08-05T19:51:23+06:00,True,Steadfast,STF-RDR-016,Nadim Mahmud,8801366112261,courier_rider,Bike,Dhaka-Metro-LA-24-7717,2024-01-16,4.20,active,Rampura,53,18,1057,2026-02-18T06:15:30+06:00,2026-08-03T04:51:23+06:00
569,USR064,+8801328391061,Rakib Rahman,STF0000570,receiver,2026-03-08T15:27:19+06:00,medium_parcel,Pallabi,23.824552,90.36921,Wari,23.716447,90.425751,257,in_transit,2026-03-09T07:27:19+06:00,True,Steadfast,STF-RDR-020,Emon Chowdhury,8801311733213,courier_rider,Bike,Dhaka-Metro-LA-44-7379,2023-07-10,4.24,active,Wari,56,26,197,2026-02-13T15:08:13+06:00,2026-08-07T17:55:05+06:00
570,USR064,+8801328391061,Rakib Rahman,STF0000571,receiver,2026-05-20T17:29:03+06:00,medium_parcel,Mohakhali,23.77074,90.403314,Old Dhaka,23.70209,90.413339,170,returned,2026-05-25T03:29:03+06:00,True,Steadfast,STF-RDR-014,Rakib Mahmud,8801513377974,courier_rider,Bike,Dhaka-Metro-LA-52-9796,2024-11-17,4.92,active,Old Dhaka,50,18,608,2026-02-10T21:51:42+06:00,2026-07-31T06:18:21+06:00
571,USR064,+8801328391061,Rakib Rahman,STF0000572,sender,2026-08-08T02:09:16+06:00,medium_parcel,Banani,23.785646,90.404548,Mohakhali,23.776975,90.393793,325,in_transit,2026-08-08T05:09:16+06:00,True,Steadfast,STF-RDR-011,Imran Mia,8801729705726,courier_rider,Bike,Dhaka-Metro-LA-55-3918,2025-07-22,4.88,active,Mohakhali,56,21,1714,2026-02-11T12:17:14+06:00,2026-08-09T07:42:00+06:00
572,USR064,+8801328391061,Rakib Rahman,STF0000573,sender,2026-06-03T00:09:03+06:00,medium_parcel,Tejgaon,23.755155,90.382852,Farmgate,23.757681,90.39787,204,returned,2026-06-06T12:09:03+06:00,True,Steadfast,STF-RDR-007,Habib Khan,8801355541558,courier_rider,Bicycle,BIC-74141,2024-12-06,4.22,active,Farmgate,44,18,1281,2026-02-11T07:50:51+06:00,2026-08-09T04:50:46+06:00
573,USR064,+8801328391061,Rakib Rahman,STF0000574,receiver,2026-07-03T20:05:59+06:00,large_parcel,Wari,23.727791,90.409526,Pallabi,23.835635,90.368603,289,returned,2026-07-06T18:05:59+06:00,True,Steadfast,STF-RDR-015,Noman Hasan,8801374179797,courier_rider,Bike,Dhaka-Metro-LA-39-2863,2025-06-29,4.78,active,Pallabi,65,30,1596,2026-02-10T01:26:12+06:00,2026-08-08T10:01:17+06:00
574,USR064,+8801328391061,Rakib Rahman,STF0000575,receiver,2026-06-08T13:16:20+06:00,small_parcel,Uttara,23.882971,90.377901,Banani,23.795251,90.405489,287,returned,2026-06-09T08:16:20+06:00,True,Steadfast,STF-RDR-002,Nahid Ali,8801571364853,courier_rider,Bike,Dhaka-Metro-LA-17-2538,2024-06-01,4.61,active,Banani,38,18,585,2026-02-11T07:26:41+06:00,2026-07-27T20:50:45+06:00
575,USR064,+8801328391061,Rakib Rahman,STF0000576,receiver,2026-08-06T13:04:16+06:00,small_parcel,Mohammadpur,23.765844,90.364493,Uttara,23.8714,90.376633,335,picked_up,2026-08-10T11:04:16+06:00,True,Steadfast,STF-RDR-019,Mizan Kabir,8801539426102,courier_rider,Bicycle,BIC-56726,2025-07-12,4.44,active,Uttara,57,28,1473,2026-02-10T23:40:12+06:00,2026-08-09T01:27:07+06:00
576,USR065,+8801824241670,Naim Sultana,STF0000577,receiver,2026-02-27T04:17:26+06:00,small_parcel,Banani,23.796177,90.400262,Rampura,23.753565,90.428862,162,cancelled,2026-02-28T02:17:26+06:00,True,Steadfast,STF-RDR-016,Nadim Mahmud,8801366112261,courier_rider,Bike,Dhaka-Metro-LA-24-7717,2024-01-16,4.20,active,Rampura,53,18,1057,2026-02-18T06:15:30+06:00,2026-08-03T04:51:23+06:00
577,USR065,+8801824241670,Naim Sultana,STF0000578,sender,2026-08-02T04:00:21+06:00,large_parcel,Badda,23.785807,90.429689,Mohakhali,23.771383,90.406279,315,delivered,2026-08-04T20:00:21+06:00,True,Steadfast,STF-RDR-011,Imran Mia,8801729705726,courier_rider,Bike,Dhaka-Metro-LA-55-3918,2025-07-22,4.88,active,Mohakhali,56,21,1714,2026-02-11T12:17:14+06:00,2026-08-09T07:42:00+06:00
578,USR065,+8801824241670,Naim Sultana,STF0000579,receiver,2026-06-03T02:02:26+06:00,small_parcel,Shyamoli,23.775727,90.365843,Pallabi,23.837504,90.371139,267,in_transit,2026-06-03T07:02:26+06:00,True,Steadfast,STF-RDR-015,Noman Hasan,8801374179797,courier_rider,Bike,Dhaka-Metro-LA-39-2863,2025-06-29,4.78,active,Pallabi,65,30,1596,2026-02-10T01:26:12+06:00,2026-08-08T10:01:17+06:00
579,USR065,+8801824241670,Naim Sultana,STF0000580,receiver,2026-04-06T20:53:52+06:00,document,Bashundhara,23.821956,90.418681,Mohakhali,23.785396,90.406717,221,picked_up,2026-04-07T02:53:52+06:00,True,Steadfast,STF-RDR-011,Imran Mia,8801729705726,courier_rider,Bike,Dhaka-Metro-LA-55-3918,2025-07-22,4.88,active,Mohakhali,56,21,1714,2026-02-11T12:17:14+06:00,2026-08-09T07:42:00+06:00
580,USR065,+8801824241670,Naim Sultana,STF0000581,receiver,2026-05-21T06:24:54+06:00,medium_parcel,Badda,23.775603,90.418719,Mohammadpur,23.76126,90.352105,71,in_transit,2026-05-23T17:24:54+06:00,True,Steadfast,STF-RDR-012,Ashik Uddin,8801899845426,courier_rider,Bike,Dhaka-Metro-LA-12-6776,2023-01-12,4.91,temporarily_inactive,Mohammadpur,45,16,547,2026-02-11T00:26:15+06:00,2026-08-09T08:57:59+06:00
581,USR065,+8801824241670,Naim Sultana,STF0000582,receiver,2026-06-19T22:19:40+06:00,small_parcel,Tejgaon,23.75941,90.397409,Farmgate,23.748925,90.384224,167,picked_up,2026-06-21T11:19:40+06:00,True,Steadfast,STF-RDR-007,Habib Khan,8801355541558,courier_rider,Bicycle,BIC-74141,2024-12-06,4.22,active,Farmgate,44,18,1281,2026-02-11T07:50:51+06:00,2026-08-09T04:50:46+06:00
582,USR065,+8801824241670,Naim Sultana,STF0000583,receiver,2026-03-06T15:36:42+06:00,medium_parcel,Tejgaon,23.770631,90.3963,Uttara,23.873704,90.372199,269,picked_up,2026-03-08T12:36:42+06:00,True,Steadfast,STF-RDR-019,Mizan Kabir,8801539426102,courier_rider,Bicycle,BIC-56726,2025-07-12,4.44,active,Uttara,57,28,1473,2026-02-10T23:40:12+06:00,2026-08-09T01:27:07+06:00
583,USR066,+8801808150648,Farzana Mahmud,STF0000584,sender,2026-06-27T03:40:16+06:00,document,Khilgaon,23.743815,90.41979,Bashundhara,23.822572,90.426781,121,returned,2026-07-01T19:40:16+06:00,True,Steadfast,STF-RDR-003,Shahadat Mollah,8801918581171,courier_rider,Bike,Dhaka-Metro-LA-26-1345,2023-06-16,4.40,active,Bashundhara,60,26,1270,2026-02-10T20:41:14+06:00,2026-08-05T18:37:32+06:00
584,USR066,+8801808150648,Farzana Mahmud,STF0000585,sender,2026-07-24T03:21:30+06:00,small_parcel,Old Dhaka,23.714216,90.402027,Shyamoli,23.774615,90.361113,183,delivered,2026-07-26T04:21:30+06:00,True,Steadfast,STF-RDR-017,Masud Khan,8801360702419,courier_rider,Bike,Dhaka-Metro-LA-28-9831,2023-07-08,4.45,active,Shyamoli,44,21,460,2026-02-12T15:00:00+06:00,2026-08-09T14:25:38+06:00
585,USR066,+8801808150648,Farzana Mahmud,STF0000586,receiver,2026-05-11T12:17:14+06:00,large_parcel,Bashundhara,23.811856,90.424254,Old Dhaka,23.719292,90.401112,316,in_transit,2026-05-15T23:17:14+06:00,True,Steadfast,STF-RDR-014,Rakib Mahmud,8801513377974,courier_rider,Bike,Dhaka-Metro-LA-52-9796,2024-11-17,4.92,active,Old Dhaka,50,18,608,2026-02-10T21:51:42+06:00,2026-07-31T06:18:21+06:00
586,USR066,+8801808150648,Farzana Mahmud,STF0000587,sender,2026-04-22T18:06:50+06:00,medium_parcel,Pallabi,23.838047,90.370813,Shyamoli,23.773301,90.371455,241,cancelled,2026-04-23T10:06:50+06:00,True,Steadfast,STF-RDR-017,Masud Khan,8801360702419,courier_rider,Bike,Dhaka-Metro-LA-28-9831,2023-07-08,4.45,active,Shyamoli,44,21,460,2026-02-12T15:00:00+06:00,2026-08-09T14:25:38+06:00
587,USR066,+8801808150648,Farzana Mahmud,STF0000588,sender,2026-04-21T10:18:25+06:00,small_parcel,Dhanmondi,23.746646,90.374436,Bashundhara,23.809835,90.41869,342,delivered,2026-04-24T10:18:25+06:00,True,Steadfast,STF-RDR-003,Shahadat Mollah,8801918581171,courier_rider,Bike,Dhaka-Metro-LA-26-1345,2023-06-16,4.40,active,Bashundhara,60,26,1270,2026-02-10T20:41:14+06:00,2026-08-05T18:37:32+06:00
588,USR066,+8801808150648,Farzana Mahmud,STF0000589,sender,2026-03-04T13:47:59+06:00,document,Wari,23.716887,90.424912,Shyamoli,23.778137,90.372748,98,cancelled,2026-03-04T20:47:59+06:00,True,Steadfast,STF-RDR-017,Masud Khan,8801360702419,courier_rider,Bike,Dhaka-Metro-LA-28-9831,2023-07-08,4.45,active,Shyamoli,44,21,460,2026-02-12T15:00:00+06:00,2026-08-09T14:25:38+06:00
589,USR066,+8801808150648,Farzana Mahmud,STF0000590,sender,2026-08-05T21:51:38+06:00,document,Farmgate,23.760062,90.39015,Mohakhali,23.779921,90.400238,301,picked_up,2026-08-09T01:51:38+06:00,True,Steadfast,STF-RDR-011,Imran Mia,8801729705726,courier_rider,Bike,Dhaka-Metro-LA-55-3918,2025-07-22,4.88,active,Mohakhali,56,21,1714,2026-02-11T12:17:14+06:00,2026-08-09T07:42:00+06:00
590,USR067,+8801552073645,Adnan Hasan,STF0000591,receiver,2026-07-20T05:38:40+06:00,small_parcel,Rampura,23.759714,90.425484,Wari,23.72249,90.415592,212,returned,2026-07-21T18:38:40+06:00,True,Steadfast,STF-RDR-020,Emon Chowdhury,8801311733213,courier_rider,Bike,Dhaka-Metro-LA-44-7379,2023-07-10,4.24,active,Wari,56,26,197,2026-02-13T15:08:13+06:00,2026-08-07T17:55:05+06:00
591,USR067,+8801552073645,Adnan Hasan,STF0000592,receiver,2026-04-04T14:19:29+06:00,small_parcel,Khilgaon,23.750382,90.425171,Gulshan,23.793341,90.406241,191,cancelled,2026-04-08T09:19:29+06:00,True,Steadfast,STF-RDR-008,Kawsar Hasan,8801749085349,courier_rider,Bike,Dhaka-Metro-LA-47-2714,2025-11-24,4.63,active,Gulshan,44,18,921,2026-02-11T10:32:27+06:00,2026-08-06T05:18:42+06:00
592,USR067,+8801552073645,Adnan Hasan,STF0000593,receiver,2026-06-06T07:23:12+06:00,small_parcel,Wari,23.729074,90.423668,Gulshan,23.797646,90.413081,226,delivered,2026-06-09T00:23:12+06:00,True,Steadfast,STF-RDR-008,Kawsar Hasan,8801749085349,courier_rider,Bike,Dhaka-Metro-LA-47-2714,2025-11-24,4.63,active,Gulshan,44,18,921,2026-02-11T10:32:27+06:00,2026-08-06T05:18:42+06:00
593,USR067,+8801552073645,Adnan Hasan,STF0000594,sender,2026-07-07T09:06:49+06:00,document,Badda,23.777777,90.420553,Motijheel,23.729823,90.412883,208,cancelled,2026-07-11T10:06:49+06:00,True,Steadfast,STF-RDR-013,Rubel Mia,8801633950512,courier_rider,Bike,Dhaka-Metro-LA-28-7399,2025-12-23,4.32,active,Motijheel,39,18,975,2026-02-10T21:39:21+06:00,2026-08-06T00:06:07+06:00
594,USR067,+8801552073645,Adnan Hasan,STF0000595,sender,2026-06-28T11:43:06+06:00,small_parcel,Khilgaon,23.751673,90.431258,Old Dhaka,23.708238,90.403725,185,picked_up,2026-06-29T20:43:06+06:00,True,Steadfast,STF-RDR-014,Rakib Mahmud,8801513377974,courier_rider,Bike,Dhaka-Metro-LA-52-9796,2024-11-17,4.92,active,Old Dhaka,50,18,608,2026-02-10T21:51:42+06:00,2026-07-31T06:18:21+06:00
595,USR067,+8801552073645,Adnan Hasan,STF0000596,receiver,2026-04-27T23:31:18+06:00,large_parcel,Uttara,23.873509,90.385595,Khilgaon,23.75842,90.429142,182,delivered,2026-04-30T12:31:18+06:00,True,Steadfast,STF-RDR-009,Habib Hossain,8801495463244,courier_rider,Bike,Dhaka-Metro-LA-18-5393,2023-09-14,4.29,active,Khilgaon,47,24,1313,2026-02-11T11:56:35+06:00,2026-08-08T17:34:54+06:00
596,USR067,+8801552073645,Adnan Hasan,STF0000597,receiver,2026-06-15T13:27:17+06:00,large_parcel,Mohakhali,23.777835,90.398121,Tejgaon,23.766043,90.389558,147,delivered,2026-06-19T21:27:17+06:00,True,Steadfast,STF-RDR-018,Al Amin Uddin,8801433490845,courier_rider,Bike,Dhaka-Metro-LA-17-7450,2023-06-18,4.55,active,Tejgaon,40,17,1513,2026-02-12T22:21:32+06:00,2026-08-10T19:56:43+06:00
597,USR067,+8801552073645,Adnan Hasan,STF0000598,sender,2026-02-11T12:17:14+06:00,small_parcel,Motijheel,23.735637,90.415858,Mohakhali,23.784801,90.391495,281,picked_up,2026-02-12T21:17:14+06:00,True,Steadfast,STF-RDR-011,Imran Mia,8801729705726,courier_rider,Bike,Dhaka-Metro-LA-55-3918,2025-07-22,4.88,active,Mohakhali,56,21,1714,2026-02-11T12:17:14+06:00,2026-08-09T07:42:00+06:00
598,USR068,+8801501915636,Saif Rahman,STF0000599,receiver,2026-05-19T09:00:35+06:00,large_parcel,Banani,23.802561,90.403796,Khilgaon,23.751672,90.436547,72,delivered,2026-05-22T08:00:35+06:00,True,Steadfast,STF-RDR-009,Habib Hossain,8801495463244,courier_rider,Bike,Dhaka-Metro-LA-18-5393,2023-09-14,4.29,active,Khilgaon,47,24,1313,2026-02-11T11:56:35+06:00,2026-08-08T17:34:54+06:00
599,USR068,+8801501915636,Saif Rahman,STF0000600,receiver,2026-06-14T13:53:49+06:00,medium_parcel,Tejgaon,23.764459,90.387206,Old Dhaka,23.718273,90.415652,339,returned,2026-06-15T20:53:49+06:00,True,Steadfast,STF-RDR-014,Rakib Mahmud,8801513377974,courier_rider,Bike,Dhaka-Metro-LA-52-9796,2024-11-17,4.92,active,Old Dhaka,50,18,608,2026-02-10T21:51:42+06:00,2026-07-31T06:18:21+06:00
600,USR068,+8801501915636,Saif Rahman,STF0000601,receiver,2026-02-14T09:28:59+06:00,document,Gulshan,23.791442,90.399374,Banani,23.794321,90.401157,173,picked_up,2026-02-18T08:28:59+06:00,True,Steadfast,STF-RDR-002,Nahid Ali,8801571364853,courier_rider,Bike,Dhaka-Metro-LA-17-2538,2024-06-01,4.61,active,Banani,38,18,585,2026-02-11T07:26:41+06:00,2026-07-27T20:50:45+06:00
601,USR068,+8801501915636,Saif Rahman,STF0000602,sender,2026-06-17T12:52:55+06:00,large_parcel,Mirpur,23.822475,90.360888,Dhanmondi,23.750389,90.38353,101,returned,2026-06-18T14:52:55+06:00,True,Steadfast,STF-RDR-006,Shakil Ali,8801781454791,courier_rider,Bike,Dhaka-Metro-LA-30-3204,2023-04-22,4.57,active,Dhanmondi,59,22,398,2026-02-15T21:35:06+06:00,2026-08-09T12:49:46+06:00
602,USR068,+8801501915636,Saif Rahman,STF0000603,receiver,2026-05-04T21:37:32+06:00,medium_parcel,Farmgate,23.750512,90.387882,Mohakhali,23.770973,90.391707,286,in_transit,2026-05-08T02:37:32+06:00,True,Steadfast,STF-RDR-011,Imran Mia,8801729705726,courier_rider,Bike,Dhaka-Metro-LA-55-3918,2025-07-22,4.88,active,Mohakhali,56,21,1714,2026-02-11T12:17:14+06:00,2026-08-09T07:42:00+06:00
603,USR068,+8801501915636,Saif Rahman,STF0000604,receiver,2026-05-29T13:08:30+06:00,medium_parcel,Mohammadpur,23.777199,90.361846,Banani,23.799552,90.414047,128,delivered,2026-05-31T13:08:30+06:00,True,Steadfast,STF-RDR-002,Nahid Ali,8801571364853,courier_rider,Bike,Dhaka-Metro-LA-17-2538,2024-06-01,4.61,active,Banani,38,18,585,2026-02-11T07:26:41+06:00,2026-07-27T20:50:45+06:00
604,USR068,+8801501915636,Saif Rahman,STF0000605,receiver,2026-03-01T22:57:57+06:00,small_parcel,Mohammadpur,23.773746,90.359389,Rampura,23.767686,90.425908,111,picked_up,2026-03-02T03:57:57+06:00,True,Steadfast,STF-RDR-016,Nadim Mahmud,8801366112261,courier_rider,Bike,Dhaka-Metro-LA-24-7717,2024-01-16,4.20,active,Rampura,53,18,1057,2026-02-18T06:15:30+06:00,2026-08-03T04:51:23+06:00
605,USR068,+8801501915636,Saif Rahman,STF0000606,sender,2026-06-08T04:13:05+06:00,large_parcel,Gulshan,23.784148,90.401654,Pallabi,23.83404,90.365792,348,delivered,2026-06-09T13:13:05+06:00,True,Steadfast,STF-RDR-015,Noman Hasan,8801374179797,courier_rider,Bike,Dhaka-Metro-LA-39-2863,2025-06-29,4.78,active,Pallabi,65,30,1596,2026-02-10T01:26:12+06:00,2026-08-08T10:01:17+06:00
606,USR069,+8801461477764,Sumaiya Rahman,STF0000607,sender,2026-06-29T02:33:53+06:00,large_parcel,Rampura,23.76678,90.422929,Mirpur,23.821736,90.360763,136,delivered,2026-06-30T14:33:53+06:00,True,Steadfast,STF-RDR-010,Shakil Chowdhury,8801508898967,courier_rider,Bicycle,BIC-84798,2024-12-18,4.74,active,Mirpur,41,20,707,2026-02-17T05:21:07+06:00,2026-08-10T23:01:21+06:00
607,USR069,+8801461477764,Sumaiya Rahman,STF0000608,sender,2026-07-10T23:13:23+06:00,large_parcel,Tejgaon,23.757346,90.39629,Banani,23.791933,90.403645,208,delivered,2026-07-12T18:13:23+06:00,True,Steadfast,STF-RDR-002,Nahid Ali,8801571364853,courier_rider,Bike,Dhaka-Metro-LA-17-2538,2024-06-01,4.61,active,Banani,38,18,585,2026-02-11T07:26:41+06:00,2026-07-27T20:50:45+06:00
608,USR069,+8801461477764,Sumaiya Rahman,STF0000609,receiver,2026-06-23T16:09:31+06:00,large_parcel,Mirpur,23.81575,90.361449,Mohakhali,23.78216,90.404531,347,delivered,2026-06-27T09:09:31+06:00,True,Steadfast,STF-RDR-011,Imran Mia,8801729705726,courier_rider,Bike,Dhaka-Metro-LA-55-3918,2025-07-22,4.88,active,Mohakhali,56,21,1714,2026-02-11T12:17:14+06:00,2026-08-09T07:42:00+06:00
609,USR069,+8801461477764,Sumaiya Rahman,STF0000610,receiver,2026-02-14T18:04:21+06:00,small_parcel,Rampura,23.766899,90.418671,Banani,23.802038,90.403084,337,delivered,2026-02-17T13:04:21+06:00,True,Steadfast,STF-RDR-002,Nahid Ali,8801571364853,courier_rider,Bike,Dhaka-Metro-LA-17-2538,2024-06-01,4.61,active,Banani,38,18,585,2026-02-11T07:26:41+06:00,2026-07-27T20:50:45+06:00
610,USR069,+8801461477764,Sumaiya Rahman,STF0000611,sender,2026-02-14T17:52:45+06:00,large_parcel,Wari,23.714501,90.418747,Motijheel,23.727527,90.409024,217,in_transit,2026-02-19T12:52:45+06:00,True,Steadfast,STF-RDR-013,Rubel Mia,8801633950512,courier_rider,Bike,Dhaka-Metro-LA-28-7399,2025-12-23,4.32,active,Motijheel,39,18,975,2026-02-10T21:39:21+06:00,2026-08-06T00:06:07+06:00
611,USR069,+8801461477764,Sumaiya Rahman,STF0000612,receiver,2026-05-28T08:11:44+06:00,medium_parcel,Motijheel,23.734729,90.415364,Mohakhali,23.773576,90.395804,148,delivered,2026-05-30T09:11:44+06:00,True,Steadfast,STF-RDR-011,Imran Mia,8801729705726,courier_rider,Bike,Dhaka-Metro-LA-55-3918,2025-07-22,4.88,active,Mohakhali,56,21,1714,2026-02-11T12:17:14+06:00,2026-08-09T07:42:00+06:00
612,USR070,+8801919700856,Ayesha Ahmed,STF0000613,receiver,2026-03-12T20:04:23+06:00,document,Tejgaon,23.770374,90.390097,Motijheel,23.741736,90.418268,127,returned,2026-03-14T18:04:23+06:00,True,Steadfast,STF-RDR-013,Rubel Mia,8801633950512,courier_rider,Bike,Dhaka-Metro-LA-28-7399,2025-12-23,4.32,active,Motijheel,39,18,975,2026-02-10T21:39:21+06:00,2026-08-06T00:06:07+06:00
613,USR070,+8801919700856,Ayesha Ahmed,STF0000614,sender,2026-07-17T00:10:41+06:00,large_parcel,Banani,23.787746,90.408135,Gulshan,23.78403,90.400806,286,delivered,2026-07-21T02:10:41+06:00,True,Steadfast,STF-RDR-008,Kawsar Hasan,8801749085349,courier_rider,Bike,Dhaka-Metro-LA-47-2714,2025-11-24,4.63,active,Gulshan,44,18,921,2026-02-11T10:32:27+06:00,2026-08-06T05:18:42+06:00
614,USR070,+8801919700856,Ayesha Ahmed,STF0000615,sender,2026-05-25T10:23:36+06:00,large_parcel,Farmgate,23.759154,90.384795,Uttara,23.878451,90.377419,137,delivered,2026-05-26T04:23:36+06:00,True,Steadfast,STF-RDR-019,Mizan Kabir,8801539426102,courier_rider,Bicycle,BIC-56726,2025-07-12,4.44,active,Uttara,57,28,1473,2026-02-10T23:40:12+06:00,2026-08-09T01:27:07+06:00
615,USR070,+8801919700856,Ayesha Ahmed,STF0000616,sender,2026-03-05T01:14:52+06:00,medium_parcel,Old Dhaka,23.718168,90.40592,Uttara,23.874106,90.386617,102,delivered,2026-03-05T06:14:52+06:00,True,Steadfast,STF-RDR-019,Mizan Kabir,8801539426102,courier_rider,Bicycle,BIC-56726,2025-07-12,4.44,active,Uttara,57,28,1473,2026-02-10T23:40:12+06:00,2026-08-09T01:27:07+06:00
616,USR070,+8801919700856,Ayesha Ahmed,STF0000617,sender,2026-05-25T06:36:49+06:00,document,Bashundhara,23.820285,90.425674,Shyamoli,23.772941,90.360681,199,in_transit,2026-05-25T17:36:49+06:00,True,Steadfast,STF-RDR-017,Masud Khan,8801360702419,courier_rider,Bike,Dhaka-Metro-LA-28-9831,2023-07-08,4.45,active,Shyamoli,44,21,460,2026-02-12T15:00:00+06:00,2026-08-09T14:25:38+06:00
617,USR070,+8801919700856,Ayesha Ahmed,STF0000618,sender,2026-03-22T09:28:41+06:00,medium_parcel,Bashundhara,23.806562,90.431186,Banani,23.790842,90.411276,148,picked_up,2026-03-24T08:28:41+06:00,True,Steadfast,STF-RDR-002,Nahid Ali,8801571364853,courier_rider,Bike,Dhaka-Metro-LA-17-2538,2024-06-01,4.61,active,Banani,38,18,585,2026-02-11T07:26:41+06:00,2026-07-27T20:50:45+06:00
618,USR070,+8801919700856,Ayesha Ahmed,STF0000619,sender,2026-05-09T08:59:14+06:00,document,Shyamoli,23.781491,90.357626,Bashundhara,23.806894,90.422884,268,delivered,2026-05-09T20:59:14+06:00,True,Steadfast,STF-RDR-003,Shahadat Mollah,8801918581171,courier_rider,Bike,Dhaka-Metro-LA-26-1345,2023-06-16,4.40,active,Bashundhara,60,26,1270,2026-02-10T20:41:14+06:00,2026-08-05T18:37:32+06:00
619,USR070,+8801919700856,Ayesha Ahmed,STF0000620,receiver,2026-02-18T16:26:54+06:00,document,Rampura,23.762889,90.414758,Dhanmondi,23.743313,90.383282,71,returned,2026-02-19T12:26:54+06:00,True,Steadfast,STF-RDR-006,Shakil Ali,8801781454791,courier_rider,Bike,Dhaka-Metro-LA-30-3204,2023-04-22,4.57,active,Dhanmondi,59,22,398,2026-02-15T21:35:06+06:00,2026-08-09T12:49:46+06:00
620,USR070,+8801919700856,Ayesha Ahmed,STF0000621,receiver,2026-04-12T02:32:58+06:00,document,Banani,23.798788,90.407219,Mohammadpur,23.775867,90.351895,92,in_transit,2026-04-14T02:32:58+06:00,True,Steadfast,STF-RDR-012,Ashik Uddin,8801899845426,courier_rider,Bike,Dhaka-Metro-LA-12-6776,2023-01-12,4.91,temporarily_inactive,Mohammadpur,45,16,547,2026-02-11T00:26:15+06:00,2026-08-09T08:57:59+06:00
621,USR071,+8801371764059,Hasan Ali,STF0000622,sender,2026-04-21T13:40:25+06:00,medium_parcel,Mohammadpur,23.766112,90.362941,Dhanmondi,23.742368,90.371268,309,picked_up,2026-04-25T11:40:25+06:00,True,Steadfast,STF-RDR-006,Shakil Ali,8801781454791,courier_rider,Bike,Dhaka-Metro-LA-30-3204,2023-04-22,4.57,active,Dhanmondi,59,22,398,2026-02-15T21:35:06+06:00,2026-08-09T12:49:46+06:00
622,USR071,+8801371764059,Hasan Ali,STF0000623,sender,2026-04-29T03:59:33+06:00,document,Badda,23.779411,90.432706,Dhanmondi,23.744008,90.367123,152,in_transit,2026-05-01T12:59:33+06:00,True,Steadfast,STF-RDR-006,Shakil Ali,8801781454791,courier_rider,Bike,Dhaka-Metro-LA-30-3204,2023-04-22,4.57,active,Dhanmondi,59,22,398,2026-02-15T21:35:06+06:00,2026-08-09T12:49:46+06:00
623,USR071,+8801371764059,Hasan Ali,STF0000624,sender,2026-02-22T18:21:50+06:00,large_parcel,Dhanmondi,23.742543,90.368822,Old Dhaka,23.711703,90.399214,163,delivered,2026-02-26T20:21:50+06:00,True,Steadfast,STF-RDR-014,Rakib Mahmud,8801513377974,courier_rider,Bike,Dhaka-Metro-LA-52-9796,2024-11-17,4.92,active,Old Dhaka,50,18,608,2026-02-10T21:51:42+06:00,2026-07-31T06:18:21+06:00
624,USR071,+8801371764059,Hasan Ali,STF0000625,sender,2026-06-01T14:54:40+06:00,small_parcel,Gulshan,23.797981,90.40151,Uttara,23.869624,90.379383,171,in_transit,2026-06-03T22:54:40+06:00,True,Steadfast,STF-RDR-019,Mizan Kabir,8801539426102,courier_rider,Bicycle,BIC-56726,2025-07-12,4.44,active,Uttara,57,28,1473,2026-02-10T23:40:12+06:00,2026-08-09T01:27:07+06:00
625,USR071,+8801371764059,Hasan Ali,STF0000626,sender,2026-06-08T04:26:54+06:00,document,Motijheel,23.741727,90.410268,Khilgaon,23.750239,90.433883,120,in_transit,2026-06-08T22:26:54+06:00,True,Steadfast,STF-RDR-009,Habib Hossain,8801495463244,courier_rider,Bike,Dhaka-Metro-LA-18-5393,2023-09-14,4.29,active,Khilgaon,47,24,1313,2026-02-11T11:56:35+06:00,2026-08-08T17:34:54+06:00
626,USR071,+8801371764059,Hasan Ali,STF0000627,sender,2026-05-06T16:56:57+06:00,document,Badda,23.775996,90.433037,Motijheel,23.740365,90.411304,176,cancelled,2026-05-10T02:56:57+06:00,True,Steadfast,STF-RDR-013,Rubel Mia,8801633950512,courier_rider,Bike,Dhaka-Metro-LA-28-7399,2025-12-23,4.32,active,Motijheel,39,18,975,2026-02-10T21:39:21+06:00,2026-08-06T00:06:07+06:00
627,USR071,+8801371764059,Hasan Ali,STF0000628,receiver,2026-05-02T01:34:31+06:00,large_parcel,Badda,23.784008,90.433031,Khilgaon,23.759179,90.436185,83,picked_up,2026-05-05T19:34:31+06:00,True,Steadfast,STF-RDR-009,Habib Hossain,8801495463244,courier_rider,Bike,Dhaka-Metro-LA-18-5393,2023-09-14,4.29,active,Khilgaon,47,24,1313,2026-02-11T11:56:35+06:00,2026-08-08T17:34:54+06:00
628,USR071,+8801371764059,Hasan Ali,STF0000629,sender,2026-05-10T03:09:42+06:00,small_parcel,Pallabi,23.83384,90.368286,Mirpur,23.816124,90.359901,172,delivered,2026-05-10T16:09:42+06:00,True,Steadfast,STF-RDR-010,Shakil Chowdhury,8801508898967,courier_rider,Bicycle,BIC-84798,2024-12-18,4.74,active,Mirpur,41,20,707,2026-02-17T05:21:07+06:00,2026-08-10T23:01:21+06:00
629,USR071,+8801371764059,Hasan Ali,STF0000630,receiver,2026-05-31T09:03:26+06:00,large_parcel,Dhanmondi,23.738851,90.382667,Khilgaon,23.758422,90.429807,76,cancelled,2026-06-03T10:03:26+06:00,True,Steadfast,STF-RDR-009,Habib Hossain,8801495463244,courier_rider,Bike,Dhaka-Metro-LA-18-5393,2023-09-14,4.29,active,Khilgaon,47,24,1313,2026-02-11T11:56:35+06:00,2026-08-08T17:34:54+06:00
630,USR072,+8801809070598,Hasan Akter,STF0000631,sender,2026-04-27T00:23:38+06:00,medium_parcel,Shyamoli,23.76675,90.367544,Old Dhaka,23.708323,90.410871,316,delivered,2026-05-01T10:23:38+06:00,True,Steadfast,STF-RDR-014,Rakib Mahmud,8801513377974,courier_rider,Bike,Dhaka-Metro-LA-52-9796,2024-11-17,4.92,active,Old Dhaka,50,18,608,2026-02-10T21:51:42+06:00,2026-07-31T06:18:21+06:00
631,USR072,+8801809070598,Hasan Akter,STF0000632,sender,2026-04-23T05:39:27+06:00,large_parcel,Mohakhali,23.774807,90.405466,Farmgate,23.756594,90.394267,246,delivered,2026-04-23T22:39:27+06:00,True,Steadfast,STF-RDR-007,Habib Khan,8801355541558,courier_rider,Bicycle,BIC-74141,2024-12-06,4.22,active,Farmgate,44,18,1281,2026-02-11T07:50:51+06:00,2026-08-09T04:50:46+06:00
632,USR072,+8801809070598,Hasan Akter,STF0000633,sender,2026-06-28T19:24:17+06:00,medium_parcel,Wari,23.713734,90.420974,Rampura,23.763141,90.423576,252,delivered,2026-06-30T21:24:17+06:00,True,Steadfast,STF-RDR-016,Nadim Mahmud,8801366112261,courier_rider,Bike,Dhaka-Metro-LA-24-7717,2024-01-16,4.20,active,Rampura,53,18,1057,2026-02-18T06:15:30+06:00,2026-08-03T04:51:23+06:00
633,USR072,+8801809070598,Hasan Akter,STF0000634,sender,2026-07-14T04:42:06+06:00,medium_parcel,Khilgaon,23.747056,90.434946,Mohakhali,23.776425,90.394635,288,returned,2026-07-14T17:42:06+06:00,True,Steadfast,STF-RDR-011,Imran Mia,8801729705726,courier_rider,Bike,Dhaka-Metro-LA-55-3918,2025-07-22,4.88,active,Mohakhali,56,21,1714,2026-02-11T12:17:14+06:00,2026-08-09T07:42:00+06:00
634,USR072,+8801809070598,Hasan Akter,STF0000635,receiver,2026-04-05T05:10:54+06:00,large_parcel,Shyamoli,23.781716,90.356526,Wari,23.713474,90.411378,270,in_transit,2026-04-07T05:10:54+06:00,True,Steadfast,STF-RDR-020,Emon Chowdhury,8801311733213,courier_rider,Bike,Dhaka-Metro-LA-44-7379,2023-07-10,4.24,active,Wari,56,26,197,2026-02-13T15:08:13+06:00,2026-08-07T17:55:05+06:00
635,USR072,+8801809070598,Hasan Akter,STF0000636,sender,2026-05-16T12:34:17+06:00,document,Uttara,23.871852,90.383213,Motijheel,23.737072,90.420941,167,returned,2026-05-18T09:34:17+06:00,True,Steadfast,STF-RDR-013,Rubel Mia,8801633950512,courier_rider,Bike,Dhaka-Metro-LA-28-7399,2025-12-23,4.32,active,Motijheel,39,18,975,2026-02-10T21:39:21+06:00,2026-08-06T00:06:07+06:00
636,USR072,+8801809070598,Hasan Akter,STF0000637,receiver,2026-02-17T12:10:34+06:00,document,Bashundhara,23.806553,90.423801,Wari,23.717037,90.411415,273,picked_up,2026-02-17T20:10:34+06:00,True,Steadfast,STF-RDR-020,Emon Chowdhury,8801311733213,courier_rider,Bike,Dhaka-Metro-LA-44-7379,2023-07-10,4.24,active,Wari,56,26,197,2026-02-13T15:08:13+06:00,2026-08-07T17:55:05+06:00
637,USR072,+8801809070598,Hasan Akter,STF0000638,sender,2026-05-30T19:42:53+06:00,document,Mohakhali,23.773941,90.395787,Uttara,23.871357,90.37195,239,delivered,2026-05-31T06:42:53+06:00,True,Steadfast,STF-RDR-019,Mizan Kabir,8801539426102,courier_rider,Bicycle,BIC-56726,2025-07-12,4.44,active,Uttara,57,28,1473,2026-02-10T23:40:12+06:00,2026-08-09T01:27:07+06:00
638,USR072,+8801809070598,Hasan Akter,STF0000639,receiver,2026-03-18T05:27:25+06:00,medium_parcel,Badda,23.771794,90.418539,Pallabi,23.823715,90.37044,331,delivered,2026-03-22T12:27:25+06:00,True,Steadfast,STF-RDR-015,Noman Hasan,8801374179797,courier_rider,Bike,Dhaka-Metro-LA-39-2863,2025-06-29,4.78,active,Pallabi,65,30,1596,2026-02-10T01:26:12+06:00,2026-08-08T10:01:17+06:00
639,USR072,+8801809070598,Hasan Akter,STF0000640,sender,2026-02-17T16:09:32+06:00,medium_parcel,Farmgate,23.754491,90.383309,Tejgaon,23.754989,90.397709,190,delivered,2026-02-20T21:09:32+06:00,True,Steadfast,STF-RDR-018,Al Amin Uddin,8801433490845,courier_rider,Bike,Dhaka-Metro-LA-17-7450,2023-06-18,4.55,active,Tejgaon,40,17,1513,2026-02-12T22:21:32+06:00,2026-08-10T19:56:43+06:00
640,USR073,+8801396303029,Sumaiya Mahmud,STF0000641,sender,2026-06-25T13:56:11+06:00,large_parcel,Khilgaon,23.747169,90.420065,Uttara,23.874744,90.382762,297,picked_up,2026-06-27T22:56:11+06:00,True,Steadfast,STF-RDR-019,Mizan Kabir,8801539426102,courier_rider,Bicycle,BIC-56726,2025-07-12,4.44,active,Uttara,57,28,1473,2026-02-10T23:40:12+06:00,2026-08-09T01:27:07+06:00
641,USR073,+8801396303029,Sumaiya Mahmud,STF0000642,sender,2026-03-09T02:45:44+06:00,document,Gulshan,23.801442,90.413812,Farmgate,23.749479,90.391727,257,returned,2026-03-09T15:45:44+06:00,True,Steadfast,STF-RDR-007,Habib Khan,8801355541558,courier_rider,Bicycle,BIC-74141,2024-12-06,4.22,active,Farmgate,44,18,1281,2026-02-11T07:50:51+06:00,2026-08-09T04:50:46+06:00
642,USR073,+8801396303029,Sumaiya Mahmud,STF0000643,receiver,2026-05-05T22:34:23+06:00,small_parcel,Wari,23.724911,90.41069,Farmgate,23.76065,90.390561,290,delivered,2026-05-10T21:34:23+06:00,True,Steadfast,STF-RDR-007,Habib Khan,8801355541558,courier_rider,Bicycle,BIC-74141,2024-12-06,4.22,active,Farmgate,44,18,1281,2026-02-11T07:50:51+06:00,2026-08-09T04:50:46+06:00
643,USR073,+8801396303029,Sumaiya Mahmud,STF0000644,sender,2026-03-15T14:09:12+06:00,medium_parcel,Shyamoli,23.772884,90.359851,Farmgate,23.764196,90.386234,147,delivered,2026-03-18T17:09:12+06:00,True,Steadfast,STF-RDR-007,Habib Khan,8801355541558,courier_rider,Bicycle,BIC-74141,2024-12-06,4.22,active,Farmgate,44,18,1281,2026-02-11T07:50:51+06:00,2026-08-09T04:50:46+06:00
644,USR073,+8801396303029,Sumaiya Mahmud,STF0000645,sender,2026-03-31T17:36:11+06:00,large_parcel,Bashundhara,23.823444,90.416627,Uttara,23.875981,90.371842,287,returned,2026-04-05T10:36:11+06:00,True,Steadfast,STF-RDR-019,Mizan Kabir,8801539426102,courier_rider,Bicycle,BIC-56726,2025-07-12,4.44,active,Uttara,57,28,1473,2026-02-10T23:40:12+06:00,2026-08-09T01:27:07+06:00
645,USR073,+8801396303029,Sumaiya Mahmud,STF0000646,receiver,2026-03-01T01:36:59+06:00,document,Mohammadpur,23.777351,90.366847,Wari,23.719187,90.423732,257,in_transit,2026-03-03T01:36:59+06:00,True,Steadfast,STF-RDR-020,Emon Chowdhury,8801311733213,courier_rider,Bike,Dhaka-Metro-LA-44-7379,2023-07-10,4.24,active,Wari,56,26,197,2026-02-13T15:08:13+06:00,2026-08-07T17:55:05+06:00
646,USR073,+8801396303029,Sumaiya Mahmud,STF0000647,sender,2026-06-06T18:35:05+06:00,medium_parcel,Old Dhaka,23.707881,90.40925,Mirpur,23.825783,90.366014,228,returned,2026-06-09T18:35:05+06:00,True,Steadfast,STF-RDR-010,Shakil Chowdhury,8801508898967,courier_rider,Bicycle,BIC-84798,2024-12-18,4.74,active,Mirpur,41,20,707,2026-02-17T05:21:07+06:00,2026-08-10T23:01:21+06:00
647,USR073,+8801396303029,Sumaiya Mahmud,STF0000648,receiver,2026-03-18T19:33:08+06:00,document,Dhanmondi,23.748018,90.380378,Shyamoli,23.781734,90.365663,339,delivered,2026-03-20T20:33:08+06:00,True,Steadfast,STF-RDR-017,Masud Khan,8801360702419,courier_rider,Bike,Dhaka-Metro-LA-28-9831,2023-07-08,4.45,active,Shyamoli,44,21,460,2026-02-12T15:00:00+06:00,2026-08-09T14:25:38+06:00
648,USR073,+8801396303029,Sumaiya Mahmud,STF0000649,receiver,2026-05-14T17:28:21+06:00,medium_parcel,Pallabi,23.836613,90.366629,Khilgaon,23.753812,90.430859,334,picked_up,2026-05-17T02:28:21+06:00,True,Steadfast,STF-RDR-009,Habib Hossain,8801495463244,courier_rider,Bike,Dhaka-Metro-LA-18-5393,2023-09-14,4.29,active,Khilgaon,47,24,1313,2026-02-11T11:56:35+06:00,2026-08-08T17:34:54+06:00
649,USR074,+8801533710145,Farzana Uddin,STF0000650,receiver,2026-03-16T13:48:51+06:00,small_parcel,Banani,23.795404,90.405215,Badda,23.773612,90.418307,250,delivered,2026-03-17T21:48:51+06:00,True,Steadfast,STF-RDR-021,Mamun Khan,8801550451076,courier_rider,Bike,Dhaka-Metro-LA-46-4897,2023-05-12,4.39,active,Badda,31,14,976,2026-02-13T07:18:09+06:00,2026-08-10T18:55:10+06:00
650,USR074,+8801533710145,Farzana Uddin,STF0000651,sender,2026-07-05T17:42:23+06:00,medium_parcel,Wari,23.71902,90.408733,Old Dhaka,23.712931,90.411886,243,in_transit,2026-07-07T04:42:23+06:00,True,Steadfast,STF-RDR-014,Rakib Mahmud,8801513377974,courier_rider,Bike,Dhaka-Metro-LA-52-9796,2024-11-17,4.92,active,Old Dhaka,50,18,608,2026-02-10T21:51:42+06:00,2026-07-31T06:18:21+06:00
651,USR074,+8801533710145,Farzana Uddin,STF0000652,sender,2026-05-29T07:15:38+06:00,medium_parcel,Mohammadpur,23.76597,90.356001,Bashundhara,23.81058,90.427252,168,in_transit,2026-06-02T18:15:38+06:00,True,Steadfast,STF-RDR-003,Shahadat Mollah,8801918581171,courier_rider,Bike,Dhaka-Metro-LA-26-1345,2023-06-16,4.40,active,Bashundhara,60,26,1270,2026-02-10T20:41:14+06:00,2026-08-05T18:37:32+06:00
652,USR074,+8801533710145,Farzana Uddin,STF0000653,sender,2026-07-26T08:18:44+06:00,small_parcel,Shyamoli,23.771913,90.368284,Uttara,23.870661,90.377185,206,picked_up,2026-07-30T16:18:44+06:00,True,Steadfast,STF-RDR-019,Mizan Kabir,8801539426102,courier_rider,Bicycle,BIC-56726,2025-07-12,4.44,active,Uttara,57,28,1473,2026-02-10T23:40:12+06:00,2026-08-09T01:27:07+06:00
653,USR074,+8801533710145,Farzana Uddin,STF0000654,receiver,2026-03-06T07:24:11+06:00,small_parcel,Khilgaon,23.744175,90.434802,Wari,23.713577,90.413183,344,in_transit,2026-03-07T10:24:11+06:00,True,Steadfast,STF-RDR-020,Emon Chowdhury,8801311733213,courier_rider,Bike,Dhaka-Metro-LA-44-7379,2023-07-10,4.24,active,Wari,56,26,197,2026-02-13T15:08:13+06:00,2026-08-07T17:55:05+06:00
654,USR074,+8801533710145,Farzana Uddin,STF0000655,receiver,2026-03-20T04:21:09+06:00,medium_parcel,Dhanmondi,23.749882,90.375286,Badda,23.779242,90.42015,137,returned,2026-03-22T03:21:09+06:00,True,Steadfast,STF-RDR-021,Mamun Khan,8801550451076,courier_rider,Bike,Dhaka-Metro-LA-46-4897,2023-05-12,4.39,active,Badda,31,14,976,2026-02-13T07:18:09+06:00,2026-08-10T18:55:10+06:00
655,USR074,+8801533710145,Farzana Uddin,STF0000656,receiver,2026-06-15T14:50:52+06:00,document,Old Dhaka,23.706003,90.401593,Dhanmondi,23.751785,90.375028,325,in_transit,2026-06-17T04:50:52+06:00,True,Steadfast,STF-RDR-006,Shakil Ali,8801781454791,courier_rider,Bike,Dhaka-Metro-LA-30-3204,2023-04-22,4.57,active,Dhanmondi,59,22,398,2026-02-15T21:35:06+06:00,2026-08-09T12:49:46+06:00
656,USR075,+8801895714902,Shihab Khan,STF0000657,receiver,2026-02-18T08:13:06+06:00,document,Mohammadpur,23.770216,90.363367,Khilgaon,23.749569,90.420557,349,delivered,2026-02-20T10:13:06+06:00,True,Steadfast,STF-RDR-009,Habib Hossain,8801495463244,courier_rider,Bike,Dhaka-Metro-LA-18-5393,2023-09-14,4.29,active,Khilgaon,47,24,1313,2026-02-11T11:56:35+06:00,2026-08-08T17:34:54+06:00
657,USR075,+8801895714902,Shihab Khan,STF0000658,sender,2026-03-02T08:36:13+06:00,document,Dhanmondi,23.75471,90.380198,Rampura,23.758228,90.41372,265,cancelled,2026-03-07T03:36:13+06:00,True,Steadfast,STF-RDR-016,Nadim Mahmud,8801366112261,courier_rider,Bike,Dhaka-Metro-LA-24-7717,2024-01-16,4.20,active,Rampura,53,18,1057,2026-02-18T06:15:30+06:00,2026-08-03T04:51:23+06:00
658,USR075,+8801895714902,Shihab Khan,STF0000659,sender,2026-08-05T23:53:53+06:00,medium_parcel,Farmgate,23.755431,90.392158,Gulshan,23.800249,90.409378,75,picked_up,2026-08-09T16:53:53+06:00,True,Steadfast,STF-RDR-008,Kawsar Hasan,8801749085349,courier_rider,Bike,Dhaka-Metro-LA-47-2714,2025-11-24,4.63,active,Gulshan,44,18,921,2026-02-11T10:32:27+06:00,2026-08-06T05:18:42+06:00
659,USR075,+8801895714902,Shihab Khan,STF0000660,sender,2026-06-24T05:20:32+06:00,document,Tejgaon,23.760435,90.390586,Old Dhaka,23.705163,90.404224,287,picked_up,2026-06-27T06:20:32+06:00,True,Steadfast,STF-RDR-014,Rakib Mahmud,8801513377974,courier_rider,Bike,Dhaka-Metro-LA-52-9796,2024-11-17,4.92,active,Old Dhaka,50,18,608,2026-02-10T21:51:42+06:00,2026-07-31T06:18:21+06:00
660,USR075,+8801895714902,Shihab Khan,STF0000661,receiver,2026-07-05T08:41:53+06:00,small_parcel,Gulshan,23.792133,90.40497,Farmgate,23.766372,90.397679,188,in_transit,2026-07-05T14:41:53+06:00,True,Steadfast,STF-RDR-007,Habib Khan,8801355541558,courier_rider,Bicycle,BIC-74141,2024-12-06,4.22,active,Farmgate,44,18,1281,2026-02-11T07:50:51+06:00,2026-08-09T04:50:46+06:00
661,USR075,+8801895714902,Shihab Khan,STF0000662,receiver,2026-05-13T15:55:04+06:00,medium_parcel,Mirpur,23.831172,90.360022,Badda,23.780623,90.429532,162,picked_up,2026-05-16T09:55:04+06:00,True,Steadfast,STF-RDR-021,Mamun Khan,8801550451076,courier_rider,Bike,Dhaka-Metro-LA-46-4897,2023-05-12,4.39,active,Badda,31,14,976,2026-02-13T07:18:09+06:00,2026-08-10T18:55:10+06:00
662,USR075,+8801895714902,Shihab Khan,STF0000663,receiver,2026-07-27T03:26:03+06:00,small_parcel,Dhanmondi,23.747981,90.370564,Tejgaon,23.75618,90.386301,340,returned,2026-07-27T10:26:03+06:00,True,Steadfast,STF-RDR-018,Al Amin Uddin,8801433490845,courier_rider,Bike,Dhaka-Metro-LA-17-7450,2023-06-18,4.55,active,Tejgaon,40,17,1513,2026-02-12T22:21:32+06:00,2026-08-10T19:56:43+06:00
663,USR075,+8801895714902,Shihab Khan,STF0000664,sender,2026-05-05T04:17:06+06:00,medium_parcel,Mirpur,23.825183,90.364717,Rampura,23.766319,90.423313,165,cancelled,2026-05-05T07:17:06+06:00,True,Steadfast,STF-RDR-016,Nadim Mahmud,8801366112261,courier_rider,Bike,Dhaka-Metro-LA-24-7717,2024-01-16,4.20,active,Rampura,53,18,1057,2026-02-18T06:15:30+06:00,2026-08-03T04:51:23+06:00
664,USR076,+8801476348350,Sadia Karim,STF0000665,receiver,2026-03-17T05:45:11+06:00,document,Old Dhaka,23.713725,90.410157,Uttara,23.882896,90.373511,221,delivered,2026-03-17T08:45:11+06:00,True,Steadfast,STF-RDR-019,Mizan Kabir,8801539426102,courier_rider,Bicycle,BIC-56726,2025-07-12,4.44,active,Uttara,57,28,1473,2026-02-10T23:40:12+06:00,2026-08-09T01:27:07+06:00
665,USR076,+8801476348350,Sadia Karim,STF0000666,receiver,2026-05-25T05:11:18+06:00,large_parcel,Dhanmondi,23.751761,90.372844,Uttara,23.869483,90.387239,194,in_transit,2026-05-28T21:11:18+06:00,True,Steadfast,STF-RDR-019,Mizan Kabir,8801539426102,courier_rider,Bicycle,BIC-56726,2025-07-12,4.44,active,Uttara,57,28,1473,2026-02-10T23:40:12+06:00,2026-08-09T01:27:07+06:00
666,USR076,+8801476348350,Sadia Karim,STF0000667,sender,2026-03-15T20:20:11+06:00,large_parcel,Uttara,23.880242,90.37225,Khilgaon,23.742969,90.426975,106,picked_up,2026-03-19T00:20:11+06:00,True,Steadfast,STF-RDR-009,Habib Hossain,8801495463244,courier_rider,Bike,Dhaka-Metro-LA-18-5393,2023-09-14,4.29,active,Khilgaon,47,24,1313,2026-02-11T11:56:35+06:00,2026-08-08T17:34:54+06:00
667,USR076,+8801476348350,Sadia Karim,STF0000668,sender,2026-04-14T09:45:12+06:00,document,Shyamoli,23.782819,90.369688,Khilgaon,23.751166,90.43132,270,delivered,2026-04-17T17:45:12+06:00,True,Steadfast,STF-RDR-009,Habib Hossain,8801495463244,courier_rider,Bike,Dhaka-Metro-LA-18-5393,2023-09-14,4.29,active,Khilgaon,47,24,1313,2026-02-11T11:56:35+06:00,2026-08-08T17:34:54+06:00
668,USR076,+8801476348350,Sadia Karim,STF0000669,receiver,2026-05-19T08:37:05+06:00,document,Farmgate,23.750335,90.393645,Uttara,23.87369,90.382655,284,delivered,2026-05-22T02:37:05+06:00,True,Steadfast,STF-RDR-019,Mizan Kabir,8801539426102,courier_rider,Bicycle,BIC-56726,2025-07-12,4.44,active,Uttara,57,28,1473,2026-02-10T23:40:12+06:00,2026-08-09T01:27:07+06:00
669,USR076,+8801476348350,Sadia Karim,STF0000670,receiver,2026-04-19T10:06:52+06:00,large_parcel,Wari,23.729062,90.416659,Mohammadpur,23.765173,90.356916,133,picked_up,2026-04-22T10:06:52+06:00,True,Steadfast,STF-RDR-012,Ashik Uddin,8801899845426,courier_rider,Bike,Dhaka-Metro-LA-12-6776,2023-01-12,4.91,temporarily_inactive,Mohammadpur,45,16,547,2026-02-11T00:26:15+06:00,2026-08-09T08:57:59+06:00
670,USR076,+8801476348350,Sadia Karim,STF0000671,sender,2026-04-18T15:58:53+06:00,small_parcel,Tejgaon,23.757588,90.382623,Dhanmondi,23.751649,90.372312,182,delivered,2026-04-21T13:58:53+06:00,True,Steadfast,STF-RDR-006,Shakil Ali,8801781454791,courier_rider,Bike,Dhaka-Metro-LA-30-3204,2023-04-22,4.57,active,Dhanmondi,59,22,398,2026-02-15T21:35:06+06:00,2026-08-09T12:49:46+06:00
671,USR076,+8801476348350,Sadia Karim,STF0000672,sender,2026-06-06T08:26:52+06:00,document,Mirpur,23.824882,90.361975,Khilgaon,23.743298,90.42142,295,delivered,2026-06-08T19:26:52+06:00,True,Steadfast,STF-RDR-009,Habib Hossain,8801495463244,courier_rider,Bike,Dhaka-Metro-LA-18-5393,2023-09-14,4.29,active,Khilgaon,47,24,1313,2026-02-11T11:56:35+06:00,2026-08-08T17:34:54+06:00
672,USR077,+8801430135102,Mehedi Mahmud,STF0000673,receiver,2026-07-25T02:41:10+06:00,large_parcel,Khilgaon,23.747681,90.430538,Gulshan,23.784426,90.413924,324,cancelled,2026-07-27T05:41:10+06:00,True,Steadfast,STF-RDR-008,Kawsar Hasan,8801749085349,courier_rider,Bike,Dhaka-Metro-LA-47-2714,2025-11-24,4.63,active,Gulshan,44,18,921,2026-02-11T10:32:27+06:00,2026-08-06T05:18:42+06:00
673,USR077,+8801430135102,Mehedi Mahmud,STF0000674,sender,2026-04-25T19:15:29+06:00,small_parcel,Gulshan,23.794981,90.401021,Rampura,23.769029,90.414325,345,in_transit,2026-04-28T03:15:29+06:00,True,Steadfast,STF-RDR-016,Nadim Mahmud,8801366112261,courier_rider,Bike,Dhaka-Metro-LA-24-7717,2024-01-16,4.20,active,Rampura,53,18,1057,2026-02-18T06:15:30+06:00,2026-08-03T04:51:23+06:00
674,USR077,+8801430135102,Mehedi Mahmud,STF0000675,receiver,2026-05-08T05:51:47+06:00,medium_parcel,Badda,23.782797,90.42133,Pallabi,23.832673,90.364083,121,picked_up,2026-05-12T12:51:47+06:00,True,Steadfast,STF-RDR-015,Noman Hasan,8801374179797,courier_rider,Bike,Dhaka-Metro-LA-39-2863,2025-06-29,4.78,active,Pallabi,65,30,1596,2026-02-10T01:26:12+06:00,2026-08-08T10:01:17+06:00
675,USR077,+8801430135102,Mehedi Mahmud,STF0000676,receiver,2026-03-04T03:40:46+06:00,document,Khilgaon,23.75415,90.435418,Mirpur,23.818138,90.372227,217,in_transit,2026-03-05T03:40:46+06:00,True,Steadfast,STF-RDR-010,Shakil Chowdhury,8801508898967,courier_rider,Bicycle,BIC-84798,2024-12-18,4.74,active,Mirpur,41,20,707,2026-02-17T05:21:07+06:00,2026-08-10T23:01:21+06:00
676,USR077,+8801430135102,Mehedi Mahmud,STF0000677,sender,2026-07-29T03:17:41+06:00,medium_parcel,Banani,23.786692,90.399531,Dhanmondi,23.753812,90.381556,200,in_transit,2026-08-02T03:17:41+06:00,True,Steadfast,STF-RDR-006,Shakil Ali,8801781454791,courier_rider,Bike,Dhaka-Metro-LA-30-3204,2023-04-22,4.57,active,Dhanmondi,59,22,398,2026-02-15T21:35:06+06:00,2026-08-09T12:49:46+06:00
677,USR077,+8801430135102,Mehedi Mahmud,STF0000678,sender,2026-03-01T16:00:42+06:00,medium_parcel,Mohammadpur,23.771891,90.366146,Dhanmondi,23.753384,90.37706,111,delivered,2026-03-04T00:00:42+06:00,True,Steadfast,STF-RDR-006,Shakil Ali,8801781454791,courier_rider,Bike,Dhaka-Metro-LA-30-3204,2023-04-22,4.57,active,Dhanmondi,59,22,398,2026-02-15T21:35:06+06:00,2026-08-09T12:49:46+06:00
678,USR077,+8801430135102,Mehedi Mahmud,STF0000679,sender,2026-06-13T19:40:08+06:00,small_parcel,Gulshan,23.790233,90.402774,Pallabi,23.827725,90.370036,301,delivered,2026-06-18T06:40:08+06:00,True,Steadfast,STF-RDR-015,Noman Hasan,8801374179797,courier_rider,Bike,Dhaka-Metro-LA-39-2863,2025-06-29,4.78,active,Pallabi,65,30,1596,2026-02-10T01:26:12+06:00,2026-08-08T10:01:17+06:00
679,USR077,+8801430135102,Mehedi Mahmud,STF0000680,receiver,2026-04-02T17:18:24+06:00,document,Tejgaon,23.755648,90.382202,Motijheel,23.72463,90.411761,231,in_transit,2026-04-03T16:18:24+06:00,True,Steadfast,STF-RDR-013,Rubel Mia,8801633950512,courier_rider,Bike,Dhaka-Metro-LA-28-7399,2025-12-23,4.32,active,Motijheel,39,18,975,2026-02-10T21:39:21+06:00,2026-08-06T00:06:07+06:00
680,USR077,+8801430135102,Mehedi Mahmud,STF0000681,receiver,2026-03-18T01:15:12+06:00,large_parcel,Farmgate,23.759984,90.385373,Bashundhara,23.807423,90.431357,202,picked_up,2026-03-21T04:15:12+06:00,True,Steadfast,STF-RDR-003,Shahadat Mollah,8801918581171,courier_rider,Bike,Dhaka-Metro-LA-26-1345,2023-06-16,4.40,active,Bashundhara,60,26,1270,2026-02-10T20:41:14+06:00,2026-08-05T18:37:32+06:00
681,USR077,+8801430135102,Mehedi Mahmud,STF0000682,receiver,2026-05-10T19:43:00+06:00,small_parcel,Banani,23.791017,90.403384,Old Dhaka,23.714461,90.415221,228,delivered,2026-05-14T14:43:00+06:00,True,Steadfast,STF-RDR-014,Rakib Mahmud,8801513377974,courier_rider,Bike,Dhaka-Metro-LA-52-9796,2024-11-17,4.92,active,Old Dhaka,50,18,608,2026-02-10T21:51:42+06:00,2026-07-31T06:18:21+06:00
682,USR077,+8801430135102,Mehedi Mahmud,STF0000683,sender,2026-03-01T04:03:15+06:00,small_parcel,Banani,23.786495,90.414448,Gulshan,23.801487,90.410928,258,returned,2026-03-01T08:03:15+06:00,True,Steadfast,STF-RDR-008,Kawsar Hasan,8801749085349,courier_rider,Bike,Dhaka-Metro-LA-47-2714,2025-11-24,4.63,active,Gulshan,44,18,921,2026-02-11T10:32:27+06:00,2026-08-06T05:18:42+06:00
683,USR078,+8801368603970,Nadia Mahmud,STF0000684,receiver,2026-05-21T06:22:02+06:00,large_parcel,Gulshan,23.801362,90.399989,Old Dhaka,23.717544,90.406358,216,cancelled,2026-05-21T11:22:02+06:00,True,Steadfast,STF-RDR-014,Rakib Mahmud,8801513377974,courier_rider,Bike,Dhaka-Metro-LA-52-9796,2024-11-17,4.92,active,Old Dhaka,50,18,608,2026-02-10T21:51:42+06:00,2026-07-31T06:18:21+06:00
684,USR078,+8801368603970,Nadia Mahmud,STF0000685,receiver,2026-04-08T19:19:51+06:00,medium_parcel,Wari,23.713777,90.418139,Banani,23.787984,90.40668,77,delivered,2026-04-09T07:19:51+06:00,True,Steadfast,STF-RDR-002,Nahid Ali,8801571364853,courier_rider,Bike,Dhaka-Metro-LA-17-2538,2024-06-01,4.61,active,Banani,38,18,585,2026-02-11T07:26:41+06:00,2026-07-27T20:50:45+06:00
685,USR078,+8801368603970,Nadia Mahmud,STF0000686,receiver,2026-03-06T21:27:53+06:00,medium_parcel,Mirpur,23.817876,90.373277,Uttara,23.870762,90.387575,267,in_transit,2026-03-08T09:27:53+06:00,True,Steadfast,STF-RDR-019,Mizan Kabir,8801539426102,courier_rider,Bicycle,BIC-56726,2025-07-12,4.44,active,Uttara,57,28,1473,2026-02-10T23:40:12+06:00,2026-08-09T01:27:07+06:00
686,USR078,+8801368603970,Nadia Mahmud,STF0000687,sender,2026-05-08T12:41:05+06:00,large_parcel,Uttara,23.879416,90.385985,Khilgaon,23.746209,90.43344,306,returned,2026-05-09T03:41:05+06:00,True,Steadfast,STF-RDR-009,Habib Hossain,8801495463244,courier_rider,Bike,Dhaka-Metro-LA-18-5393,2023-09-14,4.29,active,Khilgaon,47,24,1313,2026-02-11T11:56:35+06:00,2026-08-08T17:34:54+06:00
687,USR078,+8801368603970,Nadia Mahmud,STF0000688,sender,2026-06-19T04:05:30+06:00,medium_parcel,Rampura,23.762621,90.425095,Mohakhali,23.775781,90.402841,77,picked_up,2026-06-20T12:05:30+06:00,True,Steadfast,STF-RDR-011,Imran Mia,8801729705726,courier_rider,Bike,Dhaka-Metro-LA-55-3918,2025-07-22,4.88,active,Mohakhali,56,21,1714,2026-02-11T12:17:14+06:00,2026-08-09T07:42:00+06:00
688,USR078,+8801368603970,Nadia Mahmud,STF0000689,receiver,2026-04-30T05:04:16+06:00,small_parcel,Khilgaon,23.742617,90.423198,Mohakhali,23.786392,90.391244,321,delivered,2026-05-01T04:04:16+06:00,True,Steadfast,STF-RDR-011,Imran Mia,8801729705726,courier_rider,Bike,Dhaka-Metro-LA-55-3918,2025-07-22,4.88,active,Mohakhali,56,21,1714,2026-02-11T12:17:14+06:00,2026-08-09T07:42:00+06:00
689,USR078,+8801368603970,Nadia Mahmud,STF0000690,receiver,2026-04-27T21:16:27+06:00,large_parcel,Motijheel,23.739337,90.416279,Mohammadpur,23.773139,90.351022,133,picked_up,2026-05-01T08:16:27+06:00,True,Steadfast,STF-RDR-012,Ashik Uddin,8801899845426,courier_rider,Bike,Dhaka-Metro-LA-12-6776,2023-01-12,4.91,temporarily_inactive,Mohammadpur,45,16,547,2026-02-11T00:26:15+06:00,2026-08-09T08:57:59+06:00
690,USR078,+8801368603970,Nadia Mahmud,STF0000691,receiver,2026-04-08T02:42:07+06:00,document,Motijheel,23.726666,90.413458,Bashundhara,23.819007,90.421101,94,in_transit,2026-04-12T14:42:07+06:00,True,Steadfast,STF-RDR-003,Shahadat Mollah,8801918581171,courier_rider,Bike,Dhaka-Metro-LA-26-1345,2023-06-16,4.40,active,Bashundhara,60,26,1270,2026-02-10T20:41:14+06:00,2026-08-05T18:37:32+06:00
691,USR078,+8801368603970,Nadia Mahmud,STF0000692,receiver,2026-03-17T14:28:12+06:00,large_parcel,Motijheel,23.725097,90.418652,Khilgaon,23.745098,90.422755,309,delivered,2026-03-21T05:28:12+06:00,True,Steadfast,STF-RDR-009,Habib Hossain,8801495463244,courier_rider,Bike,Dhaka-Metro-LA-18-5393,2023-09-14,4.29,active,Khilgaon,47,24,1313,2026-02-11T11:56:35+06:00,2026-08-08T17:34:54+06:00
692,USR079,+8801765164695,Jannat Akter,STF0000693,receiver,2026-03-24T07:20:52+06:00,medium_parcel,Tejgaon,23.765842,90.399672,Uttara,23.872934,90.378421,292,picked_up,2026-03-24T15:20:52+06:00,True,Steadfast,STF-RDR-019,Mizan Kabir,8801539426102,courier_rider,Bicycle,BIC-56726,2025-07-12,4.44,active,Uttara,57,28,1473,2026-02-10T23:40:12+06:00,2026-08-09T01:27:07+06:00
693,USR079,+8801765164695,Jannat Akter,STF0000694,receiver,2026-07-13T11:35:00+06:00,large_parcel,Old Dhaka,23.712558,90.401378,Farmgate,23.764869,90.388195,185,returned,2026-07-16T02:35:00+06:00,True,Steadfast,STF-RDR-007,Habib Khan,8801355541558,courier_rider,Bicycle,BIC-74141,2024-12-06,4.22,active,Farmgate,44,18,1281,2026-02-11T07:50:51+06:00,2026-08-09T04:50:46+06:00
694,USR079,+8801765164695,Jannat Akter,STF0000695,sender,2026-05-12T04:14:32+06:00,document,Bashundhara,23.807813,90.432778,Old Dhaka,23.716518,90.403798,132,picked_up,2026-05-14T12:14:32+06:00,True,Steadfast,STF-RDR-014,Rakib Mahmud,8801513377974,courier_rider,Bike,Dhaka-Metro-LA-52-9796,2024-11-17,4.92,active,Old Dhaka,50,18,608,2026-02-10T21:51:42+06:00,2026-07-31T06:18:21+06:00
695,USR079,+8801765164695,Jannat Akter,STF0000696,receiver,2026-07-21T01:46:38+06:00,document,Mirpur,23.821083,90.369269,Khilgaon,23.755557,90.426411,85,delivered,2026-07-24T06:46:38+06:00,True,Steadfast,STF-RDR-009,Habib Hossain,8801495463244,courier_rider,Bike,Dhaka-Metro-LA-18-5393,2023-09-14,4.29,active,Khilgaon,47,24,1313,2026-02-11T11:56:35+06:00,2026-08-08T17:34:54+06:00
696,USR079,+8801765164695,Jannat Akter,STF0000697,sender,2026-05-17T17:07:25+06:00,small_parcel,Wari,23.714959,90.417499,Mohammadpur,23.761112,90.349965,331,in_transit,2026-05-22T07:07:25+06:00,True,Steadfast,STF-RDR-012,Ashik Uddin,8801899845426,courier_rider,Bike,Dhaka-Metro-LA-12-6776,2023-01-12,4.91,temporarily_inactive,Mohammadpur,45,16,547,2026-02-11T00:26:15+06:00,2026-08-09T08:57:59+06:00
697,USR079,+8801765164695,Jannat Akter,STF0000698,receiver,2026-02-23T10:18:19+06:00,small_parcel,Bashundhara,23.806979,90.422887,Mohakhali,23.774441,90.403023,211,in_transit,2026-02-28T02:18:19+06:00,True,Steadfast,STF-RDR-011,Imran Mia,8801729705726,courier_rider,Bike,Dhaka-Metro-LA-55-3918,2025-07-22,4.88,active,Mohakhali,56,21,1714,2026-02-11T12:17:14+06:00,2026-08-09T07:42:00+06:00
698,USR079,+8801765164695,Jannat Akter,STF0000699,sender,2026-06-25T01:22:17+06:00,large_parcel,Mohammadpur,23.776525,90.352272,Mohakhali,23.771445,90.405308,109,returned,2026-06-25T17:22:17+06:00,True,Steadfast,STF-RDR-011,Imran Mia,8801729705726,courier_rider,Bike,Dhaka-Metro-LA-55-3918,2025-07-22,4.88,active,Mohakhali,56,21,1714,2026-02-11T12:17:14+06:00,2026-08-09T07:42:00+06:00
699,USR080,+8801798484581,Nadia Ahmed,STF0000700,sender,2026-06-27T03:43:43+06:00,small_parcel,Farmgate,23.749588,90.398066,Shyamoli,23.768658,90.364199,179,picked_up,2026-07-01T01:43:43+06:00,True,Steadfast,STF-RDR-017,Masud Khan,8801360702419,courier_rider,Bike,Dhaka-Metro-LA-28-9831,2023-07-08,4.45,active,Shyamoli,44,21,460,2026-02-12T15:00:00+06:00,2026-08-09T14:25:38+06:00
700,USR080,+8801798484581,Nadia Ahmed,STF0000701,sender,2026-06-15T04:52:41+06:00,large_parcel,Mohammadpur,23.759444,90.359811,Dhanmondi,23.74983,90.381477,137,in_transit,2026-06-16T03:52:41+06:00,True,Steadfast,STF-RDR-006,Shakil Ali,8801781454791,courier_rider,Bike,Dhaka-Metro-LA-30-3204,2023-04-22,4.57,active,Dhanmondi,59,22,398,2026-02-15T21:35:06+06:00,2026-08-09T12:49:46+06:00
701,USR080,+8801798484581,Nadia Ahmed,STF0000702,sender,2026-07-14T10:46:59+06:00,large_parcel,Khilgaon,23.744255,90.422847,Mohakhali,23.777592,90.398348,348,returned,2026-07-17T17:46:59+06:00,True,Steadfast,STF-RDR-011,Imran Mia,8801729705726,courier_rider,Bike,Dhaka-Metro-LA-55-3918,2025-07-22,4.88,active,Mohakhali,56,21,1714,2026-02-11T12:17:14+06:00,2026-08-09T07:42:00+06:00
702,USR080,+8801798484581,Nadia Ahmed,STF0000703,receiver,2026-05-05T14:20:16+06:00,document,Wari,23.717889,90.42576,Rampura,23.762367,90.412882,217,in_transit,2026-05-10T00:20:16+06:00,True,Steadfast,STF-RDR-016,Nadim Mahmud,8801366112261,courier_rider,Bike,Dhaka-Metro-LA-24-7717,2024-01-16,4.20,active,Rampura,53,18,1057,2026-02-18T06:15:30+06:00,2026-08-03T04:51:23+06:00
703,USR080,+8801798484581,Nadia Ahmed,STF0000704,receiver,2026-06-18T14:28:56+06:00,medium_parcel,Old Dhaka,23.70224,90.404122,Banani,23.797276,90.404317,266,picked_up,2026-06-22T10:28:56+06:00,True,Steadfast,STF-RDR-002,Nahid Ali,8801571364853,courier_rider,Bike,Dhaka-Metro-LA-17-2538,2024-06-01,4.61,active,Banani,38,18,585,2026-02-11T07:26:41+06:00,2026-07-27T20:50:45+06:00
704,USR080,+8801798484581,Nadia Ahmed,STF0000705,sender,2026-04-07T20:44:17+06:00,large_parcel,Farmgate,23.764854,90.396225,Mohakhali,23.785126,90.391206,271,returned,2026-04-12T01:44:17+06:00,True,Steadfast,STF-RDR-011,Imran Mia,8801729705726,courier_rider,Bike,Dhaka-Metro-LA-55-3918,2025-07-22,4.88,active,Mohakhali,56,21,1714,2026-02-11T12:17:14+06:00,2026-08-09T07:42:00+06:00
705,USR080,+8801798484581,Nadia Ahmed,STF0000706,sender,2026-02-10T23:40:12+06:00,small_parcel,Farmgate,23.752146,90.381176,Uttara,23.867438,90.379014,100,picked_up,2026-02-15T16:40:12+06:00,True,Steadfast,STF-RDR-019,Mizan Kabir,8801539426102,courier_rider,Bicycle,BIC-56726,2025-07-12,4.44,active,Uttara,57,28,1473,2026-02-10T23:40:12+06:00,2026-08-09T01:27:07+06:00
706,USR081,+8801824517956,Shihab Kabir,STF0000707,sender,2026-04-09T19:13:20+06:00,small_parcel,Rampura,23.756928,90.413809,Old Dhaka,23.712514,90.406222,285,in_transit,2026-04-14T16:13:20+06:00,True,Steadfast,STF-RDR-014,Rakib Mahmud,8801513377974,courier_rider,Bike,Dhaka-Metro-LA-52-9796,2024-11-17,4.92,active,Old Dhaka,50,18,608,2026-02-10T21:51:42+06:00,2026-07-31T06:18:21+06:00
707,USR081,+8801824517956,Shihab Kabir,STF0000708,sender,2026-07-18T19:18:06+06:00,small_parcel,Dhanmondi,23.73967,90.371567,Badda,23.777337,90.4221,173,in_transit,2026-07-20T01:18:06+06:00,True,Steadfast,STF-RDR-001,Zahid Ahmed,8801371653930,courier_rider,Bike,Dhaka-Metro-LA-47-6988,2026-03-01,4.44,active,Badda,18,8,932,2026-02-10T03:29:07+06:00,2026-08-07T13:08:02+06:00
708,USR081,+8801824517956,Shihab Kabir,STF0000709,receiver,2026-08-10T18:55:10+06:00,small_parcel,Pallabi,23.838111,90.361537,Badda,23.78346,90.420111,316,delivered,2026-08-14T17:55:10+06:00,True,Steadfast,STF-RDR-021,Mamun Khan,8801550451076,courier_rider,Bike,Dhaka-Metro-LA-46-4897,2023-05-12,4.39,active,Badda,31,14,976,2026-02-13T07:18:09+06:00,2026-08-10T18:55:10+06:00
709,USR081,+8801824517956,Shihab Kabir,STF0000710,sender,2026-03-02T13:59:50+06:00,large_parcel,Gulshan,23.79374,90.401753,Tejgaon,23.769571,90.389589,266,in_transit,2026-03-07T02:59:50+06:00,True,Steadfast,STF-RDR-018,Al Amin Uddin,8801433490845,courier_rider,Bike,Dhaka-Metro-LA-17-7450,2023-06-18,4.55,active,Tejgaon,40,17,1513,2026-02-12T22:21:32+06:00,2026-08-10T19:56:43+06:00
710,USR081,+8801824517956,Shihab Kabir,STF0000711,sender,2026-06-01T08:22:43+06:00,small_parcel,Old Dhaka,23.71374,90.408249,Mohakhali,23.784666,90.402191,122,returned,2026-06-02T17:22:43+06:00,True,Steadfast,STF-RDR-011,Imran Mia,8801729705726,courier_rider,Bike,Dhaka-Metro-LA-55-3918,2025-07-22,4.88,active,Mohakhali,56,21,1714,2026-02-11T12:17:14+06:00,2026-08-09T07:42:00+06:00
711,USR081,+8801824517956,Shihab Kabir,STF0000712,sender,2026-07-18T04:13:34+06:00,large_parcel,Motijheel,23.727047,90.425962,Dhanmondi,23.746771,90.368065,316,delivered,2026-07-18T12:13:34+06:00,True,Steadfast,STF-RDR-006,Shakil Ali,8801781454791,courier_rider,Bike,Dhaka-Metro-LA-30-3204,2023-04-22,4.57,active,Dhanmondi,59,22,398,2026-02-15T21:35:06+06:00,2026-08-09T12:49:46+06:00
712,USR081,+8801824517956,Shihab Kabir,STF0000713,receiver,2026-07-30T06:29:03+06:00,document,Dhanmondi,23.743021,90.380926,Old Dhaka,23.703443,90.41022,305,cancelled,2026-08-01T06:29:03+06:00,True,Steadfast,STF-RDR-014,Rakib Mahmud,8801513377974,courier_rider,Bike,Dhaka-Metro-LA-52-9796,2024-11-17,4.92,active,Old Dhaka,50,18,608,2026-02-10T21:51:42+06:00,2026-07-31T06:18:21+06:00
713,USR081,+8801824517956,Shihab Kabir,STF0000714,sender,2026-04-10T10:50:51+06:00,small_parcel,Uttara,23.873483,90.371264,Badda,23.778116,90.422842,87,delivered,2026-04-12T09:50:51+06:00,True,Steadfast,STF-RDR-001,Zahid Ahmed,8801371653930,courier_rider,Bike,Dhaka-Metro-LA-47-6988,2026-03-01,4.44,active,Badda,18,8,932,2026-02-10T03:29:07+06:00,2026-08-07T13:08:02+06:00
714,USR081,+8801824517956,Shihab Kabir,STF0000715,receiver,2026-07-03T23:05:54+06:00,document,Farmgate,23.748813,90.3879,Rampura,23.76752,90.413641,219,delivered,2026-07-07T07:05:54+06:00,True,Steadfast,STF-RDR-016,Nadim Mahmud,8801366112261,courier_rider,Bike,Dhaka-Metro-LA-24-7717,2024-01-16,4.20,active,Rampura,53,18,1057,2026-02-18T06:15:30+06:00,2026-08-03T04:51:23+06:00
715,USR082,+8801794496492,Ridwan Rahman,STF0000716,receiver,2026-06-12T12:11:41+06:00,large_parcel,Pallabi,23.832112,90.372693,Banani,23.796291,90.409382,216,delivered,2026-06-13T23:11:41+06:00,True,Steadfast,STF-RDR-002,Nahid Ali,8801571364853,courier_rider,Bike,Dhaka-Metro-LA-17-2538,2024-06-01,4.61,active,Banani,38,18,585,2026-02-11T07:26:41+06:00,2026-07-27T20:50:45+06:00
716,USR082,+8801794496492,Ridwan Rahman,STF0000717,sender,2026-05-25T08:07:28+06:00,medium_parcel,Badda,23.774747,90.434442,Pallabi,23.822457,90.37029,204,delivered,2026-05-26T09:07:28+06:00,True,Steadfast,STF-RDR-015,Noman Hasan,8801374179797,courier_rider,Bike,Dhaka-Metro-LA-39-2863,2025-06-29,4.78,active,Pallabi,65,30,1596,2026-02-10T01:26:12+06:00,2026-08-08T10:01:17+06:00
717,USR082,+8801794496492,Ridwan Rahman,STF0000718,receiver,2026-07-13T03:31:02+06:00,medium_parcel,Pallabi,23.837718,90.362895,Old Dhaka,23.711897,90.410374,174,returned,2026-07-17T10:31:02+06:00,True,Steadfast,STF-RDR-014,Rakib Mahmud,8801513377974,courier_rider,Bike,Dhaka-Metro-LA-52-9796,2024-11-17,4.92,active,Old Dhaka,50,18,608,2026-02-10T21:51:42+06:00,2026-07-31T06:18:21+06:00
718,USR082,+8801794496492,Ridwan Rahman,STF0000719,sender,2026-06-21T02:25:44+06:00,large_parcel,Pallabi,23.825974,90.356884,Banani,23.799253,90.413022,133,delivered,2026-06-23T12:25:44+06:00,True,Steadfast,STF-RDR-002,Nahid Ali,8801571364853,courier_rider,Bike,Dhaka-Metro-LA-17-2538,2024-06-01,4.61,active,Banani,38,18,585,2026-02-11T07:26:41+06:00,2026-07-27T20:50:45+06:00
719,USR082,+8801794496492,Ridwan Rahman,STF0000720,receiver,2026-02-24T00:22:14+06:00,medium_parcel,Farmgate,23.75231,90.386071,Wari,23.718439,90.420023,247,delivered,2026-02-26T15:22:14+06:00,True,Steadfast,STF-RDR-020,Emon Chowdhury,8801311733213,courier_rider,Bike,Dhaka-Metro-LA-44-7379,2023-07-10,4.24,active,Wari,56,26,197,2026-02-13T15:08:13+06:00,2026-08-07T17:55:05+06:00
720,USR082,+8801794496492,Ridwan Rahman,STF0000721,sender,2026-02-11T15:40:35+06:00,medium_parcel,Pallabi,23.838198,90.361581,Mohammadpur,23.759765,90.351104,226,delivered,2026-02-13T07:40:35+06:00,True,Steadfast,STF-RDR-012,Ashik Uddin,8801899845426,courier_rider,Bike,Dhaka-Metro-LA-12-6776,2023-01-12,4.91,temporarily_inactive,Mohammadpur,45,16,547,2026-02-11T00:26:15+06:00,2026-08-09T08:57:59+06:00
721,USR082,+8801794496492,Ridwan Rahman,STF0000722,sender,2026-08-05T12:42:48+06:00,large_parcel,Khilgaon,23.748446,90.434099,Farmgate,23.762587,90.398124,230,cancelled,2026-08-10T02:42:48+06:00,True,Steadfast,STF-RDR-007,Habib Khan,8801355541558,courier_rider,Bicycle,BIC-74141,2024-12-06,4.22,active,Farmgate,44,18,1281,2026-02-11T07:50:51+06:00,2026-08-09T04:50:46+06:00
722,USR082,+8801794496492,Ridwan Rahman,STF0000723,sender,2026-07-23T05:59:14+06:00,document,Farmgate,23.757285,90.394982,Tejgaon,23.761755,90.399685,309,picked_up,2026-07-23T12:59:14+06:00,True,Steadfast,STF-RDR-018,Al Amin Uddin,8801433490845,courier_rider,Bike,Dhaka-Metro-LA-17-7450,2023-06-18,4.55,active,Tejgaon,40,17,1513,2026-02-12T22:21:32+06:00,2026-08-10T19:56:43+06:00
723,USR082,+8801794496492,Ridwan Rahman,STF0000724,receiver,2026-07-11T11:39:33+06:00,document,Badda,23.782823,90.430642,Bashundhara,23.820874,90.423817,95,picked_up,2026-07-15T05:39:33+06:00,True,Steadfast,STF-RDR-003,Shahadat Mollah,8801918581171,courier_rider,Bike,Dhaka-Metro-LA-26-1345,2023-06-16,4.40,active,Bashundhara,60,26,1270,2026-02-10T20:41:14+06:00,2026-08-05T18:37:32+06:00
724,USR082,+8801794496492,Ridwan Rahman,STF0000725,receiver,2026-03-17T11:30:36+06:00,small_parcel,Rampura,23.770383,90.42583,Badda,23.785086,90.429444,196,delivered,2026-03-21T22:30:36+06:00,True,Steadfast,STF-RDR-021,Mamun Khan,8801550451076,courier_rider,Bike,Dhaka-Metro-LA-46-4897,2023-05-12,4.39,active,Badda,31,14,976,2026-02-13T07:18:09+06:00,2026-08-10T18:55:10+06:00
725,USR082,+8801794496492,Ridwan Rahman,STF0000726,sender,2026-06-20T18:38:31+06:00,small_parcel,Pallabi,23.834283,90.366,Mohammadpur,23.760147,90.354384,345,delivered,2026-06-22T07:38:31+06:00,True,Steadfast,STF-RDR-012,Ashik Uddin,8801899845426,courier_rider,Bike,Dhaka-Metro-LA-12-6776,2023-01-12,4.91,temporarily_inactive,Mohammadpur,45,16,547,2026-02-11T00:26:15+06:00,2026-08-09T08:57:59+06:00
726,USR083,+8801699611372,Tanjim Hasan,STF0000727,sender,2026-07-10T01:15:11+06:00,medium_parcel,Mohammadpur,23.775508,90.363264,Rampura,23.757615,90.429495,126,delivered,2026-07-10T16:15:11+06:00,True,Steadfast,STF-RDR-016,Nadim Mahmud,8801366112261,courier_rider,Bike,Dhaka-Metro-LA-24-7717,2024-01-16,4.20,active,Rampura,53,18,1057,2026-02-18T06:15:30+06:00,2026-08-03T04:51:23+06:00
727,USR083,+8801699611372,Tanjim Hasan,STF0000728,receiver,2026-03-10T13:04:17+06:00,document,Pallabi,23.837842,90.356608,Motijheel,23.729115,90.413685,156,in_transit,2026-03-15T13:04:17+06:00,True,Steadfast,STF-RDR-013,Rubel Mia,8801633950512,courier_rider,Bike,Dhaka-Metro-LA-28-7399,2025-12-23,4.32,active,Motijheel,39,18,975,2026-02-10T21:39:21+06:00,2026-08-06T00:06:07+06:00
728,USR083,+8801699611372,Tanjim Hasan,STF0000729,receiver,2026-05-03T05:48:38+06:00,document,Wari,23.715899,90.426082,Motijheel,23.734335,90.41328,153,delivered,2026-05-03T20:48:38+06:00,True,Steadfast,STF-RDR-013,Rubel Mia,8801633950512,courier_rider,Bike,Dhaka-Metro-LA-28-7399,2025-12-23,4.32,active,Motijheel,39,18,975,2026-02-10T21:39:21+06:00,2026-08-06T00:06:07+06:00
729,USR083,+8801699611372,Tanjim Hasan,STF0000730,receiver,2026-05-08T08:16:45+06:00,document,Farmgate,23.761125,90.386152,Gulshan,23.791311,90.40577,304,in_transit,2026-05-13T02:16:45+06:00,True,Steadfast,STF-RDR-008,Kawsar Hasan,8801749085349,courier_rider,Bike,Dhaka-Metro-LA-47-2714,2025-11-24,4.63,active,Gulshan,44,18,921,2026-02-11T10:32:27+06:00,2026-08-06T05:18:42+06:00
730,USR083,+8801699611372,Tanjim Hasan,STF0000731,receiver,2026-06-21T12:54:53+06:00,document,Bashundhara,23.806242,90.432433,Gulshan,23.783598,90.406979,132,cancelled,2026-06-26T12:54:53+06:00,True,Steadfast,STF-RDR-008,Kawsar Hasan,8801749085349,courier_rider,Bike,Dhaka-Metro-LA-47-2714,2025-11-24,4.63,active,Gulshan,44,18,921,2026-02-11T10:32:27+06:00,2026-08-06T05:18:42+06:00
731,USR083,+8801699611372,Tanjim Hasan,STF0000732,sender,2026-04-14T07:51:33+06:00,medium_parcel,Dhanmondi,23.740534,90.384474,Gulshan,23.797619,90.408655,117,picked_up,2026-04-15T15:51:33+06:00,True,Steadfast,STF-RDR-008,Kawsar Hasan,8801749085349,courier_rider,Bike,Dhaka-Metro-LA-47-2714,2025-11-24,4.63,active,Gulshan,44,18,921,2026-02-11T10:32:27+06:00,2026-08-06T05:18:42+06:00
732,USR084,+8801991533353,Naim Ahmed,STF0000733,receiver,2026-02-10T21:51:42+06:00,document,Uttara,23.879496,90.372434,Old Dhaka,23.710883,90.412397,229,picked_up,2026-02-12T00:51:42+06:00,True,Steadfast,STF-RDR-014,Rakib Mahmud,8801513377974,courier_rider,Bike,Dhaka-Metro-LA-52-9796,2024-11-17,4.92,active,Old Dhaka,50,18,608,2026-02-10T21:51:42+06:00,2026-07-31T06:18:21+06:00
733,USR084,+8801991533353,Naim Ahmed,STF0000734,sender,2026-05-29T12:44:15+06:00,small_parcel,Wari,23.727989,90.413053,Mirpur,23.821123,90.363995,251,picked_up,2026-06-03T11:44:15+06:00,True,Steadfast,STF-RDR-010,Shakil Chowdhury,8801508898967,courier_rider,Bicycle,BIC-84798,2024-12-18,4.74,active,Mirpur,41,20,707,2026-02-17T05:21:07+06:00,2026-08-10T23:01:21+06:00
734,USR084,+8801991533353,Naim Ahmed,STF0000735,sender,2026-04-15T13:05:01+06:00,document,Banani,23.795801,90.399878,Pallabi,23.822749,90.372052,255,cancelled,2026-04-18T20:05:01+06:00,True,Steadfast,STF-RDR-015,Noman Hasan,8801374179797,courier_rider,Bike,Dhaka-Metro-LA-39-2863,2025-06-29,4.78,active,Pallabi,65,30,1596,2026-02-10T01:26:12+06:00,2026-08-08T10:01:17+06:00
735,USR084,+8801991533353,Naim Ahmed,STF0000736,receiver,2026-04-11T04:28:48+06:00,large_parcel,Shyamoli,23.773554,90.362255,Uttara,23.869912,90.371943,347,cancelled,2026-04-13T07:28:48+06:00,True,Steadfast,STF-RDR-019,Mizan Kabir,8801539426102,courier_rider,Bicycle,BIC-56726,2025-07-12,4.44,active,Uttara,57,28,1473,2026-02-10T23:40:12+06:00,2026-08-09T01:27:07+06:00
736,USR084,+8801991533353,Naim Ahmed,STF0000737,receiver,2026-03-13T10:03:18+06:00,medium_parcel,Old Dhaka,23.71349,90.405619,Shyamoli,23.768336,90.371491,306,picked_up,2026-03-14T17:03:18+06:00,True,Steadfast,STF-RDR-017,Masud Khan,8801360702419,courier_rider,Bike,Dhaka-Metro-LA-28-9831,2023-07-08,4.45,active,Shyamoli,44,21,460,2026-02-12T15:00:00+06:00,2026-08-09T14:25:38+06:00
737,USR084,+8801991533353,Naim Ahmed,STF0000738,receiver,2026-03-11T02:25:43+06:00,small_parcel,Shyamoli,23.771612,90.368758,Uttara,23.884059,90.3801,306,cancelled,2026-03-12T17:25:43+06:00,True,Steadfast,STF-RDR-019,Mizan Kabir,8801539426102,courier_rider,Bicycle,BIC-56726,2025-07-12,4.44,active,Uttara,57,28,1473,2026-02-10T23:40:12+06:00,2026-08-09T01:27:07+06:00
738,USR084,+8801991533353,Naim Ahmed,STF0000739,receiver,2026-06-18T18:03:49+06:00,small_parcel,Gulshan,23.796278,90.399668,Rampura,23.764958,90.429435,126,delivered,2026-06-21T12:03:49+06:00,True,Steadfast,STF-RDR-016,Nadim Mahmud,8801366112261,courier_rider,Bike,Dhaka-Metro-LA-24-7717,2024-01-16,4.20,active,Rampura,53,18,1057,2026-02-18T06:15:30+06:00,2026-08-03T04:51:23+06:00
739,USR085,+8801306840379,Sumaiya Hasan,STF0000740,receiver,2026-06-27T17:01:55+06:00,medium_parcel,Dhanmondi,23.752285,90.379212,Gulshan,23.787636,90.4046,344,delivered,2026-06-28T21:01:55+06:00,True,Steadfast,STF-RDR-008,Kawsar Hasan,8801749085349,courier_rider,Bike,Dhaka-Metro-LA-47-2714,2025-11-24,4.63,active,Gulshan,44,18,921,2026-02-11T10:32:27+06:00,2026-08-06T05:18:42+06:00
740,USR085,+8801306840379,Sumaiya Hasan,STF0000741,sender,2026-07-09T02:53:55+06:00,large_parcel,Uttara,23.880935,90.378269,Gulshan,23.795085,90.413967,153,cancelled,2026-07-13T22:53:55+06:00,True,Steadfast,STF-RDR-008,Kawsar Hasan,8801749085349,courier_rider,Bike,Dhaka-Metro-LA-47-2714,2025-11-24,4.63,active,Gulshan,44,18,921,2026-02-11T10:32:27+06:00,2026-08-06T05:18:42+06:00
741,USR085,+8801306840379,Sumaiya Hasan,STF0000742,receiver,2026-03-03T20:06:33+06:00,medium_parcel,Rampura,23.766451,90.426622,Banani,23.790411,90.412778,219,delivered,2026-03-05T20:06:33+06:00,True,Steadfast,STF-RDR-002,Nahid Ali,8801571364853,courier_rider,Bike,Dhaka-Metro-LA-17-2538,2024-06-01,4.61,active,Banani,38,18,585,2026-02-11T07:26:41+06:00,2026-07-27T20:50:45+06:00
742,USR085,+8801306840379,Sumaiya Hasan,STF0000743,sender,2026-08-02T19:23:20+06:00,medium_parcel,Gulshan,23.790074,90.403144,Rampura,23.760711,90.41398,153,picked_up,2026-08-04T09:23:20+06:00,True,Steadfast,STF-RDR-016,Nadim Mahmud,8801366112261,courier_rider,Bike,Dhaka-Metro-LA-24-7717,2024-01-16,4.20,active,Rampura,53,18,1057,2026-02-18T06:15:30+06:00,2026-08-03T04:51:23+06:00
743,USR085,+8801306840379,Sumaiya Hasan,STF0000744,sender,2026-06-01T15:57:04+06:00,document,Banani,23.796168,90.404296,Dhanmondi,23.73902,90.380441,144,cancelled,2026-06-01T22:57:04+06:00,True,Steadfast,STF-RDR-006,Shakil Ali,8801781454791,courier_rider,Bike,Dhaka-Metro-LA-30-3204,2023-04-22,4.57,active,Dhanmondi,59,22,398,2026-02-15T21:35:06+06:00,2026-08-09T12:49:46+06:00
744,USR085,+8801306840379,Sumaiya Hasan,STF0000745,receiver,2026-05-21T19:49:44+06:00,document,Wari,23.728497,90.417871,Dhanmondi,23.748118,90.369977,145,cancelled,2026-05-22T13:49:44+06:00,True,Steadfast,STF-RDR-006,Shakil Ali,8801781454791,courier_rider,Bike,Dhaka-Metro-LA-30-3204,2023-04-22,4.57,active,Dhanmondi,59,22,398,2026-02-15T21:35:06+06:00,2026-08-09T12:49:46+06:00
745,USR085,+8801306840379,Sumaiya Hasan,STF0000746,sender,2026-05-13T10:50:33+06:00,medium_parcel,Badda,23.783066,90.424175,Old Dhaka,23.705688,90.41621,243,delivered,2026-05-17T21:50:33+06:00,True,Steadfast,STF-RDR-014,Rakib Mahmud,8801513377974,courier_rider,Bike,Dhaka-Metro-LA-52-9796,2024-11-17,4.92,active,Old Dhaka,50,18,608,2026-02-10T21:51:42+06:00,2026-07-31T06:18:21+06:00
746,USR085,+8801306840379,Sumaiya Hasan,STF0000747,receiver,2026-02-16T09:22:39+06:00,medium_parcel,Wari,23.722077,90.425714,Uttara,23.881284,90.385448,330,delivered,2026-02-18T19:22:39+06:00,True,Steadfast,STF-RDR-019,Mizan Kabir,8801539426102,courier_rider,Bicycle,BIC-56726,2025-07-12,4.44,active,Uttara,57,28,1473,2026-02-10T23:40:12+06:00,2026-08-09T01:27:07+06:00
747,USR086,+8801639713895,Anika Akter,STF0000748,sender,2026-03-17T14:38:38+06:00,document,Khilgaon,23.748141,90.420825,Farmgate,23.766684,90.386998,321,delivered,2026-03-21T03:38:38+06:00,True,Steadfast,STF-RDR-007,Habib Khan,8801355541558,courier_rider,Bicycle,BIC-74141,2024-12-06,4.22,active,Farmgate,44,18,1281,2026-02-11T07:50:51+06:00,2026-08-09T04:50:46+06:00
748,USR086,+8801639713895,Anika Akter,STF0000749,receiver,2026-06-13T00:55:01+06:00,small_parcel,Farmgate,23.749905,90.394143,Tejgaon,23.757079,90.384344,325,returned,2026-06-16T08:55:01+06:00,True,Steadfast,STF-RDR-018,Al Amin Uddin,8801433490845,courier_rider,Bike,Dhaka-Metro-LA-17-7450,2023-06-18,4.55,active,Tejgaon,40,17,1513,2026-02-12T22:21:32+06:00,2026-08-10T19:56:43+06:00
749,USR086,+8801639713895,Anika Akter,STF0000750,receiver,2026-07-02T05:24:03+06:00,medium_parcel,Dhanmondi,23.750222,90.383556,Old Dhaka,23.713768,90.399413,142,delivered,2026-07-03T21:24:03+06:00,True,Steadfast,STF-RDR-014,Rakib Mahmud,8801513377974,courier_rider,Bike,Dhaka-Metro-LA-52-9796,2024-11-17,4.92,active,Old Dhaka,50,18,608,2026-02-10T21:51:42+06:00,2026-07-31T06:18:21+06:00
750,USR086,+8801639713895,Anika Akter,STF0000751,receiver,2026-05-27T07:15:41+06:00,document,Bashundhara,23.817228,90.427031,Farmgate,23.759697,90.383444,160,returned,2026-05-28T00:15:41+06:00,True,Steadfast,STF-RDR-007,Habib Khan,8801355541558,courier_rider,Bicycle,BIC-74141,2024-12-06,4.22,active,Farmgate,44,18,1281,2026-02-11T07:50:51+06:00,2026-08-09T04:50:46+06:00
751,USR086,+8801639713895,Anika Akter,STF0000752,receiver,2026-05-02T03:57:27+06:00,large_parcel,Rampura,23.763816,90.42922,Uttara,23.876474,90.376845,92,picked_up,2026-05-04T18:57:27+06:00,True,Steadfast,STF-RDR-019,Mizan Kabir,8801539426102,courier_rider,Bicycle,BIC-56726,2025-07-12,4.44,active,Uttara,57,28,1473,2026-02-10T23:40:12+06:00,2026-08-09T01:27:07+06:00
752,USR086,+8801639713895,Anika Akter,STF0000753,sender,2026-07-29T21:49:32+06:00,large_parcel,Rampura,23.755415,90.420596,Tejgaon,23.769928,90.393334,268,delivered,2026-07-30T03:49:32+06:00,True,Steadfast,STF-RDR-018,Al Amin Uddin,8801433490845,courier_rider,Bike,Dhaka-Metro-LA-17-7450,2023-06-18,4.55,active,Tejgaon,40,17,1513,2026-02-12T22:21:32+06:00,2026-08-10T19:56:43+06:00
753,USR087,+8801921599133,Ritu Rahman,STF0000754,sender,2026-03-14T08:07:17+06:00,medium_parcel,Shyamoli,23.769756,90.366492,Mirpur,23.829715,90.374199,88,delivered,2026-03-18T18:07:17+06:00,True,Steadfast,STF-RDR-010,Shakil Chowdhury,8801508898967,courier_rider,Bicycle,BIC-84798,2024-12-18,4.74,active,Mirpur,41,20,707,2026-02-17T05:21:07+06:00,2026-08-10T23:01:21+06:00
754,USR087,+8801921599133,Ritu Rahman,STF0000755,sender,2026-05-03T23:06:39+06:00,large_parcel,Mirpur,23.818672,90.361152,Wari,23.7168,90.425913,267,delivered,2026-05-07T07:06:39+06:00,True,Steadfast,STF-RDR-020,Emon Chowdhury,8801311733213,courier_rider,Bike,Dhaka-Metro-LA-44-7379,2023-07-10,4.24,active,Wari,56,26,197,2026-02-13T15:08:13+06:00,2026-08-07T17:55:05+06:00
755,USR087,+8801921599133,Ritu Rahman,STF0000756,sender,2026-04-18T08:12:23+06:00,document,Rampura,23.759361,90.42945,Mirpur,23.829489,90.364577,212,delivered,2026-04-22T19:12:23+06:00,True,Steadfast,STF-RDR-010,Shakil Chowdhury,8801508898967,courier_rider,Bicycle,BIC-84798,2024-12-18,4.74,active,Mirpur,41,20,707,2026-02-17T05:21:07+06:00,2026-08-10T23:01:21+06:00
756,USR087,+8801921599133,Ritu Rahman,STF0000757,receiver,2026-03-07T11:40:02+06:00,large_parcel,Badda,23.786659,90.427486,Khilgaon,23.755755,90.426877,308,returned,2026-03-10T05:40:02+06:00,True,Steadfast,STF-RDR-009,Habib Hossain,8801495463244,courier_rider,Bike,Dhaka-Metro-LA-18-5393,2023-09-14,4.29,active,Khilgaon,47,24,1313,2026-02-11T11:56:35+06:00,2026-08-08T17:34:54+06:00
757,USR087,+8801921599133,Ritu Rahman,STF0000758,receiver,2026-07-15T05:32:49+06:00,small_parcel,Pallabi,23.831956,90.371543,Mohammadpur,23.770399,90.351438,337,returned,2026-07-20T03:32:49+06:00,True,Steadfast,STF-RDR-012,Ashik Uddin,8801899845426,courier_rider,Bike,Dhaka-Metro-LA-12-6776,2023-01-12,4.91,temporarily_inactive,Mohammadpur,45,16,547,2026-02-11T00:26:15+06:00,2026-08-09T08:57:59+06:00
758,USR087,+8801921599133,Ritu Rahman,STF0000759,receiver,2026-07-01T14:57:38+06:00,small_parcel,Farmgate,23.766267,90.394085,Pallabi,23.822591,90.359806,157,delivered,2026-07-05T00:57:38+06:00,True,Steadfast,STF-RDR-015,Noman Hasan,8801374179797,courier_rider,Bike,Dhaka-Metro-LA-39-2863,2025-06-29,4.78,active,Pallabi,65,30,1596,2026-02-10T01:26:12+06:00,2026-08-08T10:01:17+06:00
759,USR087,+8801921599133,Ritu Rahman,STF0000760,receiver,2026-07-10T03:34:31+06:00,large_parcel,Dhanmondi,23.750785,90.381634,Pallabi,23.832425,90.368909,289,delivered,2026-07-14T05:34:31+06:00,True,Steadfast,STF-RDR-015,Noman Hasan,8801374179797,courier_rider,Bike,Dhaka-Metro-LA-39-2863,2025-06-29,4.78,active,Pallabi,65,30,1596,2026-02-10T01:26:12+06:00,2026-08-08T10:01:17+06:00
760,USR087,+8801921599133,Ritu Rahman,STF0000761,receiver,2026-05-15T23:07:02+06:00,document,Khilgaon,23.754742,90.434094,Farmgate,23.756355,90.382444,255,picked_up,2026-05-20T17:07:02+06:00,True,Steadfast,STF-RDR-007,Habib Khan,8801355541558,courier_rider,Bicycle,BIC-74141,2024-12-06,4.22,active,Farmgate,44,18,1281,2026-02-11T07:50:51+06:00,2026-08-09T04:50:46+06:00
761,USR087,+8801921599133,Ritu Rahman,STF0000762,receiver,2026-02-11T00:26:15+06:00,small_parcel,Wari,23.72963,90.421353,Mohammadpur,23.773794,90.353722,264,delivered,2026-02-15T06:26:15+06:00,True,Steadfast,STF-RDR-012,Ashik Uddin,8801899845426,courier_rider,Bike,Dhaka-Metro-LA-12-6776,2023-01-12,4.91,temporarily_inactive,Mohammadpur,45,16,547,2026-02-11T00:26:15+06:00,2026-08-09T08:57:59+06:00
762,USR088,+8801946307762,Fahim Jahan,STF0000763,sender,2026-05-15T10:18:49+06:00,document,Badda,23.778151,90.432734,Wari,23.717294,90.426313,194,cancelled,2026-05-16T19:18:49+06:00,True,Steadfast,STF-RDR-020,Emon Chowdhury,8801311733213,courier_rider,Bike,Dhaka-Metro-LA-44-7379,2023-07-10,4.24,active,Wari,56,26,197,2026-02-13T15:08:13+06:00,2026-08-07T17:55:05+06:00
763,USR088,+8801946307762,Fahim Jahan,STF0000764,receiver,2026-04-05T09:38:53+06:00,small_parcel,Mohammadpur,23.764669,90.365966,Banani,23.789803,90.412731,309,picked_up,2026-04-06T00:38:53+06:00,True,Steadfast,STF-RDR-002,Nahid Ali,8801571364853,courier_rider,Bike,Dhaka-Metro-LA-17-2538,2024-06-01,4.61,active,Banani,38,18,585,2026-02-11T07:26:41+06:00,2026-07-27T20:50:45+06:00
764,USR088,+8801946307762,Fahim Jahan,STF0000765,sender,2026-03-13T09:56:01+06:00,medium_parcel,Khilgaon,23.756503,90.427446,Tejgaon,23.76381,90.395123,211,cancelled,2026-03-15T18:56:01+06:00,True,Steadfast,STF-RDR-018,Al Amin Uddin,8801433490845,courier_rider,Bike,Dhaka-Metro-LA-17-7450,2023-06-18,4.55,active,Tejgaon,40,17,1513,2026-02-12T22:21:32+06:00,2026-08-10T19:56:43+06:00
765,USR088,+8801946307762,Fahim Jahan,STF0000766,receiver,2026-03-27T12:50:14+06:00,large_parcel,Banani,23.802362,90.407633,Khilgaon,23.748797,90.432003,98,delivered,2026-03-30T11:50:14+06:00,True,Steadfast,STF-RDR-009,Habib Hossain,8801495463244,courier_rider,Bike,Dhaka-Metro-LA-18-5393,2023-09-14,4.29,active,Khilgaon,47,24,1313,2026-02-11T11:56:35+06:00,2026-08-08T17:34:54+06:00
766,USR088,+8801946307762,Fahim Jahan,STF0000767,sender,2026-07-30T17:48:30+06:00,large_parcel,Mohakhali,23.783118,90.405429,Bashundhara,23.823553,90.426531,348,returned,2026-07-31T16:48:30+06:00,True,Steadfast,STF-RDR-003,Shahadat Mollah,8801918581171,courier_rider,Bike,Dhaka-Metro-LA-26-1345,2023-06-16,4.40,active,Bashundhara,60,26,1270,2026-02-10T20:41:14+06:00,2026-08-05T18:37:32+06:00
767,USR088,+8801946307762,Fahim Jahan,STF0000768,receiver,2026-02-25T04:19:34+06:00,medium_parcel,Mohakhali,23.781927,90.399029,Tejgaon,23.755699,90.395039,250,delivered,2026-03-01T17:19:34+06:00,True,Steadfast,STF-RDR-018,Al Amin Uddin,8801433490845,courier_rider,Bike,Dhaka-Metro-LA-17-7450,2023-06-18,4.55,active,Tejgaon,40,17,1513,2026-02-12T22:21:32+06:00,2026-08-10T19:56:43+06:00
768,USR088,+8801946307762,Fahim Jahan,STF0000769,receiver,2026-08-09T01:27:07+06:00,document,Shyamoli,23.765259,90.365801,Uttara,23.86999,90.385649,237,delivered,2026-08-13T17:27:07+06:00,True,Steadfast,STF-RDR-019,Mizan Kabir,8801539426102,courier_rider,Bicycle,BIC-56726,2025-07-12,4.44,active,Uttara,57,28,1473,2026-02-10T23:40:12+06:00,2026-08-09T01:27:07+06:00
769,USR088,+8801946307762,Fahim Jahan,STF0000770,receiver,2026-03-22T12:27:24+06:00,document,Mohakhali,23.781395,90.40017,Rampura,23.763029,90.429584,108,cancelled,2026-03-26T15:27:24+06:00,True,Steadfast,STF-RDR-016,Nadim Mahmud,8801366112261,courier_rider,Bike,Dhaka-Metro-LA-24-7717,2024-01-16,4.20,active,Rampura,53,18,1057,2026-02-18T06:15:30+06:00,2026-08-03T04:51:23+06:00
770,USR089,+8801866536151,Fahim Islam,STF0000771,sender,2026-06-21T08:14:55+06:00,large_parcel,Banani,23.797483,90.410108,Dhanmondi,23.738853,90.383146,76,delivered,2026-06-24T18:14:55+06:00,True,Steadfast,STF-RDR-006,Shakil Ali,8801781454791,courier_rider,Bike,Dhaka-Metro-LA-30-3204,2023-04-22,4.57,active,Dhanmondi,59,22,398,2026-02-15T21:35:06+06:00,2026-08-09T12:49:46+06:00
771,USR089,+8801866536151,Fahim Islam,STF0000772,sender,2026-07-02T02:36:26+06:00,large_parcel,Bashundhara,23.814836,90.41729,Shyamoli,23.768985,90.361569,94,delivered,2026-07-07T01:36:26+06:00,True,Steadfast,STF-RDR-017,Masud Khan,8801360702419,courier_rider,Bike,Dhaka-Metro-LA-28-9831,2023-07-08,4.45,active,Shyamoli,44,21,460,2026-02-12T15:00:00+06:00,2026-08-09T14:25:38+06:00
772,USR089,+8801866536151,Fahim Islam,STF0000773,sender,2026-06-05T01:22:28+06:00,document,Pallabi,23.835211,90.359648,Mohammadpur,23.763956,90.360667,270,in_transit,2026-06-07T17:22:28+06:00,True,Steadfast,STF-RDR-012,Ashik Uddin,8801899845426,courier_rider,Bike,Dhaka-Metro-LA-12-6776,2023-01-12,4.91,temporarily_inactive,Mohammadpur,45,16,547,2026-02-11T00:26:15+06:00,2026-08-09T08:57:59+06:00
773,USR089,+8801866536151,Fahim Islam,STF0000774,sender,2026-06-02T00:50:21+06:00,small_parcel,Tejgaon,23.771378,90.399021,Old Dhaka,23.707101,90.398411,324,picked_up,2026-06-05T05:50:21+06:00,True,Steadfast,STF-RDR-014,Rakib Mahmud,8801513377974,courier_rider,Bike,Dhaka-Metro-LA-52-9796,2024-11-17,4.92,active,Old Dhaka,50,18,608,2026-02-10T21:51:42+06:00,2026-07-31T06:18:21+06:00
774,USR089,+8801866536151,Fahim Islam,STF0000775,receiver,2026-06-29T23:53:03+06:00,small_parcel,Khilgaon,23.742614,90.434543,Pallabi,23.831707,90.365335,208,picked_up,2026-07-03T00:53:03+06:00,True,Steadfast,STF-RDR-015,Noman Hasan,8801374179797,courier_rider,Bike,Dhaka-Metro-LA-39-2863,2025-06-29,4.78,active,Pallabi,65,30,1596,2026-02-10T01:26:12+06:00,2026-08-08T10:01:17+06:00
775,USR089,+8801866536151,Fahim Islam,STF0000776,receiver,2026-06-04T09:00:08+06:00,document,Motijheel,23.725829,90.409384,Pallabi,23.825356,90.356482,232,returned,2026-06-06T01:00:08+06:00,True,Steadfast,STF-RDR-015,Noman Hasan,8801374179797,courier_rider,Bike,Dhaka-Metro-LA-39-2863,2025-06-29,4.78,active,Pallabi,65,30,1596,2026-02-10T01:26:12+06:00,2026-08-08T10:01:17+06:00
776,USR089,+8801866536151,Fahim Islam,STF0000777,sender,2026-05-21T12:06:08+06:00,document,Uttara,23.876816,90.377488,Bashundhara,23.811883,90.428741,213,delivered,2026-05-21T23:06:08+06:00,True,Steadfast,STF-RDR-003,Shahadat Mollah,8801918581171,courier_rider,Bike,Dhaka-Metro-LA-26-1345,2023-06-16,4.40,active,Bashundhara,60,26,1270,2026-02-10T20:41:14+06:00,2026-08-05T18:37:32+06:00
777,USR090,+8801468450162,Rakib Akter,STF0000778,sender,2026-07-09T06:32:47+06:00,medium_parcel,Rampura,23.756359,90.427678,Khilgaon,23.74688,90.420041,328,delivered,2026-07-09T17:32:47+06:00,True,Steadfast,STF-RDR-009,Habib Hossain,8801495463244,courier_rider,Bike,Dhaka-Metro-LA-18-5393,2023-09-14,4.29,active,Khilgaon,47,24,1313,2026-02-11T11:56:35+06:00,2026-08-08T17:34:54+06:00
778,USR090,+8801468450162,Rakib Akter,STF0000779,receiver,2026-08-01T16:10:22+06:00,large_parcel,Old Dhaka,23.706997,90.405118,Bashundhara,23.807848,90.429491,276,cancelled,2026-08-02T22:10:22+06:00,True,Steadfast,STF-RDR-003,Shahadat Mollah,8801918581171,courier_rider,Bike,Dhaka-Metro-LA-26-1345,2023-06-16,4.40,active,Bashundhara,60,26,1270,2026-02-10T20:41:14+06:00,2026-08-05T18:37:32+06:00
779,USR090,+8801468450162,Rakib Akter,STF0000780,receiver,2026-07-31T06:18:21+06:00,large_parcel,Farmgate,23.764387,90.392499,Old Dhaka,23.711545,90.409984,126,delivered,2026-07-31T08:18:21+06:00,True,Steadfast,STF-RDR-014,Rakib Mahmud,8801513377974,courier_rider,Bike,Dhaka-Metro-LA-52-9796,2024-11-17,4.92,active,Old Dhaka,50,18,608,2026-02-10T21:51:42+06:00,2026-07-31T06:18:21+06:00
780,USR090,+8801468450162,Rakib Akter,STF0000781,sender,2026-03-08T16:23:30+06:00,document,Badda,23.781153,90.428465,Shyamoli,23.777515,90.359519,130,returned,2026-03-12T13:23:30+06:00,True,Steadfast,STF-RDR-017,Masud Khan,8801360702419,courier_rider,Bike,Dhaka-Metro-LA-28-9831,2023-07-08,4.45,active,Shyamoli,44,21,460,2026-02-12T15:00:00+06:00,2026-08-09T14:25:38+06:00
781,USR090,+8801468450162,Rakib Akter,STF0000782,sender,2026-03-22T16:17:47+06:00,document,Old Dhaka,23.709302,90.409824,Mohakhali,23.786276,90.40209,298,picked_up,2026-03-23T13:17:47+06:00,True,Steadfast,STF-RDR-011,Imran Mia,8801729705726,courier_rider,Bike,Dhaka-Metro-LA-55-3918,2025-07-22,4.88,active,Mohakhali,56,21,1714,2026-02-11T12:17:14+06:00,2026-08-09T07:42:00+06:00
782,USR090,+8801468450162,Rakib Akter,STF0000783,receiver,2026-04-17T19:12:41+06:00,large_parcel,Uttara,23.87446,90.373994,Shyamoli,23.782913,90.373644,300,picked_up,2026-04-21T14:12:41+06:00,True,Steadfast,STF-RDR-017,Masud Khan,8801360702419,courier_rider,Bike,Dhaka-Metro-LA-28-9831,2023-07-08,4.45,active,Shyamoli,44,21,460,2026-02-12T15:00:00+06:00,2026-08-09T14:25:38+06:00
783,USR090,+8801468450162,Rakib Akter,STF0000784,sender,2026-08-05T22:33:26+06:00,large_parcel,Shyamoli,23.778124,90.369786,Motijheel,23.73613,90.423627,135,picked_up,2026-08-08T03:33:26+06:00,True,Steadfast,STF-RDR-013,Rubel Mia,8801633950512,courier_rider,Bike,Dhaka-Metro-LA-28-7399,2025-12-23,4.32,active,Motijheel,39,18,975,2026-02-10T21:39:21+06:00,2026-08-06T00:06:07+06:00
784,USR090,+8801468450162,Rakib Akter,STF0000785,receiver,2026-06-17T23:47:22+06:00,document,Farmgate,23.763698,90.383723,Tejgaon,23.769513,90.386814,85,delivered,2026-06-21T11:47:22+06:00,True,Steadfast,STF-RDR-018,Al Amin Uddin,8801433490845,courier_rider,Bike,Dhaka-Metro-LA-17-7450,2023-06-18,4.55,active,Tejgaon,40,17,1513,2026-02-12T22:21:32+06:00,2026-08-10T19:56:43+06:00
785,USR090,+8801468450162,Rakib Akter,STF0000786,receiver,2026-07-10T09:36:24+06:00,small_parcel,Khilgaon,23.751202,90.419514,Pallabi,23.828687,90.357782,262,cancelled,2026-07-11T08:36:24+06:00,True,Steadfast,STF-RDR-015,Noman Hasan,8801374179797,courier_rider,Bike,Dhaka-Metro-LA-39-2863,2025-06-29,4.78,active,Pallabi,65,30,1596,2026-02-10T01:26:12+06:00,2026-08-08T10:01:17+06:00
786,USR090,+8801468450162,Rakib Akter,STF0000787,receiver,2026-02-17T13:00:26+06:00,medium_parcel,Tejgaon,23.75531,90.394829,Old Dhaka,23.714848,90.409788,295,in_transit,2026-02-22T05:00:26+06:00,True,Steadfast,STF-RDR-014,Rakib Mahmud,8801513377974,courier_rider,Bike,Dhaka-Metro-LA-52-9796,2024-11-17,4.92,active,Old Dhaka,50,18,608,2026-02-10T21:51:42+06:00,2026-07-31T06:18:21+06:00
787,USR090,+8801468450162,Rakib Akter,STF0000788,receiver,2026-07-07T02:10:03+06:00,medium_parcel,Shyamoli,23.769636,90.360121,Mohakhali,23.784138,90.405844,110,delivered,2026-07-10T16:10:03+06:00,True,Steadfast,STF-RDR-011,Imran Mia,8801729705726,courier_rider,Bike,Dhaka-Metro-LA-55-3918,2025-07-22,4.88,active,Mohakhali,56,21,1714,2026-02-11T12:17:14+06:00,2026-08-09T07:42:00+06:00
788,USR091,+8801635904892,Shihab Rahman,STF0000789,sender,2026-06-03T03:57:04+06:00,document,Wari,23.72432,90.410059,Motijheel,23.73861,90.420452,78,delivered,2026-06-05T07:57:04+06:00,True,Steadfast,STF-RDR-013,Rubel Mia,8801633950512,courier_rider,Bike,Dhaka-Metro-LA-28-7399,2025-12-23,4.32,active,Motijheel,39,18,975,2026-02-10T21:39:21+06:00,2026-08-06T00:06:07+06:00
789,USR091,+8801635904892,Shihab Rahman,STF0000790,receiver,2026-06-04T05:58:24+06:00,small_parcel,Tejgaon,23.760651,90.391829,Bashundhara,23.816375,90.417594,341,delivered,2026-06-08T09:58:24+06:00,True,Steadfast,STF-RDR-003,Shahadat Mollah,8801918581171,courier_rider,Bike,Dhaka-Metro-LA-26-1345,2023-06-16,4.40,active,Bashundhara,60,26,1270,2026-02-10T20:41:14+06:00,2026-08-05T18:37:32+06:00
790,USR091,+8801635904892,Shihab Rahman,STF0000791,sender,2026-03-04T21:50:51+06:00,document,Mirpur,23.830553,90.365217,Motijheel,23.72463,90.423916,123,delivered,2026-03-09T09:50:51+06:00,True,Steadfast,STF-RDR-013,Rubel Mia,8801633950512,courier_rider,Bike,Dhaka-Metro-LA-28-7399,2025-12-23,4.32,active,Motijheel,39,18,975,2026-02-10T21:39:21+06:00,2026-08-06T00:06:07+06:00
791,USR091,+8801635904892,Shihab Rahman,STF0000792,receiver,2026-05-27T13:13:44+06:00,large_parcel,Tejgaon,23.755182,90.399625,Banani,23.790189,90.410227,105,returned,2026-05-27T23:13:44+06:00,True,Steadfast,STF-RDR-002,Nahid Ali,8801571364853,courier_rider,Bike,Dhaka-Metro-LA-17-2538,2024-06-01,4.61,active,Banani,38,18,585,2026-02-11T07:26:41+06:00,2026-07-27T20:50:45+06:00
792,USR091,+8801635904892,Shihab Rahman,STF0000793,receiver,2026-05-19T09:02:27+06:00,small_parcel,Tejgaon,23.769932,90.389237,Bashundhara,23.817915,90.433138,347,picked_up,2026-05-20T20:02:27+06:00,True,Steadfast,STF-RDR-003,Shahadat Mollah,8801918581171,courier_rider,Bike,Dhaka-Metro-LA-26-1345,2023-06-16,4.40,active,Bashundhara,60,26,1270,2026-02-10T20:41:14+06:00,2026-08-05T18:37:32+06:00
793,USR091,+8801635904892,Shihab Rahman,STF0000794,receiver,2026-07-24T23:31:32+06:00,medium_parcel,Mohakhali,23.782872,90.399818,Badda,23.789593,90.430878,329,picked_up,2026-07-27T15:31:32+06:00,True,Steadfast,STF-RDR-001,Zahid Ahmed,8801371653930,courier_rider,Bike,Dhaka-Metro-LA-47-6988,2026-03-01,4.44,active,Badda,18,8,932,2026-02-10T03:29:07+06:00,2026-08-07T13:08:02+06:00
794,USR091,+8801635904892,Shihab Rahman,STF0000795,sender,2026-05-23T22:29:50+06:00,small_parcel,Dhanmondi,23.755345,90.373953,Badda,23.7873,90.424332,240,delivered,2026-05-28T04:29:50+06:00,True,Steadfast,STF-RDR-001,Zahid Ahmed,8801371653930,courier_rider,Bike,Dhaka-Metro-LA-47-6988,2026-03-01,4.44,active,Badda,18,8,932,2026-02-10T03:29:07+06:00,2026-08-07T13:08:02+06:00
795,USR091,+8801635904892,Shihab Rahman,STF0000796,receiver,2026-04-16T04:15:23+06:00,large_parcel,Mohammadpur,23.777384,90.364688,Rampura,23.76534,90.415778,220,in_transit,2026-04-20T14:15:23+06:00,True,Steadfast,STF-RDR-016,Nadim Mahmud,8801366112261,courier_rider,Bike,Dhaka-Metro-LA-24-7717,2024-01-16,4.20,active,Rampura,53,18,1057,2026-02-18T06:15:30+06:00,2026-08-03T04:51:23+06:00
796,USR091,+8801635904892,Shihab Rahman,STF0000797,receiver,2026-06-26T16:10:57+06:00,medium_parcel,Motijheel,23.735545,90.421047,Farmgate,23.761766,90.392133,210,cancelled,2026-06-27T17:10:57+06:00,True,Steadfast,STF-RDR-007,Habib Khan,8801355541558,courier_rider,Bicycle,BIC-74141,2024-12-06,4.22,active,Farmgate,44,18,1281,2026-02-11T07:50:51+06:00,2026-08-09T04:50:46+06:00
797,USR091,+8801635904892,Shihab Rahman,STF0000798,receiver,2026-08-09T07:42:00+06:00,medium_parcel,Uttara,23.878923,90.383381,Mohakhali,23.782255,90.392928,300,delivered,2026-08-13T21:42:00+06:00,True,Steadfast,STF-RDR-011,Imran Mia,8801729705726,courier_rider,Bike,Dhaka-Metro-LA-55-3918,2025-07-22,4.88,active,Mohakhali,56,21,1714,2026-02-11T12:17:14+06:00,2026-08-09T07:42:00+06:00
798,USR091,+8801635904892,Shihab Rahman,STF0000799,sender,2026-02-17T05:21:07+06:00,medium_parcel,Pallabi,23.834777,90.360419,Mirpur,23.81522,90.37097,156,returned,2026-02-21T02:21:07+06:00,True,Steadfast,STF-RDR-010,Shakil Chowdhury,8801508898967,courier_rider,Bicycle,BIC-84798,2024-12-18,4.74,active,Mirpur,41,20,707,2026-02-17T05:21:07+06:00,2026-08-10T23:01:21+06:00
799,USR091,+8801635904892,Shihab Rahman,STF0000800,receiver,2026-02-14T04:22:27+06:00,document,Bashundhara,23.823488,90.420532,Mohammadpur,23.763907,90.349821,104,in_transit,2026-02-17T14:22:27+06:00,True,Steadfast,STF-RDR-012,Ashik Uddin,8801899845426,courier_rider,Bike,Dhaka-Metro-LA-12-6776,2023-01-12,4.91,temporarily_inactive,Mohammadpur,45,16,547,2026-02-11T00:26:15+06:00,2026-08-09T08:57:59+06:00
800,USR092,+8801465058820,Hasan Chowdhury,STF0000801,sender,2026-02-19T20:18:38+06:00,small_parcel,Bashundhara,23.806735,90.423054,Old Dhaka,23.712751,90.405094,256,delivered,2026-02-22T20:18:38+06:00,True,Steadfast,STF-RDR-014,Rakib Mahmud,8801513377974,courier_rider,Bike,Dhaka-Metro-LA-52-9796,2024-11-17,4.92,active,Old Dhaka,50,18,608,2026-02-10T21:51:42+06:00,2026-07-31T06:18:21+06:00
801,USR092,+8801465058820,Hasan Chowdhury,STF0000802,receiver,2026-03-09T09:07:11+06:00,document,Gulshan,23.789856,90.399732,Mirpur,23.820754,90.367198,85,picked_up,2026-03-10T15:07:11+06:00,True,Steadfast,STF-RDR-010,Shakil Chowdhury,8801508898967,courier_rider,Bicycle,BIC-84798,2024-12-18,4.74,active,Mirpur,41,20,707,2026-02-17T05:21:07+06:00,2026-08-10T23:01:21+06:00
802,USR092,+8801465058820,Hasan Chowdhury,STF0000803,sender,2026-05-15T06:23:49+06:00,large_parcel,Motijheel,23.726856,90.411251,Mohakhali,23.782873,90.403231,301,delivered,2026-05-18T05:23:49+06:00,True,Steadfast,STF-RDR-011,Imran Mia,8801729705726,courier_rider,Bike,Dhaka-Metro-LA-55-3918,2025-07-22,4.88,active,Mohakhali,56,21,1714,2026-02-11T12:17:14+06:00,2026-08-09T07:42:00+06:00
803,USR092,+8801465058820,Hasan Chowdhury,STF0000804,receiver,2026-06-04T16:25:17+06:00,small_parcel,Badda,23.780574,90.418966,Pallabi,23.831601,90.359178,78,returned,2026-06-06T05:25:17+06:00,True,Steadfast,STF-RDR-015,Noman Hasan,8801374179797,courier_rider,Bike,Dhaka-Metro-LA-39-2863,2025-06-29,4.78,active,Pallabi,65,30,1596,2026-02-10T01:26:12+06:00,2026-08-08T10:01:17+06:00
804,USR092,+8801465058820,Hasan Chowdhury,STF0000805,sender,2026-04-13T07:44:06+06:00,small_parcel,Badda,23.788262,90.429148,Gulshan,23.788008,90.413916,78,delivered,2026-04-15T01:44:06+06:00,True,Steadfast,STF-RDR-008,Kawsar Hasan,8801749085349,courier_rider,Bike,Dhaka-Metro-LA-47-2714,2025-11-24,4.63,active,Gulshan,44,18,921,2026-02-11T10:32:27+06:00,2026-08-06T05:18:42+06:00
805,USR092,+8801465058820,Hasan Chowdhury,STF0000806,receiver,2026-03-27T10:46:13+06:00,large_parcel,Mohakhali,23.771096,90.392814,Tejgaon,23.76554,90.395418,82,returned,2026-03-29T14:46:13+06:00,True,Steadfast,STF-RDR-018,Al Amin Uddin,8801433490845,courier_rider,Bike,Dhaka-Metro-LA-17-7450,2023-06-18,4.55,active,Tejgaon,40,17,1513,2026-02-12T22:21:32+06:00,2026-08-10T19:56:43+06:00
806,USR092,+8801465058820,Hasan Chowdhury,STF0000807,sender,2026-06-16T08:03:10+06:00,small_parcel,Uttara,23.875802,90.376036,Wari,23.713303,90.418521,198,returned,2026-06-17T17:03:10+06:00,True,Steadfast,STF-RDR-020,Emon Chowdhury,8801311733213,courier_rider,Bike,Dhaka-Metro-LA-44-7379,2023-07-10,4.24,active,Wari,56,26,197,2026-02-13T15:08:13+06:00,2026-08-07T17:55:05+06:00
807,USR092,+8801465058820,Hasan Chowdhury,STF0000808,sender,2026-03-26T11:17:07+06:00,document,Shyamoli,23.782299,90.35838,Motijheel,23.739418,90.409437,297,returned,2026-03-29T00:17:07+06:00,True,Steadfast,STF-RDR-013,Rubel Mia,8801633950512,courier_rider,Bike,Dhaka-Metro-LA-28-7399,2025-12-23,4.32,active,Motijheel,39,18,975,2026-02-10T21:39:21+06:00,2026-08-06T00:06:07+06:00
808,USR092,+8801465058820,Hasan Chowdhury,STF0000809,sender,2026-03-25T16:40:26+06:00,document,Dhanmondi,23.75114,90.371242,Shyamoli,23.772508,90.358194,132,returned,2026-03-29T10:40:26+06:00,True,Steadfast,STF-RDR-017,Masud Khan,8801360702419,courier_rider,Bike,Dhaka-Metro-LA-28-9831,2023-07-08,4.45,active,Shyamoli,44,21,460,2026-02-12T15:00:00+06:00,2026-08-09T14:25:38+06:00
809,USR092,+8801465058820,Hasan Chowdhury,STF0000810,sender,2026-02-27T21:23:06+06:00,small_parcel,Mirpur,23.830628,90.372721,Wari,23.717814,90.414683,128,returned,2026-03-03T18:23:06+06:00,True,Steadfast,STF-RDR-020,Emon Chowdhury,8801311733213,courier_rider,Bike,Dhaka-Metro-LA-44-7379,2023-07-10,4.24,active,Wari,56,26,197,2026-02-13T15:08:13+06:00,2026-08-07T17:55:05+06:00
810,USR092,+8801465058820,Hasan Chowdhury,STF0000811,receiver,2026-04-02T07:22:12+06:00,large_parcel,Bashundhara,23.808337,90.42456,Wari,23.719981,90.423967,166,delivered,2026-04-04T15:22:12+06:00,True,Steadfast,STF-RDR-020,Emon Chowdhury,8801311733213,courier_rider,Bike,Dhaka-Metro-LA-44-7379,2023-07-10,4.24,active,Wari,56,26,197,2026-02-13T15:08:13+06:00,2026-08-07T17:55:05+06:00
811,USR093,+8801380734164,Samira Sultana,STF0000812,receiver,2026-05-08T06:33:35+06:00,large_parcel,Uttara,23.867686,90.382146,Mohammadpur,23.762249,90.364769,221,delivered,2026-05-09T07:33:35+06:00,True,Steadfast,STF-RDR-012,Ashik Uddin,8801899845426,courier_rider,Bike,Dhaka-Metro-LA-12-6776,2023-01-12,4.91,temporarily_inactive,Mohammadpur,45,16,547,2026-02-11T00:26:15+06:00,2026-08-09T08:57:59+06:00
812,USR093,+8801380734164,Samira Sultana,STF0000813,receiver,2026-08-10T23:01:21+06:00,medium_parcel,Badda,23.774316,90.421573,Mirpur,23.828875,90.362515,274,cancelled,2026-08-12T21:01:21+06:00,True,Steadfast,STF-RDR-010,Shakil Chowdhury,8801508898967,courier_rider,Bicycle,BIC-84798,2024-12-18,4.74,active,Mirpur,41,20,707,2026-02-17T05:21:07+06:00,2026-08-10T23:01:21+06:00
813,USR093,+8801380734164,Samira Sultana,STF0000814,sender,2026-05-10T11:04:53+06:00,small_parcel,Motijheel,23.739271,90.420672,Pallabi,23.835036,90.371081,84,in_transit,2026-05-12T20:04:53+06:00,True,Steadfast,STF-RDR-015,Noman Hasan,8801374179797,courier_rider,Bike,Dhaka-Metro-LA-39-2863,2025-06-29,4.78,active,Pallabi,65,30,1596,2026-02-10T01:26:12+06:00,2026-08-08T10:01:17+06:00
814,USR093,+8801380734164,Samira Sultana,STF0000815,receiver,2026-03-24T04:45:45+06:00,medium_parcel,Pallabi,23.828146,90.368749,Bashundhara,23.817079,90.423663,315,picked_up,2026-03-25T13:45:45+06:00,True,Steadfast,STF-RDR-003,Shahadat Mollah,8801918581171,courier_rider,Bike,Dhaka-Metro-LA-26-1345,2023-06-16,4.40,active,Bashundhara,60,26,1270,2026-02-10T20:41:14+06:00,2026-08-05T18:37:32+06:00
815,USR093,+8801380734164,Samira Sultana,STF0000816,sender,2026-05-23T06:52:54+06:00,medium_parcel,Mohakhali,23.776082,90.400098,Dhanmondi,23.743032,90.379953,154,in_transit,2026-05-28T01:52:54+06:00,True,Steadfast,STF-RDR-006,Shakil Ali,8801781454791,courier_rider,Bike,Dhaka-Metro-LA-30-3204,2023-04-22,4.57,active,Dhanmondi,59,22,398,2026-02-15T21:35:06+06:00,2026-08-09T12:49:46+06:00
816,USR093,+8801380734164,Samira Sultana,STF0000817,receiver,2026-04-17T15:55:47+06:00,small_parcel,Motijheel,23.728074,90.412839,Mohammadpur,23.769859,90.354167,168,in_transit,2026-04-20T20:55:47+06:00,True,Steadfast,STF-RDR-012,Ashik Uddin,8801899845426,courier_rider,Bike,Dhaka-Metro-LA-12-6776,2023-01-12,4.91,temporarily_inactive,Mohammadpur,45,16,547,2026-02-11T00:26:15+06:00,2026-08-09T08:57:59+06:00
817,USR093,+8801380734164,Samira Sultana,STF0000818,receiver,2026-03-14T07:57:56+06:00,large_parcel,Badda,23.77983,90.422431,Bashundhara,23.808298,90.423107,312,delivered,2026-03-17T10:57:56+06:00,True,Steadfast,STF-RDR-003,Shahadat Mollah,8801918581171,courier_rider,Bike,Dhaka-Metro-LA-26-1345,2023-06-16,4.40,active,Bashundhara,60,26,1270,2026-02-10T20:41:14+06:00,2026-08-05T18:37:32+06:00
818,USR093,+8801380734164,Samira Sultana,STF0000819,sender,2026-07-06T13:55:50+06:00,medium_parcel,Banani,23.801371,90.402961,Shyamoli,23.766212,90.361332,73,picked_up,2026-07-11T12:55:50+06:00,True,Steadfast,STF-RDR-017,Masud Khan,8801360702419,courier_rider,Bike,Dhaka-Metro-LA-28-9831,2023-07-08,4.45,active,Shyamoli,44,21,460,2026-02-12T15:00:00+06:00,2026-08-09T14:25:38+06:00
819,USR093,+8801380734164,Samira Sultana,STF0000820,receiver,2026-02-14T13:16:26+06:00,document,Uttara,23.867082,90.38849,Farmgate,23.74935,90.393476,152,cancelled,2026-02-16T13:16:26+06:00,True,Steadfast,STF-RDR-007,Habib Khan,8801355541558,courier_rider,Bicycle,BIC-74141,2024-12-06,4.22,active,Farmgate,44,18,1281,2026-02-11T07:50:51+06:00,2026-08-09T04:50:46+06:00
820,USR093,+8801380734164,Samira Sultana,STF0000821,sender,2026-02-19T13:53:21+06:00,small_parcel,Banani,23.797289,90.397771,Mohammadpur,23.773228,90.360606,350,in_transit,2026-02-21T16:53:21+06:00,True,Steadfast,STF-RDR-012,Ashik Uddin,8801899845426,courier_rider,Bike,Dhaka-Metro-LA-12-6776,2023-01-12,4.91,temporarily_inactive,Mohammadpur,45,16,547,2026-02-11T00:26:15+06:00,2026-08-09T08:57:59+06:00
821,USR093,+8801380734164,Samira Sultana,STF0000822,sender,2026-06-02T02:24:07+06:00,large_parcel,Shyamoli,23.766586,90.370691,Gulshan,23.785976,90.402793,167,in_transit,2026-06-03T05:24:07+06:00,True,Steadfast,STF-RDR-008,Kawsar Hasan,8801749085349,courier_rider,Bike,Dhaka-Metro-LA-47-2714,2025-11-24,4.63,active,Gulshan,44,18,921,2026-02-11T10:32:27+06:00,2026-08-06T05:18:42+06:00
822,USR094,+8801969637775,Samira Hasan,STF0000823,sender,2026-02-22T15:57:39+06:00,small_parcel,Bashundhara,23.819959,90.428719,Motijheel,23.739378,90.424592,227,delivered,2026-02-26T23:57:39+06:00,True,Steadfast,STF-RDR-013,Rubel Mia,8801633950512,courier_rider,Bike,Dhaka-Metro-LA-28-7399,2025-12-23,4.32,active,Motijheel,39,18,975,2026-02-10T21:39:21+06:00,2026-08-06T00:06:07+06:00
823,USR094,+8801969637775,Samira Hasan,STF0000824,receiver,2026-07-13T14:54:41+06:00,medium_parcel,Mohammadpur,23.761237,90.365675,Farmgate,23.764075,90.396619,337,delivered,2026-07-17T17:54:41+06:00,True,Steadfast,STF-RDR-007,Habib Khan,8801355541558,courier_rider,Bicycle,BIC-74141,2024-12-06,4.22,active,Farmgate,44,18,1281,2026-02-11T07:50:51+06:00,2026-08-09T04:50:46+06:00
824,USR094,+8801969637775,Samira Hasan,STF0000825,receiver,2026-06-25T13:22:07+06:00,large_parcel,Gulshan,23.783926,90.408958,Rampura,23.762498,90.428509,320,returned,2026-06-30T09:22:07+06:00,True,Steadfast,STF-RDR-016,Nadim Mahmud,8801366112261,courier_rider,Bike,Dhaka-Metro-LA-24-7717,2024-01-16,4.20,active,Rampura,53,18,1057,2026-02-18T06:15:30+06:00,2026-08-03T04:51:23+06:00
825,USR094,+8801969637775,Samira Hasan,STF0000826,receiver,2026-06-21T09:33:03+06:00,medium_parcel,Banani,23.793391,90.400407,Mohammadpur,23.764223,90.35588,194,picked_up,2026-06-21T17:33:03+06:00,True,Steadfast,STF-RDR-012,Ashik Uddin,8801899845426,courier_rider,Bike,Dhaka-Metro-LA-12-6776,2023-01-12,4.91,temporarily_inactive,Mohammadpur,45,16,547,2026-02-11T00:26:15+06:00,2026-08-09T08:57:59+06:00
826,USR094,+8801969637775,Samira Hasan,STF0000827,receiver,2026-02-20T17:07:46+06:00,medium_parcel,Banani,23.787921,90.412463,Pallabi,23.827289,90.367239,281,in_transit,2026-02-23T03:07:46+06:00,True,Steadfast,STF-RDR-015,Noman Hasan,8801374179797,courier_rider,Bike,Dhaka-Metro-LA-39-2863,2025-06-29,4.78,active,Pallabi,65,30,1596,2026-02-10T01:26:12+06:00,2026-08-08T10:01:17+06:00
827,USR094,+8801969637775,Samira Hasan,STF0000828,receiver,2026-04-26T05:46:52+06:00,small_parcel,Uttara,23.871644,90.37239,Mohakhali,23.775149,90.407023,339,in_transit,2026-04-27T02:46:52+06:00,True,Steadfast,STF-RDR-011,Imran Mia,8801729705726,courier_rider,Bike,Dhaka-Metro-LA-55-3918,2025-07-22,4.88,active,Mohakhali,56,21,1714,2026-02-11T12:17:14+06:00,2026-08-09T07:42:00+06:00
828,USR094,+8801969637775,Samira Hasan,STF0000829,sender,2026-03-13T20:38:28+06:00,large_parcel,Mirpur,23.820808,90.359371,Shyamoli,23.772535,90.363871,98,returned,2026-03-18T02:38:28+06:00,True,Steadfast,STF-RDR-017,Masud Khan,8801360702419,courier_rider,Bike,Dhaka-Metro-LA-28-9831,2023-07-08,4.45,active,Shyamoli,44,21,460,2026-02-12T15:00:00+06:00,2026-08-09T14:25:38+06:00
829,USR094,+8801969637775,Samira Hasan,STF0000830,sender,2026-08-01T21:50:34+06:00,medium_parcel,Mohammadpur,23.774033,90.354737,Uttara,23.880766,90.379943,217,delivered,2026-08-04T02:50:34+06:00,True,Steadfast,STF-RDR-019,Mizan Kabir,8801539426102,courier_rider,Bicycle,BIC-56726,2025-07-12,4.44,active,Uttara,57,28,1473,2026-02-10T23:40:12+06:00,2026-08-09T01:27:07+06:00
830,USR094,+8801969637775,Samira Hasan,STF0000831,sender,2026-06-12T00:31:45+06:00,medium_parcel,Tejgaon,23.764925,90.394042,Motijheel,23.726602,90.413854,203,delivered,2026-06-16T07:31:45+06:00,True,Steadfast,STF-RDR-013,Rubel Mia,8801633950512,courier_rider,Bike,Dhaka-Metro-LA-28-7399,2025-12-23,4.32,active,Motijheel,39,18,975,2026-02-10T21:39:21+06:00,2026-08-06T00:06:07+06:00
831,USR094,+8801969637775,Samira Hasan,STF0000832,sender,2026-06-30T14:02:17+06:00,large_parcel,Gulshan,23.786605,90.409123,Mohammadpur,23.7678,90.364122,138,picked_up,2026-06-30T19:02:17+06:00,True,Steadfast,STF-RDR-012,Ashik Uddin,8801899845426,courier_rider,Bike,Dhaka-Metro-LA-12-6776,2023-01-12,4.91,temporarily_inactive,Mohammadpur,45,16,547,2026-02-11T00:26:15+06:00,2026-08-09T08:57:59+06:00
832,USR094,+8801969637775,Samira Hasan,STF0000833,sender,2026-03-23T20:55:04+06:00,medium_parcel,Mohakhali,23.777042,90.406462,Wari,23.718698,90.409972,87,picked_up,2026-03-24T10:55:04+06:00,True,Steadfast,STF-RDR-020,Emon Chowdhury,8801311733213,courier_rider,Bike,Dhaka-Metro-LA-44-7379,2023-07-10,4.24,active,Wari,56,26,197,2026-02-13T15:08:13+06:00,2026-08-07T17:55:05+06:00
833,USR095,+8801728917865,Adnan Rahman,STF0000834,sender,2026-03-18T08:22:11+06:00,medium_parcel,Shyamoli,23.781722,90.369455,Gulshan,23.793245,90.406676,288,picked_up,2026-03-22T20:22:11+06:00,True,Steadfast,STF-RDR-008,Kawsar Hasan,8801749085349,courier_rider,Bike,Dhaka-Metro-LA-47-2714,2025-11-24,4.63,active,Gulshan,44,18,921,2026-02-11T10:32:27+06:00,2026-08-06T05:18:42+06:00
834,USR095,+8801728917865,Adnan Rahman,STF0000835,sender,2026-02-22T20:05:06+06:00,large_parcel,Mohammadpur,23.770707,90.362826,Pallabi,23.835407,90.373754,159,delivered,2026-02-24T05:05:06+06:00,True,Steadfast,STF-RDR-015,Noman Hasan,8801374179797,courier_rider,Bike,Dhaka-Metro-LA-39-2863,2025-06-29,4.78,active,Pallabi,65,30,1596,2026-02-10T01:26:12+06:00,2026-08-08T10:01:17+06:00
835,USR095,+8801728917865,Adnan Rahman,STF0000836,receiver,2026-07-07T21:41:57+06:00,large_parcel,Rampura,23.761146,90.426745,Mohammadpur,23.772655,90.364641,350,in_transit,2026-07-11T20:41:57+06:00,True,Steadfast,STF-RDR-012,Ashik Uddin,8801899845426,courier_rider,Bike,Dhaka-Metro-LA-12-6776,2023-01-12,4.91,temporarily_inactive,Mohammadpur,45,16,547,2026-02-11T00:26:15+06:00,2026-08-09T08:57:59+06:00
836,USR095,+8801728917865,Adnan Rahman,STF0000837,sender,2026-07-05T18:52:16+06:00,document,Old Dhaka,23.717908,90.415535,Wari,23.717322,90.416542,281,delivered,2026-07-10T15:52:16+06:00,True,Steadfast,STF-RDR-020,Emon Chowdhury,8801311733213,courier_rider,Bike,Dhaka-Metro-LA-44-7379,2023-07-10,4.24,active,Wari,56,26,197,2026-02-13T15:08:13+06:00,2026-08-07T17:55:05+06:00
837,USR095,+8801728917865,Adnan Rahman,STF0000838,receiver,2026-02-21T19:05:53+06:00,document,Banani,23.793761,90.414794,Badda,23.783296,90.431804,162,picked_up,2026-02-26T12:05:53+06:00,True,Steadfast,STF-RDR-001,Zahid Ahmed,8801371653930,courier_rider,Bike,Dhaka-Metro-LA-47-6988,2026-03-01,4.44,active,Badda,18,8,932,2026-02-10T03:29:07+06:00,2026-08-07T13:08:02+06:00
838,USR095,+8801728917865,Adnan Rahman,STF0000839,receiver,2026-05-29T15:41:21+06:00,large_parcel,Wari,23.713213,90.420574,Shyamoli,23.782651,90.371421,116,returned,2026-05-30T13:41:21+06:00,True,Steadfast,STF-RDR-017,Masud Khan,8801360702419,courier_rider,Bike,Dhaka-Metro-LA-28-9831,2023-07-08,4.45,active,Shyamoli,44,21,460,2026-02-12T15:00:00+06:00,2026-08-09T14:25:38+06:00
839,USR095,+8801728917865,Adnan Rahman,STF0000840,sender,2026-07-21T18:17:33+06:00,large_parcel,Shyamoli,23.778655,90.36511,Motijheel,23.734133,90.42375,74,delivered,2026-07-26T09:17:33+06:00,True,Steadfast,STF-RDR-013,Rubel Mia,8801633950512,courier_rider,Bike,Dhaka-Metro-LA-28-7399,2025-12-23,4.32,active,Motijheel,39,18,975,2026-02-10T21:39:21+06:00,2026-08-06T00:06:07+06:00
840,USR095,+8801728917865,Adnan Rahman,STF0000841,sender,2026-07-19T11:52:04+06:00,medium_parcel,Banani,23.787806,90.406875,Rampura,23.765487,90.418465,147,delivered,2026-07-23T09:52:04+06:00,True,Steadfast,STF-RDR-016,Nadim Mahmud,8801366112261,courier_rider,Bike,Dhaka-Metro-LA-24-7717,2024-01-16,4.20,active,Rampura,53,18,1057,2026-02-18T06:15:30+06:00,2026-08-03T04:51:23+06:00
841,USR095,+8801728917865,Adnan Rahman,STF0000842,receiver,2026-07-26T02:48:01+06:00,document,Bashundhara,23.816446,90.434022,Uttara,23.876008,90.383815,267,cancelled,2026-07-29T06:48:01+06:00,True,Steadfast,STF-RDR-019,Mizan Kabir,8801539426102,courier_rider,Bicycle,BIC-56726,2025-07-12,4.44,active,Uttara,57,28,1473,2026-02-10T23:40:12+06:00,2026-08-09T01:27:07+06:00
842,USR095,+8801728917865,Adnan Rahman,STF0000843,receiver,2026-07-13T00:12:02+06:00,small_parcel,Old Dhaka,23.715575,90.41006,Mohakhali,23.772908,90.407188,305,returned,2026-07-13T07:12:02+06:00,True,Steadfast,STF-RDR-011,Imran Mia,8801729705726,courier_rider,Bike,Dhaka-Metro-LA-55-3918,2025-07-22,4.88,active,Mohakhali,56,21,1714,2026-02-11T12:17:14+06:00,2026-08-09T07:42:00+06:00
843,USR095,+8801728917865,Adnan Rahman,STF0000844,receiver,2026-07-24T19:16:52+06:00,document,Shyamoli,23.770785,90.364503,Bashundhara,23.816865,90.420688,346,delivered,2026-07-28T21:16:52+06:00,True,Steadfast,STF-RDR-003,Shahadat Mollah,8801918581171,courier_rider,Bike,Dhaka-Metro-LA-26-1345,2023-06-16,4.40,active,Bashundhara,60,26,1270,2026-02-10T20:41:14+06:00,2026-08-05T18:37:32+06:00
844,USR096,+8801725439282,Labiba Jahan,STF0000845,sender,2026-07-02T08:37:05+06:00,small_parcel,Old Dhaka,23.715718,90.4043,Rampura,23.768694,90.415004,281,delivered,2026-07-05T11:37:05+06:00,True,Steadfast,STF-RDR-016,Nadim Mahmud,8801366112261,courier_rider,Bike,Dhaka-Metro-LA-24-7717,2024-01-16,4.20,active,Rampura,53,18,1057,2026-02-18T06:15:30+06:00,2026-08-03T04:51:23+06:00
845,USR096,+8801725439282,Labiba Jahan,STF0000846,receiver,2026-06-14T22:47:11+06:00,medium_parcel,Tejgaon,23.75709,90.383584,Mirpur,23.820342,90.358579,272,cancelled,2026-06-17T00:47:11+06:00,True,Steadfast,STF-RDR-010,Shakil Chowdhury,8801508898967,courier_rider,Bicycle,BIC-84798,2024-12-18,4.74,active,Mirpur,41,20,707,2026-02-17T05:21:07+06:00,2026-08-10T23:01:21+06:00
846,USR096,+8801725439282,Labiba Jahan,STF0000847,receiver,2026-02-11T11:56:35+06:00,medium_parcel,Bashundhara,23.823858,90.418541,Khilgaon,23.743188,90.433391,217,picked_up,2026-02-14T05:56:35+06:00,True,Steadfast,STF-RDR-009,Habib Hossain,8801495463244,courier_rider,Bike,Dhaka-Metro-LA-18-5393,2023-09-14,4.29,active,Khilgaon,47,24,1313,2026-02-11T11:56:35+06:00,2026-08-08T17:34:54+06:00
847,USR096,+8801725439282,Labiba Jahan,STF0000848,sender,2026-07-15T22:36:41+06:00,medium_parcel,Mirpur,23.830238,90.36245,Badda,23.784122,90.42018,218,returned,2026-07-16T15:36:41+06:00,True,Steadfast,STF-RDR-021,Mamun Khan,8801550451076,courier_rider,Bike,Dhaka-Metro-LA-46-4897,2023-05-12,4.39,active,Badda,31,14,976,2026-02-13T07:18:09+06:00,2026-08-10T18:55:10+06:00
848,USR096,+8801725439282,Labiba Jahan,STF0000849,receiver,2026-05-16T04:07:04+06:00,small_parcel,Dhanmondi,23.755091,90.36885,Pallabi,23.82814,90.360157,240,returned,2026-05-17T11:07:04+06:00,True,Steadfast,STF-RDR-015,Noman Hasan,8801374179797,courier_rider,Bike,Dhaka-Metro-LA-39-2863,2025-06-29,4.78,active,Pallabi,65,30,1596,2026-02-10T01:26:12+06:00,2026-08-08T10:01:17+06:00
849,USR096,+8801725439282,Labiba Jahan,STF0000850,sender,2026-06-05T00:23:24+06:00,small_parcel,Mirpur,23.816038,90.362822,Gulshan,23.784006,90.410717,262,delivered,2026-06-08T04:23:24+06:00,True,Steadfast,STF-RDR-008,Kawsar Hasan,8801749085349,courier_rider,Bike,Dhaka-Metro-LA-47-2714,2025-11-24,4.63,active,Gulshan,44,18,921,2026-02-11T10:32:27+06:00,2026-08-06T05:18:42+06:00
850,USR096,+8801725439282,Labiba Jahan,STF0000851,receiver,2026-03-13T21:39:44+06:00,large_parcel,Motijheel,23.736583,90.413505,Rampura,23.754326,90.422469,71,returned,2026-03-18T07:39:44+06:00,True,Steadfast,STF-RDR-016,Nadim Mahmud,8801366112261,courier_rider,Bike,Dhaka-Metro-LA-24-7717,2024-01-16,4.20,active,Rampura,53,18,1057,2026-02-18T06:15:30+06:00,2026-08-03T04:51:23+06:00
851,USR096,+8801725439282,Labiba Jahan,STF0000852,sender,2026-06-09T02:32:51+06:00,document,Rampura,23.769008,90.42327,Motijheel,23.724575,90.425264,282,in_transit,2026-06-10T10:32:51+06:00,True,Steadfast,STF-RDR-013,Rubel Mia,8801633950512,courier_rider,Bike,Dhaka-Metro-LA-28-7399,2025-12-23,4.32,active,Motijheel,39,18,975,2026-02-10T21:39:21+06:00,2026-08-06T00:06:07+06:00
852,USR097,+8801629685055,Tasnim Islam,STF0000853,sender,2026-03-06T21:19:17+06:00,small_parcel,Motijheel,23.726058,90.419501,Gulshan,23.791214,90.403783,341,cancelled,2026-03-08T05:19:17+06:00,True,Steadfast,STF-RDR-008,Kawsar Hasan,8801749085349,courier_rider,Bike,Dhaka-Metro-LA-47-2714,2025-11-24,4.63,active,Gulshan,44,18,921,2026-02-11T10:32:27+06:00,2026-08-06T05:18:42+06:00
853,USR097,+8801629685055,Tasnim Islam,STF0000854,receiver,2026-03-25T12:35:29+06:00,medium_parcel,Shyamoli,23.780768,90.367327,Mirpur,23.819102,90.364395,104,delivered,2026-03-28T16:35:29+06:00,True,Steadfast,STF-RDR-010,Shakil Chowdhury,8801508898967,courier_rider,Bicycle,BIC-84798,2024-12-18,4.74,active,Mirpur,41,20,707,2026-02-17T05:21:07+06:00,2026-08-10T23:01:21+06:00
854,USR097,+8801629685055,Tasnim Islam,STF0000855,sender,2026-05-11T15:53:32+06:00,document,Tejgaon,23.763523,90.394916,Old Dhaka,23.703171,90.414112,188,cancelled,2026-05-12T16:53:32+06:00,True,Steadfast,STF-RDR-014,Rakib Mahmud,8801513377974,courier_rider,Bike,Dhaka-Metro-LA-52-9796,2024-11-17,4.92,active,Old Dhaka,50,18,608,2026-02-10T21:51:42+06:00,2026-07-31T06:18:21+06:00
855,USR097,+8801629685055,Tasnim Islam,STF0000856,sender,2026-06-17T06:32:51+06:00,document,Khilgaon,23.745616,90.423093,Uttara,23.875813,90.373063,125,delivered,2026-06-20T13:32:51+06:00,True,Steadfast,STF-RDR-019,Mizan Kabir,8801539426102,courier_rider,Bicycle,BIC-56726,2025-07-12,4.44,active,Uttara,57,28,1473,2026-02-10T23:40:12+06:00,2026-08-09T01:27:07+06:00
856,USR097,+8801629685055,Tasnim Islam,STF0000857,receiver,2026-07-01T23:07:12+06:00,document,Badda,23.780063,90.422044,Gulshan,23.786973,90.403916,117,delivered,2026-07-02T20:07:12+06:00,True,Steadfast,STF-RDR-008,Kawsar Hasan,8801749085349,courier_rider,Bike,Dhaka-Metro-LA-47-2714,2025-11-24,4.63,active,Gulshan,44,18,921,2026-02-11T10:32:27+06:00,2026-08-06T05:18:42+06:00
857,USR097,+8801629685055,Tasnim Islam,STF0000858,sender,2026-06-13T03:34:06+06:00,medium_parcel,Mohakhali,23.768853,90.39806,Mohammadpur,23.776825,90.360793,176,delivered,2026-06-17T10:34:06+06:00,True,Steadfast,STF-RDR-012,Ashik Uddin,8801899845426,courier_rider,Bike,Dhaka-Metro-LA-12-6776,2023-01-12,4.91,temporarily_inactive,Mohammadpur,45,16,547,2026-02-11T00:26:15+06:00,2026-08-09T08:57:59+06:00
858,USR097,+8801629685055,Tasnim Islam,STF0000859,sender,2026-06-20T17:09:56+06:00,document,Badda,23.785232,90.434492,Dhanmondi,23.749564,90.372272,87,delivered,2026-06-21T11:09:56+06:00,True,Steadfast,STF-RDR-006,Shakil Ali,8801781454791,courier_rider,Bike,Dhaka-Metro-LA-30-3204,2023-04-22,4.57,active,Dhanmondi,59,22,398,2026-02-15T21:35:06+06:00,2026-08-09T12:49:46+06:00
859,USR097,+8801629685055,Tasnim Islam,STF0000860,receiver,2026-07-11T02:38:26+06:00,large_parcel,Mirpur,23.82916,90.368374,Shyamoli,23.780309,90.367739,112,delivered,2026-07-15T22:38:26+06:00,True,Steadfast,STF-RDR-017,Masud Khan,8801360702419,courier_rider,Bike,Dhaka-Metro-LA-28-9831,2023-07-08,4.45,active,Shyamoli,44,21,460,2026-02-12T15:00:00+06:00,2026-08-09T14:25:38+06:00
860,USR097,+8801629685055,Tasnim Islam,STF0000861,sender,2026-03-31T01:06:17+06:00,document,Tejgaon,23.770568,90.38481,Badda,23.775446,90.419315,338,delivered,2026-03-31T08:06:17+06:00,True,Steadfast,STF-RDR-021,Mamun Khan,8801550451076,courier_rider,Bike,Dhaka-Metro-LA-46-4897,2023-05-12,4.39,active,Badda,31,14,976,2026-02-13T07:18:09+06:00,2026-08-10T18:55:10+06:00
861,USR097,+8801629685055,Tasnim Islam,STF0000862,receiver,2026-03-19T20:39:14+06:00,large_parcel,Gulshan,23.786261,90.411763,Tejgaon,23.770924,90.391241,271,picked_up,2026-03-20T12:39:14+06:00,True,Steadfast,STF-RDR-018,Al Amin Uddin,8801433490845,courier_rider,Bike,Dhaka-Metro-LA-17-7450,2023-06-18,4.55,active,Tejgaon,40,17,1513,2026-02-12T22:21:32+06:00,2026-08-10T19:56:43+06:00
862,USR098,+8801782355451,Labiba Chowdhury,STF0000863,receiver,2026-08-08T10:01:17+06:00,medium_parcel,Rampura,23.762213,90.41477,Pallabi,23.82426,90.362158,72,delivered,2026-08-10T17:01:17+06:00,True,Steadfast,STF-RDR-015,Noman Hasan,8801374179797,courier_rider,Bike,Dhaka-Metro-LA-39-2863,2025-06-29,4.78,active,Pallabi,65,30,1596,2026-02-10T01:26:12+06:00,2026-08-08T10:01:17+06:00
863,USR098,+8801782355451,Labiba Chowdhury,STF0000864,receiver,2026-07-21T02:21:40+06:00,small_parcel,Dhanmondi,23.7493,90.367551,Shyamoli,23.767072,90.372646,208,in_transit,2026-07-24T01:21:40+06:00,True,Steadfast,STF-RDR-017,Masud Khan,8801360702419,courier_rider,Bike,Dhaka-Metro-LA-28-9831,2023-07-08,4.45,active,Shyamoli,44,21,460,2026-02-12T15:00:00+06:00,2026-08-09T14:25:38+06:00
864,USR098,+8801782355451,Labiba Chowdhury,STF0000865,receiver,2026-04-24T01:59:36+06:00,small_parcel,Bashundhara,23.81563,90.426012,Mohammadpur,23.763661,90.36484,86,returned,2026-04-28T21:59:36+06:00,True,Steadfast,STF-RDR-012,Ashik Uddin,8801899845426,courier_rider,Bike,Dhaka-Metro-LA-12-6776,2023-01-12,4.91,temporarily_inactive,Mohammadpur,45,16,547,2026-02-11T00:26:15+06:00,2026-08-09T08:57:59+06:00
865,USR098,+8801782355451,Labiba Chowdhury,STF0000866,sender,2026-05-11T03:31:11+06:00,large_parcel,Badda,23.771794,90.430223,Farmgate,23.762506,90.395984,202,picked_up,2026-05-14T13:31:11+06:00,True,Steadfast,STF-RDR-007,Habib Khan,8801355541558,courier_rider,Bicycle,BIC-74141,2024-12-06,4.22,active,Farmgate,44,18,1281,2026-02-11T07:50:51+06:00,2026-08-09T04:50:46+06:00
866,USR098,+8801782355451,Labiba Chowdhury,STF0000867,receiver,2026-02-24T19:52:18+06:00,medium_parcel,Khilgaon,23.742305,90.426783,Rampura,23.76143,90.419453,271,cancelled,2026-02-26T10:52:18+06:00,True,Steadfast,STF-RDR-016,Nadim Mahmud,8801366112261,courier_rider,Bike,Dhaka-Metro-LA-24-7717,2024-01-16,4.20,active,Rampura,53,18,1057,2026-02-18T06:15:30+06:00,2026-08-03T04:51:23+06:00
867,USR098,+8801782355451,Labiba Chowdhury,STF0000868,receiver,2026-04-28T04:20:07+06:00,small_parcel,Mohakhali,23.781409,90.402908,Farmgate,23.756936,90.396683,185,delivered,2026-04-29T19:20:07+06:00,True,Steadfast,STF-RDR-007,Habib Khan,8801355541558,courier_rider,Bicycle,BIC-74141,2024-12-06,4.22,active,Farmgate,44,18,1281,2026-02-11T07:50:51+06:00,2026-08-09T04:50:46+06:00
868,USR098,+8801782355451,Labiba Chowdhury,STF0000869,receiver,2026-06-26T03:47:10+06:00,small_parcel,Dhanmondi,23.746018,90.373083,Mirpur,23.826744,90.367391,116,delivered,2026-07-01T00:47:10+06:00,True,Steadfast,STF-RDR-010,Shakil Chowdhury,8801508898967,courier_rider,Bicycle,BIC-84798,2024-12-18,4.74,active,Mirpur,41,20,707,2026-02-17T05:21:07+06:00,2026-08-10T23:01:21+06:00
869,USR098,+8801782355451,Labiba Chowdhury,STF0000870,receiver,2026-04-01T12:31:37+06:00,document,Banani,23.790029,90.400047,Motijheel,23.736514,90.42058,100,cancelled,2026-04-05T04:31:37+06:00,True,Steadfast,STF-RDR-013,Rubel Mia,8801633950512,courier_rider,Bike,Dhaka-Metro-LA-28-7399,2025-12-23,4.32,active,Motijheel,39,18,975,2026-02-10T21:39:21+06:00,2026-08-06T00:06:07+06:00
870,USR098,+8801782355451,Labiba Chowdhury,STF0000871,receiver,2026-07-03T00:28:07+06:00,small_parcel,Old Dhaka,23.716855,90.405831,Wari,23.719653,90.413253,195,delivered,2026-07-04T08:28:07+06:00,True,Steadfast,STF-RDR-020,Emon Chowdhury,8801311733213,courier_rider,Bike,Dhaka-Metro-LA-44-7379,2023-07-10,4.24,active,Wari,56,26,197,2026-02-13T15:08:13+06:00,2026-08-07T17:55:05+06:00
871,USR098,+8801782355451,Labiba Chowdhury,STF0000872,receiver,2026-05-16T10:17:44+06:00,large_parcel,Tejgaon,23.766412,90.38637,Shyamoli,23.777985,90.370397,150,cancelled,2026-05-17T09:17:44+06:00,True,Steadfast,STF-RDR-017,Masud Khan,8801360702419,courier_rider,Bike,Dhaka-Metro-LA-28-9831,2023-07-08,4.45,active,Shyamoli,44,21,460,2026-02-12T15:00:00+06:00,2026-08-09T14:25:38+06:00
872,USR098,+8801782355451,Labiba Chowdhury,STF0000873,sender,2026-06-25T08:44:52+06:00,small_parcel,Old Dhaka,23.717767,90.409903,Dhanmondi,23.750758,90.375432,292,in_transit,2026-06-29T23:44:52+06:00,True,Steadfast,STF-RDR-006,Shakil Ali,8801781454791,courier_rider,Bike,Dhaka-Metro-LA-30-3204,2023-04-22,4.57,active,Dhanmondi,59,22,398,2026-02-15T21:35:06+06:00,2026-08-09T12:49:46+06:00
873,USR099,+8801304117185,Siam Sultana,STF0000874,receiver,2026-05-08T18:09:02+06:00,medium_parcel,Old Dhaka,23.717201,90.399051,Wari,23.72742,90.416022,279,delivered,2026-05-11T15:09:02+06:00,True,Steadfast,STF-RDR-020,Emon Chowdhury,8801311733213,courier_rider,Bike,Dhaka-Metro-LA-44-7379,2023-07-10,4.24,active,Wari,56,26,197,2026-02-13T15:08:13+06:00,2026-08-07T17:55:05+06:00
874,USR099,+8801304117185,Siam Sultana,STF0000875,sender,2026-07-12T12:18:32+06:00,small_parcel,Badda,23.77362,90.427622,Dhanmondi,23.748271,90.373047,288,delivered,2026-07-17T09:18:32+06:00,True,Steadfast,STF-RDR-006,Shakil Ali,8801781454791,courier_rider,Bike,Dhaka-Metro-LA-30-3204,2023-04-22,4.57,active,Dhanmondi,59,22,398,2026-02-15T21:35:06+06:00,2026-08-09T12:49:46+06:00
875,USR099,+8801304117185,Siam Sultana,STF0000876,sender,2026-07-03T02:12:39+06:00,large_parcel,Motijheel,23.735555,90.412696,Gulshan,23.789378,90.405603,344,delivered,2026-07-04T11:12:39+06:00,True,Steadfast,STF-RDR-008,Kawsar Hasan,8801749085349,courier_rider,Bike,Dhaka-Metro-LA-47-2714,2025-11-24,4.63,active,Gulshan,44,18,921,2026-02-11T10:32:27+06:00,2026-08-06T05:18:42+06:00
876,USR099,+8801304117185,Siam Sultana,STF0000877,receiver,2026-05-30T11:46:20+06:00,large_parcel,Shyamoli,23.779045,90.372757,Pallabi,23.830113,90.364798,104,delivered,2026-06-01T21:46:20+06:00,True,Steadfast,STF-RDR-015,Noman Hasan,8801374179797,courier_rider,Bike,Dhaka-Metro-LA-39-2863,2025-06-29,4.78,active,Pallabi,65,30,1596,2026-02-10T01:26:12+06:00,2026-08-08T10:01:17+06:00
877,USR099,+8801304117185,Siam Sultana,STF0000878,receiver,2026-07-20T23:39:35+06:00,document,Tejgaon,23.766039,90.384396,Old Dhaka,23.71297,90.411976,248,returned,2026-07-22T04:39:35+06:00,True,Steadfast,STF-RDR-014,Rakib Mahmud,8801513377974,courier_rider,Bike,Dhaka-Metro-LA-52-9796,2024-11-17,4.92,active,Old Dhaka,50,18,608,2026-02-10T21:51:42+06:00,2026-07-31T06:18:21+06:00
878,USR099,+8801304117185,Siam Sultana,STF0000879,sender,2026-04-14T05:27:57+06:00,document,Farmgate,23.760623,90.384355,Mohammadpur,23.777183,90.366911,92,cancelled,2026-04-15T22:27:57+06:00,True,Steadfast,STF-RDR-012,Ashik Uddin,8801899845426,courier_rider,Bike,Dhaka-Metro-LA-12-6776,2023-01-12,4.91,temporarily_inactive,Mohammadpur,45,16,547,2026-02-11T00:26:15+06:00,2026-08-09T08:57:59+06:00
879,USR099,+8801304117185,Siam Sultana,STF0000880,sender,2026-08-08T01:45:25+06:00,small_parcel,Farmgate,23.754509,90.381519,Shyamoli,23.781652,90.366022,167,delivered,2026-08-08T18:45:25+06:00,True,Steadfast,STF-RDR-017,Masud Khan,8801360702419,courier_rider,Bike,Dhaka-Metro-LA-28-9831,2023-07-08,4.45,active,Shyamoli,44,21,460,2026-02-12T15:00:00+06:00,2026-08-09T14:25:38+06:00
880,USR099,+8801304117185,Siam Sultana,STF0000881,sender,2026-07-28T22:12:16+06:00,small_parcel,Mirpur,23.827835,90.364179,Badda,23.786486,90.421431,231,picked_up,2026-07-30T17:12:16+06:00,True,Steadfast,STF-RDR-021,Mamun Khan,8801550451076,courier_rider,Bike,Dhaka-Metro-LA-46-4897,2023-05-12,4.39,active,Badda,31,14,976,2026-02-13T07:18:09+06:00,2026-08-10T18:55:10+06:00
881,USR100,+8801774878490,Rakib Hasan,STF0000882,receiver,2026-06-18T05:25:02+06:00,large_parcel,Pallabi,23.827876,90.372519,Khilgaon,23.755779,90.43336,147,returned,2026-06-23T01:25:02+06:00,True,Steadfast,STF-RDR-009,Habib Hossain,8801495463244,courier_rider,Bike,Dhaka-Metro-LA-18-5393,2023-09-14,4.29,active,Khilgaon,47,24,1313,2026-02-11T11:56:35+06:00,2026-08-08T17:34:54+06:00
882,USR100,+8801774878490,Rakib Hasan,STF0000883,receiver,2026-06-03T06:37:21+06:00,large_parcel,Wari,23.719561,90.414955,Farmgate,23.754714,90.382347,207,delivered,2026-06-07T20:37:21+06:00,True,Steadfast,STF-RDR-007,Habib Khan,8801355541558,courier_rider,Bicycle,BIC-74141,2024-12-06,4.22,active,Farmgate,44,18,1281,2026-02-11T07:50:51+06:00,2026-08-09T04:50:46+06:00
883,USR100,+8801774878490,Rakib Hasan,STF0000884,sender,2026-06-16T04:09:43+06:00,small_parcel,Gulshan,23.793339,90.412451,Wari,23.720021,90.415852,199,delivered,2026-06-18T21:09:43+06:00,True,Steadfast,STF-RDR-020,Emon Chowdhury,8801311733213,courier_rider,Bike,Dhaka-Metro-LA-44-7379,2023-07-10,4.24,active,Wari,56,26,197,2026-02-13T15:08:13+06:00,2026-08-07T17:55:05+06:00
884,USR100,+8801774878490,Rakib Hasan,STF0000885,sender,2026-04-05T17:39:48+06:00,small_parcel,Shyamoli,23.773512,90.372314,Mohammadpur,23.774677,90.349606,100,delivered,2026-04-06T22:39:48+06:00,True,Steadfast,STF-RDR-012,Ashik Uddin,8801899845426,courier_rider,Bike,Dhaka-Metro-LA-12-6776,2023-01-12,4.91,temporarily_inactive,Mohammadpur,45,16,547,2026-02-11T00:26:15+06:00,2026-08-09T08:57:59+06:00
885,USR100,+8801774878490,Rakib Hasan,STF0000886,receiver,2026-05-06T17:22:42+06:00,large_parcel,Farmgate,23.758696,90.382883,Banani,23.797961,90.400765,129,returned,2026-05-07T16:22:42+06:00,True,Steadfast,STF-RDR-002,Nahid Ali,8801571364853,courier_rider,Bike,Dhaka-Metro-LA-17-2538,2024-06-01,4.61,active,Banani,38,18,585,2026-02-11T07:26:41+06:00,2026-07-27T20:50:45+06:00
886,USR100,+8801774878490,Rakib Hasan,STF0000887,receiver,2026-05-20T05:57:30+06:00,medium_parcel,Dhanmondi,23.745414,90.378895,Wari,23.729032,90.423745,231,picked_up,2026-05-21T21:57:30+06:00,True,Steadfast,STF-RDR-020,Emon Chowdhury,8801311733213,courier_rider,Bike,Dhaka-Metro-LA-44-7379,2023-07-10,4.24,active,Wari,56,26,197,2026-02-13T15:08:13+06:00,2026-08-07T17:55:05+06:00
887,USR053,+8801852381087,Labiba Sultana,STF0000888,sender,2026-03-12T09:15:00+06:00,medium_parcel,Cox's Bazar,21.4272,92.0058,Dhaka,23.8103,90.4125,220,delivered,2026-03-14T14:20:00+06:00,True,Steadfast,STF-RDR-005,Habib Sheikh,8801728724537,courier_rider,Bike,Dhaka-Metro-LA-47-4720,2025-04-11,4.87,active,Dhaka,27,20,1327,2026-03-08T08:30:00+06:00,2026-08-12T09:05:00+06:00
888,USR053,+8801852381087,Labiba Sultana,STF0000889,sender,2026-04-04T11:30:00+06:00,small_parcel,Cox's Bazar,21.4272,92.0058,Dhaka,23.8103,90.4125,185,delivered,2026-04-06T16:10:00+06:00,True,Steadfast,STF-RDR-005,Habib Sheikh,8801728724537,courier_rider,Bike,Dhaka-Metro-LA-47-4720,2025-04-11,4.87,active,Dhaka,27,20,1327,2026-03-08T08:30:00+06:00,2026-08-12T09:05:00+06:00
889,USR053,+8801852381087,Labiba Sultana,STF0000890,sender,2026-05-18T08:45:00+06:00,document,Cox's Bazar,21.4272,92.0058,Dhaka,23.8103,90.4125,160,delivered,2026-05-19T18:25:00+06:00,True,Steadfast,STF-RDR-005,Habib Sheikh,8801728724537,courier_rider,Bike,Dhaka-Metro-LA-47-4720,2025-04-11,4.87,active,Dhaka,27,20,1327,2026-03-08T08:30:00+06:00,2026-08-12T09:05:00+06:00
890,USR053,+8801852381087,Labiba Sultana,STF0000891,sender,2026-06-10T13:05:00+06:00,large_parcel,Cox's Bazar,21.4272,92.0058,Dhaka,23.8103,90.4125,295,delivered,2026-06-12T10:40:00+06:00,True,Steadfast,STF-RDR-005,Habib Sheikh,8801728724537,courier_rider,Bike,Dhaka-Metro-LA-47-4720,2025-04-11,4.87,active,Dhaka,27,20,1327,2026-03-08T08:30:00+06:00,2026-08-12T09:05:00+06:00
891,USR053,+8801852381087,Labiba Sultana,STF0000892,sender,2026-07-02T10:20:00+06:00,medium_parcel,Cox's Bazar,21.4272,92.0058,Dhaka,23.8103,90.4125,235,cancelled,2026-07-02T18:15:00+06:00,True,Steadfast,STF-RDR-005,Habib Sheikh,8801728724537,courier_rider,Bike,Dhaka-Metro-LA-47-4720,2025-04-11,4.87,active,Dhaka,27,20,1327,2026-03-08T08:30:00+06:00,2026-08-12T09:05:00+06:00
892,USR053,+8801852381087,Labiba Sultana,STF0000893,sender,2026-07-25T16:35:00+06:00,small_parcel,Cox's Bazar,21.4272,92.0058,Dhaka,23.8103,90.4125,190,delivered,2026-07-27T09:30:00+06:00,True,Steadfast,STF-RDR-005,Habib Sheikh,8801728724537,courier_rider,Bike,Dhaka-Metro-LA-47-4720,2025-04-11,4.87,active,Dhaka,27,20,1327,2026-03-08T08:30:00+06:00,2026-08-12T09:05:00+06:00
893,USR053,+8801852381087,Labiba Sultana,STF0000894,sender,2026-08-09T09:50:00+06:00,medium_parcel,Cox's Bazar,21.4272,92.0058,Dhaka,23.8103,90.4125,240,in_transit,2026-08-10T12:10:00+06:00,True,Steadfast,STF-RDR-005,Habib Sheikh,8801728724537,courier_rider,Bike,Dhaka-Metro-LA-47-4720,2025-04-11,4.87,active,Dhaka,27,20,1327,2026-03-08T08:30:00+06:00,2026-08-12T09:05:00+06:00
894,USR053,+8801852381087,Labiba Sultana,STF0000895,sender,2026-04-20T14:25:00+06:00,small_parcel,Cox's Bazar,21.4272,92.0058,Chattogram,22.3569,91.7832,145,delivered,2026-04-21T17:40:00+06:00,True,Steadfast,STF-RDR-004,Shahadat Kabir,8801396197735,courier_rider,Bicycle,BIC-70065,2023-08-28,4.73,active,Chattogram,9,7,1638,2026-04-07T08:55:00+06:00,2026-08-16T10:45:00+06:00
895,USR053,+8801852381087,Labiba Sultana,STF0000896,sender,2026-06-28T12:10:00+06:00,document,Cox's Bazar,21.4272,92.0058,Chattogram,22.3569,91.7832,125,delivered,2026-06-29T15:30:00+06:00,True,Steadfast,STF-RDR-004,Shahadat Kabir,8801396197735,courier_rider,Bicycle,BIC-70065,2023-08-28,4.73,active,Chattogram,9,7,1638,2026-04-07T08:55:00+06:00,2026-08-16T10:45:00+06:00
896,USR053,+8801852381087,Labiba Sultana,STF0000897,sender,2026-08-14T15:45:00+06:00,medium_parcel,Cox's Bazar,21.4272,92.0058,Chattogram,22.3569,91.7832,175,picked_up,2026-08-15T11:20:00+06:00,True,Steadfast,STF-RDR-004,Shahadat Kabir,8801396197735,courier_rider,Bicycle,BIC-70065,2023-08-28,4.73,active,Chattogram,9,7,1638,2026-04-07T08:55:00+06:00,2026-08-16T10:45:00+06:00
897,USR053,+8801852381087,Labiba Sultana,STF0000898,sender,2026-05-07T10:05:00+06:00,large_parcel,Jashore,23.1634,89.2182,Dhaka,23.8103,90.4125,280,delivered,2026-05-09T13:50:00+06:00,True,Steadfast,STF-RDR-005,Habib Sheikh,8801728724537,courier_rider,Bike,Dhaka-Metro-LA-47-4720,2025-04-11,4.87,active,Dhaka,27,20,1327,2026-03-08T08:30:00+06:00,2026-08-12T09:05:00+06:00
898,USR053,+8801852381087,Labiba Sultana,STF0000899,sender,2026-07-16T17:20:00+06:00,medium_parcel,Jashore,23.1634,89.2182,Dhaka,23.8103,90.4125,230,delivered,2026-07-18T10:15:00+06:00,True,Steadfast,STF-RDR-005,Habib Sheikh,8801728724537,courier_rider,Bike,Dhaka-Metro-LA-47-4720,2025-04-11,4.87,active,Dhaka,27,20,1327,2026-03-08T08:30:00+06:00,2026-08-12T09:05:00+06:00
899,USR071,+8801371764059,Hasan Ali,STF0000900,sender,2026-03-08T08:30:00+06:00,small_parcel,Chattogram,22.3569,91.7832,Dhaka,23.8103,90.4125,210,delivered,2026-03-10T12:45:00+06:00,True,Steadfast,STF-RDR-005,Habib Sheikh,8801728724537,courier_rider,Bike,Dhaka-Metro-LA-47-4720,2025-04-11,4.87,active,Dhaka,27,20,1327,2026-03-08T08:30:00+06:00,2026-08-12T09:05:00+06:00
900,USR071,+8801371764059,Hasan Ali,STF0000901,sender,2026-04-15T12:40:00+06:00,medium_parcel,Chattogram,22.3569,91.7832,Dhaka,23.8103,90.4125,245,delivered,2026-04-17T09:20:00+06:00,True,Steadfast,STF-RDR-005,Habib Sheikh,8801728724537,courier_rider,Bike,Dhaka-Metro-LA-47-4720,2025-04-11,4.87,active,Dhaka,27,20,1327,2026-03-08T08:30:00+06:00,2026-08-12T09:05:00+06:00
901,USR071,+8801371764059,Hasan Ali,STF0000902,sender,2026-05-05T15:15:00+06:00,document,Chattogram,22.3569,91.7832,Dhaka,23.8103,90.4125,175,delivered,2026-05-06T18:35:00+06:00,True,Steadfast,STF-RDR-005,Habib Sheikh,8801728724537,courier_rider,Bike,Dhaka-Metro-LA-47-4720,2025-04-11,4.87,active,Dhaka,27,20,1327,2026-03-08T08:30:00+06:00,2026-08-12T09:05:00+06:00
902,USR071,+8801371764059,Hasan Ali,STF0000903,sender,2026-06-12T09:55:00+06:00,large_parcel,Chattogram,22.3569,91.7832,Dhaka,23.8103,90.4125,310,cancelled,2026-06-12T17:25:00+06:00,True,Steadfast,STF-RDR-005,Habib Sheikh,8801728724537,courier_rider,Bike,Dhaka-Metro-LA-47-4720,2025-04-11,4.87,active,Dhaka,27,20,1327,2026-03-08T08:30:00+06:00,2026-08-12T09:05:00+06:00
903,USR071,+8801371764059,Hasan Ali,STF0000904,sender,2026-07-08T11:25:00+06:00,medium_parcel,Chattogram,22.3569,91.7832,Dhaka,23.8103,90.4125,250,delivered,2026-07-10T14:05:00+06:00,True,Steadfast,STF-RDR-005,Habib Sheikh,8801728724537,courier_rider,Bike,Dhaka-Metro-LA-47-4720,2025-04-11,4.87,active,Dhaka,27,20,1327,2026-03-08T08:30:00+06:00,2026-08-12T09:05:00+06:00
904,USR071,+8801371764059,Hasan Ali,STF0000905,sender,2026-08-05T14:10:00+06:00,small_parcel,Chattogram,22.3569,91.7832,Dhaka,23.8103,90.4125,215,in_transit,2026-08-06T16:30:00+06:00,True,Steadfast,STF-RDR-005,Habib Sheikh,8801728724537,courier_rider,Bike,Dhaka-Metro-LA-47-4720,2025-04-11,4.87,active,Dhaka,27,20,1327,2026-03-08T08:30:00+06:00,2026-08-12T09:05:00+06:00
905,USR071,+8801371764059,Hasan Ali,STF0000906,sender,2026-03-26T10:35:00+06:00,small_parcel,Cox's Bazar,21.4272,92.0058,Dhaka,23.8103,90.4125,185,delivered,2026-03-28T11:50:00+06:00,True,Steadfast,STF-RDR-005,Habib Sheikh,8801728724537,courier_rider,Bike,Dhaka-Metro-LA-47-4720,2025-04-11,4.87,active,Dhaka,27,20,1327,2026-03-08T08:30:00+06:00,2026-08-12T09:05:00+06:00
906,USR071,+8801371764059,Hasan Ali,STF0000907,sender,2026-05-23T16:20:00+06:00,medium_parcel,Cox's Bazar,21.4272,92.0058,Dhaka,23.8103,90.4125,235,delivered,2026-05-25T09:10:00+06:00,True,Steadfast,STF-RDR-005,Habib Sheikh,8801728724537,courier_rider,Bike,Dhaka-Metro-LA-47-4720,2025-04-11,4.87,active,Dhaka,27,20,1327,2026-03-08T08:30:00+06:00,2026-08-12T09:05:00+06:00
907,USR071,+8801371764059,Hasan Ali,STF0000908,sender,2026-07-20T13:45:00+06:00,large_parcel,Cox's Bazar,21.4272,92.0058,Dhaka,23.8103,90.4125,305,delivered,2026-07-22T15:15:00+06:00,True,Steadfast,STF-RDR-005,Habib Sheikh,8801728724537,courier_rider,Bike,Dhaka-Metro-LA-47-4720,2025-04-11,4.87,active,Dhaka,27,20,1327,2026-03-08T08:30:00+06:00,2026-08-12T09:05:00+06:00
908,USR071,+8801371764059,Hasan Ali,STF0000909,sender,2026-08-12T09:05:00+06:00,document,Cox's Bazar,21.4272,92.0058,Dhaka,23.8103,90.4125,165,picked_up,2026-08-13T13:25:00+06:00,True,Steadfast,STF-RDR-005,Habib Sheikh,8801728724537,courier_rider,Bike,Dhaka-Metro-LA-47-4720,2025-04-11,4.87,active,Dhaka,27,20,1327,2026-03-08T08:30:00+06:00,2026-08-12T09:05:00+06:00
909,USR071,+8801371764059,Hasan Ali,STF0000910,sender,2026-04-30T12:55:00+06:00,medium_parcel,Jashore,23.1634,89.2182,Chattogram,22.3569,91.7832,260,delivered,2026-05-02T10:20:00+06:00,True,Steadfast,STF-RDR-004,Shahadat Kabir,8801396197735,courier_rider,Bicycle,BIC-70065,2023-08-28,4.73,active,Chattogram,9,7,1638,2026-04-07T08:55:00+06:00,2026-08-16T10:45:00+06:00
910,USR071,+8801371764059,Hasan Ali,STF0000911,sender,2026-06-30T15:30:00+06:00,large_parcel,Jashore,23.1634,89.2182,Chattogram,22.3569,91.7832,325,delivered,2026-07-02T11:45:00+06:00,True,Steadfast,STF-RDR-004,Shahadat Kabir,8801396197735,courier_rider,Bicycle,BIC-70065,2023-08-28,4.73,active,Chattogram,9,7,1638,2026-04-07T08:55:00+06:00,2026-08-16T10:45:00+06:00
911,USR095,+8801728917865,Adnan Rahman,STF0000912,sender,2026-03-14T09:40:00+06:00,small_parcel,Jashore,23.1634,89.2182,Dhaka,23.8103,90.4125,195,delivered,2026-03-16T12:30:00+06:00,True,Steadfast,STF-RDR-005,Habib Sheikh,8801728724537,courier_rider,Bike,Dhaka-Metro-LA-47-4720,2025-04-11,4.87,active,Dhaka,27,20,1327,2026-03-08T08:30:00+06:00,2026-08-12T09:05:00+06:00
912,USR095,+8801728917865,Adnan Rahman,STF0000913,sender,2026-04-22T13:15:00+06:00,medium_parcel,Jashore,23.1634,89.2182,Dhaka,23.8103,90.4125,240,delivered,2026-04-24T15:40:00+06:00,True,Steadfast,STF-RDR-005,Habib Sheikh,8801728724537,courier_rider,Bike,Dhaka-Metro-LA-47-4720,2025-04-11,4.87,active,Dhaka,27,20,1327,2026-03-08T08:30:00+06:00,2026-08-12T09:05:00+06:00
913,USR095,+8801728917865,Adnan Rahman,STF0000914,sender,2026-05-30T10:50:00+06:00,document,Jashore,23.1634,89.2182,Dhaka,23.8103,90.4125,170,delivered,2026-06-01T09:35:00+06:00,True,Steadfast,STF-RDR-005,Habib Sheikh,8801728724537,courier_rider,Bike,Dhaka-Metro-LA-47-4720,2025-04-11,4.87,active,Dhaka,27,20,1327,2026-03-08T08:30:00+06:00,2026-08-12T09:05:00+06:00
914,USR095,+8801728917865,Adnan Rahman,STF0000915,sender,2026-06-24T16:05:00+06:00,large_parcel,Jashore,23.1634,89.2182,Dhaka,23.8103,90.4125,315,cancelled,2026-06-25T18:20:00+06:00,True,Steadfast,STF-RDR-005,Habib Sheikh,8801728724537,courier_rider,Bike,Dhaka-Metro-LA-47-4720,2025-04-11,4.87,active,Dhaka,27,20,1327,2026-03-08T08:30:00+06:00,2026-08-12T09:05:00+06:00
915,USR095,+8801728917865,Adnan Rahman,STF0000916,sender,2026-07-18T11:35:00+06:00,medium_parcel,Jashore,23.1634,89.2182,Dhaka,23.8103,90.4125,245,delivered,2026-07-20T14:10:00+06:00,True,Steadfast,STF-RDR-005,Habib Sheikh,8801728724537,courier_rider,Bike,Dhaka-Metro-LA-47-4720,2025-04-11,4.87,active,Dhaka,27,20,1327,2026-03-08T08:30:00+06:00,2026-08-12T09:05:00+06:00
916,USR095,+8801728917865,Adnan Rahman,STF0000917,sender,2026-08-11T14:25:00+06:00,small_parcel,Jashore,23.1634,89.2182,Dhaka,23.8103,90.4125,200,in_transit,2026-08-12T17:45:00+06:00,True,Steadfast,STF-RDR-005,Habib Sheikh,8801728724537,courier_rider,Bike,Dhaka-Metro-LA-47-4720,2025-04-11,4.87,active,Dhaka,27,20,1327,2026-03-08T08:30:00+06:00,2026-08-12T09:05:00+06:00
917,USR095,+8801728917865,Adnan Rahman,STF0000918,sender,2026-04-07T08:55:00+06:00,small_parcel,Cox's Bazar,21.4272,92.0058,Chattogram,22.3569,91.7832,145,delivered,2026-04-08T13:20:00+06:00,True,Steadfast,STF-RDR-004,Shahadat Kabir,8801396197735,courier_rider,Bicycle,BIC-70065,2023-08-28,4.73,active,Chattogram,9,7,1638,2026-04-07T08:55:00+06:00,2026-08-16T10:45:00+06:00
918,USR095,+8801728917865,Adnan Rahman,STF0000919,sender,2026-05-15T12:30:00+06:00,medium_parcel,Cox's Bazar,21.4272,92.0058,Chattogram,22.3569,91.7832,180,delivered,2026-05-17T10:05:00+06:00,True,Steadfast,STF-RDR-004,Shahadat Kabir,8801396197735,courier_rider,Bicycle,BIC-70065,2023-08-28,4.73,active,Chattogram,9,7,1638,2026-04-07T08:55:00+06:00,2026-08-16T10:45:00+06:00
919,USR095,+8801728917865,Adnan Rahman,STF0000920,sender,2026-07-04T15:10:00+06:00,document,Cox's Bazar,21.4272,92.0058,Chattogram,22.3569,91.7832,130,delivered,2026-07-05T18:40:00+06:00,True,Steadfast,STF-RDR-004,Shahadat Kabir,8801396197735,courier_rider,Bicycle,BIC-70065,2023-08-28,4.73,active,Chattogram,9,7,1638,2026-04-07T08:55:00+06:00,2026-08-16T10:45:00+06:00
920,USR095,+8801728917865,Adnan Rahman,STF0000921,sender,2026-08-16T10:45:00+06:00,large_parcel,Cox's Bazar,21.4272,92.0058,Chattogram,22.3569,91.7832,225,picked_up,2026-08-18T09:15:00+06:00,True,Steadfast,STF-RDR-004,Shahadat Kabir,8801396197735,courier_rider,Bicycle,BIC-70065,2023-08-28,4.73,active,Chattogram,9,7,1638,2026-04-07T08:55:00+06:00,2026-08-16T10:45:00+06:00
921,USR095,+8801728917865,Adnan Rahman,STF0000922,sender,2026-06-02T13:35:00+06:00,medium_parcel,Chattogram,22.3569,91.7832,Dhaka,23.8103,90.4125,250,delivered,2026-06-04T16:20:00+06:00,True,Steadfast,STF-RDR-005,Habib Sheikh,8801728724537,courier_rider,Bike,Dhaka-Metro-LA-47-4720,2025-04-11,4.87,active,Dhaka,27,20,1327,2026-03-08T08:30:00+06:00,2026-08-12T09:05:00+06:00
922,USR095,+8801728917865,Adnan Rahman,STF0000923,sender,2026-07-29T09:20:00+06:00,small_parcel,Chattogram,22.3569,91.7832,Dhaka,23.8103,90.4125,210,delivered,2026-07-31T12:55:00+06:00,True,Steadfast,STF-RDR-005,Habib Sheikh,8801728724537,courier_rider,Bike,Dhaka-Metro-LA-47-4720,2025-04-11,4.87,active,Dhaka,27,20,1327,2026-03-08T08:30:00+06:00,2026-08-12T09:05:00+06:00
