user_id,phone,customer_name,trip_id,request_time,vehicle_type,pickup_area,pickup_lat,pickup_lon,dropoff_area,dropoff_lat,dropoff_lon,distance_km,duration_min,fare_bdt,trip_status,source_updated_at,synthetic
USR001,01000000001,Demo User 001,UB0000009,2026-02-26T22:35:53+06:00,Moto,Mohammadpur,23.769915,90.355348,Dhanmondi,23.75165,90.379684,12.82,24,471,completed,2026-02-26T23:12:53+06:00,True
USR001,01000000001,Demo User 001,UB0000012,2026-03-07T15:36:02+06:00,Premier,Dhanmondi,23.750459,90.369143,Motijheel,23.73441,90.415237,9.36,62,344,completed,2026-03-07T16:52:02+06:00,True
USR001,01000000001,Demo User 001,UB0000015,2026-03-30T20:52:23+06:00,Premier,Farmgate,23.761152,90.394218,Shyamoli,23.773313,90.360844,6.51,68,240,completed,2026-03-30T22:15:23+06:00,True
USR001,01000000001,Demo User 001,UB0000013,2026-04-15T11:21:34+06:00,Moto,Tejgaon,23.763638,90.388053,Wari,23.719933,90.414605,6.09,42,208,completed,2026-04-15T12:13:34+06:00,True
USR001,01000000001,Demo User 001,UB0000016,2026-04-25T20:58:15+06:00,Moto,Tejgaon,23.768295,90.401697,Gulshan,23.788625,90.402457,16.83,14,626,completed,2026-04-25T21:14:15+06:00,True
USR001,01000000001,Demo User 001,UB0000006,2026-04-26T22:59:08+06:00,Premier,Tejgaon,23.764824,90.395155,Old Dhaka,23.70431,90.406061,23.72,59,725,completed,2026-04-27T00:10:08+06:00,True
USR001,01000000001,Demo User 001,UB0000005,2026-05-03T11:32:08+06:00,Moto,Gulshan,23.795889,90.415477,Mohammadpur,23.771212,90.36275,9.98,35,262,completed,2026-05-03T12:22:08+06:00,True
USR001,01000000001,Demo User 001,UB0000003,2026-05-08T13:53:27+06:00,UberX,Tejgaon,23.767709,90.3947,Pallabi,23.834101,90.360272,13.04,15,400,completed,2026-05-08T14:11:27+06:00,True
USR001,01000000001,Demo User 001,UB0000017,2026-05-09T14:34:12+06:00,Moto,Wari,23.722943,90.425555,Banani,23.798867,90.406222,17.75,66,424,completed,2026-05-09T15:58:12+06:00,True
USR001,01000000001,Demo User 001,UB0000001,2026-05-16T15:36:20+06:00,UberX,Rampura,23.755473,90.422794,Motijheel,23.725173,90.415245,11.77,51,392,completed,2026-05-16T16:41:20+06:00,True
USR001,01000000001,Demo User 001,UB0000011,2026-06-06T21:43:51+06:00,UberX,Dhanmondi,23.750384,90.370556,Shyamoli,23.766802,90.367799,18.53,12,450,completed,2026-06-06T21:55:51+06:00,True
USR001,01000000001,Demo User 001,UB0000010,2026-06-17T11:17:53+06:00,UberX,Mirpur,23.824,90.361943,Tejgaon,23.756858,90.394178,7.39,67,234,completed,2026-06-17T12:32:53+06:00,True
USR001,01000000001,Demo User 001,UB0000004,2026-07-07T03:46:07+06:00,Premier,Pallabi,23.825323,90.371618,Gulshan,23.797632,90.409496,2.83,67,108,completed,2026-07-07T05:00:07+06:00,True
USR001,01000000001,Demo User 001,UB0000002,2026-07-08T02:11:51+06:00,Premier,Farmgate,23.760212,90.38619,Banani,23.791277,90.405762,4.54,64,174,completed,2026-07-08T03:32:51+06:00,True
USR001,01000000001,Demo User 001,UB0000014,2026-07-13T00:53:03+06:00,UberX,Badda,23.787619,90.427983,Mirpur,23.823126,90.358548,9.13,67,311,cancelled_by_driver,2026-07-13T02:06:03+06:00,True
USR001,01000000001,Demo User 001,UB0000008,2026-07-28T21:28:12+06:00,Moto,Tejgaon,23.770929,90.386486,Banani,23.785994,90.40675,20.37,34,543,completed,2026-07-28T22:22:12+06:00,True
USR001,01000000001,Demo User 001,UB0000007,2026-08-09T06:56:10+06:00,Premier,Dhanmondi,23.743556,90.377666,Banani,23.799221,90.409918,18.59,69,526,completed,2026-08-09T08:21:10+06:00,True
USR002,01000000002,Demo User 002,UB0000030,2026-02-28T06:36:16+06:00,Premier,Motijheel,23.726573,90.420455,Mohammadpur,23.761792,90.356444,11.73,33,341,completed,2026-02-28T07:22:16+06:00,True
USR002,01000000002,Demo User 002,UB0000032,2026-03-27T05:25:46+06:00,Moto,Motijheel,23.737715,90.421569,Mohakhali,23.77373,90.399607,18.28,46,674,completed,2026-03-27T06:18:46+06:00,True
USR002,01000000002,Demo User 002,UB0000025,2026-04-05T13:11:15+06:00,UberX,Mirpur,23.828127,90.363983,Banani,23.78712,90.40151,18.27,72,568,completed,2026-04-05T14:31:15+06:00,True
USR002,01000000002,Demo User 002,UB0000028,2026-04-08T16:18:11+06:00,UberX,Uttara,23.868562,90.376802,Badda,23.785822,90.422613,6.18,29,212,ongoing,2026-04-08T16:59:11+06:00,True
USR002,01000000002,Demo User 002,UB0000027,2026-04-25T19:28:53+06:00,UberX,Bashundhara,23.822213,90.420001,Uttara,23.882236,90.386844,23.86,70,832,completed,2026-04-25T20:53:53+06:00,True
USR002,01000000002,Demo User 002,UB0000023,2026-05-04T23:32:34+06:00,Premier,Khilgaon,23.751503,90.426918,Motijheel,23.735285,90.413125,22.94,46,671,completed,2026-05-05T00:33:34+06:00,True
USR002,01000000002,Demo User 002,UB0000026,2026-05-05T16:57:13+06:00,Premier,Badda,23.78345,90.419398,Motijheel,23.72946,90.412351,6.3,56,173,completed,2026-05-05T17:54:13+06:00,True
USR002,01000000002,Demo User 002,UB0000024,2026-05-09T02:34:54+06:00,Premier,Mirpur,23.817964,90.364491,Tejgaon,23.764731,90.397775,22.87,15,680,completed,2026-05-09T02:55:54+06:00,True
USR002,01000000002,Demo User 002,UB0000018,2026-05-11T00:57:26+06:00,Moto,Banani,23.788823,90.401985,Badda,23.788197,90.429811,5.4,57,206,completed,2026-05-11T01:56:26+06:00,True
USR002,01000000002,Demo User 002,UB0000022,2026-05-11T16:50:33+06:00,Moto,Badda,23.781699,90.430985,Rampura,23.762348,90.419746,22.93,75,701,completed,2026-05-11T18:08:33+06:00,True
USR002,01000000002,Demo User 002,UB0000019,2026-06-03T07:37:19+06:00,Premier,Wari,23.726802,90.423139,Dhanmondi,23.741316,90.377716,15.77,27,505,completed,2026-06-03T08:06:19+06:00,True
USR002,01000000002,Demo User 002,UB0000031,2026-07-02T06:29:21+06:00,UberX,Rampura,23.753862,90.417845,Mirpur,23.823942,90.369493,11.4,11,397,completed,2026-07-02T06:54:21+06:00,True
USR002,01000000002,Demo User 002,UB0000029,2026-07-05T14:33:09+06:00,Premier,Farmgate,23.755132,90.384128,Shyamoli,23.77856,90.362331,2.02,51,107,cancelled_by_rider,2026-07-05T15:28:09+06:00,True
USR002,01000000002,Demo User 002,UB0000021,2026-07-12T07:11:03+06:00,Moto,Tejgaon,23.757379,90.38705,Gulshan,23.787396,90.400155,22.41,50,630,completed,2026-07-12T08:19:03+06:00,True
USR002,01000000002,Demo User 002,UB0000020,2026-07-19T15:00:22+06:00,UberX,Mohakhali,23.783663,90.401061,Badda,23.775604,90.428132,3.53,55,132,completed,2026-07-19T15:55:22+06:00,True
USR003,01000000003,Demo User 003,UB0000055,2026-02-16T12:53:12+06:00,Moto,Tejgaon,23.761538,90.391035,Motijheel,23.740006,90.415321,7.74,67,205,completed,2026-02-16T14:20:12+06:00,True
USR003,01000000003,Demo User 003,UB0000058,2026-02-24T20:38:20+06:00,UberX,Old Dhaka,23.706747,90.40019,Gulshan,23.797346,90.410786,12.94,57,345,completed,2026-02-24T21:50:20+06:00,True
USR003,01000000003,Demo User 003,UB0000037,2026-02-27T07:19:24+06:00,Premier,Banani,23.795475,90.411472,Motijheel,23.72716,90.412502,7.65,60,295,completed,2026-02-27T08:25:24+06:00,True
USR003,01000000003,Demo User 003,UB0000049,2026-03-03T05:12:37+06:00,UberX,Motijheel,23.739067,90.410314,Mohammadpur,23.768903,90.35536,2.29,39,131,completed,2026-03-03T06:10:37+06:00,True
USR003,01000000003,Demo User 003,UB0000045,2026-03-06T06:22:08+06:00,UberX,Pallabi,23.822034,90.367393,Motijheel,23.730906,90.415478,8.04,13,237,completed,2026-03-06T06:45:08+06:00,True
USR003,01000000003,Demo User 003,UB0000053,2026-03-19T06:44:46+06:00,Premier,Pallabi,23.823531,90.357626,Mohakhali,23.787982,90.398659,3.17,23,121,completed,2026-03-19T07:27:46+06:00,True
USR003,01000000003,Demo User 003,UB0000046,2026-03-21T03:37:44+06:00,Moto,Badda,23.784054,90.421429,Gulshan,23.788858,90.40019,22.06,75,480,completed,2026-03-21T05:11:44+06:00,True
USR003,01000000003,Demo User 003,UB0000050,2026-03-26T02:09:43+06:00,Premier,Wari,23.713874,90.413032,Shyamoli,23.782457,90.364542,11.52,11,436,completed,2026-03-26T02:40:43+06:00,True
USR003,01000000003,Demo User 003,UB0000038,2026-03-26T22:30:44+06:00,Moto,Mohammadpur,23.770971,90.362492,Pallabi,23.825845,90.370282,3.38,56,157,completed,2026-03-26T23:37:44+06:00,True
USR003,01000000003,Demo User 003,UB0000059,2026-03-26T22:33:25+06:00,Premier,Banani,23.791017,90.410711,Shyamoli,23.781191,90.361016,7.85,39,260,completed,2026-03-26T23:29:25+06:00,True
USR003,01000000003,Demo User 003,UB0000052,2026-03-30T11:36:49+06:00,Moto,Farmgate,23.757119,90.388908,Bashundhara,23.814245,90.433026,6.69,17,234,completed,2026-03-30T11:55:49+06:00,True
USR003,01000000003,Demo User 003,UB0000034,2026-04-02T20:43:15+06:00,Moto,Old Dhaka,23.713507,90.409394,Shyamoli,23.779897,90.369164,7.37,10,263,completed,2026-04-02T21:01:15+06:00,True
USR003,01000000003,Demo User 003,UB0000048,2026-04-07T03:53:44+06:00,Premier,Farmgate,23.752924,90.385544,Khilgaon,23.746835,90.423237,11.59,11,380,completed,2026-04-07T04:04:44+06:00,True
USR003,01000000003,Demo User 003,UB0000042,2026-04-24T13:27:04+06:00,Premier,Khilgaon,23.747313,90.418915,Uttara,23.874038,90.385311,14.29,71,372,completed,2026-04-24T14:42:04+06:00,True
USR003,01000000003,Demo User 003,UB0000039,2026-04-25T21:19:29+06:00,Moto,Mohammadpur,23.771921,90.352674,Rampura,23.764809,90.417838,14.85,72,381,completed,2026-04-25T22:34:29+06:00,True
USR003,01000000003,Demo User 003,UB0000033,2026-04-28T12:34:14+06:00,Moto,Khilgaon,23.744328,90.430543,Banani,23.788779,90.399157,12.45,35,451,completed,2026-04-28T13:27:14+06:00,True
USR003,01000000003,Demo User 003,UB0000035,2026-05-03T01:19:45+06:00,Premier,Mohakhali,23.774917,90.39196,Dhanmondi,23.751127,90.380547,20.6,38,539,completed,2026-05-03T02:04:45+06:00,True
USR003,01000000003,Demo User 003,UB0000054,2026-05-05T20:11:49+06:00,UberX,Bashundhara,23.821461,90.431171,Gulshan,23.795722,90.408171,11.17,54,266,completed,2026-05-05T21:12:49+06:00,True
USR003,01000000003,Demo User 003,UB0000040,2026-05-07T07:06:48+06:00,Premier,Khilgaon,23.757661,90.429799,Mirpur,23.827545,90.363156,18.44,67,564,completed,2026-05-07T08:33:48+06:00,True
USR003,01000000003,Demo User 003,UB0000056,2026-05-11T11:00:46+06:00,Premier,Motijheel,23.734177,90.409495,Mirpur,23.826118,90.371935,3.63,72,139,cancelled_by_driver,2026-05-11T12:19:46+06:00,True
USR003,01000000003,Demo User 003,UB0000047,2026-05-15T01:22:08+06:00,Moto,Banani,23.799877,90.404837,Old Dhaka,23.709459,90.401331,6.58,14,223,completed,2026-05-15T01:43:08+06:00,True
USR003,01000000003,Demo User 003,UB0000041,2026-05-19T19:29:51+06:00,UberX,Mohammadpur,23.766919,90.365676,Wari,23.713365,90.425456,1.73,26,91,completed,2026-05-19T20:12:51+06:00,True
USR003,01000000003,Demo User 003,UB0000043,2026-05-29T08:13:24+06:00,Premier,Uttara,23.876925,90.374775,Shyamoli,23.779906,90.368454,13.21,50,385,completed,2026-05-29T09:03:24+06:00,True
USR003,01000000003,Demo User 003,UB0000051,2026-06-16T07:27:19+06:00,Premier,Tejgaon,23.75651,90.392785,Rampura,23.757368,90.421361,10.59,11,394,completed,2026-06-16T07:47:19+06:00,True
USR003,01000000003,Demo User 003,UB0000044,2026-06-17T00:48:34+06:00,UberX,Mohakhali,23.78063,90.406692,Khilgaon,23.744569,90.431329,2.21,71,124,completed,2026-06-17T02:11:34+06:00,True
USR003,01000000003,Demo User 003,UB0000057,2026-07-05T08:55:50+06:00,Premier,Dhanmondi,23.753813,90.373003,Khilgaon,23.752711,90.428252,5.85,61,211,completed,2026-07-05T10:02:50+06:00,True
USR003,01000000003,Demo User 003,UB0000036,2026-07-25T21:25:33+06:00,UberX,Tejgaon,23.763737,90.394083,Banani,23.790685,90.408771,12.65,43,381,completed,2026-07-25T22:27:33+06:00,True
USR004,01000000004,Demo User 004,UB0000076,2026-02-17T16:45:34+06:00,UberX,Old Dhaka,23.703786,90.411036,Badda,23.776688,90.4235,17.93,60,554,completed,2026-02-17T17:53:34+06:00,True
USR004,01000000004,Demo User 004,UB0000077,2026-02-23T13:41:45+06:00,Premier,Badda,23.784506,90.426257,Mohammadpur,23.772276,90.358438,17.87,64,435,completed,2026-02-23T15:01:45+06:00,True
USR004,01000000004,Demo User 004,UB0000062,2026-02-25T06:18:48+06:00,Moto,Banani,23.800233,90.412008,Badda,23.786202,90.430697,4.26,50,149,completed,2026-02-25T07:15:48+06:00,True
USR004,01000000004,Demo User 004,UB0000065,2026-02-25T22:29:30+06:00,Premier,Khilgaon,23.743388,90.431139,Mohakhali,23.786314,90.401084,5.84,47,242,completed,2026-02-25T23:19:30+06:00,True
USR004,01000000004,Demo User 004,UB0000069,2026-02-27T15:41:01+06:00,Moto,Banani,23.790879,90.398971,Mohakhali,23.777525,90.405005,1.33,34,91,completed,2026-02-27T16:35:01+06:00,True
USR004,01000000004,Demo User 004,UB0000080,2026-03-05T20:58:37+06:00,UberX,Dhanmondi,23.749325,90.377997,Bashundhara,23.818016,90.433143,13.19,46,318,cancelled_by_rider,2026-03-05T21:53:37+06:00,True
USR004,01000000004,Demo User 004,UB0000070,2026-03-08T18:18:04+06:00,Premier,Bashundhara,23.811242,90.426453,Motijheel,23.726912,90.414514,8.99,35,263,completed,2026-03-08T19:04:04+06:00,True
USR004,01000000004,Demo User 004,UB0000064,2026-03-16T11:35:37+06:00,Premier,Banani,23.798964,90.40824,Shyamoli,23.773756,90.36577,10.54,35,378,ongoing,2026-03-16T12:26:37+06:00,True
USR004,01000000004,Demo User 004,UB0000061,2026-03-22T09:58:45+06:00,UberX,Uttara,23.874926,90.387495,Khilgaon,23.7431,90.429406,23.89,23,715,completed,2026-03-22T10:24:45+06:00,True
USR004,01000000004,Demo User 004,UB0000071,2026-04-19T17:04:16+06:00,UberX,Gulshan,23.788386,90.407405,Khilgaon,23.744295,90.427043,18.66,25,597,completed,2026-04-19T17:38:16+06:00,True
USR004,01000000004,Demo User 004,UB0000075,2026-04-30T18:49:59+06:00,Moto,Mohammadpur,23.767724,90.36387,Pallabi,23.835217,90.357656,2.71,28,132,completed,2026-04-30T19:31:59+06:00,True
USR004,01000000004,Demo User 004,UB0000078,2026-05-03T01:07:51+06:00,Moto,Khilgaon,23.753773,90.420878,Wari,23.72481,90.412128,23.31,62,717,completed,2026-05-03T02:29:51+06:00,True
USR004,01000000004,Demo User 004,UB0000060,2026-05-07T07:35:04+06:00,UberX,Badda,23.774346,90.424849,Pallabi,23.82598,90.359982,7.63,44,228,completed,2026-05-07T08:21:04+06:00,True
USR004,01000000004,Demo User 004,UB0000066,2026-05-09T00:01:23+06:00,Moto,Mirpur,23.829352,90.362064,Khilgaon,23.750853,90.420793,20.03,73,522,completed,2026-05-09T01:18:23+06:00,True
USR004,01000000004,Demo User 004,UB0000067,2026-05-10T00:59:16+06:00,Moto,Mohakhali,23.786454,90.39511,Gulshan,23.789668,90.415764,6.27,16,212,completed,2026-05-10T01:31:16+06:00,True
USR004,01000000004,Demo User 004,UB0000082,2026-05-18T10:02:48+06:00,UberX,Mirpur,23.828998,90.362716,Tejgaon,23.755986,90.388548,13.03,23,402,completed,2026-05-18T10:35:48+06:00,True
USR004,01000000004,Demo User 004,UB0000063,2026-06-13T12:39:36+06:00,Premier,Gulshan,23.796561,90.413263,Dhanmondi,23.746507,90.368121,5.98,29,200,ongoing,2026-06-13T13:28:36+06:00,True
USR004,01000000004,Demo User 004,UB0000074,2026-06-29T19:35:10+06:00,Premier,Uttara,23.881397,90.374957,Old Dhaka,23.703494,90.40099,17.4,31,523,completed,2026-06-29T20:21:10+06:00,True
USR004,01000000004,Demo User 004,UB0000073,2026-07-01T19:05:45+06:00,UberX,Gulshan,23.793066,90.408307,Mohammadpur,23.768826,90.352975,23.72,20,495,completed,2026-07-01T19:36:45+06:00,True
USR004,01000000004,Demo User 004,UB0000079,2026-07-12T11:16:04+06:00,UberX,Gulshan,23.798576,90.411303,Mohammadpur,23.765023,90.364189,5.0,17,205,completed,2026-07-12T11:50:04+06:00,True
USR004,01000000004,Demo User 004,UB0000081,2026-07-14T16:42:57+06:00,Moto,Mirpur,23.825596,90.362601,Gulshan,23.788815,90.410418,17.57,64,543,completed,2026-07-14T17:57:57+06:00,True
USR004,01000000004,Demo User 004,UB0000068,2026-07-14T21:19:22+06:00,UberX,Mohakhali,23.786925,90.400576,Motijheel,23.740929,90.423342,12.51,56,441,completed,2026-07-14T22:33:22+06:00,True
USR004,01000000004,Demo User 004,UB0000072,2026-07-26T21:28:20+06:00,Premier,Mohammadpur,23.760529,90.361225,Tejgaon,23.766128,90.396292,2.99,18,111,completed,2026-07-26T22:02:20+06:00,True
USR005,01000000005,Demo User 005,UB0000106,2026-02-10T15:10:43+06:00,Premier,Pallabi,23.829866,90.368722,Shyamoli,23.773114,90.358943,19.77,50,589,completed,2026-02-10T16:20:43+06:00,True
USR005,01000000005,Demo User 005,UB0000093,2026-02-22T14:13:43+06:00,Moto,Bashundhara,23.813482,90.420252,Khilgaon,23.743837,90.421116,21.04,28,644,completed,2026-02-22T14:47:43+06:00,True
USR005,01000000005,Demo User 005,UB0000101,2026-02-27T07:49:22+06:00,Premier,Uttara,23.881343,90.372108,Mohammadpur,23.767385,90.360944,10.18,31,270,completed,2026-02-27T08:35:22+06:00,True
USR005,01000000005,Demo User 005,UB0000104,2026-02-28T04:55:08+06:00,UberX,Pallabi,23.834912,90.365343,Tejgaon,23.764165,90.391901,6.1,11,223,completed,2026-02-28T05:24:08+06:00,True
USR005,01000000005,Demo User 005,UB0000088,2026-03-04T13:34:46+06:00,Premier,Mirpur,23.815944,90.368145,Bashundhara,23.808544,90.427394,18.38,69,597,completed,2026-03-04T14:45:46+06:00,True
USR005,01000000005,Demo User 005,UB0000094,2026-03-18T15:16:44+06:00,Premier,Banani,23.798287,90.407044,Motijheel,23.740638,90.411206,13.5,14,490,cancelled_by_rider,2026-03-18T15:36:44+06:00,True
USR005,01000000005,Demo User 005,UB0000089,2026-03-19T00:32:23+06:00,Moto,Uttara,23.868257,90.37316,Banani,23.797379,90.407779,11.89,72,288,completed,2026-03-19T01:58:23+06:00,True
USR005,01000000005,Demo User 005,UB0000097,2026-03-19T17:32:50+06:00,UberX,Mohammadpur,23.767018,90.364525,Pallabi,23.834595,90.371823,23.6,51,659,completed,2026-03-19T18:32:50+06:00,True
USR005,01000000005,Demo User 005,UB0000098,2026-03-23T05:14:29+06:00,Premier,Badda,23.784129,90.425827,Khilgaon,23.756168,90.431276,22.52,10,630,completed,2026-03-23T05:38:29+06:00,True
USR005,01000000005,Demo User 005,UB0000090,2026-04-06T13:40:27+06:00,Moto,Farmgate,23.762947,90.390118,Mirpur,23.821615,90.361739,14.29,47,402,completed,2026-04-06T14:38:27+06:00,True
USR005,01000000005,Demo User 005,UB0000095,2026-04-12T06:08:37+06:00,Moto,Badda,23.781092,90.42271,Motijheel,23.728214,90.421984,16.89,61,599,ongoing,2026-04-12T07:17:37+06:00,True
USR005,01000000005,Demo User 005,UB0000096,2026-05-01T09:21:32+06:00,Moto,Mohakhali,23.782816,90.404585,Shyamoli,23.768351,90.370347,17.07,18,501,completed,2026-05-01T09:44:32+06:00,True
USR005,01000000005,Demo User 005,UB0000084,2026-05-09T21:00:49+06:00,Premier,Wari,23.726458,90.410349,Dhanmondi,23.745667,90.382786,2.27,54,102,completed,2026-05-09T22:05:49+06:00,True
USR005,01000000005,Demo User 005,UB0000107,2026-05-12T01:45:32+06:00,Moto,Farmgate,23.754206,90.385884,Wari,23.722386,90.422766,8.42,33,295,cancelled_by_driver,2026-05-12T02:18:32+06:00,True
USR005,01000000005,Demo User 005,UB0000083,2026-05-12T15:32:52+06:00,Premier,Rampura,23.762515,90.418388,Bashundhara,23.8196,90.43218,5.04,65,205,completed,2026-05-12T16:54:52+06:00,True
USR005,01000000005,Demo User 005,UB0000087,2026-05-15T12:07:00+06:00,UberX,Wari,23.725699,90.41393,Dhanmondi,23.740396,90.379705,1.97,35,100,completed,2026-05-15T12:58:00+06:00,True
USR005,01000000005,Demo User 005,UB0000091,2026-05-28T08:04:27+06:00,Premier,Banani,23.78751,90.405406,Badda,23.774977,90.425185,15.91,37,368,completed,2026-05-28T08:42:27+06:00,True
USR005,01000000005,Demo User 005,UB0000085,2026-06-08T03:44:59+06:00,Premier,Motijheel,23.735444,90.415661,Old Dhaka,23.707858,90.406685,3.67,11,178,completed,2026-06-08T04:02:59+06:00,True
USR005,01000000005,Demo User 005,UB0000100,2026-06-08T11:47:41+06:00,UberX,Pallabi,23.821444,90.356274,Farmgate,23.765296,90.386361,13.03,11,412,completed,2026-06-08T12:16:41+06:00,True
USR005,01000000005,Demo User 005,UB0000103,2026-06-17T20:36:37+06:00,Premier,Tejgaon,23.768799,90.397615,Banani,23.785938,90.403331,10.52,26,296,completed,2026-06-17T21:13:37+06:00,True
USR005,01000000005,Demo User 005,UB0000099,2026-06-21T20:19:08+06:00,Premier,Farmgate,23.757462,90.395481,Mohakhali,23.781465,90.391285,9.24,61,234,completed,2026-06-21T21:25:08+06:00,True
USR005,01000000005,Demo User 005,UB0000086,2026-07-09T17:00:24+06:00,Moto,Badda,23.779533,90.424101,Tejgaon,23.76908,90.397744,12.01,31,334,completed,2026-07-09T17:43:24+06:00,True
USR005,01000000005,Demo User 005,UB0000105,2026-07-11T20:14:49+06:00,Moto,Rampura,23.767384,90.415847,Tejgaon,23.768463,90.397524,17.26,9,368,completed,2026-07-11T20:34:49+06:00,True
USR005,01000000005,Demo User 005,UB0000102,2026-07-26T22:34:48+06:00,Moto,Rampura,23.76376,90.425465,Dhanmondi,23.739875,90.377735,2.91,22,128,cancelled_by_rider,2026-07-26T23:03:48+06:00,True
USR005,01000000005,Demo User 005,UB0000092,2026-08-07T20:02:13+06:00,UberX,Shyamoli,23.781202,90.366924,Uttara,23.872515,90.38395,14.07,28,317,cancelled_by_rider,2026-08-07T20:38:13+06:00,True
USR006,01000000006,Demo User 006,UB0000124,2026-03-08T22:51:51+06:00,Premier,Shyamoli,23.781966,90.360461,Dhanmondi,23.744426,90.383421,19.83,50,666,completed,2026-03-08T23:52:51+06:00,True
USR006,01000000006,Demo User 006,UB0000118,2026-03-10T12:58:35+06:00,Moto,Farmgate,23.752978,90.391089,Wari,23.720272,90.42189,4.84,59,161,completed,2026-03-10T14:01:35+06:00,True
USR006,01000000006,Demo User 006,UB0000108,2026-03-13T17:26:42+06:00,Premier,Badda,23.77632,90.423103,Uttara,23.877644,90.382106,22.12,16,792,completed,2026-03-13T17:53:42+06:00,True
USR006,01000000006,Demo User 006,UB0000111,2026-03-18T00:42:04+06:00,Moto,Uttara,23.877807,90.382977,Badda,23.778007,90.429152,12.27,72,469,completed,2026-03-18T01:58:04+06:00,True
USR006,01000000006,Demo User 006,UB0000125,2026-03-20T12:47:38+06:00,Moto,Tejgaon,23.757713,90.387943,Badda,23.785351,90.429724,21.38,38,749,completed,2026-03-20T13:44:38+06:00,True
USR006,01000000006,Demo User 006,UB0000119,2026-03-23T01:22:05+06:00,UberX,Mohakhali,23.787069,90.396783,Banani,23.787995,90.413782,23.53,53,506,cancelled_by_rider,2026-03-23T02:28:05+06:00,True
USR006,01000000006,Demo User 006,UB0000121,2026-03-23T07:47:18+06:00,Moto,Pallabi,23.836195,90.370225,Badda,23.781929,90.429864,7.07,66,274,completed,2026-03-23T08:53:18+06:00,True
USR006,01000000006,Demo User 006,UB0000112,2026-04-03T00:09:46+06:00,UberX,Dhanmondi,23.751582,90.376196,Bashundhara,23.812399,90.430168,11.82,26,433,completed,2026-04-03T00:42:46+06:00,True
USR006,01000000006,Demo User 006,UB0000123,2026-04-26T16:12:43+06:00,UberX,Shyamoli,23.771002,90.366651,Khilgaon,23.750156,90.428915,10.18,55,254,cancelled_by_rider,2026-04-26T17:15:43+06:00,True
USR006,01000000006,Demo User 006,UB0000110,2026-05-17T03:06:08+06:00,UberX,Badda,23.780402,90.433402,Farmgate,23.756986,90.392012,3.86,70,180,completed,2026-05-17T04:24:08+06:00,True
USR006,01000000006,Demo User 006,UB0000113,2026-05-22T23:22:24+06:00,Premier,Mohammadpur,23.757711,90.359367,Mirpur,23.820221,90.368612,6.29,22,232,completed,2026-05-22T23:54:24+06:00,True
USR006,01000000006,Demo User 006,UB0000128,2026-05-25T03:07:51+06:00,Premier,Wari,23.715653,90.424576,Mohakhali,23.781904,90.402917,3.53,34,149,completed,2026-05-25T03:50:51+06:00,True
USR006,01000000006,Demo User 006,UB0000109,2026-06-05T13:56:43+06:00,Moto,Dhanmondi,23.754055,90.373943,Pallabi,23.834313,90.368008,10.67,65,325,completed,2026-06-05T15:09:43+06:00,True
USR006,01000000006,Demo User 006,UB0000115,2026-06-19T23:41:08+06:00,UberX,Farmgate,23.763972,90.396257,Banani,23.789764,90.408994,6.36,69,261,completed,2026-06-20T01:03:08+06:00,True
USR006,01000000006,Demo User 006,UB0000117,2026-06-21T22:31:16+06:00,UberX,Mohakhali,23.779835,90.403936,Tejgaon,23.759278,90.393047,8.31,12,280,cancelled_by_driver,2026-06-21T22:47:16+06:00,True
USR006,01000000006,Demo User 006,UB0000127,2026-06-26T17:18:58+06:00,Moto,Banani,23.789724,90.412498,Shyamoli,23.767928,90.358744,5.98,40,251,completed,2026-06-26T18:14:58+06:00,True
USR006,01000000006,Demo User 006,UB0000126,2026-07-12T17:56:05+06:00,Premier,Badda,23.778159,90.429944,Khilgaon,23.752175,90.427212,11.43,62,394,completed,2026-07-12T19:16:05+06:00,True
USR006,01000000006,Demo User 006,UB0000114,2026-07-22T19:31:14+06:00,Premier,Mirpur,23.815964,90.367209,Farmgate,23.75152,90.39374,3.93,36,184,completed,2026-07-22T20:20:14+06:00,True
USR006,01000000006,Demo User 006,UB0000120,2026-07-23T02:01:46+06:00,Moto,Banani,23.787678,90.410477,Bashundhara,23.810984,90.423562,12.82,42,397,completed,2026-07-23T02:53:46+06:00,True
USR006,01000000006,Demo User 006,UB0000116,2026-08-02T16:30:04+06:00,Premier,Mirpur,23.828644,90.36316,Rampura,23.754897,90.41563,15.12,55,369,completed,2026-08-02T17:39:04+06:00,True
USR006,01000000006,Demo User 006,UB0000122,2026-08-03T05:22:44+06:00,UberX,Pallabi,23.83065,90.368296,Old Dhaka,23.703336,90.413316,11.82,21,355,completed,2026-08-03T05:52:44+06:00,True
USR007,01000000007,Demo User 007,UB0000150,2026-02-11T08:17:39+06:00,Premier,Banani,23.786097,90.405978,Old Dhaka,23.717213,90.399937,1.32,73,95,completed,2026-02-11T09:34:39+06:00,True
USR007,01000000007,Demo User 007,UB0000142,2026-02-18T21:43:55+06:00,Premier,Shyamoli,23.780621,90.365135,Gulshan,23.794635,90.400949,14.4,35,443,completed,2026-02-18T22:19:55+06:00,True
USR007,01000000007,Demo User 007,UB0000141,2026-02-22T22:52:14+06:00,Premier,Gulshan,23.792347,90.413035,Mohammadpur,23.766834,90.363457,8.4,22,271,completed,2026-02-22T23:20:14+06:00,True
USR007,01000000007,Demo User 007,UB0000129,2026-03-07T22:50:58+06:00,Premier,Motijheel,23.731562,90.417996,Khilgaon,23.754955,90.429129,7.16,37,239,completed,2026-03-07T23:36:58+06:00,True
USR007,01000000007,Demo User 007,UB0000131,2026-03-15T09:57:59+06:00,Premier,Bashundhara,23.812775,90.426349,Tejgaon,23.760085,90.392048,7.09,14,256,completed,2026-03-15T10:31:59+06:00,True
USR007,01000000007,Demo User 007,UB0000149,2026-03-15T23:48:40+06:00,Moto,Motijheel,23.733924,90.410149,Mirpur,23.821242,90.360485,12.0,69,409,completed,2026-03-16T01:05:40+06:00,True
USR007,01000000007,Demo User 007,UB0000136,2026-03-19T13:27:41+06:00,Moto,Dhanmondi,23.741021,90.369237,Banani,23.795048,90.413208,15.18,57,452,completed,2026-03-19T14:43:41+06:00,True
USR007,01000000007,Demo User 007,UB0000132,2026-03-23T11:36:41+06:00,Premier,Mirpur,23.824788,90.362358,Khilgaon,23.750636,90.42145,11.78,63,378,cancelled_by_driver,2026-03-23T12:43:41+06:00,True
USR007,01000000007,Demo User 007,UB0000155,2026-03-27T03:52:55+06:00,UberX,Tejgaon,23.75645,90.394873,Mohakhali,23.773862,90.404985,7.08,75,276,completed,2026-03-27T05:12:55+06:00,True
USR007,01000000007,Demo User 007,UB0000138,2026-04-03T09:31:43+06:00,Premier,Pallabi,23.828079,90.362201,Badda,23.780362,90.432194,21.88,28,629,completed,2026-04-03T10:07:43+06:00,True
USR007,01000000007,Demo User 007,UB0000146,2026-04-12T12:05:45+06:00,UberX,Tejgaon,23.76489,90.397791,Wari,23.71687,90.424758,18.93,28,659,completed,2026-04-12T12:49:45+06:00,True
USR007,01000000007,Demo User 007,UB0000134,2026-04-20T21:42:24+06:00,Moto,Old Dhaka,23.715338,90.403955,Shyamoli,23.77601,90.360756,7.76,43,301,completed,2026-04-20T22:42:24+06:00,True
USR007,01000000007,Demo User 007,UB0000133,2026-04-30T08:41:24+06:00,Moto,Old Dhaka,23.707439,90.408279,Pallabi,23.834989,90.370054,9.99,34,388,completed,2026-04-30T09:30:24+06:00,True
USR007,01000000007,Demo User 007,UB0000139,2026-05-01T00:10:10+06:00,Moto,Shyamoli,23.77227,90.357791,Tejgaon,23.763246,90.399566,20.04,33,540,completed,2026-05-01T00:53:10+06:00,True
USR007,01000000007,Demo User 007,UB0000152,2026-05-04T11:54:28+06:00,Premier,Khilgaon,23.750514,90.419463,Wari,23.724895,90.418827,14.67,71,381,completed,2026-05-04T13:25:28+06:00,True
USR007,01000000007,Demo User 007,UB0000140,2026-05-22T08:19:04+06:00,UberX,Gulshan,23.793109,90.414676,Motijheel,23.739664,90.416924,3.69,68,123,completed,2026-05-22T09:32:04+06:00,True
USR007,01000000007,Demo User 007,UB0000130,2026-05-24T11:45:51+06:00,Premier,Badda,23.781369,90.428431,Bashundhara,23.810853,90.432978,22.43,59,543,completed,2026-05-24T12:57:51+06:00,True
USR007,01000000007,Demo User 007,UB0000151,2026-05-25T19:19:34+06:00,Premier,Banani,23.801397,90.412912,Bashundhara,23.809463,90.421868,8.21,26,287,completed,2026-05-25T19:46:34+06:00,True
USR007,01000000007,Demo User 007,UB0000147,2026-06-20T11:11:36+06:00,Moto,Farmgate,23.763521,90.395222,Dhanmondi,23.752145,90.368843,1.88,15,108,completed,2026-06-20T11:29:36+06:00,True
USR007,01000000007,Demo User 007,UB0000148,2026-06-23T08:29:11+06:00,UberX,Pallabi,23.831234,90.357425,Wari,23.723576,90.410081,9.99,53,249,completed,2026-06-23T09:31:11+06:00,True
USR007,01000000007,Demo User 007,UB0000143,2026-06-24T13:10:44+06:00,Moto,Mohakhali,23.784966,90.394489,Gulshan,23.792934,90.40509,6.38,58,213,completed,2026-06-24T14:11:44+06:00,True
USR007,01000000007,Demo User 007,UB0000144,2026-07-09T17:07:49+06:00,Moto,Mohammadpur,23.764305,90.365336,Tejgaon,23.767504,90.390537,11.12,58,399,completed,2026-07-09T18:10:49+06:00,True
USR007,01000000007,Demo User 007,UB0000135,2026-07-10T16:24:45+06:00,Moto,Badda,23.781156,90.431618,Mirpur,23.824354,90.362179,15.85,43,451,completed,2026-07-10T17:18:45+06:00,True
USR007,01000000007,Demo User 007,UB0000137,2026-07-14T08:12:30+06:00,UberX,Old Dhaka,23.717998,90.400579,Gulshan,23.786399,90.405477,15.24,32,450,completed,2026-07-14T08:51:30+06:00,True
USR007,01000000007,Demo User 007,UB0000153,2026-07-17T23:30:29+06:00,Moto,Gulshan,23.792076,90.400934,Bashundhara,23.807369,90.421982,15.52,24,557,completed,2026-07-18T00:05:29+06:00,True
USR007,01000000007,Demo User 007,UB0000154,2026-08-01T11:30:46+06:00,Premier,Banani,23.792113,90.403785,Gulshan,23.794331,90.415542,8.98,29,219,completed,2026-08-01T12:14:46+06:00,True
USR007,01000000007,Demo User 007,UB0000145,2026-08-01T11:56:19+06:00,UberX,Banani,23.789202,90.399542,Old Dhaka,23.705455,90.41499,8.9,11,264,completed,2026-08-01T12:08:19+06:00,True
USR008,01000000008,Demo User 008,UB0000167,2026-02-21T05:46:37+06:00,Premier,Motijheel,23.727045,90.421863,Wari,23.72285,90.415831,13.64,49,422,completed,2026-02-21T06:52:37+06:00,True
USR008,01000000008,Demo User 008,UB0000171,2026-03-02T00:45:13+06:00,Moto,Old Dhaka,23.718116,90.409762,Mohammadpur,23.76375,90.351288,9.12,29,248,completed,2026-03-02T01:22:13+06:00,True
USR008,01000000008,Demo User 008,UB0000163,2026-03-07T11:05:14+06:00,UberX,Bashundhara,23.814718,90.426393,Badda,23.775685,90.432805,13.12,35,380,cancelled_by_driver,2026-03-07T11:49:14+06:00,True
USR008,01000000008,Demo User 008,UB0000158,2026-03-14T21:17:39+06:00,Premier,Badda,23.778104,90.430296,Farmgate,23.755951,90.394056,1.78,44,114,completed,2026-03-14T22:15:39+06:00,True
USR008,01000000008,Demo User 008,UB0000161,2026-03-16T23:56:54+06:00,UberX,Dhanmondi,23.748046,90.3713,Wari,23.720558,90.415288,8.88,61,277,completed,2026-03-17T01:04:54+06:00,True
USR008,01000000008,Demo User 008,UB0000174,2026-03-31T05:39:59+06:00,Moto,Khilgaon,23.748872,90.423365,Farmgate,23.763293,90.397368,7.48,61,297,completed,2026-03-31T06:53:59+06:00,True
USR008,01000000008,Demo User 008,UB0000160,2026-04-12T08:51:05+06:00,Premier,Tejgaon,23.768281,90.393822,Rampura,23.759755,90.427924,14.01,33,375,cancelled_by_rider,2026-04-12T09:39:05+06:00,True
USR008,01000000008,Demo User 008,UB0000179,2026-04-18T14:15:49+06:00,Premier,Uttara,23.877104,90.375904,Dhanmondi,23.744483,90.38257,15.48,43,387,completed,2026-04-18T15:01:49+06:00,True
USR008,01000000008,Demo User 008,UB0000173,2026-04-20T05:44:50+06:00,UberX,Khilgaon,23.758362,90.426209,Badda,23.787353,90.421113,13.7,49,364,completed,2026-04-20T06:41:50+06:00,True
USR008,01000000008,Demo User 008,UB0000156,2026-04-21T13:46:07+06:00,Moto,Khilgaon,23.748945,90.429753,Uttara,23.883238,90.381493,11.14,50,268,completed,2026-04-21T14:36:07+06:00,True
USR008,01000000008,Demo User 008,UB0000162,2026-04-23T05:03:00+06:00,Moto,Mirpur,23.81673,90.371354,Pallabi,23.831663,90.357638,23.11,12,615,completed,2026-04-23T05:19:00+06:00,True
USR008,01000000008,Demo User 008,UB0000181,2026-04-27T15:28:11+06:00,Premier,Pallabi,23.833144,90.361377,Shyamoli,23.778396,90.361474,4.49,65,176,completed,2026-04-27T16:35:11+06:00,True
USR008,01000000008,Demo User 008,UB0000170,2026-04-28T18:39:34+06:00,Moto,Gulshan,23.797182,90.400311,Dhanmondi,23.744551,90.383322,15.29,68,373,completed,2026-04-28T19:48:34+06:00,True
USR008,01000000008,Demo User 008,UB0000178,2026-05-14T15:48:39+06:00,Moto,Shyamoli,23.769558,90.369194,Mohammadpur,23.765412,90.35139,16.45,66,439,cancelled_by_driver,2026-05-14T17:09:39+06:00,True
USR008,01000000008,Demo User 008,UB0000180,2026-05-14T16:00:31+06:00,Moto,Dhanmondi,23.753865,90.381465,Mirpur,23.817151,90.357817,7.47,9,266,completed,2026-05-14T16:10:31+06:00,True
USR008,01000000008,Demo User 008,UB0000159,2026-05-21T10:28:42+06:00,Moto,Mirpur,23.817738,90.369755,Motijheel,23.727954,90.418231,1.28,31,80,completed,2026-05-21T11:03:42+06:00,True
USR008,01000000008,Demo User 008,UB0000172,2026-05-26T09:25:20+06:00,Moto,Dhanmondi,23.745453,90.381718,Rampura,23.754462,90.426957,9.97,56,300,completed,2026-05-26T10:27:20+06:00,True
USR008,01000000008,Demo User 008,UB0000176,2026-05-28T11:40:56+06:00,Moto,Bashundhara,23.822814,90.430544,Dhanmondi,23.746464,90.377359,14.32,51,457,completed,2026-05-28T12:38:56+06:00,True
USR008,01000000008,Demo User 008,UB0000169,2026-06-04T10:02:01+06:00,Premier,Mirpur,23.821848,90.3709,Motijheel,23.73338,90.411367,21.25,70,715,completed,2026-06-04T11:14:01+06:00,True
USR008,01000000008,Demo User 008,UB0000177,2026-06-08T08:25:35+06:00,UberX,Uttara,23.869241,90.372745,Mohammadpur,23.760769,90.361648,8.11,14,273,completed,2026-06-08T08:39:35+06:00,True
USR008,01000000008,Demo User 008,UB0000157,2026-06-20T14:49:35+06:00,Moto,Bashundhara,23.816185,90.423921,Uttara,23.883488,90.376908,12.77,19,363,completed,2026-06-20T15:28:35+06:00,True
USR008,01000000008,Demo User 008,UB0000165,2026-06-23T12:59:20+06:00,UberX,Banani,23.793192,90.399953,Old Dhaka,23.710069,90.412703,10.25,62,321,completed,2026-06-23T14:08:20+06:00,True
USR008,01000000008,Demo User 008,UB0000164,2026-07-06T19:04:41+06:00,Premier,Farmgate,23.760098,90.387002,Dhanmondi,23.749965,90.368093,14.31,33,454,completed,2026-07-06T19:47:41+06:00,True
USR008,01000000008,Demo User 008,UB0000166,2026-07-12T09:25:40+06:00,Moto,Dhanmondi,23.743541,90.379149,Wari,23.717535,90.411287,23.72,33,852,completed,2026-07-12T10:01:40+06:00,True
USR008,01000000008,Demo User 008,UB0000175,2026-07-14T15:53:38+06:00,Moto,Pallabi,23.82639,90.368744,Mirpur,23.824801,90.368676,5.23,8,166,cancelled_by_driver,2026-07-14T16:20:38+06:00,True
USR008,01000000008,Demo User 008,UB0000168,2026-07-28T15:16:16+06:00,Moto,Shyamoli,23.772248,90.360017,Mohakhali,23.779821,90.404587,7.45,20,287,completed,2026-07-28T15:46:16+06:00,True
USR009,01000000009,Demo User 009,UB0000182,2026-02-13T17:26:02+06:00,UberX,Mirpur,23.819429,90.364289,Mohammadpur,23.765094,90.354605,20.63,10,604,completed,2026-02-13T17:51:02+06:00,True
USR009,01000000009,Demo User 009,UB0000184,2026-03-14T04:58:03+06:00,Moto,Mohammadpur,23.759724,90.351923,Shyamoli,23.779108,90.372172,18.44,25,653,completed,2026-03-14T05:37:03+06:00,True
USR009,01000000009,Demo User 009,UB0000188,2026-03-30T04:44:30+06:00,Premier,Khilgaon,23.754131,90.417567,Uttara,23.877665,90.379705,2.8,43,113,completed,2026-03-30T05:40:30+06:00,True
USR009,01000000009,Demo User 009,UB0000192,2026-04-03T10:36:32+06:00,Moto,Banani,23.788202,90.406855,Shyamoli,23.777298,90.369584,3.4,63,149,completed,2026-04-03T11:51:32+06:00,True
USR009,01000000009,Demo User 009,UB0000186,2026-04-24T05:12:25+06:00,UberX,Old Dhaka,23.706146,90.406318,Mirpur,23.819077,90.359799,2.71,35,130,completed,2026-04-24T05:49:25+06:00,True
USR009,01000000009,Demo User 009,UB0000190,2026-05-14T07:13:41+06:00,Premier,Dhanmondi,23.741955,90.381663,Uttara,23.880448,90.384592,12.03,51,305,completed,2026-05-14T08:05:41+06:00,True
USR009,01000000009,Demo User 009,UB0000196,2026-05-17T16:44:22+06:00,UberX,Pallabi,23.825044,90.356184,Khilgaon,23.754949,90.418676,9.63,11,248,completed,2026-05-17T17:15:22+06:00,True
USR009,01000000009,Demo User 009,UB0000183,2026-05-20T12:05:46+06:00,UberX,Motijheel,23.72798,90.423891,Bashundhara,23.822718,90.426772,11.56,13,293,completed,2026-05-20T12:28:46+06:00,True
USR009,01000000009,Demo User 009,UB0000187,2026-05-22T06:45:24+06:00,Premier,Khilgaon,23.746736,90.429643,Badda,23.779031,90.429306,9.49,61,249,completed,2026-05-22T07:52:24+06:00,True
USR009,01000000009,Demo User 009,UB0000194,2026-06-01T06:24:51+06:00,UberX,Rampura,23.767458,90.428203,Badda,23.774308,90.425877,19.7,27,484,completed,2026-06-01T07:08:51+06:00,True
USR009,01000000009,Demo User 009,UB0000193,2026-06-08T21:10:33+06:00,Premier,Uttara,23.881087,90.378399,Pallabi,23.832377,90.364551,13.59,11,427,completed,2026-06-08T21:41:33+06:00,True
USR009,01000000009,Demo User 009,UB0000195,2026-06-17T05:24:02+06:00,Moto,Uttara,23.869153,90.37651,Khilgaon,23.755516,90.419012,16.61,35,606,completed,2026-06-17T06:12:02+06:00,True
USR009,01000000009,Demo User 009,UB0000191,2026-06-28T10:43:26+06:00,Premier,Farmgate,23.751223,90.392182,Shyamoli,23.778261,90.363431,4.26,18,138,completed,2026-06-28T11:12:26+06:00,True
USR009,01000000009,Demo User 009,UB0000185,2026-07-03T23:18:26+06:00,Moto,Badda,23.779364,90.422244,Shyamoli,23.781181,90.369527,12.88,68,313,completed,2026-07-04T00:30:26+06:00,True
USR009,01000000009,Demo User 009,UB0000189,2026-07-20T14:03:02+06:00,Moto,Wari,23.718333,90.410674,Gulshan,23.784609,90.409262,18.2,16,479,completed,2026-07-20T14:19:02+06:00,True
USR010,01000000010,Demo User 010,UB0000206,2026-02-11T02:01:29+06:00,Premier,Badda,23.783836,90.420142,Farmgate,23.753109,90.395782,3.59,28,129,completed,2026-02-11T02:34:29+06:00,True
USR010,01000000010,Demo User 010,UB0000211,2026-02-17T10:45:46+06:00,Premier,Shyamoli,23.777982,90.373395,Tejgaon,23.764536,90.388795,18.33,14,663,completed,2026-02-17T11:11:46+06:00,True
USR010,01000000010,Demo User 010,UB0000207,2026-02-19T13:37:13+06:00,Premier,Bashundhara,23.816696,90.419839,Rampura,23.756677,90.42734,2.53,34,138,cancelled_by_rider,2026-02-19T14:27:13+06:00,True
USR010,01000000010,Demo User 010,UB0000208,2026-03-11T09:44:40+06:00,UberX,Rampura,23.766124,90.417822,Old Dhaka,23.711808,90.406878,2.71,47,118,completed,2026-03-11T10:50:40+06:00,True
USR010,01000000010,Demo User 010,UB0000216,2026-03-31T12:23:19+06:00,Moto,Motijheel,23.735599,90.421971,Gulshan,23.791531,90.407309,22.77,69,753,completed,2026-03-31T13:45:19+06:00,True
USR010,01000000010,Demo User 010,UB0000204,2026-04-12T16:55:09+06:00,Moto,Mohakhali,23.775849,90.393187,Uttara,23.878314,90.386159,5.46,16,164,cancelled_by_rider,2026-04-12T17:19:09+06:00,True
USR010,01000000010,Demo User 010,UB0000210,2026-04-15T07:57:26+06:00,Premier,Motijheel,23.728845,90.409906,Mohakhali,23.778343,90.399647,14.45,66,532,completed,2026-04-15T09:10:26+06:00,True
USR010,01000000010,Demo User 010,UB0000201,2026-04-22T07:57:53+06:00,UberX,Khilgaon,23.755979,90.432513,Uttara,23.871067,90.38336,2.48,35,111,completed,2026-04-22T08:40:53+06:00,True
USR010,01000000010,Demo User 010,UB0000203,2026-04-23T10:56:21+06:00,UberX,Old Dhaka,23.70585,90.404344,Rampura,23.757527,90.42843,15.91,51,427,completed,2026-04-23T11:54:21+06:00,True
USR010,01000000010,Demo User 010,UB0000198,2026-04-29T19:17:03+06:00,UberX,Farmgate,23.760242,90.390239,Rampura,23.755635,90.420127,22.87,15,682,ongoing,2026-04-29T19:46:03+06:00,True
USR010,01000000010,Demo User 010,UB0000199,2026-05-21T11:49:05+06:00,UberX,Dhanmondi,23.747896,90.378177,Uttara,23.876533,90.385132,12.25,44,400,completed,2026-05-21T12:41:05+06:00,True
USR010,01000000010,Demo User 010,UB0000213,2026-05-27T22:32:47+06:00,UberX,Uttara,23.871646,90.385313,Tejgaon,23.759368,90.390337,16.75,14,409,completed,2026-05-27T22:57:47+06:00,True
USR010,01000000010,Demo User 010,UB0000214,2026-06-07T07:03:04+06:00,Premier,Tejgaon,23.760855,90.398631,Shyamoli,23.769012,90.368894,1.94,20,97,completed,2026-06-07T07:33:04+06:00,True
USR010,01000000010,Demo User 010,UB0000202,2026-06-07T13:49:24+06:00,Moto,Bashundhara,23.820859,90.41767,Mohammadpur,23.769039,90.353603,18.48,70,602,completed,2026-06-07T15:07:24+06:00,True
USR010,01000000010,Demo User 010,UB0000197,2026-07-07T05:02:19+06:00,Moto,Pallabi,23.830295,90.367116,Mohakhali,23.779047,90.391426,15.39,24,410,completed,2026-07-07T05:35:19+06:00,True
USR010,01000000010,Demo User 010,UB0000200,2026-07-08T19:18:40+06:00,Moto,Rampura,23.760264,90.413435,Motijheel,23.737969,90.417334,17.22,10,425,completed,2026-07-08T19:48:40+06:00,True
USR010,01000000010,Demo User 010,UB0000209,2026-07-10T18:16:34+06:00,Premier,Mirpur,23.82496,90.369822,Uttara,23.86998,90.380846,20.98,25,697,completed,2026-07-10T18:42:34+06:00,True
USR010,01000000010,Demo User 010,UB0000215,2026-07-13T16:51:12+06:00,Moto,Farmgate,23.762261,90.387032,Motijheel,23.726843,90.422042,15.19,18,477,completed,2026-07-13T17:10:12+06:00,True
USR010,01000000010,Demo User 010,UB0000205,2026-07-14T04:38:17+06:00,Premier,Khilgaon,23.742818,90.425254,Banani,23.797831,90.399557,22.63,68,667,completed,2026-07-14T05:50:17+06:00,True
USR010,01000000010,Demo User 010,UB0000212,2026-07-25T00:43:22+06:00,Moto,Motijheel,23.734533,90.419154,Tejgaon,23.767028,90.396272,15.92,29,465,cancelled_by_driver,2026-07-25T01:32:22+06:00,True
USR011,01000000011,Demo User 011,UB0000220,2026-02-18T05:30:31+06:00,Moto,Badda,23.776738,90.425319,Tejgaon,23.766206,90.38821,16.23,46,387,completed,2026-02-18T06:28:31+06:00,True
USR011,01000000011,Demo User 011,UB0000222,2026-02-18T20:37:17+06:00,UberX,Badda,23.781648,90.432932,Gulshan,23.788244,90.407221,16.92,24,594,completed,2026-02-18T21:01:17+06:00,True
USR011,01000000011,Demo User 011,UB0000228,2026-03-26T23:08:37+06:00,Moto,Mohammadpur,23.759336,90.351236,Mirpur,23.822666,90.369754,9.11,26,303,cancelled_by_rider,2026-03-26T23:44:37+06:00,True
USR011,01000000011,Demo User 011,UB0000219,2026-04-07T09:03:06+06:00,UberX,Mohakhali,23.781884,90.392179,Motijheel,23.739357,90.412553,21.1,28,597,completed,2026-04-07T09:39:06+06:00,True
USR011,01000000011,Demo User 011,UB0000223,2026-04-14T20:56:49+06:00,Premier,Mohammadpur,23.758116,90.357382,Bashundhara,23.817382,90.420085,3.88,63,133,completed,2026-04-14T22:10:49+06:00,True
USR011,01000000011,Demo User 011,UB0000225,2026-04-20T01:39:32+06:00,Premier,Gulshan,23.787152,90.415116,Banani,23.796853,90.401008,9.37,52,347,completed,2026-04-20T02:39:32+06:00,True
USR011,01000000011,Demo User 011,UB0000224,2026-04-22T14:36:19+06:00,Moto,Mohammadpur,23.769092,90.365543,Motijheel,23.734564,90.417432,8.82,68,234,completed,2026-04-22T15:55:19+06:00,True
USR011,01000000011,Demo User 011,UB0000226,2026-04-27T12:21:29+06:00,Moto,Dhanmondi,23.747723,90.3763,Mohammadpur,23.764131,90.36059,2.82,63,149,completed,2026-04-27T13:26:29+06:00,True
USR011,01000000011,Demo User 011,UB0000229,2026-05-06T15:25:26+06:00,Moto,Rampura,23.765964,90.420927,Mohakhali,23.774914,90.403481,10.74,39,412,completed,2026-05-06T16:06:26+06:00,True
USR011,01000000011,Demo User 011,UB0000217,2026-05-12T12:21:07+06:00,Premier,Pallabi,23.829973,90.360057,Farmgate,23.751347,90.381982,3.76,33,157,completed,2026-05-12T13:09:07+06:00,True
USR011,01000000011,Demo User 011,UB0000231,2026-06-11T14:33:47+06:00,Moto,Old Dhaka,23.713722,90.414685,Farmgate,23.755808,90.388397,23.9,61,762,completed,2026-06-11T15:41:47+06:00,True
USR011,01000000011,Demo User 011,UB0000230,2026-06-27T20:19:22+06:00,UberX,Mirpur,23.820126,90.360615,Pallabi,23.833967,90.36845,15.09,51,333,completed,2026-06-27T21:14:22+06:00,True
USR011,01000000011,Demo User 011,UB0000227,2026-07-04T04:07:38+06:00,UberX,Farmgate,23.766383,90.391548,Bashundhara,23.808917,90.422265,9.12,53,362,completed,2026-07-04T05:01:38+06:00,True
USR011,01000000011,Demo User 011,UB0000232,2026-07-16T11:36:15+06:00,Moto,Gulshan,23.788293,90.401809,Tejgaon,23.759177,90.397795,12.55,39,373,completed,2026-07-16T12:22:15+06:00,True
USR011,01000000011,Demo User 011,UB0000218,2026-07-24T11:31:11+06:00,UberX,Tejgaon,23.769304,90.390502,Mirpur,23.823381,90.36605,4.72,71,147,cancelled_by_driver,2026-07-24T12:42:11+06:00,True
USR011,01000000011,Demo User 011,UB0000221,2026-07-29T13:14:39+06:00,UberX,Gulshan,23.786949,90.402516,Wari,23.715362,90.417593,13.2,54,347,completed,2026-07-29T14:25:39+06:00,True
USR012,01000000012,Demo User 012,UB0000246,2026-02-12T07:59:05+06:00,Premier,Rampura,23.766287,90.420701,Khilgaon,23.756527,90.432039,23.47,25,791,completed,2026-02-12T08:37:05+06:00,True
USR012,01000000012,Demo User 012,UB0000243,2026-02-24T04:36:34+06:00,Moto,Gulshan,23.794798,90.39989,Badda,23.774764,90.422237,19.86,29,655,completed,2026-02-24T05:10:34+06:00,True
USR012,01000000012,Demo User 012,UB0000239,2026-03-02T18:21:48+06:00,UberX,Badda,23.77882,90.430836,Mohakhali,23.781779,90.406441,5.37,27,212,completed,2026-03-02T18:51:48+06:00,True
USR012,01000000012,Demo User 012,UB0000236,2026-03-10T08:17:22+06:00,Moto,Banani,23.79274,90.41079,Bashundhara,23.812366,90.43348,9.17,8,222,completed,2026-03-10T08:38:22+06:00,True
USR012,01000000012,Demo User 012,UB0000248,2026-03-21T17:39:36+06:00,Premier,Mohammadpur,23.773154,90.350596,Tejgaon,23.762495,90.389871,20.77,37,690,completed,2026-03-21T18:26:36+06:00,True
USR012,01000000012,Demo User 012,UB0000250,2026-03-25T02:58:08+06:00,Moto,Gulshan,23.799129,90.402048,Bashundhara,23.821718,90.429375,14.27,41,361,completed,2026-03-25T03:46:08+06:00,True
USR012,01000000012,Demo User 012,UB0000252,2026-03-31T12:47:10+06:00,Moto,Rampura,23.765409,90.416331,Farmgate,23.758819,90.390686,17.86,63,627,completed,2026-03-31T13:51:10+06:00,True
USR012,01000000012,Demo User 012,UB0000255,2026-04-06T20:02:05+06:00,Premier,Motijheel,23.733623,90.413245,Mohammadpur,23.772705,90.364079,5.39,20,198,cancelled_by_rider,2026-04-06T20:36:05+06:00,True
USR012,01000000012,Demo User 012,UB0000245,2026-04-16T02:35:06+06:00,Premier,Badda,23.778932,90.431788,Motijheel,23.72597,90.417478,4.98,32,183,completed,2026-04-16T03:27:06+06:00,True
USR012,01000000012,Demo User 012,UB0000247,2026-04-30T01:53:26+06:00,Moto,Bashundhara,23.80885,90.432893,Mohammadpur,23.758671,90.3645,12.67,70,383,completed,2026-04-30T03:15:26+06:00,True
USR012,01000000012,Demo User 012,UB0000241,2026-04-30T21:48:50+06:00,Moto,Rampura,23.75433,90.415338,Bashundhara,23.811933,90.419147,18.71,18,523,completed,2026-04-30T22:22:50+06:00,True
USR012,01000000012,Demo User 012,UB0000234,2026-05-25T16:42:40+06:00,Moto,Badda,23.786207,90.426749,Tejgaon,23.761401,90.395682,19.01,29,566,completed,2026-05-25T17:30:40+06:00,True
USR012,01000000012,Demo User 012,UB0000242,2026-06-01T21:12:29+06:00,Moto,Mohammadpur,23.768843,90.356249,Mohakhali,23.783516,90.404455,18.27,42,463,completed,2026-06-01T22:04:29+06:00,True
USR012,01000000012,Demo User 012,UB0000258,2026-06-11T03:58:08+06:00,Premier,Motijheel,23.732265,90.416291,Shyamoli,23.780306,90.359378,22.17,57,700,completed,2026-06-11T05:02:08+06:00,True
USR012,01000000012,Demo User 012,UB0000254,2026-06-17T14:48:22+06:00,Premier,Mohammadpur,23.766966,90.364724,Wari,23.713582,90.421447,5.01,22,206,completed,2026-06-17T15:22:22+06:00,True
USR012,01000000012,Demo User 012,UB0000235,2026-06-22T00:37:32+06:00,UberX,Badda,23.784435,90.424459,Mohammadpur,23.771312,90.35997,3.66,8,125,cancelled_by_rider,2026-06-22T01:04:32+06:00,True
USR012,01000000012,Demo User 012,UB0000251,2026-06-26T11:41:04+06:00,Premier,Shyamoli,23.781927,90.365443,Mirpur,23.819916,90.372869,16.25,50,390,cancelled_by_driver,2026-06-26T12:38:04+06:00,True
USR012,01000000012,Demo User 012,UB0000249,2026-07-05T04:42:29+06:00,Moto,Shyamoli,23.78137,90.362456,Banani,23.793921,90.410419,19.65,14,657,completed,2026-07-05T05:05:29+06:00,True
USR012,01000000012,Demo User 012,UB0000244,2026-07-08T02:28:01+06:00,Premier,Motijheel,23.729254,90.409519,Uttara,23.868943,90.376805,14.49,70,432,completed,2026-07-08T03:43:01+06:00,True
USR012,01000000012,Demo User 012,UB0000237,2026-07-13T08:25:27+06:00,Premier,Mohakhali,23.775193,90.396364,Farmgate,23.76182,90.396624,16.91,40,625,completed,2026-07-13T09:17:27+06:00,True
USR012,01000000012,Demo User 012,UB0000253,2026-07-16T11:10:52+06:00,Premier,Dhanmondi,23.754382,90.373205,Old Dhaka,23.708214,90.415399,12.61,15,425,completed,2026-07-16T11:30:52+06:00,True
USR012,01000000012,Demo User 012,UB0000257,2026-07-20T04:13:21+06:00,Premier,Mirpur,23.818664,90.364146,Tejgaon,23.762839,90.386607,17.79,75,611,completed,2026-07-20T05:48:21+06:00,True
USR012,01000000012,Demo User 012,UB0000259,2026-07-20T10:58:28+06:00,Premier,Khilgaon,23.749967,90.424664,Mohakhali,23.786198,90.405357,5.07,32,151,completed,2026-07-20T11:30:28+06:00,True
USR012,01000000012,Demo User 012,UB0000256,2026-07-30T09:53:53+06:00,Moto,Banani,23.801183,90.409876,Uttara,23.871903,90.385384,22.47,23,504,completed,2026-07-30T10:18:53+06:00,True
USR012,01000000012,Demo User 012,UB0000240,2026-08-07T11:13:16+06:00,Moto,Motijheel,23.731772,90.410203,Badda,23.783012,90.431522,22.25,66,598,completed,2026-08-07T12:36:16+06:00,True
USR012,01000000012,Demo User 012,UB0000233,2026-08-08T11:27:15+06:00,Moto,Rampura,23.756514,90.425191,Gulshan,23.797707,90.412584,13.81,67,420,completed,2026-08-08T12:38:15+06:00,True
USR012,01000000012,Demo User 012,UB0000238,2026-08-08T19:54:20+06:00,Premier,Khilgaon,23.747018,90.422919,Old Dhaka,23.703018,90.410037,5.66,19,176,completed,2026-08-08T20:16:20+06:00,True
USR013,01000000013,Demo User 013,UB0000271,2026-03-07T16:12:05+06:00,Premier,Mohammadpur,23.758814,90.358537,Mirpur,23.819341,90.362442,3.91,21,127,completed,2026-03-07T16:38:05+06:00,True
USR013,01000000013,Demo User 013,UB0000262,2026-04-04T16:01:48+06:00,UberX,Tejgaon,23.765846,90.389405,Mohammadpur,23.758626,90.363645,15.22,36,474,completed,2026-04-04T16:48:48+06:00,True
USR013,01000000013,Demo User 013,UB0000270,2026-04-15T12:32:38+06:00,Moto,Mirpur,23.820458,90.358733,Mohakhali,23.781457,90.395248,14.39,24,498,completed,2026-04-15T13:12:38+06:00,True
USR013,01000000013,Demo User 013,UB0000275,2026-04-21T01:18:14+06:00,Premier,Old Dhaka,23.703027,90.411119,Farmgate,23.751443,90.386937,12.02,58,316,completed,2026-04-21T02:18:14+06:00,True
USR013,01000000013,Demo User 013,UB0000266,2026-04-22T10:36:56+06:00,UberX,Dhanmondi,23.747036,90.368609,Rampura,23.753583,90.418631,12.46,68,427,completed,2026-04-22T11:59:56+06:00,True
USR013,01000000013,Demo User 013,UB0000260,2026-05-02T08:28:40+06:00,Moto,Bashundhara,23.822498,90.426296,Banani,23.798762,90.409977,4.31,43,144,completed,2026-05-02T09:21:40+06:00,True
USR013,01000000013,Demo User 013,UB0000263,2026-05-09T21:05:40+06:00,UberX,Rampura,23.76188,90.414952,Wari,23.724841,90.420867,7.64,74,193,completed,2026-05-09T22:29:40+06:00,True
USR013,01000000013,Demo User 013,UB0000264,2026-05-24T14:06:44+06:00,Premier,Mirpur,23.815476,90.371485,Tejgaon,23.766776,90.395567,23.79,45,804,completed,2026-05-24T15:03:44+06:00,True
USR013,01000000013,Demo User 013,UB0000265,2026-05-26T18:35:20+06:00,Moto,Pallabi,23.825775,90.359203,Old Dhaka,23.705389,90.404792,8.52,44,256,completed,2026-05-26T19:27:20+06:00,True
USR013,01000000013,Demo User 013,UB0000273,2026-06-01T18:33:47+06:00,Premier,Badda,23.773509,90.420472,Uttara,23.869285,90.377105,1.93,52,110,completed,2026-06-01T19:27:47+06:00,True
USR013,01000000013,Demo User 013,UB0000268,2026-06-06T23:31:46+06:00,Moto,Tejgaon,23.760905,90.394062,Gulshan,23.789727,90.404999,12.24,57,457,cancelled_by_rider,2026-06-07T00:37:46+06:00,True
USR013,01000000013,Demo User 013,UB0000269,2026-07-01T16:29:05+06:00,Premier,Mohakhali,23.788677,90.402034,Shyamoli,23.773836,90.372527,2.98,31,127,completed,2026-07-01T17:09:05+06:00,True
USR013,01000000013,Demo User 013,UB0000261,2026-07-06T22:49:23+06:00,Premier,Motijheel,23.736804,90.417306,Gulshan,23.798372,90.410989,6.74,8,248,completed,2026-07-06T22:58:23+06:00,True
USR013,01000000013,Demo User 013,UB0000267,2026-07-07T07:29:03+06:00,UberX,Wari,23.71754,90.40979,Uttara,23.870231,90.380594,18.69,40,648,completed,2026-07-07T08:12:03+06:00,True
USR013,01000000013,Demo User 013,UB0000272,2026-07-25T23:44:50+06:00,Premier,Shyamoli,23.778501,90.36505,Farmgate,23.764554,90.383591,6.94,38,204,completed,2026-07-26T00:28:50+06:00,True
USR013,01000000013,Demo User 013,UB0000274,2026-07-31T15:28:26+06:00,Premier,Rampura,23.765376,90.427558,Pallabi,23.832125,90.364486,10.44,57,407,completed,2026-07-31T16:42:26+06:00,True
USR014,01000000014,Demo User 014,UB0000289,2026-03-02T14:27:28+06:00,Moto,Farmgate,23.758667,90.389858,Bashundhara,23.822221,90.430608,4.55,13,158,completed,2026-03-02T14:56:28+06:00,True
USR014,01000000014,Demo User 014,UB0000286,2026-03-19T05:44:48+06:00,Moto,Mohakhali,23.782307,90.395591,Mirpur,23.825568,90.367054,2.56,28,106,completed,2026-03-19T06:30:48+06:00,True
USR014,01000000014,Demo User 014,UB0000282,2026-04-04T15:08:54+06:00,Moto,Uttara,23.86959,90.37692,Shyamoli,23.771656,90.36705,6.41,75,234,completed,2026-04-04T16:35:54+06:00,True
USR014,01000000014,Demo User 014,UB0000277,2026-04-06T07:08:21+06:00,Premier,Badda,23.78847,90.421934,Pallabi,23.833233,90.360389,17.8,59,617,completed,2026-04-06T08:17:21+06:00,True
USR014,01000000014,Demo User 014,UB0000279,2026-04-11T09:07:39+06:00,Moto,Motijheel,23.740743,90.413854,Farmgate,23.762716,90.393204,23.57,23,479,completed,2026-04-11T09:32:39+06:00,True
USR014,01000000014,Demo User 014,UB0000288,2026-04-14T08:34:46+06:00,Premier,Khilgaon,23.756359,90.419635,Uttara,23.872527,90.372873,8.78,34,238,completed,2026-04-14T09:25:46+06:00,True
USR014,01000000014,Demo User 014,UB0000283,2026-05-29T09:04:34+06:00,Moto,Wari,23.713809,90.418314,Banani,23.797155,90.39945,8.17,23,218,completed,2026-05-29T09:38:34+06:00,True
USR014,01000000014,Demo User 014,UB0000278,2026-06-03T03:45:41+06:00,UberX,Rampura,23.75461,90.420211,Badda,23.788192,90.432707,16.74,60,512,completed,2026-06-03T04:45:41+06:00,True
USR014,01000000014,Demo User 014,UB0000276,2026-06-24T03:14:24+06:00,Premier,Gulshan,23.793873,90.415197,Wari,23.71423,90.411678,14.07,15,327,completed,2026-06-24T03:44:24+06:00,True
USR014,01000000014,Demo User 014,UB0000285,2026-06-24T18:49:22+06:00,Premier,Old Dhaka,23.713571,90.415353,Farmgate,23.752821,90.38588,6.81,75,221,completed,2026-06-24T20:10:22+06:00,True
USR014,01000000014,Demo User 014,UB0000284,2026-06-25T23:09:07+06:00,Premier,Banani,23.796447,90.409578,Wari,23.722259,90.413447,18.79,54,643,completed,2026-06-26T00:18:07+06:00,True
USR014,01000000014,Demo User 014,UB0000290,2026-07-10T19:50:42+06:00,UberX,Pallabi,23.83558,90.366521,Motijheel,23.727471,90.423019,18.98,40,582,completed,2026-07-10T20:36:42+06:00,True
USR014,01000000014,Demo User 014,UB0000281,2026-07-15T15:16:40+06:00,UberX,Khilgaon,23.750947,90.429061,Farmgate,23.753208,90.394859,8.27,8,270,completed,2026-07-15T15:31:40+06:00,True
USR014,01000000014,Demo User 014,UB0000287,2026-07-16T10:49:09+06:00,UberX,Dhanmondi,23.741164,90.376481,Mirpur,23.826224,90.362994,3.03,30,117,completed,2026-07-16T11:20:09+06:00,True
USR014,01000000014,Demo User 014,UB0000280,2026-08-01T20:36:47+06:00,Premier,Shyamoli,23.77003,90.372829,Banani,23.798485,90.405869,2.33,16,101,completed,2026-08-01T20:52:47+06:00,True
USR015,01000000015,Demo User 015,UB0000310,2026-02-19T15:10:09+06:00,Moto,Tejgaon,23.758593,90.398923,Farmgate,23.75458,90.382097,8.07,14,225,completed,2026-02-19T15:28:09+06:00,True
USR015,01000000015,Demo User 015,UB0000298,2026-02-28T17:25:16+06:00,UberX,Mohammadpur,23.767576,90.357558,Pallabi,23.824091,90.367069,12.28,60,336,completed,2026-02-28T18:28:16+06:00,True
USR015,01000000015,Demo User 015,UB0000314,2026-03-03T12:25:04+06:00,UberX,Khilgaon,23.754178,90.429041,Pallabi,23.830324,90.365292,12.38,43,331,completed,2026-03-03T13:13:04+06:00,True
USR015,01000000015,Demo User 015,UB0000291,2026-03-22T07:01:55+06:00,Premier,Khilgaon,23.752309,90.426229,Wari,23.723043,90.412299,15.61,30,508,completed,2026-03-22T07:50:55+06:00,True
USR015,01000000015,Demo User 015,UB0000302,2026-03-22T08:02:56+06:00,Premier,Old Dhaka,23.70695,90.40722,Mohammadpur,23.759589,90.350739,19.14,71,584,completed,2026-03-22T09:16:56+06:00,True
USR015,01000000015,Demo User 015,UB0000304,2026-03-23T10:49:32+06:00,Moto,Tejgaon,23.768662,90.398593,Mohakhali,23.787066,90.391807,20.04,26,621,completed,2026-03-23T11:28:32+06:00,True
USR015,01000000015,Demo User 015,UB0000303,2026-04-01T08:13:15+06:00,UberX,Old Dhaka,23.716411,90.409118,Farmgate,23.755925,90.397002,1.28,56,82,completed,2026-04-01T09:18:15+06:00,True
USR015,01000000015,Demo User 015,UB0000299,2026-04-10T13:42:32+06:00,Moto,Mirpur,23.830049,90.366359,Dhanmondi,23.746234,90.372962,15.05,22,393,completed,2026-04-10T14:14:32+06:00,True
USR015,01000000015,Demo User 015,UB0000305,2026-04-11T09:29:01+06:00,UberX,Dhanmondi,23.74898,90.376859,Shyamoli,23.769734,90.36248,21.32,64,471,completed,2026-04-11T10:51:01+06:00,True
USR015,01000000015,Demo User 015,UB0000301,2026-04-11T10:14:07+06:00,Moto,Motijheel,23.726445,90.424492,Badda,23.787471,90.429422,20.31,42,448,completed,2026-04-11T11:13:07+06:00,True
USR015,01000000015,Demo User 015,UB0000307,2026-04-13T07:08:53+06:00,Premier,Mohammadpur,23.76239,90.360315,Motijheel,23.740922,90.410225,14.82,62,548,completed,2026-04-13T08:27:53+06:00,True
USR015,01000000015,Demo User 015,UB0000309,2026-05-01T19:41:21+06:00,Premier,Gulshan,23.794961,90.410555,Wari,23.723921,90.414785,1.73,18,113,completed,2026-05-01T20:19:21+06:00,True
USR015,01000000015,Demo User 015,UB0000294,2026-05-13T10:36:45+06:00,Moto,Motijheel,23.737561,90.420322,Mohammadpur,23.766582,90.357156,9.17,11,314,completed,2026-05-13T11:03:45+06:00,True
USR015,01000000015,Demo User 015,UB0000292,2026-05-27T23:01:53+06:00,Premier,Old Dhaka,23.705596,90.411624,Dhanmondi,23.753379,90.373297,5.45,20,186,completed,2026-05-27T23:37:53+06:00,True
USR015,01000000015,Demo User 015,UB0000295,2026-06-02T08:15:26+06:00,Moto,Old Dhaka,23.708772,90.400836,Pallabi,23.824269,90.367612,6.79,13,239,cancelled_by_driver,2026-06-02T08:43:26+06:00,True
USR015,01000000015,Demo User 015,UB0000296,2026-06-06T16:40:59+06:00,Moto,Dhanmondi,23.740083,90.373597,Uttara,23.876312,90.385778,19.96,18,517,completed,2026-06-06T17:17:59+06:00,True
USR015,01000000015,Demo User 015,UB0000293,2026-06-22T01:07:01+06:00,Moto,Shyamoli,23.779249,90.364193,Bashundhara,23.813006,90.424986,7.68,59,287,completed,2026-06-22T02:19:01+06:00,True
USR015,01000000015,Demo User 015,UB0000313,2026-06-28T23:21:47+06:00,Moto,Badda,23.78102,90.424505,Mohakhali,23.786069,90.396523,1.89,47,108,completed,2026-06-29T00:14:47+06:00,True
USR015,01000000015,Demo User 015,UB0000312,2026-07-04T05:25:59+06:00,Premier,Bashundhara,23.815313,90.423059,Gulshan,23.786101,90.402025,14.81,73,437,completed,2026-07-04T06:48:59+06:00,True
USR015,01000000015,Demo User 015,UB0000306,2026-07-08T02:13:41+06:00,UberX,Pallabi,23.826626,90.364404,Wari,23.713247,90.414454,12.81,44,363,completed,2026-07-08T03:08:41+06:00,True
USR015,01000000015,Demo User 015,UB0000300,2026-07-14T14:14:14+06:00,Premier,Bashundhara,23.822458,90.426101,Gulshan,23.787316,90.415286,11.18,61,278,completed,2026-07-14T15:21:14+06:00,True
USR015,01000000015,Demo User 015,UB0000308,2026-07-16T18:30:09+06:00,UberX,Gulshan,23.799735,90.414341,Shyamoli,23.768854,90.36352,9.63,49,326,completed,2026-07-16T19:35:09+06:00,True
USR015,01000000015,Demo User 015,UB0000311,2026-08-02T01:48:18+06:00,UberX,Wari,23.722203,90.416442,Farmgate,23.757436,90.389963,22.69,24,683,completed,2026-08-02T02:31:18+06:00,True
USR015,01000000015,Demo User 015,UB0000297,2026-08-04T21:06:03+06:00,Premier,Mirpur,23.826795,90.368818,Dhanmondi,23.753575,90.377484,11.4,20,312,completed,2026-08-04T21:28:03+06:00,True
USR016,01000000016,Demo User 016,UB0000329,2026-02-14T18:00:03+06:00,Premier,Rampura,23.762004,90.423671,Tejgaon,23.759871,90.387859,18.98,13,444,completed,2026-02-14T18:23:03+06:00,True
USR016,01000000016,Demo User 016,UB0000328,2026-02-26T22:32:08+06:00,Premier,Shyamoli,23.77254,90.367477,Rampura,23.764416,90.418372,5.35,40,218,completed,2026-02-26T23:25:08+06:00,True
USR016,01000000016,Demo User 016,UB0000331,2026-03-01T08:37:54+06:00,Premier,Pallabi,23.820298,90.356561,Wari,23.723415,90.416168,19.81,26,625,completed,2026-03-01T09:22:54+06:00,True
USR016,01000000016,Demo User 016,UB0000334,2026-03-06T08:08:39+06:00,Premier,Banani,23.79765,90.414254,Old Dhaka,23.716378,90.40868,8.22,57,329,completed,2026-03-06T09:06:39+06:00,True
USR016,01000000016,Demo User 016,UB0000326,2026-03-18T05:59:09+06:00,UberX,Dhanmondi,23.744595,90.37508,Mohakhali,23.783982,90.402111,13.95,58,380,completed,2026-03-18T07:03:09+06:00,True
USR016,01000000016,Demo User 016,UB0000332,2026-03-23T19:34:13+06:00,Moto,Pallabi,23.833596,90.361731,Khilgaon,23.745527,90.430922,14.89,59,489,completed,2026-03-23T20:48:13+06:00,True
USR016,01000000016,Demo User 016,UB0000339,2026-04-02T10:12:36+06:00,Premier,Old Dhaka,23.702472,90.410068,Bashundhara,23.819356,90.42291,13.36,30,303,completed,2026-04-02T10:50:36+06:00,True
USR016,01000000016,Demo User 016,UB0000327,2026-04-03T01:09:31+06:00,Moto,Old Dhaka,23.713971,90.401328,Rampura,23.759507,90.414524,13.08,36,367,cancelled_by_rider,2026-04-03T01:48:31+06:00,True
USR016,01000000016,Demo User 016,UB0000335,2026-04-05T00:21:31+06:00,Moto,Khilgaon,23.75351,90.419469,Pallabi,23.834267,90.364951,9.14,43,304,completed,2026-04-05T01:14:31+06:00,True
USR016,01000000016,Demo User 016,UB0000333,2026-04-05T07:24:29+06:00,Premier,Motijheel,23.727972,90.423882,Farmgate,23.762059,90.387443,14.36,53,409,completed,2026-04-05T08:30:29+06:00,True
USR016,01000000016,Demo User 016,UB0000315,2026-04-07T21:23:39+06:00,UberX,Motijheel,23.727222,90.414931,Shyamoli,23.767305,90.366281,18.83,26,476,completed,2026-04-07T22:03:39+06:00,True
USR016,01000000016,Demo User 016,UB0000320,2026-04-18T16:19:17+06:00,Moto,Gulshan,23.795418,90.412945,Rampura,23.766659,90.416934,4.06,15,142,completed,2026-04-18T16:54:17+06:00,True
USR016,01000000016,Demo User 016,UB0000319,2026-04-27T07:27:17+06:00,Premier,Old Dhaka,23.708463,90.415336,Wari,23.726785,90.410595,20.35,50,442,completed,2026-04-27T08:21:17+06:00,True
USR016,01000000016,Demo User 016,UB0000325,2026-04-28T20:24:27+06:00,Premier,Motijheel,23.735569,90.41486,Pallabi,23.822089,90.364332,13.59,10,370,completed,2026-04-28T20:50:27+06:00,True
USR016,01000000016,Demo User 016,UB0000322,2026-05-01T04:58:34+06:00,Premier,Wari,23.723829,90.423444,Pallabi,23.82566,90.362147,10.27,65,400,completed,2026-05-01T06:11:34+06:00,True
USR016,01000000016,Demo User 016,UB0000336,2026-05-07T01:57:05+06:00,UberX,Banani,23.798879,90.408078,Old Dhaka,23.715703,90.403977,12.52,63,468,completed,2026-05-07T03:11:05+06:00,True
USR016,01000000016,Demo User 016,UB0000318,2026-05-09T14:30:36+06:00,Moto,Bashundhara,23.81024,90.431178,Uttara,23.8756,90.373653,21.33,49,527,completed,2026-05-09T15:19:36+06:00,True
USR016,01000000016,Demo User 016,UB0000324,2026-05-12T01:03:15+06:00,Moto,Gulshan,23.792663,90.403127,Old Dhaka,23.710619,90.412947,11.76,64,348,completed,2026-05-12T02:17:15+06:00,True
USR016,01000000016,Demo User 016,UB0000338,2026-05-21T16:41:57+06:00,Premier,Motijheel,23.73732,90.415835,Bashundhara,23.821679,90.432201,21.34,71,464,completed,2026-05-21T18:03:57+06:00,True
USR016,01000000016,Demo User 016,UB0000330,2026-06-07T03:08:17+06:00,Premier,Shyamoli,23.776543,90.370617,Old Dhaka,23.712223,90.403497,13.96,63,431,completed,2026-06-07T04:23:17+06:00,True
USR016,01000000016,Demo User 016,UB0000321,2026-06-10T20:26:26+06:00,UberX,Old Dhaka,23.714233,90.411134,Rampura,23.765257,90.413329,21.08,48,624,completed,2026-06-10T21:32:26+06:00,True
USR016,01000000016,Demo User 016,UB0000316,2026-06-15T02:54:43+06:00,Premier,Old Dhaka,23.712047,90.40065,Dhanmondi,23.753222,90.383884,8.93,40,290,completed,2026-06-15T03:35:43+06:00,True
USR016,01000000016,Demo User 016,UB0000323,2026-06-22T12:02:16+06:00,UberX,Rampura,23.768754,90.422976,Mohammadpur,23.769824,90.363044,22.56,24,741,cancelled_by_driver,2026-06-22T12:34:16+06:00,True
USR016,01000000016,Demo User 016,UB0000340,2026-07-08T21:45:38+06:00,Moto,Wari,23.715422,90.423182,Rampura,23.762609,90.425973,23.18,8,776,completed,2026-07-08T21:58:38+06:00,True
USR016,01000000016,Demo User 016,UB0000317,2026-07-25T21:22:56+06:00,UberX,Banani,23.792488,90.398696,Shyamoli,23.781596,90.363788,14.58,20,321,completed,2026-07-25T21:42:56+06:00,True
USR016,01000000016,Demo User 016,UB0000337,2026-07-28T08:16:13+06:00,UberX,Uttara,23.879685,90.381873,Tejgaon,23.758542,90.391116,6.61,30,251,completed,2026-07-28T08:58:13+06:00,True
USR017,01000000017,Demo User 017,UB0000350,2026-02-21T11:16:46+06:00,UberX,Uttara,23.873312,90.378298,Mohammadpur,23.757818,90.366004,17.64,62,392,completed,2026-02-21T12:33:46+06:00,True
USR017,01000000017,Demo User 017,UB0000356,2026-02-25T04:32:18+06:00,UberX,Banani,23.801058,90.402902,Old Dhaka,23.705869,90.408602,21.21,19,739,completed,2026-02-25T05:01:18+06:00,True
USR017,01000000017,Demo User 017,UB0000365,2026-02-27T06:47:43+06:00,Moto,Motijheel,23.732788,90.414017,Old Dhaka,23.710128,90.412564,22.72,21,771,completed,2026-02-27T07:16:43+06:00,True
USR017,01000000017,Demo User 017,UB0000355,2026-03-05T15:38:15+06:00,Premier,Bashundhara,23.80835,90.419935,Dhanmondi,23.739438,90.383574,5.76,75,166,completed,2026-03-05T16:59:15+06:00,True
USR017,01000000017,Demo User 017,UB0000354,2026-03-08T02:30:01+06:00,Moto,Motijheel,23.729803,90.411122,Wari,23.714651,90.410496,23.24,72,528,completed,2026-03-08T03:52:01+06:00,True
USR017,01000000017,Demo User 017,UB0000363,2026-03-14T18:22:27+06:00,UberX,Wari,23.72325,90.412378,Shyamoli,23.768377,90.367602,17.62,24,620,completed,2026-03-14T19:03:27+06:00,True
USR017,01000000017,Demo User 017,UB0000364,2026-03-21T14:46:47+06:00,Premier,Wari,23.716436,90.421574,Mohammadpur,23.763176,90.364579,11.9,22,322,completed,2026-03-21T15:21:47+06:00,True
USR017,01000000017,Demo User 017,UB0000342,2026-03-30T13:31:04+06:00,Moto,Tejgaon,23.76328,90.391753,Old Dhaka,23.702982,90.405785,11.64,43,305,completed,2026-03-30T14:16:04+06:00,True
USR017,01000000017,Demo User 017,UB0000361,2026-04-04T16:37:24+06:00,Premier,Wari,23.724534,90.420636,Farmgate,23.757173,90.394099,17.23,35,387,ongoing,2026-04-04T17:13:24+06:00,True
USR017,01000000017,Demo User 017,UB0000343,2026-04-15T14:33:56+06:00,Moto,Shyamoli,23.76912,90.363048,Mohammadpur,23.772864,90.356025,21.28,48,725,completed,2026-04-15T15:25:56+06:00,True
USR017,01000000017,Demo User 017,UB0000344,2026-04-16T21:16:40+06:00,Premier,Uttara,23.875105,90.380202,Old Dhaka,23.706225,90.404103,5.06,22,203,cancelled_by_rider,2026-04-16T21:56:40+06:00,True
USR017,01000000017,Demo User 017,UB0000351,2026-04-21T16:53:30+06:00,UberX,Badda,23.781483,90.426716,Wari,23.719971,90.419911,19.31,41,511,completed,2026-04-21T17:37:30+06:00,True
USR017,01000000017,Demo User 017,UB0000346,2026-04-28T09:08:44+06:00,Premier,Dhanmondi,23.750784,90.377588,Badda,23.787444,90.432035,6.04,35,253,completed,2026-04-28T09:43:44+06:00,True
USR017,01000000017,Demo User 017,UB0000368,2026-05-08T19:22:22+06:00,UberX,Shyamoli,23.777777,90.363914,Uttara,23.880108,90.386746,14.87,40,349,completed,2026-05-08T20:18:22+06:00,True
USR017,01000000017,Demo User 017,UB0000353,2026-05-16T03:32:36+06:00,Moto,Pallabi,23.82547,90.363445,Mohakhali,23.774035,90.396705,14.53,12,321,completed,2026-05-16T03:48:36+06:00,True
USR017,01000000017,Demo User 017,UB0000360,2026-05-29T23:23:29+06:00,Premier,Farmgate,23.751713,90.390195,Mohakhali,23.784189,90.395303,23.54,69,697,completed,2026-05-30T00:51:29+06:00,True
USR017,01000000017,Demo User 017,UB0000347,2026-06-03T00:14:21+06:00,UberX,Mohakhali,23.781101,90.392407,Khilgaon,23.755106,90.422958,19.22,50,412,completed,2026-06-03T01:08:21+06:00,True
USR017,01000000017,Demo User 017,UB0000352,2026-06-07T09:42:35+06:00,Moto,Farmgate,23.759103,90.383389,Tejgaon,23.769772,90.387092,2.13,58,101,cancelled_by_driver,2026-06-07T10:52:35+06:00,True
USR017,01000000017,Demo User 017,UB0000366,2026-06-11T18:09:40+06:00,Premier,Rampura,23.756726,90.425018,Mohakhali,23.783298,90.391473,4.12,62,129,completed,2026-06-11T19:15:40+06:00,True
USR017,01000000017,Demo User 017,UB0000362,2026-06-17T22:31:31+06:00,UberX,Mohammadpur,23.763013,90.353417,Dhanmondi,23.739008,90.377292,13.95,57,471,completed,2026-06-17T23:29:31+06:00,True
USR017,01000000017,Demo User 017,UB0000358,2026-07-10T06:12:04+06:00,Premier,Banani,23.794895,90.412353,Mirpur,23.817563,90.367871,6.03,10,177,completed,2026-07-10T06:32:04+06:00,True
USR017,01000000017,Demo User 017,UB0000349,2026-07-10T16:52:26+06:00,UberX,Banani,23.790546,90.404995,Rampura,23.76541,90.425955,4.25,68,170,completed,2026-07-10T18:14:26+06:00,True
USR017,01000000017,Demo User 017,UB0000367,2026-07-17T07:30:09+06:00,Moto,Uttara,23.870484,90.376727,Motijheel,23.725071,90.420846,19.49,23,581,completed,2026-07-17T08:07:09+06:00,True
USR017,01000000017,Demo User 017,UB0000369,2026-07-19T04:03:07+06:00,Moto,Dhanmondi,23.74293,90.380422,Motijheel,23.738808,90.4129,16.56,74,480,completed,2026-07-19T05:18:07+06:00,True
USR017,01000000017,Demo User 017,UB0000345,2026-07-20T10:22:57+06:00,UberX,Mirpur,23.823908,90.362469,Rampura,23.765003,90.421994,16.22,20,523,completed,2026-07-20T10:58:57+06:00,True
USR017,01000000017,Demo User 017,UB0000357,2026-07-21T11:20:43+06:00,UberX,Dhanmondi,23.744537,90.376547,Mohakhali,23.78005,90.402644,12.9,50,419,completed,2026-07-21T12:14:43+06:00,True
USR017,01000000017,Demo User 017,UB0000341,2026-07-21T23:56:55+06:00,Moto,Old Dhaka,23.705709,90.400138,Farmgate,23.751784,90.396217,13.93,23,413,completed,2026-07-22T00:38:55+06:00,True
USR017,01000000017,Demo User 017,UB0000348,2026-07-26T03:47:10+06:00,Moto,Mohammadpur,23.76533,90.360189,Badda,23.777189,90.426719,16.82,26,462,cancelled_by_rider,2026-07-26T04:27:10+06:00,True
USR017,01000000017,Demo User 017,UB0000359,2026-08-06T13:43:23+06:00,Premier,Mohakhali,23.782113,90.397432,Tejgaon,23.75658,90.397002,9.51,11,352,completed,2026-08-06T14:08:23+06:00,True
USR018,01000000018,Demo User 018,UB0000372,2026-02-10T23:43:53+06:00,Moto,Badda,23.772749,90.426326,Gulshan,23.785256,90.412372,16.77,37,431,completed,2026-02-11T00:29:53+06:00,True
USR018,01000000018,Demo User 018,UB0000382,2026-03-08T20:06:25+06:00,UberX,Khilgaon,23.74876,90.426856,Rampura,23.762878,90.424311,5.72,58,172,completed,2026-03-08T21:11:25+06:00,True
USR018,01000000018,Demo User 018,UB0000386,2026-03-12T17:13:25+06:00,Moto,Rampura,23.764725,90.414525,Farmgate,23.761747,90.385026,13.98,10,414,cancelled_by_rider,2026-03-12T17:33:25+06:00,True
USR018,01000000018,Demo User 018,UB0000384,2026-03-13T18:16:26+06:00,Moto,Gulshan,23.795701,90.404694,Khilgaon,23.746756,90.426096,23.78,44,497,completed,2026-03-13T19:07:26+06:00,True
USR018,01000000018,Demo User 018,UB0000380,2026-03-19T23:17:08+06:00,Premier,Mohammadpur,23.766184,90.357703,Rampura,23.757658,90.419523,15.99,68,549,completed,2026-03-20T00:40:08+06:00,True
USR018,01000000018,Demo User 018,UB0000385,2026-03-29T12:52:37+06:00,Premier,Rampura,23.764608,90.421166,Mohakhali,23.784919,90.39982,6.75,58,216,completed,2026-03-29T14:01:37+06:00,True
USR018,01000000018,Demo User 018,UB0000370,2026-04-08T22:22:02+06:00,Premier,Mirpur,23.819172,90.360544,Uttara,23.873783,90.383507,15.66,34,539,completed,2026-04-08T23:05:02+06:00,True
USR018,01000000018,Demo User 018,UB0000377,2026-04-09T14:01:21+06:00,Premier,Mirpur,23.821611,90.364581,Old Dhaka,23.71541,90.40208,15.13,62,461,completed,2026-04-09T15:18:21+06:00,True
USR018,01000000018,Demo User 018,UB0000375,2026-04-17T11:56:57+06:00,Premier,Mohakhali,23.785994,90.400011,Badda,23.787659,90.434576,13.01,24,471,completed,2026-04-17T12:23:57+06:00,True
USR018,01000000018,Demo User 018,UB0000387,2026-04-22T00:44:30+06:00,Premier,Tejgaon,23.769102,90.388238,Farmgate,23.750909,90.38338,20.49,38,659,completed,2026-04-22T01:37:30+06:00,True
USR018,01000000018,Demo User 018,UB0000378,2026-04-29T03:45:25+06:00,UberX,Old Dhaka,23.704344,90.404412,Tejgaon,23.768469,90.390205,17.2,49,523,completed,2026-04-29T04:41:25+06:00,True
USR018,01000000018,Demo User 018,UB0000390,2026-05-01T15:03:04+06:00,UberX,Old Dhaka,23.704354,90.41147,Motijheel,23.728064,90.418825,7.96,32,265,completed,2026-05-01T15:37:04+06:00,True
USR018,01000000018,Demo User 018,UB0000383,2026-05-14T20:57:33+06:00,Premier,Old Dhaka,23.708891,90.413923,Wari,23.725555,90.415667,15.31,34,514,completed,2026-05-14T21:31:33+06:00,True
USR018,01000000018,Demo User 018,UB0000381,2026-05-15T17:05:42+06:00,Moto,Uttara,23.880118,90.378959,Wari,23.71735,90.42368,20.2,18,665,cancelled_by_rider,2026-05-15T17:32:42+06:00,True
USR018,01000000018,Demo User 018,UB0000379,2026-05-20T22:20:00+06:00,Premier,Motijheel,23.740764,90.415915,Dhanmondi,23.742934,90.375966,13.74,59,333,completed,2026-05-20T23:24:00+06:00,True
USR018,01000000018,Demo User 018,UB0000376,2026-05-29T10:44:35+06:00,Premier,Motijheel,23.73689,90.422552,Khilgaon,23.753499,90.428124,16.88,47,611,cancelled_by_rider,2026-05-29T11:36:35+06:00,True
USR018,01000000018,Demo User 018,UB0000371,2026-05-30T16:24:18+06:00,Premier,Wari,23.716916,90.409725,Shyamoli,23.767964,90.371422,7.34,33,193,completed,2026-05-30T17:04:18+06:00,True
USR018,01000000018,Demo User 018,UB0000373,2026-06-06T05:31:31+06:00,Premier,Farmgate,23.758131,90.396495,Motijheel,23.730986,90.422915,17.05,45,579,completed,2026-06-06T06:22:31+06:00,True
USR018,01000000018,Demo User 018,UB0000389,2026-06-20T17:43:57+06:00,Premier,Uttara,23.869796,90.375169,Mirpur,23.819936,90.358062,14.69,21,494,completed,2026-06-20T18:11:57+06:00,True
USR018,01000000018,Demo User 018,UB0000374,2026-07-13T12:48:12+06:00,Moto,Banani,23.793981,90.407476,Bashundhara,23.815164,90.41944,23.23,14,767,completed,2026-07-13T13:08:12+06:00,True
USR018,01000000018,Demo User 018,UB0000388,2026-08-05T11:28:10+06:00,Moto,Mohammadpur,23.759243,90.354701,Old Dhaka,23.716439,90.411318,21.53,41,517,completed,2026-08-05T12:16:10+06:00,True
USR019,01000000019,Demo User 019,UB0000400,2026-02-19T17:21:34+06:00,Moto,Rampura,23.765082,90.42078,Bashundhara,23.821764,90.423897,18.99,28,523,completed,2026-02-19T18:01:34+06:00,True
USR019,01000000019,Demo User 019,UB0000408,2026-02-26T12:02:59+06:00,UberX,Mirpur,23.823658,90.36875,Rampura,23.761668,90.427237,3.6,14,120,completed,2026-02-26T12:33:59+06:00,True
USR019,01000000019,Demo User 019,UB0000415,2026-03-02T10:44:39+06:00,Premier,Mohakhali,23.779628,90.406596,Pallabi,23.825946,90.370963,22.62,55,697,completed,2026-03-02T11:48:39+06:00,True
USR019,01000000019,Demo User 019,UB0000398,2026-03-03T02:25:07+06:00,UberX,Mirpur,23.822546,90.359816,Old Dhaka,23.708592,90.400459,10.94,57,406,cancelled_by_driver,2026-03-03T03:40:07+06:00,True
USR019,01000000019,Demo User 019,UB0000409,2026-03-09T00:35:26+06:00,Moto,Mohammadpur,23.762236,90.363905,Banani,23.794475,90.409672,6.49,40,268,completed,2026-03-09T01:27:26+06:00,True
USR019,01000000019,Demo User 019,UB0000414,2026-03-09T02:22:04+06:00,Premier,Shyamoli,23.776628,90.367771,Mohammadpur,23.764408,90.358727,17.3,54,492,cancelled_by_driver,2026-03-09T03:20:04+06:00,True
USR019,01000000019,Demo User 019,UB0000393,2026-03-16T08:38:17+06:00,Moto,Uttara,23.873596,90.378104,Mirpur,23.815365,90.361276,6.42,19,261,completed,2026-03-16T09:13:17+06:00,True
USR019,01000000019,Demo User 019,UB0000404,2026-03-22T03:47:23+06:00,Moto,Bashundhara,23.811878,90.425727,Badda,23.787985,90.434145,21.6,19,698,cancelled_by_rider,2026-03-22T04:23:23+06:00,True
USR019,01000000019,Demo User 019,UB0000395,2026-04-16T21:08:43+06:00,Premier,Shyamoli,23.773989,90.361076,Mohakhali,23.786512,90.400293,17.3,11,466,completed,2026-04-16T21:37:43+06:00,True
USR019,01000000019,Demo User 019,UB0000411,2026-04-20T19:31:31+06:00,Premier,Khilgaon,23.756346,90.42529,Mohakhali,23.773218,90.391587,4.88,14,197,completed,2026-04-20T19:54:31+06:00,True
USR019,01000000019,Demo User 019,UB0000392,2026-04-22T11:50:02+06:00,UberX,Mohakhali,23.78768,90.399179,Wari,23.715082,90.414892,5.46,8,220,completed,2026-04-22T12:01:02+06:00,True
USR019,01000000019,Demo User 019,UB0000402,2026-04-28T23:51:57+06:00,Moto,Motijheel,23.732218,90.410223,Pallabi,23.830302,90.371571,18.22,39,448,completed,2026-04-29T00:43:57+06:00,True
USR019,01000000019,Demo User 019,UB0000407,2026-04-30T09:16:47+06:00,Moto,Badda,23.775663,90.418724,Bashundhara,23.815181,90.429662,13.13,27,442,completed,2026-04-30T10:00:47+06:00,True
USR019,01000000019,Demo User 019,UB0000410,2026-05-28T06:36:22+06:00,UberX,Khilgaon,23.75078,90.421603,Mirpur,23.814317,90.369575,13.14,72,456,completed,2026-05-28T07:59:22+06:00,True
USR019,01000000019,Demo User 019,UB0000397,2026-06-01T21:29:06+06:00,Moto,Mohammadpur,23.76362,90.366098,Shyamoli,23.777564,90.372225,12.72,26,322,completed,2026-06-01T22:06:06+06:00,True
USR019,01000000019,Demo User 019,UB0000394,2026-06-03T07:19:25+06:00,Moto,Uttara,23.872089,90.38157,Tejgaon,23.760503,90.401449,23.65,13,722,completed,2026-06-03T07:37:25+06:00,True
USR019,01000000019,Demo User 019,UB0000391,2026-06-05T03:27:02+06:00,Premier,Mohammadpur,23.764639,90.35258,Uttara,23.873052,90.376371,6.2,50,204,completed,2026-06-05T04:21:02+06:00,True
USR019,01000000019,Demo User 019,UB0000405,2026-06-16T07:10:28+06:00,Premier,Rampura,23.7569,90.427054,Badda,23.780969,90.434609,7.78,57,198,completed,2026-06-16T08:27:28+06:00,True
USR019,01000000019,Demo User 019,UB0000406,2026-06-25T11:47:34+06:00,UberX,Gulshan,23.789245,90.403108,Mohammadpur,23.769057,90.363052,6.1,58,167,completed,2026-06-25T13:04:34+06:00,True
USR019,01000000019,Demo User 019,UB0000396,2026-06-28T10:58:36+06:00,UberX,Pallabi,23.820722,90.365931,Tejgaon,23.758036,90.397155,7.39,44,305,cancelled_by_rider,2026-06-28T11:50:36+06:00,True
USR019,01000000019,Demo User 019,UB0000401,2026-06-29T08:58:03+06:00,Moto,Wari,23.722178,90.424114,Pallabi,23.824789,90.35832,5.2,8,157,cancelled_by_rider,2026-06-29T09:26:03+06:00,True
USR019,01000000019,Demo User 019,UB0000403,2026-07-01T07:39:00+06:00,Premier,Khilgaon,23.742661,90.427354,Mohammadpur,23.769439,90.363583,18.36,17,465,completed,2026-07-01T08:12:00+06:00,True
USR019,01000000019,Demo User 019,UB0000399,2026-07-09T07:00:08+06:00,Premier,Old Dhaka,23.712188,90.404016,Mirpur,23.81979,90.367692,5.21,47,231,completed,2026-07-09T08:02:08+06:00,True
USR019,01000000019,Demo User 019,UB0000416,2026-07-17T11:23:21+06:00,Premier,Shyamoli,23.781792,90.359993,Rampura,23.764111,90.420459,12.18,64,331,completed,2026-07-17T12:41:21+06:00,True
USR019,01000000019,Demo User 019,UB0000412,2026-07-25T00:15:58+06:00,UberX,Bashundhara,23.820037,90.429551,Pallabi,23.827543,90.366243,23.6,39,487,completed,2026-07-25T00:55:58+06:00,True
USR019,01000000019,Demo User 019,UB0000413,2026-07-30T12:11:48+06:00,Premier,Farmgate,23.76399,90.397239,Old Dhaka,23.703503,90.410448,20.65,50,509,completed,2026-07-30T13:18:48+06:00,True
USR020,01000000020,Demo User 020,UB0000418,2026-02-11T10:51:44+06:00,Moto,Old Dhaka,23.714475,90.403966,Mohammadpur,23.765157,90.360374,7.1,49,272,completed,2026-02-11T11:45:44+06:00,True
USR020,01000000020,Demo User 020,UB0000434,2026-02-11T19:31:16+06:00,UberX,Tejgaon,23.77149,90.400381,Motijheel,23.733022,90.423814,10.68,30,248,completed,2026-02-11T20:17:16+06:00,True
USR020,01000000020,Demo User 020,UB0000425,2026-02-14T21:23:33+06:00,Moto,Motijheel,23.73083,90.420639,Mohammadpur,23.762437,90.365819,21.53,38,557,cancelled_by_rider,2026-02-14T22:05:33+06:00,True
USR020,01000000020,Demo User 020,UB0000419,2026-03-19T16:06:33+06:00,UberX,Wari,23.712925,90.416094,Farmgate,23.762974,90.383075,5.54,48,202,completed,2026-03-19T17:00:33+06:00,True
USR020,01000000020,Demo User 020,UB0000431,2026-03-20T13:45:42+06:00,Moto,Wari,23.714798,90.410851,Mohammadpur,23.76749,90.359891,8.42,37,263,completed,2026-03-20T14:40:42+06:00,True
USR020,01000000020,Demo User 020,UB0000421,2026-04-08T09:12:08+06:00,Premier,Bashundhara,23.807627,90.422486,Gulshan,23.791109,90.411187,7.12,65,239,completed,2026-04-08T10:34:08+06:00,True
USR020,01000000020,Demo User 020,UB0000426,2026-04-16T09:05:46+06:00,Moto,Farmgate,23.765145,90.383757,Dhanmondi,23.745747,90.382748,12.13,17,412,completed,2026-04-16T09:41:46+06:00,True
USR020,01000000020,Demo User 020,UB0000430,2026-05-11T07:32:25+06:00,Premier,Wari,23.711993,90.421537,Pallabi,23.82586,90.357526,4.62,71,204,completed,2026-05-11T08:45:25+06:00,True
USR020,01000000020,Demo User 020,UB0000422,2026-05-11T23:32:03+06:00,Moto,Pallabi,23.822379,90.361748,Badda,23.782514,90.418873,22.9,73,529,completed,2026-05-12T00:53:03+06:00,True
USR020,01000000020,Demo User 020,UB0000433,2026-05-17T21:19:25+06:00,Moto,Mirpur,23.823751,90.361061,Wari,23.722414,90.419156,3.68,15,167,completed,2026-05-17T21:34:25+06:00,True
USR020,01000000020,Demo User 020,UB0000420,2026-05-18T18:36:59+06:00,Moto,Badda,23.783888,90.427714,Bashundhara,23.814277,90.427498,3.32,13,151,cancelled_by_rider,2026-05-18T18:49:59+06:00,True
USR020,01000000020,Demo User 020,UB0000429,2026-05-30T04:19:15+06:00,Premier,Rampura,23.759434,90.418307,Bashundhara,23.817857,90.420746,6.37,51,248,completed,2026-05-30T05:20:15+06:00,True
USR020,01000000020,Demo User 020,UB0000428,2026-06-06T07:26:30+06:00,UberX,Badda,23.787078,90.432082,Banani,23.79057,90.412489,21.2,73,708,completed,2026-06-06T08:43:30+06:00,True
USR020,01000000020,Demo User 020,UB0000432,2026-06-14T15:41:25+06:00,UberX,Khilgaon,23.750769,90.428931,Motijheel,23.733526,90.411883,18.42,62,614,completed,2026-06-14T16:53:25+06:00,True
USR020,01000000020,Demo User 020,UB0000423,2026-06-17T02:06:45+06:00,Moto,Mohammadpur,23.767243,90.358127,Rampura,23.761385,90.423626,11.4,74,401,completed,2026-06-17T03:28:45+06:00,True
USR020,01000000020,Demo User 020,UB0000427,2026-07-10T03:46:16+06:00,Moto,Mohakhali,23.777374,90.40019,Mohammadpur,23.765995,90.361843,20.82,32,534,completed,2026-07-10T04:33:16+06:00,True
USR020,01000000020,Demo User 020,UB0000424,2026-07-23T11:23:03+06:00,UberX,Shyamoli,23.776912,90.359791,Bashundhara,23.809725,90.432141,20.47,28,648,completed,2026-07-23T12:01:03+06:00,True
USR020,01000000020,Demo User 020,UB0000417,2026-08-08T21:50:02+06:00,Moto,Rampura,23.757013,90.426899,Bashundhara,23.817031,90.424286,2.29,8,124,completed,2026-08-08T22:02:02+06:00,True
USR021,01000000021,Demo User 021,UB0000448,2026-03-01T21:38:26+06:00,Moto,Badda,23.785569,90.431788,Banani,23.800902,90.410174,20.97,20,619,completed,2026-03-01T22:15:26+06:00,True
USR021,01000000021,Demo User 021,UB0000436,2026-03-19T13:35:39+06:00,UberX,Dhanmondi,23.748704,90.370965,Badda,23.777874,90.426995,14.55,10,489,completed,2026-03-19T13:59:39+06:00,True
USR021,01000000021,Demo User 021,UB0000439,2026-04-13T10:15:17+06:00,UberX,Uttara,23.877774,90.372142,Rampura,23.765711,90.422424,22.19,30,550,cancelled_by_driver,2026-04-13T10:48:17+06:00,True
USR021,01000000021,Demo User 021,UB0000437,2026-04-13T20:42:45+06:00,UberX,Mohammadpur,23.764561,90.358361,Mirpur,23.825399,90.370663,1.48,65,98,completed,2026-04-13T22:02:45+06:00,True
USR021,01000000021,Demo User 021,UB0000447,2026-04-25T07:05:55+06:00,UberX,Mirpur,23.820084,90.35911,Tejgaon,23.765528,90.396285,10.93,51,361,completed,2026-04-25T08:11:55+06:00,True
USR021,01000000021,Demo User 021,UB0000438,2026-05-25T00:01:42+06:00,Premier,Gulshan,23.785195,90.413796,Banani,23.793112,90.402694,15.64,60,356,completed,2026-05-25T01:01:42+06:00,True
USR021,01000000021,Demo User 021,UB0000440,2026-05-28T22:13:54+06:00,UberX,Motijheel,23.737416,90.417262,Mirpur,23.829435,90.35813,11.39,48,306,cancelled_by_rider,2026-05-28T23:08:54+06:00,True
USR021,01000000021,Demo User 021,UB0000435,2026-05-30T19:27:40+06:00,Premier,Uttara,23.872929,90.371505,Farmgate,23.763642,90.389206,19.14,55,460,completed,2026-05-30T20:27:40+06:00,True
USR021,01000000021,Demo User 021,UB0000445,2026-05-31T03:51:11+06:00,Moto,Badda,23.785457,90.432529,Gulshan,23.798237,90.415096,21.71,15,749,completed,2026-05-31T04:10:11+06:00,True
USR021,01000000021,Demo User 021,UB0000446,2026-05-31T15:17:37+06:00,UberX,Pallabi,23.830823,90.35985,Shyamoli,23.770706,90.373473,2.91,9,110,completed,2026-05-31T15:33:37+06:00,True
USR021,01000000021,Demo User 021,UB0000444,2026-06-02T09:59:23+06:00,Moto,Dhanmondi,23.742358,90.370849,Motijheel,23.731217,90.416727,2.76,69,136,completed,2026-06-02T11:24:23+06:00,True
USR021,01000000021,Demo User 021,UB0000442,2026-06-16T11:47:27+06:00,UberX,Badda,23.782186,90.423044,Motijheel,23.726963,90.421883,14.49,61,456,completed,2026-06-16T12:51:27+06:00,True
USR021,01000000021,Demo User 021,UB0000449,2026-07-10T07:59:41+06:00,Premier,Farmgate,23.755006,90.390435,Uttara,23.87679,90.382399,6.91,53,240,completed,2026-07-10T09:10:41+06:00,True
USR021,01000000021,Demo User 021,UB0000443,2026-07-13T10:59:14+06:00,Premier,Dhanmondi,23.745913,90.375817,Uttara,23.883088,90.385236,11.12,43,420,completed,2026-07-13T11:58:14+06:00,True
USR021,01000000021,Demo User 021,UB0000441,2026-08-08T02:11:50+06:00,UberX,Shyamoli,23.781913,90.367935,Tejgaon,23.762432,90.401174,9.4,33,302,completed,2026-08-08T02:48:50+06:00,True
USR022,01000000022,Demo User 022,UB0000463,2026-02-11T23:23:29+06:00,Moto,Mohammadpur,23.766085,90.361403,Khilgaon,23.748742,90.419812,10.19,19,285,completed,2026-02-11T23:58:29+06:00,True
USR022,01000000022,Demo User 022,UB0000466,2026-02-16T02:58:51+06:00,Premier,Mohakhali,23.782099,90.395874,Wari,23.721234,90.413423,1.29,43,98,completed,2026-02-16T03:57:51+06:00,True
USR022,01000000022,Demo User 022,UB0000462,2026-02-19T03:05:45+06:00,Premier,Old Dhaka,23.712382,90.40191,Motijheel,23.729912,90.422587,16.03,12,585,completed,2026-02-19T03:19:45+06:00,True
USR022,01000000022,Demo User 022,UB0000469,2026-02-26T15:33:54+06:00,UberX,Motijheel,23.740221,90.422132,Mohakhali,23.773787,90.395794,19.38,52,461,completed,2026-02-26T16:26:54+06:00,True
USR022,01000000022,Demo User 022,UB0000450,2026-04-08T07:59:10+06:00,Premier,Tejgaon,23.755884,90.388449,Banani,23.801639,90.413023,21.8,74,525,completed,2026-04-08T09:24:10+06:00,True
USR022,01000000022,Demo User 022,UB0000454,2026-04-15T13:51:23+06:00,Premier,Khilgaon,23.74595,90.428793,Mirpur,23.829362,90.35895,9.11,22,363,completed,2026-04-15T14:30:23+06:00,True
USR022,01000000022,Demo User 022,UB0000452,2026-05-04T06:11:34+06:00,Moto,Shyamoli,23.770954,90.366856,Mohakhali,23.77306,90.403198,18.02,53,595,completed,2026-05-04T07:19:34+06:00,True
USR022,01000000022,Demo User 022,UB0000459,2026-05-07T10:17:12+06:00,Premier,Wari,23.71325,90.419557,Motijheel,23.737053,90.421027,3.57,43,139,cancelled_by_rider,2026-05-07T11:16:12+06:00,True
USR022,01000000022,Demo User 022,UB0000467,2026-05-13T02:03:07+06:00,Premier,Shyamoli,23.772553,90.372018,Rampura,23.75778,90.425071,13.02,27,366,completed,2026-05-13T02:32:07+06:00,True
USR022,01000000022,Demo User 022,UB0000461,2026-06-04T04:21:20+06:00,Moto,Wari,23.721856,90.417683,Mohammadpur,23.765578,90.360943,12.38,71,288,completed,2026-06-04T05:34:20+06:00,True
USR022,01000000022,Demo User 022,UB0000453,2026-06-04T17:04:10+06:00,Moto,Mohammadpur,23.771047,90.352898,Khilgaon,23.748715,90.418981,14.32,31,463,cancelled_by_rider,2026-06-04T17:37:10+06:00,True
USR022,01000000022,Demo User 022,UB0000458,2026-07-01T08:28:16+06:00,Moto,Uttara,23.880721,90.383757,Pallabi,23.830204,90.371408,22.5,24,671,ongoing,2026-07-01T08:52:16+06:00,True
USR022,01000000022,Demo User 022,UB0000470,2026-07-02T17:53:51+06:00,Moto,Mohammadpur,23.760203,90.359265,Tejgaon,23.768502,90.388362,4.26,63,162,completed,2026-07-02T18:58:51+06:00,True
USR022,01000000022,Demo User 022,UB0000451,2026-07-05T02:06:34+06:00,UberX,Dhanmondi,23.740272,90.38078,Pallabi,23.82151,90.365962,17.32,19,380,completed,2026-07-05T02:43:34+06:00,True
USR022,01000000022,Demo User 022,UB0000464,2026-07-07T15:28:35+06:00,UberX,Mirpur,23.816056,90.36216,Mohammadpur,23.759004,90.353784,19.92,31,668,cancelled_by_rider,2026-07-07T16:10:35+06:00,True
USR022,01000000022,Demo User 022,UB0000455,2026-07-11T07:53:41+06:00,Premier,Dhanmondi,23.739822,90.382061,Mohammadpur,23.757943,90.364423,3.56,31,164,completed,2026-07-11T08:27:41+06:00,True
USR022,01000000022,Demo User 022,UB0000465,2026-07-13T18:13:10+06:00,Premier,Rampura,23.767774,90.424197,Gulshan,23.795524,90.401529,2.42,40,127,ongoing,2026-07-13T18:53:10+06:00,True
USR022,01000000022,Demo User 022,UB0000468,2026-07-14T00:04:12+06:00,UberX,Bashundhara,23.808942,90.424052,Badda,23.778618,90.428466,10.37,66,318,completed,2026-07-14T01:22:12+06:00,True
USR022,01000000022,Demo User 022,UB0000460,2026-07-25T02:58:18+06:00,Moto,Khilgaon,23.74281,90.424069,Pallabi,23.830362,90.369778,16.11,72,435,completed,2026-07-25T04:27:18+06:00,True
USR022,01000000022,Demo User 022,UB0000457,2026-08-02T14:03:27+06:00,UberX,Dhanmondi,23.753823,90.374271,Pallabi,23.835957,90.365897,7.2,40,287,completed,2026-08-02T14:52:27+06:00,True
USR022,01000000022,Demo User 022,UB0000456,2026-08-08T18:48:01+06:00,UberX,Mohakhali,23.777428,90.399554,Old Dhaka,23.704459,90.40311,1.35,14,96,completed,2026-08-08T19:06:01+06:00,True
USR023,01000000023,Demo User 023,UB0000486,2026-03-11T23:56:43+06:00,Premier,Shyamoli,23.774684,90.365662,Pallabi,23.831238,90.358306,23.42,33,740,completed,2026-03-12T00:30:43+06:00,True
USR023,01000000023,Demo User 023,UB0000481,2026-03-12T17:55:01+06:00,Premier,Tejgaon,23.768342,90.397203,Old Dhaka,23.707999,90.409837,21.73,39,658,completed,2026-03-12T18:43:01+06:00,True
USR023,01000000023,Demo User 023,UB0000484,2026-03-16T11:17:59+06:00,Moto,Rampura,23.763155,90.427898,Khilgaon,23.74905,90.42213,23.01,14,830,completed,2026-03-16T11:36:59+06:00,True
USR023,01000000023,Demo User 023,UB0000480,2026-04-08T17:41:48+06:00,Moto,Tejgaon,23.763216,90.398758,Shyamoli,23.773325,90.371335,18.66,13,489,completed,2026-04-08T18:05:48+06:00,True
USR023,01000000023,Demo User 023,UB0000473,2026-04-12T09:05:39+06:00,Premier,Wari,23.724718,90.424333,Badda,23.775332,90.418954,17.4,49,630,completed,2026-04-12T10:13:39+06:00,True
USR023,01000000023,Demo User 023,UB0000477,2026-04-16T08:04:54+06:00,UberX,Khilgaon,23.753045,90.426773,Pallabi,23.825348,90.371333,3.65,31,171,completed,2026-04-16T08:54:54+06:00,True
USR023,01000000023,Demo User 023,UB0000475,2026-04-27T04:22:40+06:00,UberX,Rampura,23.767516,90.427912,Badda,23.7811,90.432721,9.54,62,338,completed,2026-04-27T05:37:40+06:00,True
USR023,01000000023,Demo User 023,UB0000472,2026-04-29T17:10:12+06:00,Moto,Rampura,23.768981,90.42212,Dhanmondi,23.753949,90.380453,3.36,18,131,completed,2026-04-29T17:31:12+06:00,True
USR023,01000000023,Demo User 023,UB0000478,2026-05-02T05:57:30+06:00,Moto,Gulshan,23.790865,90.404077,Old Dhaka,23.716567,90.410789,12.32,55,455,cancelled_by_driver,2026-05-02T07:12:30+06:00,True
USR023,01000000023,Demo User 023,UB0000474,2026-05-03T14:49:37+06:00,UberX,Old Dhaka,23.718192,90.409332,Tejgaon,23.762352,90.401549,17.38,23,526,completed,2026-05-03T15:23:37+06:00,True
USR023,01000000023,Demo User 023,UB0000479,2026-05-06T17:46:23+06:00,Premier,Farmgate,23.76667,90.386346,Dhanmondi,23.749282,90.376435,6.87,71,237,completed,2026-05-06T19:09:23+06:00,True
USR023,01000000023,Demo User 023,UB0000482,2026-05-23T23:02:44+06:00,UberX,Rampura,23.762806,90.425853,Mohammadpur,23.766401,90.357863,18.39,53,505,completed,2026-05-23T23:57:44+06:00,True
USR023,01000000023,Demo User 023,UB0000471,2026-06-06T03:10:01+06:00,UberX,Old Dhaka,23.71442,90.412294,Banani,23.794598,90.414332,20.04,72,471,completed,2026-06-06T04:23:01+06:00,True
USR023,01000000023,Demo User 023,UB0000476,2026-06-13T12:18:50+06:00,Premier,Wari,23.713971,90.419409,Gulshan,23.796369,90.414317,6.33,12,261,completed,2026-06-13T12:31:50+06:00,True
USR023,01000000023,Demo User 023,UB0000485,2026-07-04T18:07:42+06:00,Premier,Tejgaon,23.770382,90.38719,Mohakhali,23.778829,90.397624,20.05,74,626,completed,2026-07-04T19:34:42+06:00,True
USR023,01000000023,Demo User 023,UB0000483,2026-07-18T18:58:58+06:00,Premier,Mohammadpur,23.771364,90.366387,Badda,23.780708,90.433038,20.29,53,606,completed,2026-07-18T19:52:58+06:00,True
USR024,01000000024,Demo User 024,UB0000497,2026-02-12T10:49:36+06:00,UberX,Wari,23.716358,90.419907,Mohammadpur,23.769689,90.364932,4.11,18,188,cancelled_by_driver,2026-02-12T11:07:36+06:00,True
USR024,01000000024,Demo User 024,UB0000512,2026-02-16T01:35:43+06:00,Moto,Wari,23.712339,90.423801,Mohammadpur,23.762154,90.355143,17.99,28,405,cancelled_by_driver,2026-02-16T02:23:43+06:00,True
USR024,01000000024,Demo User 024,UB0000495,2026-03-04T10:02:48+06:00,UberX,Uttara,23.880414,90.381327,Mirpur,23.816877,90.361669,5.52,69,226,completed,2026-03-04T11:27:48+06:00,True
USR024,01000000024,Demo User 024,UB0000492,2026-03-07T15:39:29+06:00,Moto,Motijheel,23.735134,90.409207,Bashundhara,23.811162,90.42906,12.38,30,459,cancelled_by_rider,2026-03-07T16:22:29+06:00,True
USR024,01000000024,Demo User 024,UB0000488,2026-04-02T11:30:34+06:00,UberX,Pallabi,23.832917,90.363279,Banani,23.796564,90.412728,7.78,28,277,cancelled_by_rider,2026-04-02T12:06:34+06:00,True
USR024,01000000024,Demo User 024,UB0000498,2026-04-25T01:15:28+06:00,Moto,Mohakhali,23.786735,90.392982,Banani,23.797,90.402251,13.59,41,493,completed,2026-04-25T02:13:28+06:00,True
USR024,01000000024,Demo User 024,UB0000510,2026-04-28T22:04:24+06:00,Moto,Khilgaon,23.7573,90.424219,Pallabi,23.821846,90.363693,9.57,40,346,completed,2026-04-28T22:48:24+06:00,True
USR024,01000000024,Demo User 024,UB0000490,2026-05-07T23:48:43+06:00,Premier,Shyamoli,23.77925,90.366512,Mohakhali,23.77845,90.401494,20.91,67,560,cancelled_by_rider,2026-05-08T00:56:43+06:00,True
USR024,01000000024,Demo User 024,UB0000501,2026-05-09T00:00:10+06:00,Premier,Mirpur,23.822936,90.363086,Uttara,23.872492,90.372155,16.82,37,621,completed,2026-05-09T00:49:10+06:00,True
USR024,01000000024,Demo User 024,UB0000511,2026-05-10T01:25:51+06:00,UberX,Pallabi,23.829094,90.365818,Mohammadpur,23.762193,90.364537,7.62,8,268,cancelled_by_driver,2026-05-10T01:50:51+06:00,True
USR024,01000000024,Demo User 024,UB0000503,2026-05-12T05:45:24+06:00,Premier,Mohammadpur,23.763968,90.358256,Pallabi,23.831343,90.371622,10.76,65,319,completed,2026-05-12T07:09:24+06:00,True
USR024,01000000024,Demo User 024,UB0000502,2026-05-15T10:52:41+06:00,UberX,Badda,23.78664,90.41917,Motijheel,23.725322,90.42481,8.39,69,324,completed,2026-05-15T12:16:41+06:00,True
USR024,01000000024,Demo User 024,UB0000496,2026-05-18T04:42:21+06:00,Moto,Banani,23.797956,90.406678,Wari,23.712609,90.417332,12.28,37,401,completed,2026-05-18T05:21:21+06:00,True
USR024,01000000024,Demo User 024,UB0000506,2026-05-21T06:57:23+06:00,UberX,Old Dhaka,23.711777,90.410557,Tejgaon,23.756393,90.38638,10.05,19,387,completed,2026-05-21T07:22:23+06:00,True
USR024,01000000024,Demo User 024,UB0000508,2026-05-21T08:42:24+06:00,Premier,Motijheel,23.734224,90.412542,Khilgaon,23.747629,90.428474,1.22,55,83,cancelled_by_rider,2026-05-21T09:45:24+06:00,True
USR024,01000000024,Demo User 024,UB0000504,2026-05-28T06:54:05+06:00,Moto,Dhanmondi,23.753938,90.382682,Mohakhali,23.7853,90.396192,11.94,42,401,ongoing,2026-05-28T07:45:05+06:00,True
USR024,01000000024,Demo User 024,UB0000489,2026-06-03T18:45:13+06:00,Moto,Tejgaon,23.761439,90.386178,Motijheel,23.726459,90.414232,17.89,11,633,completed,2026-06-03T19:05:13+06:00,True
USR024,01000000024,Demo User 024,UB0000491,2026-06-04T02:32:07+06:00,Moto,Dhanmondi,23.747498,90.376386,Bashundhara,23.81954,90.428288,1.48,63,92,ongoing,2026-06-04T03:40:07+06:00,True
USR024,01000000024,Demo User 024,UB0000499,2026-06-12T05:57:19+06:00,UberX,Uttara,23.869579,90.384522,Dhanmondi,23.753436,90.382589,6.82,54,199,completed,2026-06-12T06:52:19+06:00,True
USR024,01000000024,Demo User 024,UB0000513,2026-06-12T13:51:55+06:00,Premier,Mohammadpur,23.763642,90.35858,Khilgaon,23.744592,90.431463,16.77,48,403,ongoing,2026-06-12T14:46:55+06:00,True
USR024,01000000024,Demo User 024,UB0000493,2026-06-14T20:10:17+06:00,UberX,Badda,23.781844,90.43074,Banani,23.789791,90.404316,3.98,69,134,completed,2026-06-14T21:34:17+06:00,True
USR024,01000000024,Demo User 024,UB0000509,2026-06-25T13:46:30+06:00,Premier,Dhanmondi,23.741118,90.372721,Farmgate,23.765543,90.389089,7.13,57,217,ongoing,2026-06-25T15:02:30+06:00,True
USR024,01000000024,Demo User 024,UB0000500,2026-06-29T04:06:16+06:00,UberX,Wari,23.7184,90.421845,Pallabi,23.831044,90.359467,9.75,56,259,completed,2026-06-29T05:11:16+06:00,True
USR024,01000000024,Demo User 024,UB0000494,2026-07-15T13:19:28+06:00,UberX,Banani,23.789399,90.405693,Wari,23.712961,90.415684,7.35,69,281,completed,2026-07-15T14:29:28+06:00,True
USR024,01000000024,Demo User 024,UB0000487,2026-07-21T22:49:31+06:00,UberX,Farmgate,23.755611,90.388466,Motijheel,23.732828,90.415988,12.82,75,305,cancelled_by_driver,2026-07-22T00:13:31+06:00,True
USR024,01000000024,Demo User 024,UB0000505,2026-07-26T08:31:03+06:00,Premier,Mirpur,23.827562,90.364697,Farmgate,23.757169,90.394803,4.7,65,186,completed,2026-07-26T09:50:03+06:00,True
USR024,01000000024,Demo User 024,UB0000507,2026-08-04T19:54:31+06:00,Moto,Khilgaon,23.758027,90.424654,Shyamoli,23.77361,90.372316,2.92,45,125,completed,2026-08-04T20:59:31+06:00,True
USR025,01000000025,Demo User 025,UB0000515,2026-02-15T14:02:06+06:00,Moto,Rampura,23.756729,90.414522,Shyamoli,23.774329,90.3723,15.52,60,573,completed,2026-02-15T15:09:06+06:00,True
USR025,01000000025,Demo User 025,UB0000535,2026-02-26T10:18:00+06:00,Moto,Gulshan,23.800276,90.407276,Old Dhaka,23.708092,90.414634,2.7,62,132,completed,2026-02-26T11:21:00+06:00,True
USR025,01000000025,Demo User 025,UB0000522,2026-03-10T04:32:45+06:00,Moto,Dhanmondi,23.739952,90.369495,Uttara,23.878246,90.385559,8.71,36,213,completed,2026-03-10T05:18:45+06:00,True
USR025,01000000025,Demo User 025,UB0000536,2026-03-19T12:58:20+06:00,Premier,Farmgate,23.761401,90.385881,Badda,23.776189,90.428264,23.16,58,480,completed,2026-03-19T14:13:20+06:00,True
USR025,01000000025,Demo User 025,UB0000516,2026-03-30T05:33:41+06:00,UberX,Shyamoli,23.767802,90.362294,Motijheel,23.739776,90.417543,9.53,17,372,completed,2026-03-30T06:02:41+06:00,True
USR025,01000000025,Demo User 025,UB0000521,2026-03-31T09:24:02+06:00,Moto,Mohakhali,23.777417,90.398996,Wari,23.725495,90.411065,18.13,31,619,completed,2026-03-31T10:08:02+06:00,True
USR025,01000000025,Demo User 025,UB0000527,2026-04-06T23:43:58+06:00,Premier,Pallabi,23.827761,90.358551,Banani,23.792124,90.409004,11.43,75,267,completed,2026-04-07T01:03:58+06:00,True
USR025,01000000025,Demo User 025,UB0000529,2026-04-07T05:30:06+06:00,Premier,Badda,23.785366,90.429967,Farmgate,23.762822,90.385322,12.01,37,284,completed,2026-04-07T06:12:06+06:00,True
USR025,01000000025,Demo User 025,UB0000520,2026-04-07T07:23:02+06:00,Moto,Old Dhaka,23.709597,90.401611,Motijheel,23.727834,90.420062,18.54,31,501,completed,2026-04-07T07:54:02+06:00,True
USR025,01000000025,Demo User 025,UB0000542,2026-04-08T11:44:20+06:00,UberX,Mohammadpur,23.77174,90.358896,Shyamoli,23.768111,90.361144,13.43,32,480,completed,2026-04-08T12:27:20+06:00,True
USR025,01000000025,Demo User 025,UB0000524,2026-04-09T03:22:01+06:00,UberX,Tejgaon,23.75606,90.398955,Pallabi,23.826169,90.367734,3.31,49,128,completed,2026-04-09T04:30:01+06:00,True
USR025,01000000025,Demo User 025,UB0000538,2026-04-25T05:41:21+06:00,Premier,Mohakhali,23.786379,90.400479,Uttara,23.880629,90.379271,3.56,65,150,cancelled_by_driver,2026-04-25T07:02:21+06:00,True
USR025,01000000025,Demo User 025,UB0000540,2026-05-13T11:54:30+06:00,UberX,Uttara,23.878687,90.385665,Khilgaon,23.753397,90.417108,15.65,14,428,completed,2026-05-13T12:16:30+06:00,True
USR025,01000000025,Demo User 025,UB0000539,2026-06-18T10:23:04+06:00,Premier,Mirpur,23.822834,90.368887,Uttara,23.868568,90.378307,17.9,47,403,completed,2026-06-18T11:13:04+06:00,True
USR025,01000000025,Demo User 025,UB0000517,2026-06-23T10:35:57+06:00,Moto,Banani,23.7918,90.409817,Dhanmondi,23.740457,90.380285,15.96,12,596,cancelled_by_driver,2026-06-23T10:49:57+06:00,True
USR025,01000000025,Demo User 025,UB0000523,2026-06-25T19:25:37+06:00,UberX,Old Dhaka,23.714264,90.402284,Bashundhara,23.815366,90.422964,2.75,14,110,completed,2026-06-25T19:46:37+06:00,True
USR025,01000000025,Demo User 025,UB0000533,2026-07-04T23:14:12+06:00,Premier,Motijheel,23.732322,90.411113,Shyamoli,23.771299,90.362801,20.01,30,690,completed,2026-07-04T23:47:12+06:00,True
USR025,01000000025,Demo User 025,UB0000519,2026-07-20T01:25:02+06:00,UberX,Tejgaon,23.75627,90.396027,Pallabi,23.831715,90.364751,12.38,10,318,completed,2026-07-20T01:36:02+06:00,True
USR025,01000000025,Demo User 025,UB0000532,2026-07-20T12:44:10+06:00,Premier,Shyamoli,23.776309,90.358569,Tejgaon,23.768683,90.399873,15.93,39,582,completed,2026-07-20T13:33:10+06:00,True
USR025,01000000025,Demo User 025,UB0000525,2026-07-23T19:03:41+06:00,Moto,Farmgate,23.751585,90.396868,Gulshan,23.785723,90.413674,18.15,36,500,completed,2026-07-23T19:53:41+06:00,True
USR025,01000000025,Demo User 025,UB0000537,2026-07-28T00:15:52+06:00,Premier,Shyamoli,23.775477,90.373677,Uttara,23.879803,90.375502,18.75,58,676,completed,2026-07-28T01:22:52+06:00,True
USR025,01000000025,Demo User 025,UB0000518,2026-07-29T02:13:15+06:00,Premier,Uttara,23.871289,90.3838,Motijheel,23.727763,90.425084,8.19,49,258,completed,2026-07-29T03:12:15+06:00,True
USR025,01000000025,Demo User 025,UB0000534,2026-07-31T03:31:33+06:00,UberX,Pallabi,23.828747,90.366102,Wari,23.72284,90.410032,1.85,72,99,completed,2026-07-31T04:56:33+06:00,True
USR025,01000000025,Demo User 025,UB0000530,2026-07-31T15:44:23+06:00,Moto,Badda,23.784195,90.424163,Rampura,23.763785,90.427383,5.21,73,211,completed,2026-07-31T17:08:23+06:00,True
USR025,01000000025,Demo User 025,UB0000541,2026-08-02T09:25:42+06:00,Premier,Old Dhaka,23.706552,90.414826,Khilgaon,23.742986,90.429239,22.14,42,654,completed,2026-08-02T10:17:42+06:00,True
USR025,01000000025,Demo User 025,UB0000531,2026-08-06T09:36:54+06:00,Premier,Tejgaon,23.765402,90.39413,Mirpur,23.815516,90.37099,23.68,58,735,completed,2026-08-06T10:54:54+06:00,True
USR025,01000000025,Demo User 025,UB0000514,2026-08-06T19:33:30+06:00,UberX,Tejgaon,23.764919,90.398872,Mohakhali,23.785156,90.399199,11.02,68,329,completed,2026-08-06T20:49:30+06:00,True
USR025,01000000025,Demo User 025,UB0000528,2026-08-06T21:10:06+06:00,UberX,Old Dhaka,23.703479,90.41362,Badda,23.779686,90.430264,12.04,15,369,completed,2026-08-06T21:40:06+06:00,True
USR025,01000000025,Demo User 025,UB0000526,2026-08-09T18:11:06+06:00,Premier,Wari,23.715351,90.424664,Shyamoli,23.770425,90.368571,21.33,53,466,completed,2026-08-09T19:04:06+06:00,True
USR026,01000000026,Demo User 026,UB0000560,2026-02-21T02:46:34+06:00,Premier,Uttara,23.86864,90.375884,Old Dhaka,23.704468,90.411869,23.94,17,762,completed,2026-02-21T03:18:34+06:00,True
USR026,01000000026,Demo User 026,UB0000553,2026-02-21T08:40:07+06:00,Premier,Tejgaon,23.769339,90.387027,Motijheel,23.733701,90.411728,6.61,13,250,completed,2026-02-21T08:55:07+06:00,True
USR026,01000000026,Demo User 026,UB0000546,2026-03-03T20:03:33+06:00,Moto,Dhanmondi,23.752092,90.377704,Khilgaon,23.748866,90.422101,19.95,54,537,completed,2026-03-03T21:06:33+06:00,True
USR026,01000000026,Demo User 026,UB0000555,2026-03-05T04:18:58+06:00,UberX,Farmgate,23.752717,90.382064,Mohakhali,23.773924,90.406663,7.12,31,200,completed,2026-03-05T05:04:58+06:00,True
USR026,01000000026,Demo User 026,UB0000561,2026-03-15T00:04:48+06:00,UberX,Uttara,23.880083,90.372732,Old Dhaka,23.715463,90.41508,21.29,42,538,cancelled_by_rider,2026-03-15T00:58:48+06:00,True
USR026,01000000026,Demo User 026,UB0000548,2026-03-15T21:03:06+06:00,Premier,Pallabi,23.824659,90.361,Mirpur,23.823399,90.369956,14.88,43,380,completed,2026-03-15T21:47:06+06:00,True
USR026,01000000026,Demo User 026,UB0000564,2026-03-18T03:53:02+06:00,Moto,Mirpur,23.828206,90.362859,Dhanmondi,23.754087,90.373805,4.93,57,189,completed,2026-03-18T05:08:02+06:00,True
USR026,01000000026,Demo User 026,UB0000543,2026-03-22T02:50:23+06:00,Moto,Rampura,23.765565,90.428674,Badda,23.773837,90.422277,5.04,29,202,completed,2026-03-22T03:35:23+06:00,True
USR026,01000000026,Demo User 026,UB0000544,2026-03-26T01:17:05+06:00,Moto,Shyamoli,23.777197,90.371394,Gulshan,23.796705,90.411731,3.24,43,130,completed,2026-03-26T02:05:05+06:00,True
USR026,01000000026,Demo User 026,UB0000556,2026-04-02T11:19:20+06:00,Premier,Uttara,23.883813,90.373914,Gulshan,23.785748,90.408728,18.98,20,592,completed,2026-04-02T11:48:20+06:00,True
USR026,01000000026,Demo User 026,UB0000552,2026-04-22T07:49:36+06:00,UberX,Bashundhara,23.812856,90.431822,Motijheel,23.731523,90.421555,16.0,33,486,completed,2026-04-22T08:25:36+06:00,True
USR026,01000000026,Demo User 026,UB0000558,2026-05-07T15:00:37+06:00,UberX,Mohakhali,23.787501,90.397913,Khilgaon,23.751303,90.432356,6.37,26,226,completed,2026-05-07T15:35:37+06:00,True
USR026,01000000026,Demo User 026,UB0000545,2026-05-18T10:42:06+06:00,UberX,Motijheel,23.740546,90.415284,Rampura,23.754017,90.416311,9.76,38,309,completed,2026-05-18T11:37:06+06:00,True
USR026,01000000026,Demo User 026,UB0000549,2026-06-04T04:13:36+06:00,Moto,Old Dhaka,23.717218,90.413578,Rampura,23.755422,90.421055,9.67,73,342,completed,2026-06-04T05:33:36+06:00,True
USR026,01000000026,Demo User 026,UB0000551,2026-06-06T09:06:24+06:00,Moto,Motijheel,23.737798,90.411053,Banani,23.801446,90.405164,23.54,31,765,completed,2026-06-06T09:45:24+06:00,True
USR026,01000000026,Demo User 026,UB0000559,2026-06-11T09:57:59+06:00,Moto,Uttara,23.879686,90.374743,Mirpur,23.825923,90.361572,22.27,65,714,completed,2026-06-11T11:16:59+06:00,True
USR026,01000000026,Demo User 026,UB0000557,2026-07-06T21:47:18+06:00,Premier,Mirpur,23.828683,90.372218,Tejgaon,23.761172,90.397812,22.95,64,478,completed,2026-07-06T23:10:18+06:00,True
USR026,01000000026,Demo User 026,UB0000554,2026-07-17T18:47:41+06:00,Premier,Mohammadpur,23.766153,90.351806,Motijheel,23.728487,90.413287,19.08,34,531,completed,2026-07-17T19:25:41+06:00,True
USR026,01000000026,Demo User 026,UB0000550,2026-07-23T06:11:38+06:00,Premier,Wari,23.719672,90.410117,Dhanmondi,23.751941,90.369676,20.33,29,652,completed,2026-07-23T07:00:38+06:00,True
USR026,01000000026,Demo User 026,UB0000562,2026-07-26T15:13:13+06:00,UberX,Gulshan,23.797208,90.412413,Khilgaon,23.747221,90.426714,23.04,54,532,completed,2026-07-26T16:15:13+06:00,True
USR026,01000000026,Demo User 026,UB0000547,2026-08-01T13:46:34+06:00,UberX,Old Dhaka,23.705494,90.406754,Mirpur,23.825158,90.368451,17.5,73,383,completed,2026-08-01T15:02:34+06:00,True
USR026,01000000026,Demo User 026,UB0000563,2026-08-04T22:07:29+06:00,Moto,Rampura,23.764234,90.419242,Gulshan,23.786011,90.402398,11.03,58,273,completed,2026-08-04T23:15:29+06:00,True
USR027,01000000027,Demo User 027,UB0000583,2026-02-10T00:02:55+06:00,UberX,Rampura,23.764405,90.420714,Shyamoli,23.768743,90.370816,13.47,74,392,completed,2026-02-10T01:32:55+06:00,True
USR027,01000000027,Demo User 027,UB0000565,2026-02-26T00:43:39+06:00,Premier,Mohakhali,23.778541,90.394139,Rampura,23.768182,90.420784,4.82,20,174,completed,2026-02-26T01:11:39+06:00,True
USR027,01000000027,Demo User 027,UB0000581,2026-03-24T12:29:11+06:00,UberX,Farmgate,23.760928,90.396604,Badda,23.774448,90.423108,18.08,41,502,completed,2026-03-24T13:19:11+06:00,True
USR027,01000000027,Demo User 027,UB0000580,2026-03-25T05:06:00+06:00,Premier,Old Dhaka,23.712275,90.412382,Mirpur,23.821702,90.360847,8.7,28,347,completed,2026-03-25T05:51:00+06:00,True
USR027,01000000027,Demo User 027,UB0000576,2026-03-31T22:05:02+06:00,UberX,Khilgaon,23.743657,90.41838,Pallabi,23.835829,90.366387,16.06,44,492,completed,2026-03-31T22:54:02+06:00,True
USR027,01000000027,Demo User 027,UB0000579,2026-04-23T11:05:46+06:00,Premier,Motijheel,23.738999,90.414959,Rampura,23.767054,90.415894,11.6,71,350,completed,2026-04-23T12:21:46+06:00,True
USR027,01000000027,Demo User 027,UB0000567,2026-04-25T08:46:10+06:00,Moto,Bashundhara,23.822043,90.427528,Farmgate,23.753768,90.395878,4.9,69,207,completed,2026-04-25T10:07:10+06:00,True
USR027,01000000027,Demo User 027,UB0000575,2026-05-09T03:27:26+06:00,Premier,Uttara,23.879145,90.374492,Dhanmondi,23.745881,90.379488,15.41,10,496,cancelled_by_driver,2026-05-09T03:53:26+06:00,True
USR027,01000000027,Demo User 027,UB0000574,2026-05-12T12:15:07+06:00,UberX,Gulshan,23.794854,90.405645,Badda,23.778583,90.431511,9.36,42,321,completed,2026-05-12T13:11:07+06:00,True
USR027,01000000027,Demo User 027,UB0000569,2026-05-15T00:05:20+06:00,UberX,Bashundhara,23.817094,90.432106,Uttara,23.880296,90.385356,14.66,25,430,completed,2026-05-15T00:43:20+06:00,True
USR027,01000000027,Demo User 027,UB0000582,2026-05-20T18:01:34+06:00,Premier,Khilgaon,23.748039,90.428747,Dhanmondi,23.751101,90.383931,5.44,21,217,completed,2026-05-20T18:33:34+06:00,True
USR027,01000000027,Demo User 027,UB0000570,2026-05-27T16:31:16+06:00,Moto,Wari,23.726188,90.425203,Old Dhaka,23.717359,90.40186,5.47,22,155,completed,2026-05-27T17:13:16+06:00,True
USR027,01000000027,Demo User 027,UB0000568,2026-05-29T06:48:25+06:00,Premier,Gulshan,23.791845,90.414129,Wari,23.716365,90.411656,10.69,40,388,completed,2026-05-29T07:34:25+06:00,True
USR027,01000000027,Demo User 027,UB0000573,2026-06-01T17:06:03+06:00,Moto,Badda,23.775696,90.422925,Farmgate,23.763776,90.384734,22.92,18,574,completed,2026-06-01T17:31:03+06:00,True
USR027,01000000027,Demo User 027,UB0000587,2026-06-04T01:18:44+06:00,Moto,Uttara,23.871374,90.377571,Mohakhali,23.776479,90.401743,11.2,15,397,completed,2026-06-04T01:36:44+06:00,True
USR027,01000000027,Demo User 027,UB0000584,2026-06-11T08:44:37+06:00,Moto,Wari,23.723113,90.414341,Old Dhaka,23.711225,90.410302,6.65,72,182,cancelled_by_driver,2026-06-11T10:02:37+06:00,True
USR027,01000000027,Demo User 027,UB0000577,2026-06-15T17:57:48+06:00,Moto,Mirpur,23.825713,90.361431,Shyamoli,23.779692,90.36344,3.24,31,144,completed,2026-06-15T18:42:48+06:00,True
USR027,01000000027,Demo User 027,UB0000572,2026-07-10T09:18:59+06:00,UberX,Wari,23.719732,90.423067,Khilgaon,23.74255,90.421653,17.26,75,637,completed,2026-07-10T10:46:59+06:00,True
USR027,01000000027,Demo User 027,UB0000585,2026-07-20T06:09:42+06:00,Premier,Shyamoli,23.772813,90.362793,Uttara,23.868976,90.377076,20.95,22,589,completed,2026-07-20T06:31:42+06:00,True
USR027,01000000027,Demo User 027,UB0000586,2026-07-26T03:17:55+06:00,UberX,Old Dhaka,23.713246,90.411405,Motijheel,23.730806,90.415088,2.62,50,113,completed,2026-07-26T04:26:55+06:00,True
USR027,01000000027,Demo User 027,UB0000578,2026-07-31T19:51:18+06:00,UberX,Khilgaon,23.748532,90.429156,Mohakhali,23.785716,90.392374,2.87,48,149,completed,2026-07-31T20:43:18+06:00,True
USR027,01000000027,Demo User 027,UB0000566,2026-08-07T01:26:33+06:00,Moto,Rampura,23.755119,90.427462,Old Dhaka,23.703105,90.414352,19.48,65,476,ongoing,2026-08-07T02:34:33+06:00,True
USR027,01000000027,Demo User 027,UB0000571,2026-08-09T21:43:05+06:00,Premier,Banani,23.793333,90.41423,Mohammadpur,23.764237,90.353808,17.35,48,596,completed,2026-08-09T22:51:05+06:00,True
USR028,01000000028,Demo User 028,UB0000592,2026-02-18T12:11:51+06:00,Moto,Pallabi,23.821932,90.368842,Mohakhali,23.774788,90.394405,16.22,75,491,completed,2026-02-18T13:41:51+06:00,True
USR028,01000000028,Demo User 028,UB0000589,2026-02-27T22:05:45+06:00,UberX,Shyamoli,23.769869,90.372295,Old Dhaka,23.718037,90.405324,15.79,46,586,completed,2026-02-27T22:51:45+06:00,True
USR028,01000000028,Demo User 028,UB0000596,2026-03-19T01:30:53+06:00,Moto,Bashundhara,23.815103,90.424674,Shyamoli,23.777553,90.36068,12.7,52,400,completed,2026-03-19T02:29:53+06:00,True
USR028,01000000028,Demo User 028,UB0000597,2026-04-03T13:26:20+06:00,UberX,Mohakhali,23.775985,90.39637,Bashundhara,23.810742,90.421087,23.39,58,582,completed,2026-04-03T14:25:20+06:00,True
USR028,01000000028,Demo User 028,UB0000598,2026-04-27T09:55:22+06:00,Moto,Mirpur,23.820235,90.360789,Mohakhali,23.780308,90.394161,4.59,52,151,completed,2026-04-27T10:53:22+06:00,True
USR028,01000000028,Demo User 028,UB0000595,2026-05-06T09:12:22+06:00,UberX,Wari,23.724838,90.410115,Motijheel,23.738312,90.417976,17.43,22,527,completed,2026-05-06T09:53:22+06:00,True
USR028,01000000028,Demo User 028,UB0000588,2026-05-06T13:25:10+06:00,Moto,Rampura,23.760661,90.417007,Mohammadpur,23.76695,90.359993,7.34,40,286,completed,2026-05-06T14:20:10+06:00,True
USR028,01000000028,Demo User 028,UB0000603,2026-05-08T21:45:20+06:00,UberX,Dhanmondi,23.743347,90.368432,Pallabi,23.835932,90.365003,22.14,68,554,completed,2026-05-08T23:12:20+06:00,True
USR028,01000000028,Demo User 028,UB0000602,2026-05-20T09:05:06+06:00,UberX,Tejgaon,23.75581,90.387601,Bashundhara,23.807507,90.4239,10.38,32,405,cancelled_by_rider,2026-05-20T09:38:06+06:00,True
USR028,01000000028,Demo User 028,UB0000604,2026-05-28T06:53:46+06:00,Premier,Khilgaon,23.74961,90.422208,Mohammadpur,23.767487,90.354223,17.02,67,534,completed,2026-05-28T08:20:46+06:00,True
USR028,01000000028,Demo User 028,UB0000601,2026-06-01T14:34:41+06:00,Moto,Mohakhali,23.785376,90.391556,Pallabi,23.833369,90.36725,4.22,39,161,completed,2026-06-01T15:16:41+06:00,True
USR028,01000000028,Demo User 028,UB0000599,2026-06-15T15:12:05+06:00,Premier,Mohakhali,23.779092,90.403913,Gulshan,23.789416,90.409018,14.51,66,498,ongoing,2026-06-15T16:29:05+06:00,True
USR028,01000000028,Demo User 028,UB0000594,2026-06-20T16:09:03+06:00,Premier,Badda,23.787297,90.424071,Wari,23.723423,90.42288,21.6,26,502,completed,2026-06-20T16:52:03+06:00,True
USR028,01000000028,Demo User 028,UB0000591,2026-07-17T13:42:13+06:00,Premier,Dhanmondi,23.747223,90.381474,Badda,23.778926,90.429838,10.39,70,353,completed,2026-07-17T15:09:13+06:00,True
USR028,01000000028,Demo User 028,UB0000590,2026-07-17T19:37:11+06:00,Moto,Rampura,23.765215,90.412828,Badda,23.779066,90.422635,8.42,59,259,completed,2026-07-17T20:48:11+06:00,True
USR028,01000000028,Demo User 028,UB0000600,2026-07-25T08:35:18+06:00,UberX,Wari,23.719303,90.412801,Banani,23.796279,90.400481,8.81,61,265,completed,2026-07-25T09:46:18+06:00,True
USR028,01000000028,Demo User 028,UB0000593,2026-08-08T06:50:40+06:00,Moto,Badda,23.775148,90.424285,Pallabi,23.833923,90.366128,23.36,13,720,completed,2026-08-08T07:14:40+06:00,True
USR029,01000000029,Demo User 029,UB0000623,2026-02-15T09:20:34+06:00,UberX,Shyamoli,23.775452,90.370395,Gulshan,23.791244,90.406305,13.18,27,494,completed,2026-02-15T09:47:34+06:00,True
USR029,01000000029,Demo User 029,UB0000622,2026-02-27T14:30:02+06:00,Premier,Banani,23.800028,90.413753,Tejgaon,23.762781,90.386358,23.84,46,794,cancelled_by_rider,2026-02-27T15:28:02+06:00,True
USR029,01000000029,Demo User 029,UB0000614,2026-02-28T04:33:46+06:00,Premier,Mohammadpur,23.760396,90.361999,Bashundhara,23.810238,90.421409,15.45,49,487,completed,2026-02-28T05:41:46+06:00,True
USR029,01000000029,Demo User 029,UB0000611,2026-04-04T16:56:16+06:00,UberX,Mohakhali,23.777425,90.404299,Old Dhaka,23.706521,90.399852,12.19,11,402,cancelled_by_rider,2026-04-04T17:18:16+06:00,True
USR029,01000000029,Demo User 029,UB0000624,2026-04-07T22:25:06+06:00,Premier,Khilgaon,23.755251,90.424853,Motijheel,23.74084,90.422684,10.27,34,363,completed,2026-04-07T23:04:06+06:00,True
USR029,01000000029,Demo User 029,UB0000618,2026-04-23T15:58:28+06:00,Moto,Gulshan,23.790223,90.403261,Motijheel,23.731757,90.41987,9.39,19,286,completed,2026-04-23T16:35:28+06:00,True
USR029,01000000029,Demo User 029,UB0000616,2026-04-23T16:01:39+06:00,Premier,Mohammadpur,23.765067,90.358406,Tejgaon,23.767453,90.395262,8.65,19,253,completed,2026-04-23T16:20:39+06:00,True
USR029,01000000029,Demo User 029,UB0000606,2026-04-23T19:39:51+06:00,UberX,Shyamoli,23.767968,90.364368,Khilgaon,23.750252,90.429352,23.11,19,589,completed,2026-04-23T19:58:51+06:00,True
USR029,01000000029,Demo User 029,UB0000609,2026-04-28T09:27:10+06:00,Moto,Old Dhaka,23.705561,90.414902,Gulshan,23.792316,90.406361,14.65,23,545,completed,2026-04-28T09:53:10+06:00,True
USR029,01000000029,Demo User 029,UB0000608,2026-04-28T22:16:23+06:00,Premier,Shyamoli,23.774609,90.360286,Khilgaon,23.757814,90.424519,15.19,26,491,completed,2026-04-28T22:52:23+06:00,True
USR029,01000000029,Demo User 029,UB0000607,2026-05-06T23:57:22+06:00,UberX,Mirpur,23.819419,90.359105,Shyamoli,23.774459,90.365267,18.81,46,492,completed,2026-05-07T00:45:22+06:00,True
USR029,01000000029,Demo User 029,UB0000617,2026-05-22T12:14:25+06:00,UberX,Gulshan,23.793026,90.4045,Bashundhara,23.807894,90.417728,15.25,64,455,completed,2026-05-22T13:22:25+06:00,True
USR029,01000000029,Demo User 029,UB0000615,2026-05-31T16:29:46+06:00,Premier,Uttara,23.870653,90.374853,Khilgaon,23.75604,90.421255,21.54,14,519,completed,2026-05-31T17:01:46+06:00,True
USR029,01000000029,Demo User 029,UB0000619,2026-06-08T19:35:14+06:00,Moto,Tejgaon,23.763687,90.400215,Wari,23.71866,90.414061,10.07,60,268,completed,2026-06-08T20:52:14+06:00,True
USR029,01000000029,Demo User 029,UB0000628,2026-06-17T01:29:36+06:00,Moto,Wari,23.714478,90.413819,Banani,23.794231,90.409079,1.24,56,86,completed,2026-06-17T02:42:36+06:00,True
USR029,01000000029,Demo User 029,UB0000613,2026-06-23T13:21:14+06:00,Premier,Mohammadpur,23.773421,90.36062,Mirpur,23.818279,90.372383,9.04,32,335,ongoing,2026-06-23T13:57:14+06:00,True
USR029,01000000029,Demo User 029,UB0000610,2026-06-27T19:22:32+06:00,Moto,Mirpur,23.824612,90.36378,Farmgate,23.751207,90.386694,13.01,24,441,completed,2026-06-27T19:59:32+06:00,True
USR029,01000000029,Demo User 029,UB0000621,2026-07-03T02:54:15+06:00,Moto,Badda,23.778526,90.427229,Khilgaon,23.75532,90.42749,19.54,16,608,completed,2026-07-03T03:30:15+06:00,True
USR029,01000000029,Demo User 029,UB0000620,2026-07-04T06:12:15+06:00,UberX,Old Dhaka,23.716007,90.40772,Uttara,23.871701,90.386446,20.33,43,690,completed,2026-07-04T07:04:15+06:00,True
USR029,01000000029,Demo User 029,UB0000627,2026-07-04T23:01:59+06:00,Moto,Mirpur,23.824668,90.359958,Banani,23.798708,90.41442,3.61,47,172,completed,2026-07-05T00:00:59+06:00,True
USR029,01000000029,Demo User 029,UB0000625,2026-07-09T02:39:14+06:00,UberX,Banani,23.794416,90.399343,Motijheel,23.727983,90.410332,13.06,44,466,completed,2026-07-09T03:32:14+06:00,True
USR029,01000000029,Demo User 029,UB0000612,2026-07-16T13:10:38+06:00,Premier,Uttara,23.871258,90.381763,Shyamoli,23.771726,90.370329,12.77,36,314,completed,2026-07-16T13:53:38+06:00,True
USR029,01000000029,Demo User 029,UB0000626,2026-07-20T06:04:05+06:00,Premier,Mohammadpur,23.769451,90.356007,Farmgate,23.763823,90.392412,1.53,22,102,completed,2026-07-20T06:45:05+06:00,True
USR029,01000000029,Demo User 029,UB0000605,2026-07-25T01:55:04+06:00,UberX,Pallabi,23.832377,90.357863,Khilgaon,23.75082,90.424115,18.85,10,413,completed,2026-07-25T02:08:04+06:00,True
USR030,01000000030,Demo User 030,UB0000650,2026-02-13T23:56:27+06:00,Premier,Shyamoli,23.77062,90.368884,Mohakhali,23.784591,90.399754,15.39,60,360,completed,2026-02-14T01:04:27+06:00,True
USR030,01000000030,Demo User 030,UB0000641,2026-02-19T18:19:14+06:00,UberX,Khilgaon,23.748176,90.420969,Old Dhaka,23.712746,90.407889,12.38,16,465,completed,2026-02-19T18:51:14+06:00,True
USR030,01000000030,Demo User 030,UB0000632,2026-02-27T05:49:54+06:00,Premier,Mirpur,23.823937,90.36843,Dhanmondi,23.753023,90.371618,14.8,8,354,completed,2026-02-27T06:02:54+06:00,True
USR030,01000000030,Demo User 030,UB0000636,2026-03-07T17:27:03+06:00,Moto,Badda,23.773942,90.4315,Mirpur,23.818781,90.366181,12.22,55,457,completed,2026-03-07T18:37:03+06:00,True
USR030,01000000030,Demo User 030,UB0000634,2026-03-14T11:33:47+06:00,Moto,Mohammadpur,23.760712,90.361676,Tejgaon,23.764165,90.401414,3.93,66,178,completed,2026-03-14T12:44:47+06:00,True
USR030,01000000030,Demo User 030,UB0000638,2026-03-15T20:59:40+06:00,UberX,Farmgate,23.764584,90.388299,Tejgaon,23.762203,90.39024,22.36,46,724,completed,2026-03-15T21:56:40+06:00,True
USR030,01000000030,Demo User 030,UB0000644,2026-04-17T09:40:46+06:00,Premier,Tejgaon,23.764339,90.396132,Motijheel,23.728025,90.420505,9.47,26,244,cancelled_by_driver,2026-04-17T10:06:46+06:00,True
USR030,01000000030,Demo User 030,UB0000631,2026-04-24T17:53:09+06:00,Premier,Badda,23.77383,90.433736,Pallabi,23.827555,90.369418,11.62,43,275,completed,2026-04-24T18:52:09+06:00,True
USR030,01000000030,Demo User 030,UB0000633,2026-05-03T13:29:01+06:00,Moto,Bashundhara,23.817704,90.425103,Gulshan,23.793277,90.403188,13.23,70,424,completed,2026-05-03T14:55:01+06:00,True
USR030,01000000030,Demo User 030,UB0000639,2026-05-03T23:30:51+06:00,UberX,Bashundhara,23.819603,90.431682,Motijheel,23.732644,90.412118,16.01,44,518,completed,2026-05-04T00:23:51+06:00,True
USR030,01000000030,Demo User 030,UB0000640,2026-05-15T22:33:24+06:00,Premier,Khilgaon,23.752221,90.429558,Shyamoli,23.774773,90.35866,4.43,44,182,completed,2026-05-15T23:34:24+06:00,True
USR030,01000000030,Demo User 030,UB0000635,2026-06-10T11:44:38+06:00,Moto,Khilgaon,23.755347,90.431028,Bashundhara,23.82075,90.427277,22.92,25,780,cancelled_by_driver,2026-06-10T12:10:38+06:00,True
USR030,01000000030,Demo User 030,UB0000649,2026-06-27T01:16:51+06:00,Premier,Shyamoli,23.779133,90.365002,Old Dhaka,23.716167,90.400073,21.95,55,693,completed,2026-06-27T02:21:51+06:00,True
USR030,01000000030,Demo User 030,UB0000646,2026-07-05T02:19:24+06:00,Premier,Farmgate,23.754528,90.390358,Badda,23.775485,90.433521,6.89,25,250,completed,2026-07-05T03:04:24+06:00,True
USR030,01000000030,Demo User 030,UB0000647,2026-07-11T10:32:43+06:00,Premier,Dhanmondi,23.7413,90.376377,Gulshan,23.790422,90.411707,12.78,35,437,completed,2026-07-11T11:08:43+06:00,True
USR030,01000000030,Demo User 030,UB0000651,2026-07-11T23:25:04+06:00,Moto,Wari,23.717148,90.416927,Tejgaon,23.768835,90.395803,11.27,55,380,completed,2026-07-12T00:24:04+06:00,True
USR030,01000000030,Demo User 030,UB0000629,2026-07-12T21:27:56+06:00,UberX,Bashundhara,23.819181,90.43072,Gulshan,23.789071,90.405293,12.13,49,376,completed,2026-07-12T22:22:56+06:00,True
USR030,01000000030,Demo User 030,UB0000645,2026-07-16T00:42:37+06:00,Moto,Shyamoli,23.770282,90.363084,Farmgate,23.753873,90.385242,3.14,19,130,completed,2026-07-16T01:02:37+06:00,True
USR030,01000000030,Demo User 030,UB0000648,2026-07-16T04:43:11+06:00,Moto,Dhanmondi,23.752225,90.382316,Mirpur,23.819487,90.366566,10.7,53,356,completed,2026-07-16T05:54:11+06:00,True
USR030,01000000030,Demo User 030,UB0000637,2026-07-22T04:19:51+06:00,UberX,Banani,23.796174,90.409235,Motijheel,23.738348,90.416013,6.05,48,212,completed,2026-07-22T05:22:51+06:00,True
USR030,01000000030,Demo User 030,UB0000643,2026-07-28T08:00:54+06:00,Premier,Tejgaon,23.757424,90.388727,Badda,23.780145,90.42764,17.39,39,573,completed,2026-07-28T08:59:54+06:00,True
USR030,01000000030,Demo User 030,UB0000642,2026-08-07T18:05:41+06:00,Premier,Rampura,23.766997,90.413572,Wari,23.721792,90.414974,4.94,74,160,completed,2026-08-07T19:26:41+06:00,True
USR030,01000000030,Demo User 030,UB0000630,2026-08-07T20:30:55+06:00,Premier,Khilgaon,23.745262,90.430389,Gulshan,23.794709,90.401213,14.32,72,446,cancelled_by_rider,2026-08-07T21:46:55+06:00,True
USR031,01000000031,Demo User 031,UB0000663,2026-02-20T17:20:01+06:00,Premier,Mirpur,23.826737,90.365501,Khilgaon,23.756355,90.424637,22.37,50,771,completed,2026-02-20T18:16:01+06:00,True
USR031,01000000031,Demo User 031,UB0000661,2026-02-28T17:25:26+06:00,Premier,Rampura,23.758249,90.416009,Mohammadpur,23.759677,90.362324,22.22,44,516,completed,2026-02-28T18:15:26+06:00,True
USR031,01000000031,Demo User 031,UB0000655,2026-03-04T03:54:30+06:00,Moto,Mohammadpur,23.760934,90.360585,Mohakhali,23.78442,90.401661,6.8,30,224,completed,2026-03-04T04:37:30+06:00,True
USR031,01000000031,Demo User 031,UB0000669,2026-03-05T08:28:26+06:00,Moto,Wari,23.716003,90.423829,Banani,23.789218,90.409539,16.15,21,353,completed,2026-03-05T08:49:26+06:00,True
USR031,01000000031,Demo User 031,UB0000657,2026-03-08T23:18:21+06:00,UberX,Uttara,23.869943,90.373802,Motijheel,23.738759,90.420037,17.27,62,495,completed,2026-03-09T00:39:21+06:00,True
USR031,01000000031,Demo User 031,UB0000670,2026-03-21T16:27:41+06:00,Premier,Mohammadpur,23.764782,90.354113,Badda,23.783802,90.420174,2.52,28,121,completed,2026-03-21T17:00:41+06:00,True
USR031,01000000031,Demo User 031,UB0000660,2026-03-28T21:34:14+06:00,Premier,Bashundhara,23.819035,90.427094,Uttara,23.874273,90.380465,9.33,15,307,completed,2026-03-28T22:00:14+06:00,True
USR031,01000000031,Demo User 031,UB0000665,2026-05-03T21:01:15+06:00,UberX,Mohammadpur,23.763649,90.358142,Dhanmondi,23.745324,90.378714,6.99,47,215,completed,2026-05-03T22:07:15+06:00,True
USR031,01000000031,Demo User 031,UB0000654,2026-05-16T06:05:49+06:00,UberX,Motijheel,23.726944,90.422289,Old Dhaka,23.706098,90.40894,13.02,54,475,completed,2026-05-16T07:11:49+06:00,True
USR031,01000000031,Demo User 031,UB0000652,2026-05-17T13:52:32+06:00,UberX,Wari,23.723019,90.411662,Pallabi,23.829376,90.364202,19.07,12,454,completed,2026-05-17T14:15:32+06:00,True
USR031,01000000031,Demo User 031,UB0000658,2026-05-18T23:52:21+06:00,Premier,Pallabi,23.832663,90.36363,Shyamoli,23.774935,90.360748,9.21,11,320,completed,2026-05-19T00:20:21+06:00,True
USR031,01000000031,Demo User 031,UB0000662,2026-05-25T20:11:25+06:00,Premier,Mohammadpur,23.771441,90.353354,Pallabi,23.82875,90.364426,15.29,23,512,completed,2026-05-25T20:46:25+06:00,True
USR031,01000000031,Demo User 031,UB0000672,2026-05-31T15:26:47+06:00,Premier,Gulshan,23.79203,90.40269,Mirpur,23.816835,90.365763,8.44,68,333,completed,2026-05-31T16:34:47+06:00,True
USR031,01000000031,Demo User 031,UB0000668,2026-06-06T16:07:02+06:00,Premier,Farmgate,23.756328,90.38712,Pallabi,23.833507,90.359343,1.45,13,103,cancelled_by_rider,2026-06-06T16:34:02+06:00,True
USR031,01000000031,Demo User 031,UB0000671,2026-06-09T09:14:23+06:00,Moto,Mohammadpur,23.759773,90.358785,Khilgaon,23.755774,90.417404,4.01,54,162,completed,2026-06-09T10:12:23+06:00,True
USR031,01000000031,Demo User 031,UB0000667,2026-06-23T02:48:19+06:00,Premier,Dhanmondi,23.7542,90.376694,Badda,23.777454,90.433006,3.67,40,150,completed,2026-06-23T03:33:19+06:00,True
USR031,01000000031,Demo User 031,UB0000659,2026-07-13T18:02:56+06:00,Premier,Uttara,23.879347,90.372469,Pallabi,23.830786,90.364562,2.49,55,119,completed,2026-07-13T19:03:56+06:00,True
USR031,01000000031,Demo User 031,UB0000653,2026-07-20T00:58:11+06:00,Premier,Mirpur,23.823812,90.365597,Farmgate,23.764224,90.387286,3.7,35,146,completed,2026-07-20T01:42:11+06:00,True
USR031,01000000031,Demo User 031,UB0000666,2026-07-28T07:03:57+06:00,Premier,Shyamoli,23.773917,90.367621,Mirpur,23.823767,90.363699,5.51,47,177,completed,2026-07-28T08:03:57+06:00,True
USR031,01000000031,Demo User 031,UB0000664,2026-07-31T05:49:11+06:00,Premier,Badda,23.783068,90.428505,Pallabi,23.82625,90.362844,6.43,32,249,completed,2026-07-31T06:21:11+06:00,True
USR031,01000000031,Demo User 031,UB0000656,2026-08-05T02:47:50+06:00,Moto,Rampura,23.754545,90.415199,Wari,23.713572,90.414368,3.46,67,146,cancelled_by_driver,2026-08-05T04:05:50+06:00,True
USR032,01000000032,Demo User 032,UB0000682,2026-02-10T10:28:04+06:00,UberX,Wari,23.71657,90.410042,Banani,23.796089,90.400252,13.58,36,395,completed,2026-02-10T11:24:04+06:00,True
USR032,01000000032,Demo User 032,UB0000691,2026-02-16T00:21:45+06:00,Moto,Shyamoli,23.774939,90.370888,Rampura,23.758485,90.424201,13.36,60,371,completed,2026-02-16T01:23:45+06:00,True
USR032,01000000032,Demo User 032,UB0000675,2026-02-17T03:26:49+06:00,UberX,Pallabi,23.826565,90.365036,Dhanmondi,23.752237,90.375283,2.04,26,122,cancelled_by_rider,2026-02-17T04:02:49+06:00,True
USR032,01000000032,Demo User 032,UB0000679,2026-03-02T08:49:49+06:00,Moto,Gulshan,23.796476,90.412374,Dhanmondi,23.738948,90.372887,7.22,49,221,completed,2026-03-02T09:49:49+06:00,True
USR032,01000000032,Demo User 032,UB0000676,2026-03-16T18:00:30+06:00,Premier,Pallabi,23.823974,90.36034,Motijheel,23.740663,90.411686,9.08,58,341,completed,2026-03-16T19:00:30+06:00,True
USR032,01000000032,Demo User 032,UB0000683,2026-04-07T08:01:02+06:00,Premier,Dhanmondi,23.744938,90.383477,Banani,23.794708,90.407058,23.49,25,631,completed,2026-04-07T08:38:02+06:00,True
USR032,01000000032,Demo User 032,UB0000678,2026-04-16T23:24:59+06:00,Moto,Mohakhali,23.785308,90.391006,Farmgate,23.759161,90.393576,6.8,72,217,completed,2026-04-17T00:45:59+06:00,True
USR032,01000000032,Demo User 032,UB0000689,2026-04-25T09:12:57+06:00,UberX,Motijheel,23.727074,90.41121,Pallabi,23.824541,90.371056,2.28,59,127,completed,2026-04-25T10:31:57+06:00,True
USR032,01000000032,Demo User 032,UB0000688,2026-05-05T15:49:00+06:00,Premier,Mirpur,23.820205,90.365827,Uttara,23.877545,90.374965,16.42,42,401,ongoing,2026-05-05T16:38:00+06:00,True
USR032,01000000032,Demo User 032,UB0000674,2026-05-07T09:04:04+06:00,Moto,Farmgate,23.757767,90.391821,Mohammadpur,23.771411,90.364614,5.54,45,206,completed,2026-05-07T09:57:04+06:00,True
USR032,01000000032,Demo User 032,UB0000677,2026-06-11T18:33:32+06:00,UberX,Bashundhara,23.811168,90.433338,Tejgaon,23.768435,90.400014,1.31,50,85,ongoing,2026-06-11T19:31:32+06:00,True
USR032,01000000032,Demo User 032,UB0000686,2026-06-14T19:47:32+06:00,Moto,Pallabi,23.83517,90.361026,Farmgate,23.765664,90.389881,2.45,23,107,completed,2026-06-14T20:13:32+06:00,True
USR032,01000000032,Demo User 032,UB0000692,2026-06-18T08:04:43+06:00,Premier,Rampura,23.768665,90.422037,Badda,23.776488,90.419376,21.61,12,778,completed,2026-06-18T08:22:43+06:00,True
USR032,01000000032,Demo User 032,UB0000690,2026-06-18T22:31:29+06:00,Premier,Pallabi,23.826348,90.360438,Banani,23.789347,90.40715,11.37,21,305,completed,2026-06-18T23:00:29+06:00,True
USR032,01000000032,Demo User 032,UB0000684,2026-06-21T23:21:24+06:00,UberX,Farmgate,23.754413,90.384673,Mirpur,23.825641,90.358557,18.19,43,650,completed,2026-06-22T00:21:24+06:00,True
USR032,01000000032,Demo User 032,UB0000685,2026-06-22T20:18:11+06:00,Premier,Farmgate,23.762638,90.391107,Shyamoli,23.766901,90.358017,10.04,16,334,completed,2026-06-22T20:34:11+06:00,True
USR032,01000000032,Demo User 032,UB0000680,2026-07-05T18:10:29+06:00,UberX,Khilgaon,23.753649,90.427139,Shyamoli,23.771622,90.368537,14.73,19,373,completed,2026-07-05T18:30:29+06:00,True
USR032,01000000032,Demo User 032,UB0000681,2026-07-07T04:32:01+06:00,Moto,Mirpur,23.81616,90.367194,Pallabi,23.832028,90.363299,4.87,15,193,completed,2026-07-07T05:07:01+06:00,True
USR032,01000000032,Demo User 032,UB0000673,2026-07-21T18:39:35+06:00,Premier,Farmgate,23.762979,90.386192,Rampura,23.757675,90.417033,8.85,74,320,completed,2026-07-21T20:09:35+06:00,True
USR032,01000000032,Demo User 032,UB0000687,2026-08-03T08:30:55+06:00,Moto,Khilgaon,23.757027,90.426901,Rampura,23.754095,90.414004,9.83,68,322,completed,2026-08-03T09:47:55+06:00,True
USR033,01000000033,Demo User 033,UB0000693,2026-02-23T06:50:52+06:00,Premier,Rampura,23.767985,90.419092,Khilgaon,23.746883,90.418692,9.11,16,274,completed,2026-02-23T07:18:52+06:00,True
USR033,01000000033,Demo User 033,UB0000708,2026-03-13T12:13:36+06:00,Premier,Mohakhali,23.776916,90.396,Gulshan,23.787805,90.413714,7.47,37,303,completed,2026-03-13T12:53:36+06:00,True
USR033,01000000033,Demo User 033,UB0000698,2026-03-19T02:54:44+06:00,Premier,Pallabi,23.830076,90.369224,Badda,23.783445,90.419175,8.2,36,268,completed,2026-03-19T03:50:44+06:00,True
USR033,01000000033,Demo User 033,UB0000712,2026-03-22T03:11:16+06:00,UberX,Tejgaon,23.763914,90.393132,Shyamoli,23.781282,90.370465,7.92,34,295,completed,2026-03-22T04:05:16+06:00,True
USR033,01000000033,Demo User 033,UB0000697,2026-03-22T14:44:58+06:00,Moto,Banani,23.794868,90.410113,Old Dhaka,23.703645,90.413268,16.2,61,403,completed,2026-03-22T15:55:58+06:00,True
USR033,01000000033,Demo User 033,UB0000694,2026-03-29T18:10:19+06:00,Premier,Shyamoli,23.782206,90.362666,Banani,23.790167,90.412347,16.35,17,436,completed,2026-03-29T18:45:19+06:00,True
USR033,01000000033,Demo User 033,UB0000710,2026-04-02T08:00:33+06:00,UberX,Khilgaon,23.75217,90.417141,Tejgaon,23.756911,90.390921,18.16,47,442,completed,2026-04-02T08:47:33+06:00,True
USR033,01000000033,Demo User 033,UB0000695,2026-04-04T09:09:22+06:00,Moto,Bashundhara,23.812169,90.421707,Farmgate,23.752059,90.395158,16.11,72,367,completed,2026-04-04T10:26:22+06:00,True
USR033,01000000033,Demo User 033,UB0000696,2026-04-06T08:30:52+06:00,Moto,Uttara,23.876182,90.378607,Rampura,23.760974,90.417174,8.11,27,306,completed,2026-04-06T09:15:52+06:00,True
USR033,01000000033,Demo User 033,UB0000711,2026-05-01T05:35:24+06:00,UberX,Banani,23.792429,90.401858,Tejgaon,23.756502,90.391743,4.52,41,150,completed,2026-05-01T06:26:24+06:00,True
USR033,01000000033,Demo User 033,UB0000699,2026-05-04T03:22:35+06:00,Moto,Banani,23.787125,90.407673,Tejgaon,23.76712,90.394388,8.32,27,337,completed,2026-05-04T03:58:35+06:00,True
USR033,01000000033,Demo User 033,UB0000714,2026-05-10T10:04:36+06:00,Premier,Tejgaon,23.76652,90.397621,Uttara,23.882371,90.380796,15.08,60,566,completed,2026-05-10T11:09:36+06:00,True
USR033,01000000033,Demo User 033,UB0000700,2026-05-24T00:26:42+06:00,Moto,Banani,23.798675,90.410384,Tejgaon,23.770391,90.391412,13.62,34,447,completed,2026-05-24T01:04:42+06:00,True
USR033,01000000033,Demo User 033,UB0000707,2026-06-06T21:47:14+06:00,Moto,Gulshan,23.79836,90.399911,Shyamoli,23.780643,90.360964,12.49,30,388,completed,2026-06-06T22:34:14+06:00,True
USR033,01000000033,Demo User 033,UB0000701,2026-06-13T01:30:42+06:00,Premier,Old Dhaka,23.711179,90.401927,Bashundhara,23.810279,90.426919,9.93,68,239,completed,2026-06-13T02:48:42+06:00,True
USR033,01000000033,Demo User 033,UB0000705,2026-06-14T23:06:23+06:00,Moto,Badda,23.777426,90.422823,Khilgaon,23.755759,90.425859,15.04,21,488,completed,2026-06-14T23:47:23+06:00,True
USR033,01000000033,Demo User 033,UB0000703,2026-06-17T03:31:03+06:00,UberX,Rampura,23.763013,90.42656,Banani,23.797189,90.399327,5.28,47,215,cancelled_by_rider,2026-06-17T04:38:03+06:00,True
USR033,01000000033,Demo User 033,UB0000702,2026-07-04T09:56:44+06:00,Moto,Banani,23.787792,90.408612,Mohakhali,23.774484,90.401747,11.9,29,361,completed,2026-07-04T10:27:44+06:00,True
USR033,01000000033,Demo User 033,UB0000715,2026-07-13T12:31:43+06:00,UberX,Uttara,23.872842,90.375622,Mohammadpur,23.761775,90.364911,8.5,25,319,cancelled_by_driver,2026-07-13T13:03:43+06:00,True
USR033,01000000033,Demo User 033,UB0000716,2026-07-14T00:05:30+06:00,Premier,Mohakhali,23.778163,90.391218,Dhanmondi,23.744661,90.382995,1.62,66,107,completed,2026-07-14T01:17:30+06:00,True
USR033,01000000033,Demo User 033,UB0000713,2026-07-23T07:17:53+06:00,UberX,Farmgate,23.762336,90.39685,Rampura,23.758356,90.427424,23.68,71,487,completed,2026-07-23T08:28:53+06:00,True
USR033,01000000033,Demo User 033,UB0000706,2026-07-24T12:57:48+06:00,Premier,Gulshan,23.793762,90.404994,Badda,23.780274,90.423959,2.24,61,109,completed,2026-07-24T14:06:48+06:00,True
USR033,01000000033,Demo User 033,UB0000709,2026-08-01T03:40:30+06:00,Moto,Gulshan,23.800235,90.408227,Mohakhali,23.785193,90.394543,15.97,22,582,completed,2026-08-01T04:05:30+06:00,True
USR033,01000000033,Demo User 033,UB0000704,2026-08-08T14:21:19+06:00,UberX,Old Dhaka,23.702822,90.403886,Badda,23.784564,90.433969,10.19,20,248,completed,2026-08-08T14:47:19+06:00,True
USR034,01000000034,Demo User 034,UB0000730,2026-02-13T08:06:12+06:00,Premier,Mirpur,23.816864,90.369252,Mohakhali,23.777483,90.405685,15.53,35,497,completed,2026-02-13T08:46:12+06:00,True
USR034,01000000034,Demo User 034,UB0000721,2026-02-14T02:58:52+06:00,Premier,Farmgate,23.751105,90.390661,Mohammadpur,23.764495,90.366091,2.69,18,137,completed,2026-02-14T03:17:52+06:00,True
USR034,01000000034,Demo User 034,UB0000725,2026-03-11T01:20:04+06:00,Premier,Wari,23.714691,90.421892,Farmgate,23.75618,90.394191,7.68,15,196,completed,2026-03-11T01:37:04+06:00,True
USR034,01000000034,Demo User 034,UB0000724,2026-03-19T05:19:22+06:00,Moto,Tejgaon,23.762541,90.397708,Farmgate,23.763417,90.383089,14.04,37,418,completed,2026-03-19T06:10:22+06:00,True
USR034,01000000034,Demo User 034,UB0000723,2026-03-22T19:18:38+06:00,UberX,Gulshan,23.800414,90.413673,Mohakhali,23.786647,90.39345,9.21,57,222,completed,2026-03-22T20:23:38+06:00,True
USR034,01000000034,Demo User 034,UB0000731,2026-04-04T05:13:51+06:00,Moto,Dhanmondi,23.745665,90.374503,Bashundhara,23.822997,90.429467,3.36,65,143,completed,2026-04-04T06:27:51+06:00,True
USR034,01000000034,Demo User 034,UB0000719,2026-04-13T15:25:49+06:00,Premier,Tejgaon,23.756877,90.395457,Old Dhaka,23.711476,90.403869,13.57,12,346,completed,2026-04-13T15:57:49+06:00,True
USR034,01000000034,Demo User 034,UB0000728,2026-05-05T06:41:39+06:00,Premier,Gulshan,23.795315,90.412751,Farmgate,23.756256,90.393338,6.25,47,171,completed,2026-05-05T07:40:39+06:00,True
USR034,01000000034,Demo User 034,UB0000727,2026-05-15T16:37:09+06:00,Premier,Badda,23.786972,90.422184,Khilgaon,23.75694,90.427462,13.15,28,318,cancelled_by_driver,2026-05-15T17:21:09+06:00,True
USR034,01000000034,Demo User 034,UB0000717,2026-05-15T23:14:16+06:00,Moto,Bashundhara,23.811745,90.431331,Banani,23.796365,90.406412,6.83,32,201,completed,2026-05-15T23:58:16+06:00,True
USR034,01000000034,Demo User 034,UB0000722,2026-05-21T06:45:01+06:00,Moto,Motijheel,23.735617,90.423705,Tejgaon,23.759037,90.394587,20.11,25,705,completed,2026-05-21T07:23:01+06:00,True
USR034,01000000034,Demo User 034,UB0000726,2026-05-22T23:09:49+06:00,Moto,Badda,23.784638,90.420171,Shyamoli,23.770129,90.363431,15.4,17,392,completed,2026-05-22T23:38:49+06:00,True
USR034,01000000034,Demo User 034,UB0000729,2026-05-23T23:26:21+06:00,UberX,Motijheel,23.735454,90.414046,Mohammadpur,23.762895,90.353933,8.5,56,240,completed,2026-05-24T00:37:21+06:00,True
USR034,01000000034,Demo User 034,UB0000718,2026-06-21T11:48:45+06:00,Moto,Pallabi,23.831655,90.361839,Khilgaon,23.747657,90.429795,16.65,28,440,completed,2026-06-21T12:25:45+06:00,True
USR034,01000000034,Demo User 034,UB0000720,2026-07-24T18:33:01+06:00,UberX,Motijheel,23.731747,90.41126,Wari,23.726739,90.42149,4.72,43,175,completed,2026-07-24T19:34:01+06:00,True
USR035,01000000035,Demo User 035,UB0000734,2026-02-18T15:34:59+06:00,Premier,Bashundhara,23.809823,90.424333,Shyamoli,23.779731,90.363094,5.91,65,232,completed,2026-02-18T16:50:59+06:00,True
USR035,01000000035,Demo User 035,UB0000739,2026-02-27T09:43:39+06:00,UberX,Mirpur,23.819189,90.366773,Khilgaon,23.74838,90.419218,19.11,54,680,cancelled_by_driver,2026-02-27T10:51:39+06:00,True
USR035,01000000035,Demo User 035,UB0000733,2026-03-08T11:48:50+06:00,UberX,Gulshan,23.785942,90.401226,Dhanmondi,23.743531,90.375588,3.05,41,126,cancelled_by_rider,2026-03-08T12:44:50+06:00,True
USR035,01000000035,Demo User 035,UB0000748,2026-03-09T09:07:14+06:00,Premier,Mohakhali,23.782019,90.390853,Dhanmondi,23.747644,90.369801,13.72,43,457,completed,2026-03-09T10:06:14+06:00,True
USR035,01000000035,Demo User 035,UB0000757,2026-03-14T16:58:53+06:00,Moto,Motijheel,23.740105,90.41958,Tejgaon,23.769146,90.392419,12.7,12,470,ongoing,2026-03-14T17:14:53+06:00,True
USR035,01000000035,Demo User 035,UB0000752,2026-03-17T16:51:04+06:00,Premier,Old Dhaka,23.708901,90.405431,Wari,23.72229,90.423178,13.1,26,448,completed,2026-03-17T17:23:04+06:00,True
USR035,01000000035,Demo User 035,UB0000732,2026-03-19T08:50:22+06:00,UberX,Bashundhara,23.809206,90.429749,Wari,23.719429,90.425618,4.22,68,193,completed,2026-03-19T10:06:22+06:00,True
USR035,01000000035,Demo User 035,UB0000758,2026-04-09T10:27:51+06:00,Premier,Mohakhali,23.780215,90.40628,Uttara,23.874405,90.37413,10.59,62,290,completed,2026-04-09T11:31:51+06:00,True
USR035,01000000035,Demo User 035,UB0000744,2026-04-09T22:37:17+06:00,Moto,Mirpur,23.819263,90.362511,Banani,23.797038,90.407473,4.33,65,178,completed,2026-04-09T23:48:17+06:00,True
USR035,01000000035,Demo User 035,UB0000747,2026-04-18T05:34:23+06:00,Moto,Mirpur,23.815327,90.357673,Wari,23.722779,90.419414,2.1,51,116,completed,2026-04-18T06:37:23+06:00,True
USR035,01000000035,Demo User 035,UB0000743,2026-04-30T09:49:11+06:00,Moto,Pallabi,23.835835,90.366178,Uttara,23.880407,90.383971,5.45,34,172,completed,2026-04-30T10:34:11+06:00,True
USR035,01000000035,Demo User 035,UB0000736,2026-05-06T07:57:48+06:00,Moto,Khilgaon,23.750517,90.422017,Mohammadpur,23.770335,90.356822,7.44,15,302,cancelled_by_rider,2026-05-06T08:15:48+06:00,True
USR035,01000000035,Demo User 035,UB0000751,2026-05-07T06:50:14+06:00,Premier,Badda,23.77805,90.425637,Tejgaon,23.765493,90.394144,5.56,9,157,completed,2026-05-07T07:17:14+06:00,True
USR035,01000000035,Demo User 035,UB0000746,2026-05-09T18:20:07+06:00,UberX,Uttara,23.883893,90.386585,Gulshan,23.786786,90.40869,21.91,60,734,completed,2026-05-09T19:39:07+06:00,True
USR035,01000000035,Demo User 035,UB0000756,2026-05-21T13:49:54+06:00,UberX,Uttara,23.876005,90.380393,Rampura,23.7659,90.416039,22.6,37,727,completed,2026-05-21T14:35:54+06:00,True
USR035,01000000035,Demo User 035,UB0000738,2026-05-27T23:50:07+06:00,UberX,Motijheel,23.736238,90.421688,Old Dhaka,23.713714,90.414408,15.71,9,587,completed,2026-05-28T00:19:07+06:00,True
USR035,01000000035,Demo User 035,UB0000754,2026-06-07T17:25:39+06:00,Moto,Mohammadpur,23.765411,90.363113,Badda,23.784735,90.429762,15.09,18,557,completed,2026-06-07T17:53:39+06:00,True
USR035,01000000035,Demo User 035,UB0000760,2026-06-08T05:15:12+06:00,Premier,Uttara,23.880663,90.386809,Badda,23.784354,90.42749,13.43,11,468,cancelled_by_driver,2026-06-08T05:36:12+06:00,True
USR035,01000000035,Demo User 035,UB0000755,2026-06-09T15:16:51+06:00,UberX,Rampura,23.761344,90.425161,Tejgaon,23.765816,90.386059,14.81,68,549,completed,2026-06-09T16:38:51+06:00,True
USR035,01000000035,Demo User 035,UB0000753,2026-06-10T06:59:49+06:00,Moto,Badda,23.782803,90.42725,Farmgate,23.753714,90.391678,16.32,70,432,completed,2026-06-10T08:13:49+06:00,True
USR035,01000000035,Demo User 035,UB0000749,2026-06-15T11:51:44+06:00,UberX,Mohakhali,23.780736,90.394096,Mohammadpur,23.767719,90.363097,15.32,39,503,completed,2026-06-15T12:46:44+06:00,True
USR035,01000000035,Demo User 035,UB0000741,2026-06-24T16:48:05+06:00,Moto,Wari,23.710982,90.418848,Dhanmondi,23.742286,90.372431,4.74,11,168,cancelled_by_driver,2026-06-24T17:06:05+06:00,True
USR035,01000000035,Demo User 035,UB0000735,2026-07-01T05:12:05+06:00,UberX,Motijheel,23.73449,90.415342,Badda,23.784216,90.420722,12.27,52,461,completed,2026-07-01T06:22:05+06:00,True
USR035,01000000035,Demo User 035,UB0000750,2026-07-01T09:45:17+06:00,Premier,Mohammadpur,23.761784,90.364692,Old Dhaka,23.711303,90.407649,4.98,59,209,completed,2026-07-01T10:52:17+06:00,True
USR035,01000000035,Demo User 035,UB0000759,2026-07-13T15:53:33+06:00,Moto,Farmgate,23.764548,90.387942,Mohammadpur,23.757958,90.351912,11.17,29,268,completed,2026-07-13T16:24:33+06:00,True
USR035,01000000035,Demo User 035,UB0000742,2026-07-15T00:16:31+06:00,UberX,Gulshan,23.797072,90.407861,Shyamoli,23.778636,90.36596,14.36,58,472,completed,2026-07-15T01:25:31+06:00,True
USR035,01000000035,Demo User 035,UB0000745,2026-07-22T21:56:18+06:00,Moto,Bashundhara,23.820042,90.417865,Motijheel,23.733988,90.422374,16.18,42,393,completed,2026-07-22T22:49:18+06:00,True
USR035,01000000035,Demo User 035,UB0000740,2026-07-25T22:33:00+06:00,Moto,Banani,23.796666,90.409487,Mohammadpur,23.760925,90.354676,13.55,13,420,completed,2026-07-25T22:59:00+06:00,True
USR035,01000000035,Demo User 035,UB0000737,2026-08-07T22:51:16+06:00,Premier,Banani,23.791297,90.414487,Pallabi,23.829421,90.370737,9.03,14,263,completed,2026-08-07T23:21:16+06:00,True
USR036,01000000036,Demo User 036,UB0000779,2026-02-14T07:40:47+06:00,Moto,Farmgate,23.753372,90.392546,Bashundhara,23.808265,90.430987,18.89,13,567,completed,2026-02-14T08:06:47+06:00,True
USR036,01000000036,Demo User 036,UB0000776,2026-02-20T01:31:16+06:00,Moto,Farmgate,23.753651,90.382472,Badda,23.774109,90.424199,14.54,60,488,completed,2026-02-20T02:44:16+06:00,True
USR036,01000000036,Demo User 036,UB0000761,2026-03-06T14:19:11+06:00,Premier,Gulshan,23.791237,90.40157,Badda,23.78652,90.431205,4.62,64,142,completed,2026-03-06T15:38:11+06:00,True
USR036,01000000036,Demo User 036,UB0000769,2026-03-21T16:31:11+06:00,Moto,Badda,23.787793,90.425306,Bashundhara,23.822441,90.429669,1.2,12,89,completed,2026-03-21T16:58:11+06:00,True
USR036,01000000036,Demo User 036,UB0000770,2026-04-10T21:39:50+06:00,UberX,Pallabi,23.833273,90.365089,Tejgaon,23.767291,90.400794,4.0,18,142,completed,2026-04-10T22:04:50+06:00,True
USR036,01000000036,Demo User 036,UB0000773,2026-04-14T18:30:36+06:00,Moto,Rampura,23.758192,90.420634,Uttara,23.879049,90.384913,21.54,20,696,completed,2026-04-14T19:08:36+06:00,True
USR036,01000000036,Demo User 036,UB0000763,2026-04-23T08:16:56+06:00,Premier,Gulshan,23.789089,90.400099,Bashundhara,23.818208,90.41764,6.95,69,210,cancelled_by_rider,2026-04-23T09:30:56+06:00,True
USR036,01000000036,Demo User 036,UB0000766,2026-04-26T06:46:36+06:00,Premier,Shyamoli,23.777152,90.363834,Bashundhara,23.818111,90.423035,15.44,49,455,completed,2026-04-26T07:36:36+06:00,True
USR036,01000000036,Demo User 036,UB0000777,2026-04-27T01:00:12+06:00,Premier,Farmgate,23.757556,90.38929,Rampura,23.757287,90.414003,12.5,36,451,completed,2026-04-27T01:43:12+06:00,True
USR036,01000000036,Demo User 036,UB0000774,2026-05-07T02:59:47+06:00,UberX,Motijheel,23.734371,90.414668,Farmgate,23.764624,90.39235,16.12,18,410,completed,2026-05-07T03:17:47+06:00,True
USR036,01000000036,Demo User 036,UB0000764,2026-05-23T01:06:17+06:00,Premier,Old Dhaka,23.710363,90.413642,Dhanmondi,23.741925,90.369393,8.38,47,268,completed,2026-05-23T01:54:17+06:00,True
USR036,01000000036,Demo User 036,UB0000768,2026-05-26T10:03:44+06:00,UberX,Farmgate,23.75799,90.395943,Tejgaon,23.768614,90.391669,14.6,36,551,completed,2026-05-26T10:51:44+06:00,True
USR036,01000000036,Demo User 036,UB0000771,2026-06-17T20:36:13+06:00,Premier,Badda,23.785857,90.426742,Mirpur,23.82385,90.364593,2.55,47,128,completed,2026-06-17T21:40:13+06:00,True
USR036,01000000036,Demo User 036,UB0000762,2026-06-19T08:49:27+06:00,UberX,Mirpur,23.827617,90.37277,Bashundhara,23.811154,90.432952,9.32,48,324,cancelled_by_driver,2026-06-19T09:42:27+06:00,True
USR036,01000000036,Demo User 036,UB0000775,2026-06-19T21:35:36+06:00,Premier,Farmgate,23.765234,90.392409,Gulshan,23.787323,90.415783,21.32,23,711,completed,2026-06-19T22:03:36+06:00,True
USR036,01000000036,Demo User 036,UB0000767,2026-06-20T15:57:56+06:00,Premier,Tejgaon,23.771319,90.393012,Uttara,23.880369,90.383784,6.65,31,214,completed,2026-06-20T16:41:56+06:00,True
USR036,01000000036,Demo User 036,UB0000765,2026-06-27T21:01:36+06:00,UberX,Pallabi,23.830437,90.368765,Badda,23.781608,90.426887,5.8,30,194,completed,2026-06-27T21:49:36+06:00,True
USR036,01000000036,Demo User 036,UB0000778,2026-06-28T18:09:46+06:00,Premier,Mirpur,23.819765,90.373124,Badda,23.779799,90.429335,5.22,20,198,completed,2026-06-28T18:46:46+06:00,True
USR036,01000000036,Demo User 036,UB0000772,2026-07-29T14:52:57+06:00,Moto,Shyamoli,23.77463,90.359705,Mirpur,23.829109,90.36153,1.74,22,91,completed,2026-07-29T15:16:57+06:00,True
USR036,01000000036,Demo User 036,UB0000780,2026-08-03T07:30:18+06:00,Premier,Rampura,23.760093,90.415759,Wari,23.711732,90.416213,15.9,40,525,completed,2026-08-03T08:16:18+06:00,True
USR037,01000000037,Demo User 037,UB0000801,2026-02-17T20:39:26+06:00,Premier,Khilgaon,23.757359,90.422519,Mirpur,23.821694,90.367295,17.88,34,481,completed,2026-02-17T21:30:26+06:00,True
USR037,01000000037,Demo User 037,UB0000795,2026-02-23T04:36:32+06:00,UberX,Dhanmondi,23.7487,90.370277,Mohakhali,23.786157,90.402463,8.07,60,250,completed,2026-02-23T05:41:32+06:00,True
USR037,01000000037,Demo User 037,UB0000802,2026-02-25T22:22:14+06:00,UberX,Old Dhaka,23.711845,90.408398,Wari,23.725565,90.412434,22.1,36,642,completed,2026-02-25T23:15:14+06:00,True
USR037,01000000037,Demo User 037,UB0000782,2026-03-05T00:15:06+06:00,UberX,Motijheel,23.727016,90.42153,Old Dhaka,23.705093,90.406559,23.0,65,727,cancelled_by_rider,2026-03-05T01:20:06+06:00,True
USR037,01000000037,Demo User 037,UB0000796,2026-03-31T16:43:31+06:00,Premier,Gulshan,23.799763,90.406544,Mirpur,23.818524,90.361909,20.48,51,424,completed,2026-03-31T17:38:31+06:00,True
USR037,01000000037,Demo User 037,UB0000800,2026-04-03T05:52:05+06:00,Moto,Bashundhara,23.813946,90.421501,Mirpur,23.816016,90.373063,22.61,18,588,completed,2026-04-03T06:13:05+06:00,True
USR037,01000000037,Demo User 037,UB0000793,2026-04-21T00:56:44+06:00,Moto,Uttara,23.87656,90.383274,Dhanmondi,23.751881,90.376386,7.42,62,257,completed,2026-04-21T02:01:44+06:00,True
USR037,01000000037,Demo User 037,UB0000790,2026-04-22T11:22:52+06:00,UberX,Mohammadpur,23.771159,90.364235,Tejgaon,23.763611,90.392152,23.93,34,743,completed,2026-04-22T12:15:52+06:00,True
USR037,01000000037,Demo User 037,UB0000799,2026-04-26T18:16:20+06:00,UberX,Mohammadpur,23.757826,90.356912,Motijheel,23.731002,90.418963,14.52,22,356,completed,2026-04-26T18:57:20+06:00,True
USR037,01000000037,Demo User 037,UB0000788,2026-04-27T09:18:20+06:00,Premier,Shyamoli,23.768683,90.369085,Uttara,23.870459,90.371887,10.16,60,363,completed,2026-04-27T10:20:20+06:00,True
USR037,01000000037,Demo User 037,UB0000791,2026-05-08T14:54:44+06:00,UberX,Rampura,23.756157,90.41295,Mohakhali,23.787653,90.39093,19.74,37,689,completed,2026-05-08T15:48:44+06:00,True
USR037,01000000037,Demo User 037,UB0000784,2026-05-11T01:38:51+06:00,Moto,Pallabi,23.835673,90.360573,Uttara,23.881911,90.372359,19.17,31,592,ongoing,2026-05-11T02:10:51+06:00,True
USR037,01000000037,Demo User 037,UB0000785,2026-05-13T04:23:10+06:00,Premier,Khilgaon,23.746765,90.421567,Mirpur,23.82123,90.363461,11.67,73,336,completed,2026-05-13T05:39:10+06:00,True
USR037,01000000037,Demo User 037,UB0000787,2026-05-21T15:08:29+06:00,UberX,Wari,23.725619,90.422476,Pallabi,23.822892,90.359413,14.11,15,417,completed,2026-05-21T15:39:29+06:00,True
USR037,01000000037,Demo User 037,UB0000798,2026-05-28T11:22:43+06:00,Moto,Bashundhara,23.809361,90.431071,Motijheel,23.72805,90.413136,11.88,16,391,completed,2026-05-28T11:58:43+06:00,True
USR037,01000000037,Demo User 037,UB0000789,2026-06-08T21:37:14+06:00,Premier,Mohammadpur,23.758648,90.359903,Khilgaon,23.743729,90.430237,20.28,41,430,completed,2026-06-08T22:38:14+06:00,True
USR037,01000000037,Demo User 037,UB0000786,2026-06-12T14:43:41+06:00,Moto,Tejgaon,23.761332,90.388405,Rampura,23.763999,90.422906,9.73,72,236,completed,2026-06-12T15:56:41+06:00,True
USR037,01000000037,Demo User 037,UB0000794,2026-07-01T03:35:13+06:00,UberX,Mohakhali,23.773901,90.404629,Tejgaon,23.759802,90.394799,18.98,15,624,ongoing,2026-07-01T04:08:13+06:00,True
USR037,01000000037,Demo User 037,UB0000783,2026-07-06T14:53:29+06:00,Moto,Mirpur,23.826014,90.370128,Badda,23.774921,90.424208,7.82,25,238,completed,2026-07-06T15:33:29+06:00,True
USR037,01000000037,Demo User 037,UB0000797,2026-07-15T09:01:44+06:00,Moto,Uttara,23.881003,90.374893,Old Dhaka,23.707319,90.410867,23.96,59,730,completed,2026-07-15T10:06:44+06:00,True
USR037,01000000037,Demo User 037,UB0000781,2026-07-21T15:34:06+06:00,UberX,Mohammadpur,23.769203,90.361359,Dhanmondi,23.73871,90.370076,6.52,48,240,completed,2026-07-21T16:25:06+06:00,True
USR037,01000000037,Demo User 037,UB0000792,2026-08-08T11:47:22+06:00,Moto,Uttara,23.874678,90.380549,Tejgaon,23.768784,90.397467,18.96,66,568,completed,2026-08-08T13:03:22+06:00,True
USR038,01000000038,Demo User 038,UB0000815,2026-02-15T23:48:42+06:00,UberX,Dhanmondi,23.749871,90.380849,Bashundhara,23.811015,90.427128,1.67,75,107,completed,2026-02-16T01:19:42+06:00,True
USR038,01000000038,Demo User 038,UB0000807,2026-02-18T23:47:01+06:00,Premier,Old Dhaka,23.716125,90.401297,Khilgaon,23.743998,90.431226,20.77,65,442,completed,2026-02-19T00:54:01+06:00,True
USR038,01000000038,Demo User 038,UB0000804,2026-02-21T13:12:34+06:00,UberX,Wari,23.722953,90.410472,Motijheel,23.72871,90.422488,1.98,29,107,completed,2026-02-21T13:57:34+06:00,True
USR038,01000000038,Demo User 038,UB0000823,2026-02-23T09:19:34+06:00,Moto,Khilgaon,23.745469,90.428712,Rampura,23.760857,90.427133,15.34,25,386,completed,2026-02-23T09:44:34+06:00,True
USR038,01000000038,Demo User 038,UB0000822,2026-02-23T21:08:17+06:00,UberX,Banani,23.786215,90.403738,Gulshan,23.790644,90.401345,23.85,71,742,completed,2026-02-23T22:31:17+06:00,True
USR038,01000000038,Demo User 038,UB0000810,2026-02-23T23:42:04+06:00,UberX,Pallabi,23.823838,90.369088,Mohakhali,23.776923,90.401018,20.19,32,574,completed,2026-02-24T00:33:04+06:00,True
USR038,01000000038,Demo User 038,UB0000818,2026-03-07T12:14:24+06:00,Moto,Mohakhali,23.784429,90.394223,Khilgaon,23.744883,90.427827,12.69,34,414,completed,2026-03-07T12:49:24+06:00,True
USR038,01000000038,Demo User 038,UB0000824,2026-03-10T06:39:31+06:00,Moto,Dhanmondi,23.742993,90.374209,Tejgaon,23.763084,90.394826,6.18,68,221,cancelled_by_driver,2026-03-10T07:49:31+06:00,True
USR038,01000000038,Demo User 038,UB0000816,2026-03-15T13:13:14+06:00,UberX,Dhanmondi,23.74811,90.378452,Motijheel,23.727568,90.41328,1.42,65,97,completed,2026-03-15T14:24:14+06:00,True
USR038,01000000038,Demo User 038,UB0000806,2026-04-03T10:25:56+06:00,Premier,Badda,23.78764,90.434152,Uttara,23.868795,90.373407,15.19,36,500,completed,2026-04-03T11:05:56+06:00,True
USR038,01000000038,Demo User 038,UB0000805,2026-04-06T12:36:15+06:00,Moto,Shyamoli,23.782446,90.370459,Gulshan,23.784809,90.400683,9.82,50,378,completed,2026-04-06T13:46:15+06:00,True
USR038,01000000038,Demo User 038,UB0000811,2026-04-09T08:31:59+06:00,UberX,Mohakhali,23.783804,90.392149,Wari,23.714189,90.41965,23.07,10,699,completed,2026-04-09T08:48:59+06:00,True
USR038,01000000038,Demo User 038,UB0000809,2026-04-17T14:32:20+06:00,Premier,Old Dhaka,23.716713,90.409455,Motijheel,23.733919,90.422403,12.82,71,418,completed,2026-04-17T15:44:20+06:00,True
USR038,01000000038,Demo User 038,UB0000808,2026-05-10T19:35:31+06:00,Moto,Rampura,23.757381,90.426449,Shyamoli,23.767017,90.372455,20.83,44,541,completed,2026-05-10T20:26:31+06:00,True
USR038,01000000038,Demo User 038,UB0000817,2026-05-16T22:56:06+06:00,UberX,Pallabi,23.824356,90.365697,Old Dhaka,23.707375,90.413105,1.45,54,91,completed,2026-05-17T00:07:06+06:00,True
USR038,01000000038,Demo User 038,UB0000813,2026-05-27T15:49:33+06:00,Premier,Khilgaon,23.756929,90.428501,Dhanmondi,23.744254,90.373998,18.77,53,598,completed,2026-05-27T16:55:33+06:00,True
USR038,01000000038,Demo User 038,UB0000819,2026-06-10T10:37:20+06:00,Moto,Mohammadpur,23.758787,90.352492,Pallabi,23.832342,90.35967,2.53,67,102,completed,2026-06-10T11:49:20+06:00,True
USR038,01000000038,Demo User 038,UB0000821,2026-06-21T19:19:19+06:00,UberX,Mirpur,23.829989,90.36153,Mohammadpur,23.76236,90.365698,17.86,8,444,completed,2026-06-21T19:38:19+06:00,True
USR038,01000000038,Demo User 038,UB0000825,2026-06-28T18:18:58+06:00,UberX,Farmgate,23.752773,90.385063,Wari,23.716816,90.420711,14.1,70,364,completed,2026-06-28T19:33:58+06:00,True
USR038,01000000038,Demo User 038,UB0000820,2026-07-04T05:33:22+06:00,Premier,Mohammadpur,23.760973,90.351504,Uttara,23.88259,90.371996,15.15,42,526,completed,2026-07-04T06:20:22+06:00,True
USR038,01000000038,Demo User 038,UB0000803,2026-07-04T07:11:15+06:00,Premier,Mirpur,23.823749,90.365221,Khilgaon,23.744627,90.420748,20.73,14,433,completed,2026-07-04T07:44:15+06:00,True
USR038,01000000038,Demo User 038,UB0000814,2026-07-13T16:34:45+06:00,Premier,Khilgaon,23.747708,90.426704,Mohakhali,23.784947,90.395476,5.16,39,184,completed,2026-07-13T17:14:45+06:00,True
USR038,01000000038,Demo User 038,UB0000812,2026-07-16T10:50:33+06:00,Moto,Khilgaon,23.752628,90.418945,Banani,23.789867,90.400324,10.52,28,251,completed,2026-07-16T11:24:33+06:00,True
USR039,01000000039,Demo User 039,UB0000828,2026-02-11T09:09:45+06:00,UberX,Shyamoli,23.770367,90.372013,Bashundhara,23.813741,90.42192,5.84,69,198,completed,2026-02-11T10:21:45+06:00,True
USR039,01000000039,Demo User 039,UB0000846,2026-02-14T17:32:41+06:00,Moto,Khilgaon,23.747711,90.423236,Wari,23.716963,90.418456,18.78,28,459,cancelled_by_rider,2026-02-14T18:18:41+06:00,True
USR039,01000000039,Demo User 039,UB0000841,2026-02-26T04:42:47+06:00,Premier,Dhanmondi,23.748963,90.378682,Farmgate,23.760337,90.395582,21.08,41,690,cancelled_by_rider,2026-02-26T05:23:47+06:00,True
USR039,01000000039,Demo User 039,UB0000848,2026-03-02T02:30:33+06:00,Moto,Mohakhali,23.77396,90.401194,Uttara,23.878555,90.378935,14.65,40,439,completed,2026-03-02T03:29:33+06:00,True
USR039,01000000039,Demo User 039,UB0000847,2026-03-03T15:02:23+06:00,Premier,Pallabi,23.822756,90.367654,Khilgaon,23.747334,90.417255,14.18,55,373,cancelled_by_rider,2026-03-03T16:06:23+06:00,True
USR039,01000000039,Demo User 039,UB0000835,2026-03-15T08:44:29+06:00,Moto,Mohakhali,23.785041,90.394924,Dhanmondi,23.744959,90.368838,3.16,71,117,cancelled_by_rider,2026-03-15T09:59:29+06:00,True
USR039,01000000039,Demo User 039,UB0000837,2026-03-30T11:41:13+06:00,UberX,Tejgaon,23.759543,90.388571,Farmgate,23.751079,90.383605,3.96,14,144,completed,2026-03-30T12:02:13+06:00,True
USR039,01000000039,Demo User 039,UB0000849,2026-04-03T07:53:05+06:00,Moto,Old Dhaka,23.715108,90.400073,Wari,23.725752,90.424645,11.34,35,433,completed,2026-04-03T08:47:05+06:00,True
USR039,01000000039,Demo User 039,UB0000854,2026-04-08T01:25:04+06:00,Moto,Banani,23.790826,90.413309,Bashundhara,23.81479,90.419137,7.54,14,294,completed,2026-04-08T01:50:04+06:00,True
USR039,01000000039,Demo User 039,UB0000831,2026-04-20T03:09:31+06:00,UberX,Shyamoli,23.776574,90.363671,Badda,23.786539,90.434129,17.16,19,559,completed,2026-04-20T03:46:31+06:00,True
USR039,01000000039,Demo User 039,UB0000833,2026-04-21T21:02:30+06:00,UberX,Pallabi,23.828908,90.35646,Motijheel,23.728489,90.423799,12.66,50,456,completed,2026-04-21T22:00:30+06:00,True
USR039,01000000039,Demo User 039,UB0000850,2026-04-25T17:35:25+06:00,Moto,Old Dhaka,23.717678,90.401018,Farmgate,23.765489,90.397256,6.76,62,241,completed,2026-04-25T18:38:25+06:00,True
USR039,01000000039,Demo User 039,UB0000842,2026-05-02T07:01:16+06:00,Moto,Pallabi,23.829008,90.361766,Banani,23.792459,90.414107,4.28,37,192,completed,2026-05-02T07:48:16+06:00,True
USR039,01000000039,Demo User 039,UB0000836,2026-05-07T14:02:34+06:00,Moto,Motijheel,23.727955,90.421951,Wari,23.725122,90.413025,14.41,52,390,ongoing,2026-05-07T14:56:34+06:00,True
USR039,01000000039,Demo User 039,UB0000834,2026-05-11T01:51:18+06:00,UberX,Rampura,23.758882,90.415056,Khilgaon,23.742774,90.428578,19.88,74,438,completed,2026-05-11T03:19:18+06:00,True
USR039,01000000039,Demo User 039,UB0000832,2026-05-11T05:41:07+06:00,Moto,Badda,23.779247,90.420319,Mirpur,23.822724,90.370638,23.58,32,521,completed,2026-05-11T06:15:07+06:00,True
USR039,01000000039,Demo User 039,UB0000851,2026-05-12T15:53:18+06:00,UberX,Khilgaon,23.744992,90.430139,Old Dhaka,23.716058,90.399575,23.99,55,715,completed,2026-05-12T16:56:18+06:00,True
USR039,01000000039,Demo User 039,UB0000830,2026-05-15T14:13:56+06:00,Premier,Shyamoli,23.779633,90.372039,Mohammadpur,23.772396,90.364099,2.7,68,139,completed,2026-05-15T15:26:56+06:00,True
USR039,01000000039,Demo User 039,UB0000843,2026-05-16T20:20:41+06:00,UberX,Banani,23.794618,90.406472,Pallabi,23.820977,90.357392,17.23,70,469,completed,2026-05-16T21:40:41+06:00,True
USR039,01000000039,Demo User 039,UB0000839,2026-05-21T07:42:56+06:00,Premier,Khilgaon,23.747522,90.427326,Wari,23.716747,90.419715,15.01,12,437,completed,2026-05-21T07:54:56+06:00,True
USR039,01000000039,Demo User 039,UB0000840,2026-05-21T15:41:00+06:00,Premier,Motijheel,23.738908,90.418548,Shyamoli,23.772322,90.371937,10.96,51,261,completed,2026-05-21T16:41:00+06:00,True
USR039,01000000039,Demo User 039,UB0000852,2026-05-24T16:31:08+06:00,Moto,Rampura,23.755917,90.422214,Tejgaon,23.760762,90.396479,15.94,32,539,cancelled_by_driver,2026-05-24T17:06:08+06:00,True
USR039,01000000039,Demo User 039,UB0000844,2026-06-05T07:22:50+06:00,UberX,Tejgaon,23.764545,90.389595,Old Dhaka,23.706447,90.406546,20.65,75,448,completed,2026-06-05T08:43:50+06:00,True
USR039,01000000039,Demo User 039,UB0000838,2026-07-02T14:30:38+06:00,Moto,Mohakhali,23.784391,90.403099,Mirpur,23.814462,90.371586,19.85,9,639,cancelled_by_rider,2026-07-02T14:52:38+06:00,True
USR039,01000000039,Demo User 039,UB0000853,2026-07-03T16:13:09+06:00,Premier,Pallabi,23.832252,90.367422,Bashundhara,23.821069,90.417994,1.75,55,88,completed,2026-07-03T17:10:09+06:00,True
USR039,01000000039,Demo User 039,UB0000829,2026-07-18T20:13:33+06:00,UberX,Khilgaon,23.742992,90.425547,Bashundhara,23.822118,90.425055,5.01,23,168,completed,2026-07-18T20:47:33+06:00,True
USR039,01000000039,Demo User 039,UB0000845,2026-07-30T00:16:11+06:00,Premier,Uttara,23.879992,90.383187,Mirpur,23.829402,90.359269,11.27,60,414,completed,2026-07-30T01:26:11+06:00,True
USR039,01000000039,Demo User 039,UB0000827,2026-07-30T23:08:30+06:00,Premier,Motijheel,23.736843,90.424189,Rampura,23.756265,90.416,2.83,36,134,completed,2026-07-30T23:58:30+06:00,True
USR039,01000000039,Demo User 039,UB0000826,2026-08-03T20:06:53+06:00,Premier,Banani,23.794399,90.411811,Dhanmondi,23.752598,90.380504,2.43,54,106,completed,2026-08-03T21:19:53+06:00,True
USR040,01000000040,Demo User 040,UB0000862,2026-02-13T04:01:02+06:00,UberX,Mohakhali,23.78702,90.397572,Dhanmondi,23.752099,90.380275,9.5,42,364,completed,2026-02-13T04:53:02+06:00,True
USR040,01000000040,Demo User 040,UB0000879,2026-02-15T17:47:52+06:00,UberX,Farmgate,23.755826,90.388767,Bashundhara,23.816849,90.430932,9.28,39,245,completed,2026-02-15T18:39:52+06:00,True
USR040,01000000040,Demo User 040,UB0000881,2026-02-20T15:40:39+06:00,UberX,Pallabi,23.832846,90.370527,Farmgate,23.760803,90.3948,5.71,60,176,completed,2026-02-20T16:43:39+06:00,True
USR040,01000000040,Demo User 040,UB0000880,2026-02-21T10:18:14+06:00,Moto,Shyamoli,23.778933,90.373472,Mohakhali,23.78707,90.396175,18.15,54,559,completed,2026-02-21T11:23:14+06:00,True
USR040,01000000040,Demo User 040,UB0000868,2026-02-23T10:46:01+06:00,Moto,Mohakhali,23.778545,90.390862,Motijheel,23.729027,90.42406,15.17,54,430,completed,2026-02-23T11:49:01+06:00,True
USR040,01000000040,Demo User 040,UB0000864,2026-03-06T12:18:56+06:00,Moto,Khilgaon,23.75789,90.41946,Old Dhaka,23.706048,90.402439,8.22,37,231,completed,2026-03-06T13:05:56+06:00,True
USR040,01000000040,Demo User 040,UB0000869,2026-03-13T02:08:17+06:00,UberX,Mohammadpur,23.762111,90.357112,Banani,23.787582,90.410991,1.39,48,95,completed,2026-03-13T03:10:17+06:00,True
USR040,01000000040,Demo User 040,UB0000855,2026-03-16T20:18:23+06:00,Moto,Shyamoli,23.779719,90.362475,Tejgaon,23.767193,90.389284,4.69,26,167,completed,2026-03-16T20:54:23+06:00,True
USR040,01000000040,Demo User 040,UB0000865,2026-03-23T09:47:27+06:00,UberX,Uttara,23.871923,90.381774,Banani,23.795897,90.413894,19.39,54,553,completed,2026-03-23T10:44:27+06:00,True
USR040,01000000040,Demo User 040,UB0000883,2026-03-28T03:44:27+06:00,UberX,Farmgate,23.753539,90.397066,Wari,23.71998,90.414989,9.47,65,254,completed,2026-03-28T04:50:27+06:00,True
USR040,01000000040,Demo User 040,UB0000871,2026-03-30T00:21:11+06:00,Premier,Khilgaon,23.754029,90.417359,Mohammadpur,23.773138,90.35332,3.4,21,157,completed,2026-03-30T00:43:11+06:00,True
USR040,01000000040,Demo User 040,UB0000882,2026-04-02T19:32:46+06:00,Moto,Wari,23.722357,90.422639,Old Dhaka,23.718099,90.400988,22.13,12,594,completed,2026-04-02T20:00:46+06:00,True
USR040,01000000040,Demo User 040,UB0000876,2026-04-09T09:16:32+06:00,Moto,Motijheel,23.728313,90.41406,Wari,23.711432,90.42394,13.79,44,360,completed,2026-04-09T10:03:32+06:00,True
USR040,01000000040,Demo User 040,UB0000861,2026-04-11T01:52:05+06:00,UberX,Bashundhara,23.815923,90.430303,Wari,23.723538,90.421195,4.53,45,190,completed,2026-04-11T02:57:05+06:00,True
USR040,01000000040,Demo User 040,UB0000877,2026-04-27T02:49:28+06:00,Premier,Badda,23.776735,90.423863,Old Dhaka,23.704862,90.407659,10.68,24,291,completed,2026-04-27T03:31:28+06:00,True
USR040,01000000040,Demo User 040,UB0000875,2026-04-27T14:58:58+06:00,UberX,Mohammadpur,23.764493,90.361066,Dhanmondi,23.7483,90.375655,22.91,68,667,completed,2026-04-27T16:06:58+06:00,True
USR040,01000000040,Demo User 040,UB0000860,2026-04-28T01:59:50+06:00,UberX,Badda,23.782586,90.433531,Shyamoli,23.775568,90.357786,14.38,64,531,completed,2026-04-28T03:15:50+06:00,True
USR040,01000000040,Demo User 040,UB0000878,2026-05-01T20:35:56+06:00,Moto,Rampura,23.763623,90.416099,Bashundhara,23.820105,90.426203,2.46,55,125,cancelled_by_rider,2026-05-01T21:35:56+06:00,True
USR040,01000000040,Demo User 040,UB0000872,2026-05-11T05:20:13+06:00,UberX,Banani,23.789435,90.41425,Bashundhara,23.815997,90.423511,13.22,16,339,completed,2026-05-11T05:36:13+06:00,True
USR040,01000000040,Demo User 040,UB0000884,2026-05-21T09:43:12+06:00,Premier,Dhanmondi,23.739045,90.368337,Farmgate,23.753508,90.388833,13.11,65,351,completed,2026-05-21T11:07:12+06:00,True
USR040,01000000040,Demo User 040,UB0000870,2026-05-30T22:30:36+06:00,Moto,Pallabi,23.830865,90.370681,Bashundhara,23.814198,90.428055,18.88,39,456,ongoing,2026-05-30T23:20:36+06:00,True
USR040,01000000040,Demo User 040,UB0000857,2026-06-09T01:58:03+06:00,UberX,Dhanmondi,23.753441,90.381494,Mohammadpur,23.767865,90.354031,13.17,49,371,completed,2026-06-09T02:53:03+06:00,True
USR040,01000000040,Demo User 040,UB0000863,2026-06-19T17:25:22+06:00,Moto,Farmgate,23.755688,90.390714,Pallabi,23.828155,90.359285,2.27,26,111,completed,2026-06-19T18:00:22+06:00,True
USR040,01000000040,Demo User 040,UB0000866,2026-07-01T19:41:05+06:00,Moto,Motijheel,23.738795,90.424689,Farmgate,23.752586,90.384172,10.84,40,344,completed,2026-07-01T20:35:05+06:00,True
USR040,01000000040,Demo User 040,UB0000867,2026-07-11T20:59:24+06:00,Premier,Mohammadpur,23.767338,90.35699,Shyamoli,23.781973,90.371969,19.44,53,528,completed,2026-07-11T22:12:24+06:00,True
USR040,01000000040,Demo User 040,UB0000858,2026-07-16T17:55:35+06:00,UberX,Mohakhali,23.777953,90.39399,Wari,23.716802,90.413849,8.42,42,243,completed,2026-07-16T18:54:35+06:00,True
USR040,01000000040,Demo User 040,UB0000874,2026-07-26T07:13:07+06:00,Moto,Uttara,23.871397,90.383119,Dhanmondi,23.745781,90.368367,21.95,21,738,completed,2026-07-26T07:52:07+06:00,True
USR040,01000000040,Demo User 040,UB0000873,2026-07-28T05:40:43+06:00,UberX,Badda,23.775062,90.431824,Gulshan,23.799397,90.408519,7.27,14,251,completed,2026-07-28T06:10:43+06:00,True
USR040,01000000040,Demo User 040,UB0000859,2026-07-31T05:37:52+06:00,Premier,Shyamoli,23.782593,90.371278,Badda,23.778064,90.4255,22.16,51,792,completed,2026-07-31T06:28:52+06:00,True
USR040,01000000040,Demo User 040,UB0000856,2026-08-03T06:26:17+06:00,UberX,Shyamoli,23.776741,90.359838,Dhanmondi,23.740821,90.372931,20.95,68,633,completed,2026-08-03T07:38:17+06:00,True
USR041,01000000041,Demo User 041,UB0000899,2026-02-20T18:00:54+06:00,UberX,Pallabi,23.830876,90.363309,Bashundhara,23.812666,90.429528,7.22,25,268,cancelled_by_driver,2026-02-20T18:42:54+06:00,True
USR041,01000000041,Demo User 041,UB0000889,2026-02-24T08:40:17+06:00,Premier,Mohammadpur,23.771696,90.360788,Tejgaon,23.758614,90.38802,1.35,20,90,completed,2026-02-24T09:09:17+06:00,True
USR041,01000000041,Demo User 041,UB0000892,2026-02-26T04:29:04+06:00,Premier,Khilgaon,23.755225,90.421391,Badda,23.786464,90.433214,17.01,56,455,completed,2026-02-26T05:43:04+06:00,True
USR041,01000000041,Demo User 041,UB0000885,2026-03-06T12:37:23+06:00,UberX,Banani,23.789621,90.400754,Shyamoli,23.769229,90.372137,15.63,39,427,completed,2026-03-06T13:16:23+06:00,True
USR041,01000000041,Demo User 041,UB0000887,2026-03-19T00:44:59+06:00,Premier,Gulshan,23.785232,90.411903,Motijheel,23.739002,90.418635,22.02,74,788,completed,2026-03-19T02:15:59+06:00,True
USR041,01000000041,Demo User 041,UB0000886,2026-03-22T23:58:47+06:00,UberX,Mirpur,23.820435,90.367512,Wari,23.722513,90.418557,6.97,65,242,completed,2026-03-23T01:10:47+06:00,True
USR041,01000000041,Demo User 041,UB0000894,2026-03-23T03:14:57+06:00,Moto,Old Dhaka,23.707398,90.400644,Motijheel,23.726657,90.410284,7.57,30,254,completed,2026-03-23T03:46:57+06:00,True
USR041,01000000041,Demo User 041,UB0000901,2026-03-23T20:25:39+06:00,Premier,Farmgate,23.765752,90.394087,Banani,23.796261,90.406243,1.56,54,107,completed,2026-03-23T21:28:39+06:00,True
USR041,01000000041,Demo User 041,UB0000895,2026-05-10T23:15:58+06:00,Moto,Khilgaon,23.751962,90.418365,Badda,23.783537,90.433093,18.35,30,609,completed,2026-05-10T23:47:58+06:00,True
USR041,01000000041,Demo User 041,UB0000896,2026-05-12T10:50:18+06:00,UberX,Dhanmondi,23.748796,90.380396,Uttara,23.882249,90.385638,17.14,19,473,completed,2026-05-12T11:17:18+06:00,True
USR041,01000000041,Demo User 041,UB0000888,2026-06-02T22:02:30+06:00,Moto,Old Dhaka,23.716717,90.403211,Bashundhara,23.822335,90.425528,13.12,34,500,completed,2026-06-02T22:41:30+06:00,True
USR041,01000000041,Demo User 041,UB0000897,2026-06-25T16:10:55+06:00,Moto,Uttara,23.869024,90.377582,Wari,23.716022,90.423367,9.94,43,327,completed,2026-06-25T16:57:55+06:00,True
USR041,01000000041,Demo User 041,UB0000891,2026-07-06T16:07:11+06:00,Moto,Badda,23.779221,90.427113,Uttara,23.879977,90.37193,3.64,32,164,completed,2026-07-06T16:54:11+06:00,True
USR041,01000000041,Demo User 041,UB0000900,2026-07-15T17:33:37+06:00,Moto,Rampura,23.768138,90.425293,Dhanmondi,23.745783,90.376085,16.09,33,347,completed,2026-07-15T18:20:37+06:00,True
USR041,01000000041,Demo User 041,UB0000893,2026-07-15T21:02:49+06:00,UberX,Gulshan,23.786472,90.411032,Khilgaon,23.757863,90.431779,3.99,33,169,completed,2026-07-15T21:39:49+06:00,True
USR041,01000000041,Demo User 041,UB0000890,2026-07-29T09:08:31+06:00,Premier,Uttara,23.876114,90.380164,Gulshan,23.791215,90.413787,5.18,74,206,ongoing,2026-07-29T10:38:31+06:00,True
USR041,01000000041,Demo User 041,UB0000898,2026-08-08T01:47:47+06:00,Premier,Mohakhali,23.783686,90.406488,Gulshan,23.795554,90.41395,23.1,41,659,completed,2026-08-08T02:37:47+06:00,True
USR042,01000000042,Demo User 042,UB0000908,2026-02-15T08:18:35+06:00,UberX,Badda,23.783944,90.421998,Wari,23.71472,90.417061,19.2,36,702,completed,2026-02-15T09:08:35+06:00,True
USR042,01000000042,Demo User 042,UB0000920,2026-02-15T23:20:43+06:00,Moto,Farmgate,23.76302,90.386482,Pallabi,23.829772,90.370494,7.67,24,235,cancelled_by_rider,2026-02-16T00:01:43+06:00,True
USR042,01000000042,Demo User 042,UB0000906,2026-02-21T20:07:01+06:00,Premier,Gulshan,23.798695,90.41546,Pallabi,23.827697,90.363636,14.45,60,450,completed,2026-02-21T21:16:01+06:00,True
USR042,01000000042,Demo User 042,UB0000912,2026-03-06T22:08:01+06:00,Premier,Mohakhali,23.782313,90.392585,Banani,23.788814,90.413802,16.99,44,389,completed,2026-03-06T22:54:01+06:00,True
USR042,01000000042,Demo User 042,UB0000925,2026-03-09T14:35:53+06:00,UberX,Dhanmondi,23.743393,90.370986,Old Dhaka,23.704954,90.401773,23.89,64,584,completed,2026-03-09T15:56:53+06:00,True
USR042,01000000042,Demo User 042,UB0000916,2026-03-11T06:48:59+06:00,UberX,Tejgaon,23.756599,90.392939,Uttara,23.873102,90.383122,18.3,17,510,completed,2026-03-11T07:21:59+06:00,True
USR042,01000000042,Demo User 042,UB0000924,2026-03-26T18:34:05+06:00,Moto,Badda,23.788255,90.427198,Tejgaon,23.758818,90.401648,18.8,53,646,completed,2026-03-26T19:34:05+06:00,True
USR042,01000000042,Demo User 042,UB0000910,2026-04-02T23:35:10+06:00,Moto,Pallabi,23.822736,90.365973,Tejgaon,23.765371,90.396002,3.05,27,137,completed,2026-04-03T00:14:10+06:00,True
USR042,01000000042,Demo User 042,UB0000904,2026-04-30T14:11:18+06:00,Moto,Rampura,23.756167,90.415589,Shyamoli,23.775997,90.358873,21.48,18,746,completed,2026-04-30T14:38:18+06:00,True
USR042,01000000042,Demo User 042,UB0000914,2026-05-01T14:29:50+06:00,Premier,Old Dhaka,23.710137,90.409843,Mohakhali,23.778115,90.403393,6.93,8,208,completed,2026-05-01T14:57:50+06:00,True
USR042,01000000042,Demo User 042,UB0000907,2026-05-03T01:34:48+06:00,UberX,Tejgaon,23.765887,90.397201,Farmgate,23.754825,90.390252,23.71,41,721,completed,2026-05-03T02:16:48+06:00,True
USR042,01000000042,Demo User 042,UB0000918,2026-05-05T23:00:53+06:00,Moto,Khilgaon,23.75469,90.430178,Old Dhaka,23.709622,90.414816,4.39,24,180,completed,2026-05-05T23:29:53+06:00,True
USR042,01000000042,Demo User 042,UB0000903,2026-05-24T04:03:44+06:00,Moto,Rampura,23.763445,90.422715,Uttara,23.878527,90.382426,7.18,62,262,completed,2026-05-24T05:06:44+06:00,True
USR042,01000000042,Demo User 042,UB0000923,2026-05-28T00:35:27+06:00,Premier,Farmgate,23.751555,90.384482,Dhanmondi,23.746946,90.383277,17.93,65,399,completed,2026-05-28T01:46:27+06:00,True
USR042,01000000042,Demo User 042,UB0000902,2026-06-07T00:41:32+06:00,Premier,Farmgate,23.762243,90.38958,Badda,23.782966,90.434245,9.68,40,324,completed,2026-06-07T01:31:32+06:00,True
USR042,01000000042,Demo User 042,UB0000922,2026-06-08T08:42:41+06:00,UberX,Farmgate,23.764225,90.391485,Uttara,23.870124,90.383821,8.41,62,331,completed,2026-06-08T10:04:41+06:00,True
USR042,01000000042,Demo User 042,UB0000915,2026-06-09T09:15:42+06:00,Premier,Farmgate,23.754184,90.388759,Pallabi,23.821683,90.363535,19.72,50,529,completed,2026-06-09T10:15:42+06:00,True
USR042,01000000042,Demo User 042,UB0000917,2026-06-10T04:25:28+06:00,Premier,Badda,23.787726,90.432207,Dhanmondi,23.748756,90.375421,22.15,33,525,completed,2026-06-10T05:14:28+06:00,True
USR042,01000000042,Demo User 042,UB0000919,2026-06-10T17:54:38+06:00,Moto,Farmgate,23.759602,90.38219,Khilgaon,23.756349,90.429717,16.63,20,432,completed,2026-06-10T18:22:38+06:00,True
USR042,01000000042,Demo User 042,UB0000909,2026-06-15T08:05:14+06:00,Premier,Old Dhaka,23.708601,90.401384,Motijheel,23.732491,90.419395,10.76,17,375,completed,2026-06-15T08:28:14+06:00,True
USR042,01000000042,Demo User 042,UB0000905,2026-07-03T17:17:03+06:00,Premier,Mohammadpur,23.772876,90.355202,Farmgate,23.75856,90.384106,9.78,14,262,completed,2026-07-03T17:31:03+06:00,True
USR042,01000000042,Demo User 042,UB0000921,2026-07-04T16:58:10+06:00,UberX,Banani,23.788073,90.407456,Old Dhaka,23.70858,90.408174,6.31,34,254,completed,2026-07-04T17:43:10+06:00,True
USR042,01000000042,Demo User 042,UB0000911,2026-07-28T21:16:49+06:00,Moto,Tejgaon,23.770611,90.390776,Wari,23.721984,90.425431,12.46,49,354,completed,2026-07-28T22:06:49+06:00,True
USR042,01000000042,Demo User 042,UB0000913,2026-07-31T00:11:17+06:00,UberX,Tejgaon,23.75942,90.396586,Khilgaon,23.74797,90.417346,16.6,22,472,completed,2026-07-31T00:43:17+06:00,True
USR043,01000000043,Demo User 043,UB0000943,2026-02-13T17:28:29+06:00,Moto,Bashundhara,23.817373,90.421821,Rampura,23.760747,90.426265,13.67,47,364,ongoing,2026-02-13T18:23:29+06:00,True
USR043,01000000043,Demo User 043,UB0000944,2026-03-01T14:53:31+06:00,Premier,Farmgate,23.754174,90.384832,Bashundhara,23.811539,90.422589,13.28,58,316,completed,2026-03-01T15:55:31+06:00,True
USR043,01000000043,Demo User 043,UB0000927,2026-03-25T13:19:42+06:00,Premier,Banani,23.789365,90.411024,Rampura,23.757331,90.412996,3.54,13,166,cancelled_by_rider,2026-03-25T13:43:42+06:00,True
USR043,01000000043,Demo User 043,UB0000928,2026-03-25T22:55:22+06:00,UberX,Uttara,23.875329,90.373966,Mohakhali,23.782942,90.405928,12.36,44,393,completed,2026-03-25T23:57:22+06:00,True
USR043,01000000043,Demo User 043,UB0000933,2026-04-06T04:16:47+06:00,Premier,Mohammadpur,23.761728,90.361854,Tejgaon,23.761543,90.391609,7.2,72,292,completed,2026-04-06T05:38:47+06:00,True
USR043,01000000043,Demo User 043,UB0000942,2026-04-13T06:05:47+06:00,Premier,Khilgaon,23.757797,90.432496,Old Dhaka,23.715211,90.406079,2.44,34,129,completed,2026-04-13T06:50:47+06:00,True
USR043,01000000043,Demo User 043,UB0000937,2026-04-21T21:05:46+06:00,Moto,Pallabi,23.830654,90.369094,Dhanmondi,23.748104,90.378474,5.55,66,203,completed,2026-04-21T22:25:46+06:00,True
USR043,01000000043,Demo User 043,UB0000934,2026-04-22T02:41:15+06:00,Moto,Wari,23.712145,90.417907,Mohakhali,23.773212,90.403155,23.35,13,630,completed,2026-04-22T03:09:15+06:00,True
USR043,01000000043,Demo User 043,UB0000936,2026-04-22T04:06:54+06:00,Premier,Pallabi,23.833493,90.356803,Uttara,23.875101,90.380105,13.22,11,457,completed,2026-04-22T04:34:54+06:00,True
USR043,01000000043,Demo User 043,UB0000940,2026-04-28T16:37:40+06:00,UberX,Shyamoli,23.768808,90.372112,Mohammadpur,23.769278,90.353261,15.34,43,496,completed,2026-04-28T17:33:40+06:00,True
USR043,01000000043,Demo User 043,UB0000939,2026-05-07T06:41:16+06:00,UberX,Pallabi,23.823261,90.368942,Bashundhara,23.810362,90.422805,12.24,9,453,cancelled_by_driver,2026-05-07T07:07:16+06:00,True
USR043,01000000043,Demo User 043,UB0000935,2026-05-13T18:17:42+06:00,Premier,Mohakhali,23.786497,90.390837,Gulshan,23.786407,90.409514,7.47,21,241,completed,2026-05-13T18:55:42+06:00,True
USR043,01000000043,Demo User 043,UB0000938,2026-05-22T06:29:22+06:00,Moto,Rampura,23.764882,90.427602,Old Dhaka,23.704777,90.403955,2.1,72,124,completed,2026-05-22T07:51:22+06:00,True
USR043,01000000043,Demo User 043,UB0000929,2026-05-25T01:23:09+06:00,Moto,Tejgaon,23.771199,90.386548,Bashundhara,23.811376,90.424315,1.63,39,102,cancelled_by_rider,2026-05-25T02:12:09+06:00,True
USR043,01000000043,Demo User 043,UB0000941,2026-05-29T19:32:00+06:00,UberX,Uttara,23.870571,90.380413,Farmgate,23.762102,90.386983,23.1,36,648,completed,2026-05-29T20:08:00+06:00,True
USR043,01000000043,Demo User 043,UB0000930,2026-06-14T08:18:51+06:00,Premier,Dhanmondi,23.753613,90.378144,Gulshan,23.799809,90.411482,12.11,71,310,completed,2026-06-14T09:43:51+06:00,True
USR043,01000000043,Demo User 043,UB0000932,2026-07-21T01:22:49+06:00,Moto,Bashundhara,23.811508,90.431798,Pallabi,23.822419,90.358829,23.16,69,781,completed,2026-07-21T02:51:49+06:00,True
USR043,01000000043,Demo User 043,UB0000931,2026-07-30T04:21:28+06:00,UberX,Rampura,23.759883,90.420873,Khilgaon,23.753367,90.42134,12.81,49,390,cancelled_by_rider,2026-07-30T05:11:28+06:00,True
USR043,01000000043,Demo User 043,UB0000926,2026-08-06T23:58:22+06:00,Premier,Badda,23.774793,90.431012,Mirpur,23.82539,90.366175,6.64,42,235,completed,2026-08-07T00:58:22+06:00,True
USR044,01000000044,Demo User 044,UB0000962,2026-02-22T17:17:26+06:00,Moto,Motijheel,23.739162,90.417895,Mirpur,23.829475,90.364114,10.82,62,416,completed,2026-02-22T18:19:26+06:00,True
USR044,01000000044,Demo User 044,UB0000957,2026-02-24T07:29:51+06:00,Moto,Khilgaon,23.755138,90.429947,Mirpur,23.817788,90.372645,10.45,74,331,completed,2026-02-24T08:55:51+06:00,True
USR044,01000000044,Demo User 044,UB0000956,2026-03-11T00:26:24+06:00,UberX,Old Dhaka,23.702828,90.401735,Shyamoli,23.768132,90.365833,13.57,65,416,completed,2026-03-11T01:48:24+06:00,True
USR044,01000000044,Demo User 044,UB0000960,2026-03-25T02:18:02+06:00,Premier,Shyamoli,23.780906,90.357984,Bashundhara,23.822113,90.425794,12.93,19,307,completed,2026-03-25T02:41:02+06:00,True
USR044,01000000044,Demo User 044,UB0000946,2026-04-02T06:47:51+06:00,UberX,Mohammadpur,23.763964,90.3584,Khilgaon,23.745505,90.417767,7.9,40,287,completed,2026-04-02T07:40:51+06:00,True
USR044,01000000044,Demo User 044,UB0000954,2026-04-03T14:13:28+06:00,UberX,Motijheel,23.736092,90.415139,Uttara,23.874972,90.38614,10.77,54,402,cancelled_by_driver,2026-04-03T15:24:28+06:00,True
USR044,01000000044,Demo User 044,UB0000945,2026-04-14T06:45:22+06:00,UberX,Pallabi,23.825415,90.368501,Old Dhaka,23.714498,90.403154,18.25,47,590,completed,2026-04-14T07:50:22+06:00,True
USR044,01000000044,Demo User 044,UB0000952,2026-04-14T07:29:44+06:00,UberX,Mohakhali,23.783854,90.39162,Uttara,23.882185,90.38639,11.42,67,362,completed,2026-04-14T08:45:44+06:00,True
USR044,01000000044,Demo User 044,UB0000959,2026-04-16T07:25:56+06:00,UberX,Rampura,23.760425,90.413264,Farmgate,23.763366,90.392041,1.71,28,98,completed,2026-04-16T07:53:56+06:00,True
USR044,01000000044,Demo User 044,UB0000947,2026-04-30T03:33:14+06:00,Premier,Farmgate,23.759577,90.392516,Wari,23.715402,90.422791,11.39,25,297,completed,2026-04-30T04:12:14+06:00,True
USR044,01000000044,Demo User 044,UB0000951,2026-04-30T10:15:43+06:00,UberX,Motijheel,23.73375,90.421745,Khilgaon,23.746652,90.423646,5.07,14,217,completed,2026-04-30T10:42:43+06:00,True
USR044,01000000044,Demo User 044,UB0000948,2026-06-03T22:39:34+06:00,UberX,Tejgaon,23.764484,90.389668,Bashundhara,23.821116,90.41899,23.91,28,750,completed,2026-06-03T23:16:34+06:00,True
USR044,01000000044,Demo User 044,UB0000950,2026-07-04T06:05:37+06:00,Premier,Uttara,23.86958,90.37176,Shyamoli,23.777682,90.367258,6.07,48,181,cancelled_by_driver,2026-07-04T07:09:37+06:00,True
USR044,01000000044,Demo User 044,UB0000958,2026-07-08T19:06:02+06:00,UberX,Khilgaon,23.756282,90.423015,Gulshan,23.792665,90.399936,7.45,38,259,cancelled_by_rider,2026-07-08T19:52:02+06:00,True
USR044,01000000044,Demo User 044,UB0000963,2026-07-21T17:36:18+06:00,Moto,Badda,23.784744,90.424369,Wari,23.720324,90.411361,10.03,37,246,completed,2026-07-21T18:32:18+06:00,True
USR044,01000000044,Demo User 044,UB0000961,2026-07-23T00:11:29+06:00,Moto,Mohammadpur,23.760727,90.363596,Uttara,23.877347,90.383755,13.91,18,368,completed,2026-07-23T00:38:29+06:00,True
USR044,01000000044,Demo User 044,UB0000953,2026-07-24T20:05:17+06:00,UberX,Khilgaon,23.75253,90.422477,Shyamoli,23.768223,90.358839,2.37,68,109,cancelled_by_driver,2026-07-24T21:22:17+06:00,True
USR044,01000000044,Demo User 044,UB0000949,2026-07-26T07:41:12+06:00,Premier,Banani,23.797452,90.401628,Old Dhaka,23.710825,90.406989,5.89,12,200,completed,2026-07-26T08:04:12+06:00,True
USR044,01000000044,Demo User 044,UB0000955,2026-08-08T13:44:37+06:00,Premier,Old Dhaka,23.716042,90.401837,Rampura,23.755568,90.420445,14.83,27,352,completed,2026-08-08T14:15:37+06:00,True
USR045,01000000045,Demo User 045,UB0000968,2026-02-20T03:42:57+06:00,UberX,Gulshan,23.792956,90.404275,Mohammadpur,23.759808,90.362285,8.6,40,283,completed,2026-02-20T04:34:57+06:00,True
USR045,01000000045,Demo User 045,UB0000965,2026-02-22T00:04:39+06:00,Moto,Gulshan,23.79935,90.408692,Mohakhali,23.775569,90.391918,2.45,64,122,completed,2026-02-22T01:19:39+06:00,True
USR045,01000000045,Demo User 045,UB0000973,2026-02-22T17:28:39+06:00,Moto,Pallabi,23.835637,90.360132,Mirpur,23.817111,90.365166,15.42,56,466,completed,2026-02-22T18:26:39+06:00,True
USR045,01000000045,Demo User 045,UB0000975,2026-03-13T16:01:54+06:00,UberX,Dhanmondi,23.747671,90.374292,Shyamoli,23.778494,90.365516,8.17,75,266,completed,2026-03-13T17:28:54+06:00,True
USR045,01000000045,Demo User 045,UB0000966,2026-03-24T05:46:58+06:00,UberX,Mohammadpur,23.762659,90.364729,Mohakhali,23.785667,90.404957,20.13,32,458,completed,2026-03-24T06:38:58+06:00,True
USR045,01000000045,Demo User 045,UB0000969,2026-03-24T15:37:55+06:00,Premier,Old Dhaka,23.707009,90.409972,Farmgate,23.755273,90.391466,1.8,72,92,completed,2026-03-24T17:08:55+06:00,True
USR045,01000000045,Demo User 045,UB0000964,2026-03-29T10:23:45+06:00,UberX,Badda,23.772792,90.431576,Old Dhaka,23.710222,90.413124,18.67,58,395,completed,2026-03-29T11:21:45+06:00,True
USR045,01000000045,Demo User 045,UB0000978,2026-04-08T09:02:10+06:00,Moto,Khilgaon,23.750342,90.429659,Mohakhali,23.783183,90.39809,22.98,16,738,cancelled_by_driver,2026-04-08T09:31:10+06:00,True
USR045,01000000045,Demo User 045,UB0000984,2026-04-24T09:51:25+06:00,Moto,Uttara,23.872919,90.376856,Banani,23.789737,90.403798,8.61,50,275,completed,2026-04-24T10:48:25+06:00,True
USR045,01000000045,Demo User 045,UB0000976,2026-05-03T18:37:12+06:00,Moto,Rampura,23.764941,90.413615,Banani,23.795861,90.405426,4.02,71,149,completed,2026-05-03T19:50:12+06:00,True
USR045,01000000045,Demo User 045,UB0000982,2026-05-11T10:58:32+06:00,UberX,Old Dhaka,23.705101,90.405323,Banani,23.790422,90.405714,22.06,40,543,completed,2026-05-11T11:40:32+06:00,True
USR045,01000000045,Demo User 045,UB0000970,2026-05-24T20:33:17+06:00,UberX,Mohammadpur,23.773414,90.363814,Gulshan,23.796567,90.406571,13.97,50,423,completed,2026-05-24T21:39:17+06:00,True
USR045,01000000045,Demo User 045,UB0000981,2026-05-27T08:12:02+06:00,UberX,Mohakhali,23.777293,90.403767,Badda,23.784058,90.421065,7.94,70,238,cancelled_by_driver,2026-05-27T09:24:02+06:00,True
USR045,01000000045,Demo User 045,UB0000967,2026-06-13T12:40:48+06:00,UberX,Mirpur,23.823297,90.36018,Rampura,23.765086,90.421124,7.54,51,283,completed,2026-06-13T13:41:48+06:00,True
USR045,01000000045,Demo User 045,UB0000977,2026-06-15T17:53:44+06:00,Premier,Tejgaon,23.766459,90.398886,Motijheel,23.725377,90.41566,3.85,20,147,completed,2026-06-15T18:23:44+06:00,True
USR045,01000000045,Demo User 045,UB0000974,2026-06-23T10:35:32+06:00,UberX,Uttara,23.872763,90.372382,Banani,23.798507,90.403159,23.35,68,845,completed,2026-06-23T12:02:32+06:00,True
USR045,01000000045,Demo User 045,UB0000972,2026-06-25T12:11:14+06:00,Moto,Shyamoli,23.779509,90.365492,Khilgaon,23.752203,90.431353,5.48,9,227,completed,2026-06-25T12:34:14+06:00,True
USR045,01000000045,Demo User 045,UB0000971,2026-06-29T06:07:28+06:00,Moto,Old Dhaka,23.706458,90.40292,Khilgaon,23.746009,90.421498,19.17,75,588,completed,2026-06-29T07:37:28+06:00,True
USR045,01000000045,Demo User 045,UB0000980,2026-07-09T20:33:42+06:00,Moto,Pallabi,23.822847,90.369277,Shyamoli,23.774505,90.365607,8.09,15,229,completed,2026-07-09T20:54:42+06:00,True
USR045,01000000045,Demo User 045,UB0000983,2026-07-15T19:15:44+06:00,Moto,Badda,23.773603,90.419426,Shyamoli,23.775382,90.35823,19.13,71,599,completed,2026-07-15T20:35:44+06:00,True
USR045,01000000045,Demo User 045,UB0000979,2026-07-24T08:20:15+06:00,UberX,Khilgaon,23.74967,90.418207,Dhanmondi,23.745127,90.378796,7.53,56,273,completed,2026-07-24T09:36:15+06:00,True
USR046,01000000046,Demo User 046,UB0000994,2026-02-20T16:36:30+06:00,Premier,Mohakhali,23.782676,90.395796,Gulshan,23.796528,90.405862,9.98,37,299,completed,2026-02-20T17:19:30+06:00,True
USR046,01000000046,Demo User 046,UB0000997,2026-02-26T02:48:39+06:00,Moto,Old Dhaka,23.711114,90.404436,Rampura,23.766465,90.416837,2.83,39,145,completed,2026-02-26T03:47:39+06:00,True
USR046,01000000046,Demo User 046,UB0000993,2026-03-23T09:22:36+06:00,Moto,Banani,23.786685,90.404808,Mohammadpur,23.769987,90.353657,4.25,39,164,completed,2026-03-23T10:16:36+06:00,True
USR046,01000000046,Demo User 046,UB0001007,2026-03-24T11:06:48+06:00,Moto,Uttara,23.868312,90.372848,Khilgaon,23.758139,90.431577,17.48,65,522,completed,2026-03-24T12:15:48+06:00,True
USR046,01000000046,Demo User 046,UB0000986,2026-04-04T16:17:33+06:00,Moto,Bashundhara,23.81879,90.419197,Rampura,23.767486,90.419987,19.99,59,722,completed,2026-04-04T17:30:33+06:00,True
USR046,01000000046,Demo User 046,UB0000990,2026-04-16T03:50:24+06:00,Moto,Pallabi,23.825895,90.369301,Tejgaon,23.771127,90.397208,8.98,42,241,completed,2026-04-16T04:34:24+06:00,True
USR046,01000000046,Demo User 046,UB0001004,2026-04-17T04:53:03+06:00,UberX,Mohammadpur,23.767181,90.366202,Uttara,23.869925,90.382574,4.38,56,143,completed,2026-04-17T06:00:03+06:00,True
USR046,01000000046,Demo User 046,UB0000995,2026-04-19T08:32:44+06:00,Premier,Uttara,23.872969,90.383243,Dhanmondi,23.742464,90.374476,22.07,73,616,completed,2026-04-19T09:52:44+06:00,True
USR046,01000000046,Demo User 046,UB0000988,2026-04-20T10:30:13+06:00,Premier,Motijheel,23.73775,90.413581,Badda,23.777313,90.427408,15.38,56,500,completed,2026-04-20T11:30:13+06:00,True
USR046,01000000046,Demo User 046,UB0001005,2026-05-19T09:55:33+06:00,UberX,Bashundhara,23.822123,90.427829,Mohammadpur,23.759489,90.359494,20.21,22,687,completed,2026-05-19T10:37:33+06:00,True
USR046,01000000046,Demo User 046,UB0001000,2026-05-19T13:35:31+06:00,Moto,Farmgate,23.765575,90.396127,Motijheel,23.739409,90.413518,2.89,24,142,completed,2026-05-19T14:07:31+06:00,True
USR046,01000000046,Demo User 046,UB0001006,2026-05-22T13:59:32+06:00,UberX,Mohammadpur,23.759594,90.359303,Badda,23.780122,90.423051,1.56,50,95,completed,2026-05-22T14:52:32+06:00,True
USR046,01000000046,Demo User 046,UB0000987,2026-05-27T21:42:18+06:00,Premier,Dhanmondi,23.748024,90.378391,Shyamoli,23.780885,90.362032,8.77,45,257,completed,2026-05-27T22:32:18+06:00,True
USR046,01000000046,Demo User 046,UB0001008,2026-05-29T23:54:41+06:00,Premier,Gulshan,23.79016,90.41474,Mohakhali,23.781321,90.399928,11.58,49,369,completed,2026-05-30T00:55:41+06:00,True
USR046,01000000046,Demo User 046,UB0000985,2026-06-02T16:36:22+06:00,UberX,Tejgaon,23.757778,90.398736,Dhanmondi,23.738568,90.368279,6.15,47,170,completed,2026-06-02T17:43:22+06:00,True
USR046,01000000046,Demo User 046,UB0000991,2026-06-17T04:15:24+06:00,UberX,Mohammadpur,23.758192,90.352815,Gulshan,23.797584,90.414458,5.43,36,171,completed,2026-06-17T04:52:24+06:00,True
USR046,01000000046,Demo User 046,UB0000998,2026-06-26T00:43:50+06:00,Moto,Gulshan,23.791514,90.406383,Mirpur,23.815328,90.368002,20.99,59,457,completed,2026-06-26T01:49:50+06:00,True
USR046,01000000046,Demo User 046,UB0000989,2026-06-26T16:34:46+06:00,Premier,Gulshan,23.793174,90.403286,Mirpur,23.815461,90.365808,5.26,8,219,completed,2026-06-26T16:56:46+06:00,True
USR046,01000000046,Demo User 046,UB0001001,2026-07-01T17:30:58+06:00,UberX,Pallabi,23.825829,90.369898,Mirpur,23.820713,90.364056,19.31,38,623,completed,2026-07-01T18:25:58+06:00,True
USR046,01000000046,Demo User 046,UB0000999,2026-07-16T09:11:23+06:00,Moto,Rampura,23.758544,90.42056,Dhanmondi,23.740508,90.377313,17.96,52,483,completed,2026-07-16T10:11:23+06:00,True
USR046,01000000046,Demo User 046,UB0001003,2026-07-21T00:19:15+06:00,UberX,Old Dhaka,23.708862,90.411591,Bashundhara,23.81226,90.422401,7.85,13,242,completed,2026-07-21T00:38:15+06:00,True
USR046,01000000046,Demo User 046,UB0000992,2026-07-24T16:35:18+06:00,UberX,Shyamoli,23.776312,90.361334,Motijheel,23.73415,90.417389,10.43,10,405,completed,2026-07-24T16:45:18+06:00,True
USR046,01000000046,Demo User 046,UB0001002,2026-07-28T03:43:59+06:00,Premier,Pallabi,23.825118,90.371169,Dhanmondi,23.753242,90.382152,5.47,65,239,completed,2026-07-28T05:04:59+06:00,True
USR046,01000000046,Demo User 046,UB0000996,2026-07-31T17:43:17+06:00,Moto,Shyamoli,23.776742,90.36221,Bashundhara,23.81873,90.423222,21.11,23,762,completed,2026-07-31T18:20:17+06:00,True
USR046,01000000046,Demo User 046,UB0001009,2026-08-07T21:54:23+06:00,UberX,Wari,23.718046,90.418107,Motijheel,23.739998,90.410784,21.04,32,558,completed,2026-08-07T22:29:23+06:00,True
USR047,01000000047,Demo User 047,UB0001032,2026-02-14T22:34:21+06:00,Premier,Pallabi,23.829171,90.371241,Gulshan,23.79015,90.408203,4.54,17,193,completed,2026-02-14T22:55:21+06:00,True
USR047,01000000047,Demo User 047,UB0001018,2026-03-07T04:01:31+06:00,UberX,Shyamoli,23.768776,90.37071,Khilgaon,23.746506,90.425691,17.59,57,637,completed,2026-03-07T05:18:31+06:00,True
USR047,01000000047,Demo User 047,UB0001013,2026-03-18T10:27:11+06:00,Moto,Rampura,23.761824,90.415134,Motijheel,23.736819,90.411258,15.58,38,546,completed,2026-03-18T11:18:11+06:00,True
USR047,01000000047,Demo User 047,UB0001026,2026-03-30T22:57:26+06:00,UberX,Uttara,23.870914,90.386759,Badda,23.784518,90.428637,6.15,60,172,completed,2026-03-31T00:02:26+06:00,True
USR047,01000000047,Demo User 047,UB0001021,2026-04-03T02:44:44+06:00,Premier,Pallabi,23.830696,90.363169,Motijheel,23.736555,90.412016,4.49,31,175,completed,2026-04-03T03:27:44+06:00,True
USR047,01000000047,Demo User 047,UB0001028,2026-04-05T01:59:40+06:00,Premier,Wari,23.723915,90.418608,Shyamoli,23.782374,90.361296,13.06,42,424,completed,2026-04-05T02:47:40+06:00,True
USR047,01000000047,Demo User 047,UB0001022,2026-04-14T02:37:00+06:00,Moto,Banani,23.792152,90.406704,Tejgaon,23.768976,90.388931,17.37,48,379,completed,2026-04-14T03:37:00+06:00,True
USR047,01000000047,Demo User 047,UB0001024,2026-04-19T06:39:32+06:00,Premier,Mohammadpur,23.760888,90.366336,Rampura,23.760677,90.413231,23.8,71,521,completed,2026-04-19T07:50:32+06:00,True
USR047,01000000047,Demo User 047,UB0001019,2026-05-08T07:58:51+06:00,Moto,Mirpur,23.816541,90.372087,Uttara,23.870382,90.378365,19.82,73,473,cancelled_by_driver,2026-05-08T09:12:51+06:00,True
USR047,01000000047,Demo User 047,UB0001023,2026-05-14T22:33:52+06:00,Moto,Old Dhaka,23.712806,90.403324,Wari,23.715675,90.413694,3.66,11,126,completed,2026-05-14T22:48:52+06:00,True
USR047,01000000047,Demo User 047,UB0001015,2026-05-21T22:20:28+06:00,Premier,Mirpur,23.820839,90.370666,Badda,23.773957,90.418841,22.19,32,660,completed,2026-05-21T23:11:28+06:00,True
USR047,01000000047,Demo User 047,UB0001029,2026-06-02T20:23:28+06:00,Moto,Badda,23.775358,90.426475,Mirpur,23.822752,90.369649,19.63,51,447,completed,2026-06-02T21:23:28+06:00,True
USR047,01000000047,Demo User 047,UB0001014,2026-06-05T10:26:50+06:00,Premier,Khilgaon,23.756785,90.425706,Pallabi,23.824295,90.361911,23.14,66,647,completed,2026-06-05T11:34:50+06:00,True
USR047,01000000047,Demo User 047,UB0001017,2026-06-11T02:42:22+06:00,Premier,Shyamoli,23.77947,90.365693,Mohammadpur,23.771646,90.359109,13.19,67,427,completed,2026-06-11T03:56:22+06:00,True
USR047,01000000047,Demo User 047,UB0001010,2026-06-18T19:23:58+06:00,Premier,Mirpur,23.827084,90.363062,Uttara,23.87411,90.386357,7.62,62,210,completed,2026-06-18T20:43:58+06:00,True
USR047,01000000047,Demo User 047,UB0001012,2026-06-22T01:10:08+06:00,Moto,Dhanmondi,23.746005,90.372081,Pallabi,23.820806,90.363736,8.74,73,268,completed,2026-06-22T02:37:08+06:00,True
USR047,01000000047,Demo User 047,UB0001011,2026-06-29T17:19:41+06:00,UberX,Mohammadpur,23.764058,90.351102,Shyamoli,23.77969,90.373644,23.95,12,659,ongoing,2026-06-29T17:37:41+06:00,True
USR047,01000000047,Demo User 047,UB0001020,2026-07-13T04:54:41+06:00,Premier,Khilgaon,23.751661,90.426407,Banani,23.789446,90.409641,21.6,11,515,completed,2026-07-13T05:15:41+06:00,True
USR047,01000000047,Demo User 047,UB0001027,2026-07-14T05:43:58+06:00,UberX,Motijheel,23.733971,90.412061,Wari,23.71336,90.421897,12.88,32,358,completed,2026-07-14T06:28:58+06:00,True
USR047,01000000047,Demo User 047,UB0001031,2026-07-14T10:16:48+06:00,Premier,Bashundhara,23.822779,90.42667,Old Dhaka,23.708933,90.408076,5.41,70,166,completed,2026-07-14T11:30:48+06:00,True
USR047,01000000047,Demo User 047,UB0001030,2026-07-27T15:32:38+06:00,UberX,Banani,23.793979,90.401631,Badda,23.780124,90.427069,13.68,44,383,completed,2026-07-27T16:22:38+06:00,True
USR047,01000000047,Demo User 047,UB0001025,2026-07-28T21:05:04+06:00,Moto,Banani,23.794171,90.399024,Pallabi,23.826845,90.371075,22.47,64,752,completed,2026-07-28T22:23:04+06:00,True
USR047,01000000047,Demo User 047,UB0001016,2026-08-05T17:50:42+06:00,Moto,Motijheel,23.726433,90.422834,Wari,23.719668,90.413906,12.33,35,376,completed,2026-08-05T18:44:42+06:00,True
USR048,01000000048,Demo User 048,UB0001041,2026-02-10T07:37:48+06:00,Moto,Uttara,23.875487,90.385537,Motijheel,23.725499,90.424596,23.22,31,494,completed,2026-02-10T08:25:48+06:00,True
USR048,01000000048,Demo User 048,UB0001049,2026-02-11T07:47:46+06:00,Moto,Pallabi,23.830586,90.367423,Khilgaon,23.744098,90.427497,21.11,35,678,completed,2026-02-11T08:26:46+06:00,True
USR048,01000000048,Demo User 048,UB0001036,2026-02-17T14:15:04+06:00,UberX,Pallabi,23.827763,90.361414,Khilgaon,23.747245,90.420111,4.46,70,185,completed,2026-02-17T15:43:04+06:00,True
USR048,01000000048,Demo User 048,UB0001048,2026-02-23T03:41:38+06:00,Premier,Motijheel,23.731446,90.417031,Mohakhali,23.773716,90.395827,14.91,21,445,completed,2026-02-23T04:21:38+06:00,True
USR048,01000000048,Demo User 048,UB0001046,2026-02-27T16:15:39+06:00,Premier,Mohakhali,23.779515,90.392665,Khilgaon,23.746677,90.42169,2.86,44,119,completed,2026-02-27T17:02:39+06:00,True
USR048,01000000048,Demo User 048,UB0001044,2026-03-15T03:04:35+06:00,Premier,Bashundhara,23.822004,90.41784,Banani,23.792854,90.414516,5.31,36,197,completed,2026-03-15T03:58:35+06:00,True
USR048,01000000048,Demo User 048,UB0001034,2026-04-10T11:41:10+06:00,UberX,Rampura,23.766645,90.419579,Khilgaon,23.74665,90.425469,10.13,18,242,completed,2026-04-10T11:59:10+06:00,True
USR048,01000000048,Demo User 048,UB0001040,2026-04-20T20:14:49+06:00,Premier,Mohakhali,23.776873,90.401348,Badda,23.775581,90.432487,20.18,49,534,completed,2026-04-20T21:23:49+06:00,True
USR048,01000000048,Demo User 048,UB0001045,2026-04-23T23:17:44+06:00,UberX,Old Dhaka,23.708285,90.412323,Wari,23.712418,90.409944,9.64,32,245,completed,2026-04-23T23:51:44+06:00,True
USR048,01000000048,Demo User 048,UB0001042,2026-04-27T12:34:24+06:00,Moto,Mirpur,23.814896,90.366122,Shyamoli,23.777694,90.369569,14.14,28,483,cancelled_by_driver,2026-04-27T13:11:24+06:00,True
USR048,01000000048,Demo User 048,UB0001043,2026-05-22T16:21:16+06:00,UberX,Khilgaon,23.747656,90.42107,Old Dhaka,23.705903,90.405872,8.88,21,247,completed,2026-05-22T16:56:16+06:00,True
USR048,01000000048,Demo User 048,UB0001039,2026-05-28T03:36:57+06:00,Premier,Uttara,23.873093,90.377816,Shyamoli,23.781405,90.367893,6.21,42,219,completed,2026-05-28T04:22:57+06:00,True
USR048,01000000048,Demo User 048,UB0001038,2026-05-29T22:52:33+06:00,UberX,Wari,23.716361,90.416,Mohammadpur,23.76759,90.358863,17.21,29,492,completed,2026-05-29T23:37:33+06:00,True
USR048,01000000048,Demo User 048,UB0001033,2026-05-31T06:01:54+06:00,UberX,Mohakhali,23.782438,90.401891,Shyamoli,23.766869,90.358291,13.69,49,403,completed,2026-05-31T07:10:54+06:00,True
USR048,01000000048,Demo User 048,UB0001047,2026-06-22T20:30:51+06:00,Premier,Dhanmondi,23.746102,90.376378,Old Dhaka,23.711885,90.400146,22.19,33,466,completed,2026-06-22T21:12:51+06:00,True
USR048,01000000048,Demo User 048,UB0001035,2026-07-03T20:23:49+06:00,UberX,Khilgaon,23.753008,90.429063,Gulshan,23.787922,90.408674,16.24,64,451,cancelled_by_rider,2026-07-03T21:40:49+06:00,True
USR048,01000000048,Demo User 048,UB0001037,2026-07-20T16:02:41+06:00,UberX,Farmgate,23.76425,90.39699,Gulshan,23.784739,90.412643,4.51,21,158,completed,2026-07-20T16:35:41+06:00,True
USR049,01000000049,Demo User 049,UB0001063,2026-02-10T20:32:08+06:00,UberX,Rampura,23.760572,90.426906,Khilgaon,23.755736,90.418353,10.64,11,360,completed,2026-02-10T20:57:08+06:00,True
USR049,01000000049,Demo User 049,UB0001066,2026-02-18T05:05:39+06:00,Premier,Badda,23.774781,90.43287,Rampura,23.75902,90.426834,15.55,53,391,completed,2026-02-18T06:16:39+06:00,True
USR049,01000000049,Demo User 049,UB0001074,2026-02-19T20:24:46+06:00,UberX,Bashundhara,23.813817,90.429814,Pallabi,23.824599,90.368283,13.38,66,410,completed,2026-02-19T21:39:46+06:00,True
USR049,01000000049,Demo User 049,UB0001062,2026-02-23T22:35:02+06:00,Premier,Badda,23.772849,90.425365,Khilgaon,23.743283,90.418617,21.21,15,516,completed,2026-02-23T22:53:02+06:00,True
USR049,01000000049,Demo User 049,UB0001071,2026-02-25T03:48:35+06:00,Premier,Khilgaon,23.753248,90.423983,Farmgate,23.76477,90.390615,12.76,31,368,completed,2026-02-25T04:23:35+06:00,True
USR049,01000000049,Demo User 049,UB0001051,2026-03-03T13:40:05+06:00,UberX,Mirpur,23.821389,90.370536,Farmgate,23.762282,90.389147,23.7,30,793,completed,2026-03-03T14:22:05+06:00,True
USR049,01000000049,Demo User 049,UB0001072,2026-03-04T22:11:01+06:00,Moto,Old Dhaka,23.716529,90.406619,Shyamoli,23.778918,90.366272,7.4,18,249,completed,2026-03-04T22:29:01+06:00,True
USR049,01000000049,Demo User 049,UB0001056,2026-03-06T23:51:30+06:00,Premier,Tejgaon,23.756542,90.398357,Mohakhali,23.780808,90.398266,3.55,39,156,completed,2026-03-07T00:45:30+06:00,True
USR049,01000000049,Demo User 049,UB0001070,2026-03-07T22:40:15+06:00,Moto,Mirpur,23.827216,90.373147,Bashundhara,23.816984,90.428012,15.79,26,367,completed,2026-03-07T23:21:15+06:00,True
USR049,01000000049,Demo User 049,UB0001068,2026-03-10T22:22:32+06:00,UberX,Tejgaon,23.764066,90.394768,Mirpur,23.829854,90.363943,16.85,60,543,completed,2026-03-10T23:42:32+06:00,True
USR049,01000000049,Demo User 049,UB0001053,2026-03-20T15:41:09+06:00,Premier,Mohakhali,23.776422,90.404116,Mohammadpur,23.771435,90.361393,9.86,74,309,completed,2026-03-20T17:01:09+06:00,True
USR049,01000000049,Demo User 049,UB0001064,2026-04-04T20:00:53+06:00,Premier,Pallabi,23.834796,90.364845,Farmgate,23.764106,90.388918,6.0,62,255,completed,2026-04-04T21:14:53+06:00,True
USR049,01000000049,Demo User 049,UB0001052,2026-04-12T19:05:41+06:00,Moto,Khilgaon,23.751275,90.422121,Bashundhara,23.820933,90.43012,3.16,35,157,completed,2026-04-12T19:47:41+06:00,True
USR049,01000000049,Demo User 049,UB0001067,2026-04-13T15:52:44+06:00,Moto,Rampura,23.756148,90.420138,Uttara,23.869635,90.387494,15.64,63,438,completed,2026-04-13T17:07:44+06:00,True
USR049,01000000049,Demo User 049,UB0001073,2026-04-13T16:36:16+06:00,UberX,Mohakhali,23.776172,90.405782,Old Dhaka,23.717874,90.405648,2.27,14,125,completed,2026-04-13T17:05:16+06:00,True
USR049,01000000049,Demo User 049,UB0001059,2026-04-15T22:32:37+06:00,UberX,Banani,23.794196,90.404331,Motijheel,23.730567,90.412149,5.28,59,170,cancelled_by_rider,2026-04-15T23:47:37+06:00,True
USR049,01000000049,Demo User 049,UB0001054,2026-04-16T18:51:00+06:00,Premier,Uttara,23.876603,90.375869,Bashundhara,23.814796,90.419707,7.68,13,222,completed,2026-04-16T19:19:00+06:00,True
USR049,01000000049,Demo User 049,UB0001060,2026-05-11T20:42:21+06:00,Premier,Tejgaon,23.76666,90.390834,Motijheel,23.737491,90.412926,17.52,72,482,completed,2026-05-11T21:58:21+06:00,True
USR049,01000000049,Demo User 049,UB0001069,2026-05-22T22:22:23+06:00,Premier,Uttara,23.875534,90.383739,Wari,23.720057,90.410799,16.1,34,482,completed,2026-05-22T23:15:23+06:00,True
USR049,01000000049,Demo User 049,UB0001065,2026-06-05T06:25:06+06:00,Moto,Banani,23.79197,90.409748,Khilgaon,23.743243,90.425092,2.83,33,150,completed,2026-06-05T07:09:06+06:00,True
USR049,01000000049,Demo User 049,UB0001058,2026-06-07T05:38:08+06:00,Premier,Pallabi,23.831763,90.363693,Wari,23.720234,90.418269,6.36,32,239,completed,2026-06-07T06:11:08+06:00,True
USR049,01000000049,Demo User 049,UB0001061,2026-06-07T17:22:19+06:00,UberX,Wari,23.719056,90.42036,Uttara,23.872468,90.378632,20.38,75,494,completed,2026-06-07T18:49:19+06:00,True
USR049,01000000049,Demo User 049,UB0001050,2026-06-11T20:55:40+06:00,Moto,Banani,23.801398,90.410262,Khilgaon,23.750834,90.425994,3.44,61,134,completed,2026-06-11T22:14:40+06:00,True
USR049,01000000049,Demo User 049,UB0001055,2026-07-04T22:24:53+06:00,Moto,Motijheel,23.73828,90.420205,Wari,23.721955,90.414578,8.99,36,240,completed,2026-07-04T23:18:53+06:00,True
USR049,01000000049,Demo User 049,UB0001057,2026-07-05T12:20:39+06:00,Premier,Old Dhaka,23.71603,90.407842,Shyamoli,23.780978,90.362119,23.89,26,676,completed,2026-07-05T13:02:39+06:00,True
USR050,01000000050,Demo User 050,UB0001084,2026-02-12T06:07:02+06:00,UberX,Old Dhaka,23.708777,90.41053,Mirpur,23.816341,90.363418,16.89,12,520,completed,2026-02-12T06:21:02+06:00,True
USR050,01000000050,Demo User 050,UB0001075,2026-03-12T04:11:00+06:00,Premier,Mohammadpur,23.761278,90.353061,Khilgaon,23.751239,90.422683,5.65,27,180,completed,2026-03-12T04:44:00+06:00,True
USR050,01000000050,Demo User 050,UB0001089,2026-03-24T12:03:49+06:00,Premier,Mirpur,23.822103,90.358039,Tejgaon,23.759819,90.387509,20.97,52,631,completed,2026-03-24T12:57:49+06:00,True
USR050,01000000050,Demo User 050,UB0001088,2026-04-08T05:13:27+06:00,Premier,Gulshan,23.787051,90.404579,Dhanmondi,23.751831,90.373999,6.67,75,212,completed,2026-04-08T06:34:27+06:00,True
USR050,01000000050,Demo User 050,UB0001076,2026-04-08T23:32:54+06:00,Moto,Mohammadpur,23.769113,90.361734,Dhanmondi,23.754225,90.377756,1.91,75,112,completed,2026-04-09T00:55:54+06:00,True
USR050,01000000050,Demo User 050,UB0001083,2026-04-09T14:47:05+06:00,UberX,Farmgate,23.753759,90.397408,Rampura,23.757179,90.426877,13.84,11,490,completed,2026-04-09T15:01:05+06:00,True
USR050,01000000050,Demo User 050,UB0001087,2026-04-18T17:22:52+06:00,Moto,Wari,23.711236,90.421108,Uttara,23.87672,90.377808,3.49,12,139,completed,2026-04-18T17:51:52+06:00,True
USR050,01000000050,Demo User 050,UB0001080,2026-04-21T15:12:16+06:00,Premier,Wari,23.72277,90.419863,Shyamoli,23.779257,90.358944,6.1,36,179,completed,2026-04-21T15:57:16+06:00,True
USR050,01000000050,Demo User 050,UB0001077,2026-04-29T02:39:45+06:00,Premier,Khilgaon,23.747709,90.431571,Farmgate,23.754978,90.38734,5.63,59,210,completed,2026-04-29T03:56:45+06:00,True
USR050,01000000050,Demo User 050,UB0001085,2026-05-08T21:32:39+06:00,Moto,Banani,23.800106,90.401214,Mohakhali,23.779127,90.394187,21.16,53,504,ongoing,2026-05-08T22:29:39+06:00,True
USR050,01000000050,Demo User 050,UB0001078,2026-05-15T00:50:18+06:00,Premier,Uttara,23.881338,90.372366,Dhanmondi,23.742695,90.379953,12.01,46,431,completed,2026-05-15T01:49:18+06:00,True
USR050,01000000050,Demo User 050,UB0001079,2026-05-18T00:11:23+06:00,UberX,Old Dhaka,23.717427,90.410099,Uttara,23.883009,90.382557,8.19,73,205,completed,2026-05-18T01:25:23+06:00,True
USR050,01000000050,Demo User 050,UB0001086,2026-05-24T22:58:20+06:00,Premier,Pallabi,23.825803,90.365273,Bashundhara,23.82054,90.427363,12.99,50,452,completed,2026-05-25T00:04:20+06:00,True
USR050,01000000050,Demo User 050,UB0001082,2026-07-01T08:01:27+06:00,UberX,Mohammadpur,23.758763,90.351704,Mirpur,23.820177,90.360849,14.67,31,516,completed,2026-07-01T08:49:27+06:00,True
USR050,01000000050,Demo User 050,UB0001081,2026-07-16T15:21:27+06:00,UberX,Mirpur,23.820047,90.358431,Pallabi,23.832925,90.369017,22.96,38,529,completed,2026-07-16T16:05:27+06:00,True
USR051,01000000051,Demo User 051,UB0001098,2026-02-14T01:59:54+06:00,UberX,Old Dhaka,23.714544,90.403785,Wari,23.711087,90.413817,7.38,56,230,completed,2026-02-14T02:57:54+06:00,True
USR051,01000000051,Demo User 051,UB0001102,2026-02-21T12:25:12+06:00,Premier,Gulshan,23.785389,90.414516,Old Dhaka,23.706368,90.41262,23.96,34,505,cancelled_by_rider,2026-02-21T13:04:12+06:00,True
USR051,01000000051,Demo User 051,UB0001093,2026-02-22T07:55:23+06:00,UberX,Rampura,23.768285,90.427959,Bashundhara,23.818245,90.418117,14.75,54,491,completed,2026-02-22T09:03:23+06:00,True
USR051,01000000051,Demo User 051,UB0001106,2026-03-13T01:53:00+06:00,UberX,Gulshan,23.798636,90.415474,Uttara,23.882258,90.381205,12.57,60,303,completed,2026-03-13T03:05:00+06:00,True
USR051,01000000051,Demo User 051,UB0001097,2026-04-01T00:30:01+06:00,Moto,Tejgaon,23.768321,90.399854,Mirpur,23.822404,90.362289,11.24,75,311,completed,2026-04-01T01:52:01+06:00,True
USR051,01000000051,Demo User 051,UB0001091,2026-04-01T10:15:40+06:00,UberX,Farmgate,23.766706,90.393727,Tejgaon,23.764604,90.398441,10.4,64,252,cancelled_by_rider,2026-04-01T11:20:40+06:00,True
USR051,01000000051,Demo User 051,UB0001100,2026-04-27T11:55:04+06:00,UberX,Badda,23.773842,90.425531,Banani,23.790824,90.408359,20.65,13,566,completed,2026-04-27T12:12:04+06:00,True
USR051,01000000051,Demo User 051,UB0001090,2026-05-06T11:48:00+06:00,Moto,Motijheel,23.732538,90.414695,Gulshan,23.786869,90.40629,9.08,26,337,completed,2026-05-06T12:14:00+06:00,True
USR051,01000000051,Demo User 051,UB0001104,2026-05-06T12:25:45+06:00,Premier,Motijheel,23.733123,90.409616,Tejgaon,23.764759,90.394362,3.49,66,162,completed,2026-05-06T13:45:45+06:00,True
USR051,01000000051,Demo User 051,UB0001101,2026-05-12T11:19:07+06:00,Premier,Khilgaon,23.745489,90.420276,Bashundhara,23.818383,90.423966,12.88,59,359,completed,2026-05-12T12:34:07+06:00,True
USR051,01000000051,Demo User 051,UB0001092,2026-06-16T17:07:40+06:00,Moto,Old Dhaka,23.702467,90.413794,Mohakhali,23.788121,90.390772,10.08,8,245,completed,2026-06-16T17:16:40+06:00,True
USR051,01000000051,Demo User 051,UB0001094,2026-06-25T01:59:21+06:00,Premier,Uttara,23.882921,90.379848,Mohakhali,23.780563,90.391191,7.51,21,269,completed,2026-06-25T02:20:21+06:00,True
USR051,01000000051,Demo User 051,UB0001103,2026-06-27T10:46:13+06:00,UberX,Mohammadpur,23.759507,90.358053,Bashundhara,23.818663,90.432816,16.24,44,536,cancelled_by_rider,2026-06-27T11:34:13+06:00,True
USR051,01000000051,Demo User 051,UB0001099,2026-06-29T13:43:15+06:00,Moto,Wari,23.719696,90.410676,Khilgaon,23.743863,90.425769,13.96,50,519,completed,2026-06-29T14:46:15+06:00,True
USR051,01000000051,Demo User 051,UB0001096,2026-07-20T02:26:27+06:00,Moto,Khilgaon,23.749902,90.432189,Rampura,23.753302,90.416724,22.71,53,703,completed,2026-07-20T03:38:27+06:00,True
USR051,01000000051,Demo User 051,UB0001095,2026-07-22T15:45:02+06:00,Premier,Gulshan,23.787747,90.409235,Mohammadpur,23.760535,90.36494,8.29,10,229,completed,2026-07-22T16:14:02+06:00,True
USR051,01000000051,Demo User 051,UB0001105,2026-08-04T11:36:58+06:00,UberX,Motijheel,23.736702,90.412945,Old Dhaka,23.711994,90.409318,5.27,47,163,completed,2026-08-04T12:31:58+06:00,True
USR052,01000000052,Demo User 052,UB0001114,2026-02-15T09:19:01+06:00,Premier,Wari,23.726371,90.42211,Mohammadpur,23.75963,90.365007,16.91,16,368,completed,2026-02-15T09:49:01+06:00,True
USR052,01000000052,Demo User 052,UB0001117,2026-03-16T03:09:13+06:00,UberX,Uttara,23.877776,90.385321,Motijheel,23.732468,90.423973,16.58,64,413,completed,2026-03-16T04:29:13+06:00,True
USR052,01000000052,Demo User 052,UB0001107,2026-03-22T22:12:48+06:00,UberX,Banani,23.798248,90.400895,Pallabi,23.82026,90.371317,18.89,39,443,completed,2026-03-22T23:10:48+06:00,True
USR052,01000000052,Demo User 052,UB0001120,2026-03-26T08:16:54+06:00,Premier,Uttara,23.874851,90.386138,Khilgaon,23.746935,90.419895,10.01,47,297,completed,2026-03-26T09:18:54+06:00,True
USR052,01000000052,Demo User 052,UB0001112,2026-04-05T08:51:53+06:00,UberX,Shyamoli,23.766716,90.364687,Banani,23.789476,90.400949,5.29,55,197,completed,2026-04-05T09:52:53+06:00,True
USR052,01000000052,Demo User 052,UB0001118,2026-04-07T15:19:15+06:00,Moto,Wari,23.714864,90.413376,Rampura,23.766029,90.416434,18.73,34,603,completed,2026-04-07T16:00:15+06:00,True
USR052,01000000052,Demo User 052,UB0001111,2026-04-09T16:23:25+06:00,UberX,Khilgaon,23.744638,90.426608,Rampura,23.76337,90.415753,17.38,9,554,completed,2026-04-09T16:34:25+06:00,True
USR052,01000000052,Demo User 052,UB0001109,2026-04-18T14:16:35+06:00,Moto,Mirpur,23.822956,90.368561,Pallabi,23.832862,90.363023,23.35,18,832,cancelled_by_rider,2026-04-18T14:41:35+06:00,True
USR052,01000000052,Demo User 052,UB0001121,2026-05-12T20:28:13+06:00,UberX,Motijheel,23.738767,90.416158,Wari,23.718677,90.418701,11.98,44,316,cancelled_by_driver,2026-05-12T21:32:13+06:00,True
USR052,01000000052,Demo User 052,UB0001119,2026-05-14T04:19:39+06:00,Moto,Wari,23.714996,90.424489,Rampura,23.769042,90.421434,4.32,41,142,completed,2026-05-14T05:14:39+06:00,True
USR052,01000000052,Demo User 052,UB0001115,2026-05-19T22:34:29+06:00,Moto,Tejgaon,23.758152,90.399315,Shyamoli,23.780575,90.362961,20.01,37,457,cancelled_by_driver,2026-05-19T23:11:29+06:00,True
USR052,01000000052,Demo User 052,UB0001110,2026-05-22T07:44:13+06:00,Premier,Dhanmondi,23.751726,90.376188,Khilgaon,23.751487,90.421319,2.51,21,117,completed,2026-05-22T08:22:13+06:00,True
USR052,01000000052,Demo User 052,UB0001113,2026-07-16T04:23:18+06:00,Moto,Tejgaon,23.759552,90.39755,Mohammadpur,23.768193,90.357393,17.64,15,585,completed,2026-07-16T04:38:18+06:00,True
USR052,01000000052,Demo User 052,UB0001116,2026-07-27T06:53:45+06:00,UberX,Pallabi,23.826636,90.36106,Banani,23.794336,90.398671,7.8,58,278,completed,2026-07-27T08:08:45+06:00,True
USR052,01000000052,Demo User 052,UB0001108,2026-08-08T03:49:42+06:00,Moto,Motijheel,23.728731,90.413156,Khilgaon,23.752179,90.431782,5.53,17,186,completed,2026-08-08T04:10:42+06:00,True
USR053,01000000053,Demo User 053,UB0001144,2026-02-17T06:42:36+06:00,UberX,Old Dhaka,23.704132,90.406777,Khilgaon,23.750445,90.424629,13.38,37,328,completed,2026-02-17T07:30:36+06:00,True
USR053,01000000053,Demo User 053,UB0001146,2026-02-20T21:40:06+06:00,Moto,Dhanmondi,23.750767,90.375598,Rampura,23.756239,90.422586,9.21,59,365,completed,2026-02-20T22:52:06+06:00,True
USR053,01000000053,Demo User 053,UB0001122,2026-02-21T05:39:09+06:00,Moto,Banani,23.788808,90.406647,Uttara,23.881699,90.374312,1.4,55,92,completed,2026-02-21T06:53:09+06:00,True
USR053,01000000053,Demo User 053,UB0001143,2026-02-21T16:29:09+06:00,UberX,Motijheel,23.736056,90.420629,Badda,23.783124,90.430601,4.32,33,194,completed,2026-02-21T17:18:09+06:00,True
USR053,01000000053,Demo User 053,UB0001133,2026-02-28T10:05:52+06:00,Moto,Shyamoli,23.777581,90.359547,Rampura,23.759795,90.416328,11.7,54,290,completed,2026-02-28T11:08:52+06:00,True
USR053,01000000053,Demo User 053,UB0001139,2026-03-01T06:12:30+06:00,UberX,Badda,23.784606,90.420258,Pallabi,23.832568,90.359469,3.26,15,114,completed,2026-03-01T06:43:30+06:00,True
USR053,01000000053,Demo User 053,UB0001130,2026-03-07T06:46:05+06:00,UberX,Farmgate,23.765007,90.391305,Pallabi,23.823082,90.363759,6.99,45,247,completed,2026-03-07T07:35:05+06:00,True
USR053,01000000053,Demo User 053,UB0001145,2026-03-16T04:22:21+06:00,UberX,Mohakhali,23.779685,90.400327,Mirpur,23.816277,90.360857,5.89,9,234,completed,2026-03-16T04:36:21+06:00,True
USR053,01000000053,Demo User 053,UB0001127,2026-04-04T15:12:05+06:00,Premier,Old Dhaka,23.718055,90.405936,Farmgate,23.76134,90.387047,5.28,43,164,completed,2026-04-04T16:14:05+06:00,True
USR053,01000000053,Demo User 053,UB0001137,2026-04-15T08:25:51+06:00,Moto,Mohammadpur,23.764797,90.365996,Gulshan,23.798204,90.39987,12.87,65,334,completed,2026-04-15T09:38:51+06:00,True
USR053,01000000053,Demo User 053,UB0001132,2026-04-17T18:16:21+06:00,UberX,Shyamoli,23.778183,90.366809,Motijheel,23.732734,90.41589,2.06,18,125,completed,2026-04-17T18:38:21+06:00,True
USR053,01000000053,Demo User 053,UB0001149,2026-05-07T08:16:57+06:00,Premier,Farmgate,23.756165,90.396381,Mohakhali,23.77992,90.397918,22.9,65,568,completed,2026-05-07T09:23:57+06:00,True
USR053,01000000053,Demo User 053,UB0001148,2026-05-18T05:21:07+06:00,Moto,Gulshan,23.7885,90.40096,Khilgaon,23.748086,90.425289,8.52,35,312,completed,2026-05-18T06:03:07+06:00,True
USR053,01000000053,Demo User 053,UB0001125,2026-05-25T20:26:38+06:00,Moto,Uttara,23.87748,90.375277,Gulshan,23.788581,90.413629,22.78,18,504,completed,2026-05-25T21:04:38+06:00,True
USR053,01000000053,Demo User 053,UB0001140,2026-05-28T20:14:33+06:00,UberX,Motijheel,23.729926,90.413493,Tejgaon,23.766698,90.400003,2.44,65,114,completed,2026-05-28T21:27:33+06:00,True
USR053,01000000053,Demo User 053,UB0001135,2026-05-29T20:09:46+06:00,Premier,Wari,23.723448,90.413679,Badda,23.78334,90.427746,9.87,29,264,completed,2026-05-29T20:44:46+06:00,True
USR053,01000000053,Demo User 053,UB0001138,2026-05-31T09:24:18+06:00,UberX,Pallabi,23.821135,90.363607,Shyamoli,23.772025,90.362366,19.56,12,529,completed,2026-05-31T09:56:18+06:00,True
USR053,01000000053,Demo User 053,UB0001136,2026-06-07T18:49:10+06:00,Moto,Tejgaon,23.76411,90.393084,Banani,23.792623,90.402153,14.7,27,328,completed,2026-06-07T19:22:10+06:00,True
USR053,01000000053,Demo User 053,UB0001128,2026-06-14T03:32:02+06:00,UberX,Mirpur,23.821478,90.363539,Pallabi,23.829335,90.362087,22.09,39,477,ongoing,2026-06-14T04:31:02+06:00,True
USR053,01000000053,Demo User 053,UB0001124,2026-06-22T01:50:47+06:00,UberX,Mohammadpur,23.766946,90.361369,Wari,23.712547,90.422699,14.6,65,423,completed,2026-06-22T03:15:47+06:00,True
USR053,01000000053,Demo User 053,UB0001142,2026-06-28T23:57:37+06:00,Moto,Mohammadpur,23.770576,90.362376,Motijheel,23.725553,90.420904,14.75,64,433,completed,2026-06-29T01:01:37+06:00,True
USR053,01000000053,Demo User 053,UB0001134,2026-06-30T09:26:45+06:00,Premier,Tejgaon,23.762946,90.395356,Bashundhara,23.819565,90.421911,22.02,53,627,completed,2026-06-30T10:35:45+06:00,True
USR053,01000000053,Demo User 053,UB0001147,2026-07-01T00:22:42+06:00,Premier,Bashundhara,23.822,90.425389,Mirpur,23.81866,90.364901,5.77,23,225,completed,2026-07-01T00:50:42+06:00,True
USR053,01000000053,Demo User 053,UB0001129,2026-07-11T16:15:12+06:00,UberX,Gulshan,23.787636,90.408644,Badda,23.779868,90.43392,22.62,70,525,completed,2026-07-11T17:26:12+06:00,True
USR053,01000000053,Demo User 053,UB0001151,2026-07-14T06:49:21+06:00,Premier,Gulshan,23.799221,90.408043,Pallabi,23.832189,90.360246,20.74,23,611,completed,2026-07-14T07:31:21+06:00,True
USR053,01000000053,Demo User 053,UB0001131,2026-07-22T21:23:06+06:00,Premier,Badda,23.781321,90.422577,Bashundhara,23.810383,90.42745,4.94,20,195,completed,2026-07-22T21:56:06+06:00,True
USR053,01000000053,Demo User 053,UB0001150,2026-07-23T11:54:00+06:00,Premier,Bashundhara,23.819499,90.432806,Mohammadpur,23.760574,90.353457,19.3,46,708,completed,2026-07-23T12:46:00+06:00,True
USR053,01000000053,Demo User 053,UB0001126,2026-07-25T15:44:38+06:00,Moto,Old Dhaka,23.705414,90.40525,Khilgaon,23.755493,90.421988,5.42,34,167,completed,2026-07-25T16:35:38+06:00,True
USR053,01000000053,Demo User 053,UB0001141,2026-07-28T10:57:26+06:00,UberX,Uttara,23.87239,90.374865,Old Dhaka,23.70883,90.401646,21.02,48,538,completed,2026-07-28T11:58:26+06:00,True
USR053,01000000053,Demo User 053,UB0001123,2026-08-02T20:37:48+06:00,Moto,Uttara,23.877832,90.385235,Rampura,23.755281,90.428298,7.33,56,266,ongoing,2026-08-02T21:51:48+06:00,True
USR054,01000000054,Demo User 054,UB0001174,2026-02-11T08:25:53+06:00,UberX,Mohakhali,23.78012,90.40161,Mohammadpur,23.765453,90.35729,11.64,43,289,completed,2026-02-11T09:22:53+06:00,True
USR054,01000000054,Demo User 054,UB0001171,2026-02-12T05:32:57+06:00,Premier,Bashundhara,23.816446,90.418057,Wari,23.720225,90.414162,13.22,26,362,completed,2026-02-12T06:10:57+06:00,True
USR054,01000000054,Demo User 054,UB0001170,2026-02-15T03:39:06+06:00,UberX,Banani,23.793104,90.408948,Tejgaon,23.770702,90.400622,14.31,23,526,completed,2026-02-15T04:09:06+06:00,True
USR054,01000000054,Demo User 054,UB0001157,2026-03-01T11:35:20+06:00,UberX,Banani,23.787087,90.40221,Pallabi,23.827444,90.369987,11.31,48,292,completed,2026-03-01T12:41:20+06:00,True
USR054,01000000054,Demo User 054,UB0001173,2026-03-04T15:41:23+06:00,UberX,Badda,23.784153,90.430654,Shyamoli,23.777791,90.357742,16.59,14,375,completed,2026-03-04T16:07:23+06:00,True
USR054,01000000054,Demo User 054,UB0001176,2026-03-06T01:48:15+06:00,UberX,Farmgate,23.757403,90.391538,Mohakhali,23.774981,90.406642,4.48,39,166,completed,2026-03-06T02:33:15+06:00,True
USR054,01000000054,Demo User 054,UB0001160,2026-03-13T13:00:44+06:00,Moto,Rampura,23.768289,90.427085,Wari,23.714327,90.42165,11.65,64,400,completed,2026-03-13T14:06:44+06:00,True
USR054,01000000054,Demo User 054,UB0001158,2026-03-21T12:01:04+06:00,UberX,Dhanmondi,23.745089,90.374487,Gulshan,23.798936,90.413334,15.9,39,516,completed,2026-03-21T12:59:04+06:00,True
USR054,01000000054,Demo User 054,UB0001159,2026-03-31T22:18:16+06:00,Premier,Uttara,23.877227,90.372942,Mohammadpur,23.760103,90.352667,5.14,60,224,completed,2026-03-31T23:24:16+06:00,True
USR054,01000000054,Demo User 054,UB0001179,2026-04-03T21:17:05+06:00,UberX,Badda,23.787016,90.426104,Old Dhaka,23.71235,90.412528,5.57,12,222,completed,2026-04-03T21:35:05+06:00,True
USR054,01000000054,Demo User 054,UB0001152,2026-04-10T22:42:16+06:00,Premier,Uttara,23.879831,90.38277,Khilgaon,23.74549,90.421885,11.79,41,376,completed,2026-04-10T23:43:16+06:00,True
USR054,01000000054,Demo User 054,UB0001180,2026-04-18T20:46:31+06:00,UberX,Motijheel,23.736531,90.415625,Gulshan,23.784506,90.414476,18.77,46,594,completed,2026-04-18T21:36:31+06:00,True
USR054,01000000054,Demo User 054,UB0001165,2026-04-21T01:05:04+06:00,Premier,Shyamoli,23.779104,90.36209,Dhanmondi,23.745145,90.37626,8.07,46,316,completed,2026-04-21T02:08:04+06:00,True
USR054,01000000054,Demo User 054,UB0001167,2026-04-27T01:16:39+06:00,UberX,Bashundhara,23.812848,90.432819,Mirpur,23.830134,90.369306,12.87,27,352,completed,2026-04-27T01:48:39+06:00,True
USR054,01000000054,Demo User 054,UB0001162,2026-05-14T11:30:28+06:00,Premier,Shyamoli,23.772477,90.359184,Bashundhara,23.817105,90.430308,17.16,70,602,cancelled_by_rider,2026-05-14T13:00:28+06:00,True
USR054,01000000054,Demo User 054,UB0001163,2026-05-15T08:22:25+06:00,Premier,Rampura,23.765912,90.417181,Dhanmondi,23.748545,90.379803,15.47,60,459,completed,2026-05-15T09:25:25+06:00,True
USR054,01000000054,Demo User 054,UB0001161,2026-05-23T13:17:08+06:00,UberX,Farmgate,23.751177,90.394142,Bashundhara,23.818125,90.433475,20.84,42,616,completed,2026-05-23T14:02:08+06:00,True
USR054,01000000054,Demo User 054,UB0001156,2026-05-28T09:54:33+06:00,Moto,Banani,23.792568,90.406115,Dhanmondi,23.748616,90.38287,6.68,18,267,cancelled_by_driver,2026-05-28T10:25:33+06:00,True
USR054,01000000054,Demo User 054,UB0001177,2026-05-31T05:37:02+06:00,UberX,Uttara,23.877204,90.37917,Gulshan,23.797459,90.412915,7.2,58,295,cancelled_by_driver,2026-05-31T06:55:02+06:00,True
USR054,01000000054,Demo User 054,UB0001155,2026-06-09T07:46:33+06:00,Premier,Old Dhaka,23.703725,90.414884,Mohammadpur,23.762415,90.354727,12.45,65,404,completed,2026-06-09T08:59:33+06:00,True
USR054,01000000054,Demo User 054,UB0001153,2026-06-13T21:55:09+06:00,Premier,Motijheel,23.732869,90.420165,Shyamoli,23.76751,90.358627,1.32,41,98,completed,2026-06-13T22:50:09+06:00,True
USR054,01000000054,Demo User 054,UB0001168,2026-06-20T05:41:17+06:00,Premier,Tejgaon,23.764489,90.39937,Shyamoli,23.780144,90.364211,10.4,40,365,completed,2026-06-20T06:33:17+06:00,True
USR054,01000000054,Demo User 054,UB0001178,2026-06-21T08:32:28+06:00,Premier,Banani,23.792473,90.408101,Badda,23.777895,90.429295,6.84,26,230,completed,2026-06-21T09:09:28+06:00,True
USR054,01000000054,Demo User 054,UB0001164,2026-06-30T03:50:40+06:00,Moto,Banani,23.788651,90.402474,Wari,23.725479,90.419289,3.15,61,149,completed,2026-06-30T05:03:40+06:00,True
USR054,01000000054,Demo User 054,UB0001175,2026-06-30T08:25:54+06:00,UberX,Gulshan,23.791176,90.401199,Banani,23.79787,90.412169,6.65,54,213,completed,2026-06-30T09:35:54+06:00,True
USR054,01000000054,Demo User 054,UB0001172,2026-07-18T19:41:28+06:00,UberX,Farmgate,23.75288,90.395581,Banani,23.799965,90.399317,16.66,56,440,completed,2026-07-18T20:54:28+06:00,True
USR054,01000000054,Demo User 054,UB0001154,2026-07-29T21:37:28+06:00,Premier,Banani,23.788798,90.400883,Gulshan,23.794853,90.41428,3.94,64,184,completed,2026-07-29T22:53:28+06:00,True
USR054,01000000054,Demo User 054,UB0001166,2026-08-03T19:44:27+06:00,UberX,Khilgaon,23.743341,90.429599,Gulshan,23.793238,90.410761,11.35,48,375,completed,2026-08-03T20:49:27+06:00,True
USR054,01000000054,Demo User 054,UB0001169,2026-08-06T05:04:31+06:00,Premier,Wari,23.725995,90.421532,Gulshan,23.794977,90.402929,2.46,74,137,completed,2026-08-06T06:37:31+06:00,True
USR055,01000000055,Demo User 055,UB0001189,2026-02-11T06:00:52+06:00,Moto,Pallabi,23.827377,90.370163,Uttara,23.870613,90.382641,2.37,21,102,completed,2026-02-11T06:40:52+06:00,True
USR055,01000000055,Demo User 055,UB0001202,2026-02-19T05:27:45+06:00,Moto,Tejgaon,23.758326,90.392138,Dhanmondi,23.751604,90.37161,10.37,29,255,completed,2026-02-19T06:04:45+06:00,True
USR055,01000000055,Demo User 055,UB0001193,2026-02-21T07:43:41+06:00,UberX,Rampura,23.753168,90.416939,Gulshan,23.796174,90.402243,10.11,73,344,completed,2026-02-21T09:10:41+06:00,True
USR055,01000000055,Demo User 055,UB0001203,2026-02-27T04:01:43+06:00,UberX,Banani,23.799263,90.403232,Shyamoli,23.774223,90.360415,21.18,72,504,completed,2026-02-27T05:13:43+06:00,True
USR055,01000000055,Demo User 055,UB0001181,2026-03-03T19:24:06+06:00,UberX,Tejgaon,23.763491,90.389825,Khilgaon,23.743302,90.418684,2.4,46,116,cancelled_by_rider,2026-03-03T20:23:06+06:00,True
USR055,01000000055,Demo User 055,UB0001183,2026-03-07T11:37:10+06:00,Premier,Banani,23.801051,90.410142,Mohakhali,23.784451,90.40031,6.95,42,283,completed,2026-03-07T12:35:10+06:00,True
USR055,01000000055,Demo User 055,UB0001205,2026-03-08T01:54:17+06:00,Moto,Gulshan,23.789743,90.413291,Wari,23.719499,90.424295,12.89,51,319,cancelled_by_rider,2026-03-08T03:05:17+06:00,True
USR055,01000000055,Demo User 055,UB0001190,2026-03-17T15:01:01+06:00,UberX,Shyamoli,23.771852,90.369069,Rampura,23.766356,90.41624,19.24,12,586,cancelled_by_rider,2026-03-17T15:24:01+06:00,True
USR055,01000000055,Demo User 055,UB0001207,2026-03-18T20:21:34+06:00,Moto,Rampura,23.759087,90.419203,Gulshan,23.785151,90.402954,11.43,50,343,completed,2026-03-18T21:18:34+06:00,True
USR055,01000000055,Demo User 055,UB0001209,2026-04-07T16:57:04+06:00,Premier,Pallabi,23.830151,90.356258,Wari,23.717547,90.415823,17.52,49,646,completed,2026-04-07T18:06:04+06:00,True
USR055,01000000055,Demo User 055,UB0001185,2026-04-13T03:07:47+06:00,UberX,Tejgaon,23.757619,90.387328,Gulshan,23.797429,90.40936,21.95,68,529,completed,2026-04-13T04:27:47+06:00,True
USR055,01000000055,Demo User 055,UB0001192,2026-04-19T06:47:20+06:00,Moto,Farmgate,23.761545,90.388425,Mirpur,23.816123,90.366289,11.69,49,277,completed,2026-04-19T07:56:20+06:00,True
USR055,01000000055,Demo User 055,UB0001191,2026-04-20T15:14:53+06:00,Premier,Wari,23.725764,90.409714,Pallabi,23.827309,90.370698,9.94,36,384,completed,2026-04-20T16:05:53+06:00,True
USR055,01000000055,Demo User 055,UB0001187,2026-04-24T09:26:36+06:00,Moto,Bashundhara,23.817575,90.425993,Mohakhali,23.778597,90.397924,14.04,9,391,completed,2026-04-24T09:36:36+06:00,True
USR055,01000000055,Demo User 055,UB0001206,2026-05-11T17:02:25+06:00,Premier,Old Dhaka,23.707067,90.405325,Dhanmondi,23.74212,90.383594,21.24,37,649,completed,2026-05-11T17:42:25+06:00,True
USR055,01000000055,Demo User 055,UB0001186,2026-05-21T17:08:29+06:00,Premier,Rampura,23.757095,90.41554,Khilgaon,23.748047,90.418145,23.52,43,651,completed,2026-05-21T18:11:29+06:00,True
USR055,01000000055,Demo User 055,UB0001184,2026-05-23T04:35:30+06:00,Moto,Gulshan,23.791871,90.405031,Khilgaon,23.751483,90.425246,23.11,50,641,cancelled_by_rider,2026-05-23T05:33:30+06:00,True
USR055,01000000055,Demo User 055,UB0001188,2026-06-06T07:53:41+06:00,UberX,Bashundhara,23.811408,90.421624,Rampura,23.759137,90.421301,13.27,47,367,completed,2026-06-06T09:00:41+06:00,True
USR055,01000000055,Demo User 055,UB0001197,2026-06-08T17:10:29+06:00,Premier,Dhanmondi,23.738536,90.374055,Uttara,23.868878,90.386681,11.09,61,294,completed,2026-06-08T18:14:29+06:00,True
USR055,01000000055,Demo User 055,UB0001195,2026-06-09T08:57:07+06:00,UberX,Gulshan,23.797187,90.4075,Old Dhaka,23.706187,90.402563,7.71,32,223,completed,2026-06-09T09:35:07+06:00,True
USR055,01000000055,Demo User 055,UB0001200,2026-06-12T02:46:08+06:00,UberX,Farmgate,23.761496,90.396589,Gulshan,23.796533,90.407818,16.09,65,544,completed,2026-06-12T03:54:08+06:00,True
USR055,01000000055,Demo User 055,UB0001198,2026-06-13T17:35:42+06:00,Premier,Shyamoli,23.774616,90.368786,Dhanmondi,23.75333,90.381986,20.96,26,634,completed,2026-06-13T18:13:42+06:00,True
USR055,01000000055,Demo User 055,UB0001196,2026-06-22T07:42:03+06:00,Moto,Banani,23.791983,90.40622,Tejgaon,23.765684,90.396185,13.43,58,483,completed,2026-06-22T08:56:03+06:00,True
USR055,01000000055,Demo User 055,UB0001204,2026-07-02T02:57:27+06:00,UberX,Khilgaon,23.753036,90.431293,Mohammadpur,23.767376,90.351406,2.51,34,126,completed,2026-07-02T03:31:27+06:00,True
USR055,01000000055,Demo User 055,UB0001199,2026-07-07T09:39:58+06:00,UberX,Rampura,23.764983,90.413676,Tejgaon,23.758352,90.390041,7.25,65,243,completed,2026-07-07T10:49:58+06:00,True
USR055,01000000055,Demo User 055,UB0001201,2026-07-21T00:27:42+06:00,Moto,Shyamoli,23.782496,90.361814,Motijheel,23.725766,90.415709,17.62,62,420,completed,2026-07-21T01:49:42+06:00,True
USR055,01000000055,Demo User 055,UB0001182,2026-07-21T03:36:40+06:00,Moto,Mohammadpur,23.762935,90.366269,Rampura,23.769031,90.422888,23.24,13,707,completed,2026-07-21T04:07:40+06:00,True
USR055,01000000055,Demo User 055,UB0001208,2026-07-26T05:39:25+06:00,UberX,Shyamoli,23.769544,90.358678,Mohammadpur,23.770762,90.355224,15.99,66,457,ongoing,2026-07-26T07:00:25+06:00,True
USR055,01000000055,Demo User 055,UB0001194,2026-08-09T07:30:34+06:00,Moto,Uttara,23.880894,90.382905,Badda,23.777354,90.432897,13.77,55,385,completed,2026-08-09T08:43:34+06:00,True
USR056,01000000056,Demo User 056,UB0001229,2026-02-10T13:15:09+06:00,Moto,Pallabi,23.821147,90.371177,Shyamoli,23.768605,90.360889,6.15,63,239,ongoing,2026-02-10T14:31:09+06:00,True
USR056,01000000056,Demo User 056,UB0001232,2026-02-22T02:44:13+06:00,UberX,Khilgaon,23.746816,90.427591,Gulshan,23.78811,90.410255,8.34,25,322,completed,2026-02-22T03:14:13+06:00,True
USR056,01000000056,Demo User 056,UB0001233,2026-02-25T18:28:25+06:00,Premier,Mohakhali,23.775371,90.395674,Wari,23.723787,90.418447,8.66,36,256,completed,2026-02-25T19:14:25+06:00,True
USR056,01000000056,Demo User 056,UB0001222,2026-03-13T01:57:33+06:00,UberX,Rampura,23.753657,90.418424,Motijheel,23.738269,90.411245,14.69,20,361,completed,2026-03-13T02:34:33+06:00,True
USR056,01000000056,Demo User 056,UB0001212,2026-03-18T06:45:42+06:00,Moto,Tejgaon,23.760991,90.394142,Mohammadpur,23.773046,90.350752,13.81,20,371,completed,2026-03-18T07:07:42+06:00,True
USR056,01000000056,Demo User 056,UB0001211,2026-03-31T06:16:47+06:00,Premier,Mirpur,23.828084,90.371039,Banani,23.79204,90.399109,7.76,42,293,completed,2026-03-31T07:02:47+06:00,True
USR056,01000000056,Demo User 056,UB0001224,2026-04-13T15:17:07+06:00,UberX,Mohakhali,23.775409,90.402655,Badda,23.774285,90.424343,14.42,35,378,completed,2026-04-13T15:53:07+06:00,True
USR056,01000000056,Demo User 056,UB0001213,2026-04-17T20:09:06+06:00,Moto,Pallabi,23.82463,90.369101,Banani,23.795587,90.411499,13.96,71,517,completed,2026-04-17T21:40:06+06:00,True
USR056,01000000056,Demo User 056,UB0001223,2026-04-28T08:54:19+06:00,Premier,Dhanmondi,23.747106,90.381484,Rampura,23.758814,90.414295,3.33,50,133,completed,2026-04-28T10:02:19+06:00,True
USR056,01000000056,Demo User 056,UB0001225,2026-04-29T22:46:55+06:00,Premier,Gulshan,23.800222,90.412849,Bashundhara,23.818631,90.418087,4.13,35,132,completed,2026-04-29T23:22:55+06:00,True
USR056,01000000056,Demo User 056,UB0001210,2026-05-16T04:07:38+06:00,UberX,Wari,23.714782,90.41903,Bashundhara,23.813786,90.431971,13.95,68,308,completed,2026-05-16T05:19:38+06:00,True
USR056,01000000056,Demo User 056,UB0001231,2026-05-17T22:26:19+06:00,Moto,Dhanmondi,23.743427,90.380834,Khilgaon,23.750513,90.429338,4.77,47,153,completed,2026-05-17T23:21:19+06:00,True
USR056,01000000056,Demo User 056,UB0001217,2026-05-19T12:10:44+06:00,Moto,Pallabi,23.821302,90.363954,Bashundhara,23.820844,90.422847,22.97,31,747,completed,2026-05-19T12:59:44+06:00,True
USR056,01000000056,Demo User 056,UB0001221,2026-05-22T02:26:56+06:00,Premier,Wari,23.71966,90.419121,Tejgaon,23.770958,90.3907,8.94,57,222,completed,2026-05-22T03:23:56+06:00,True
USR056,01000000056,Demo User 056,UB0001227,2026-05-23T10:57:29+06:00,Moto,Rampura,23.757943,90.421746,Mohammadpur,23.771051,90.352648,16.48,17,445,completed,2026-05-23T11:29:29+06:00,True
USR056,01000000056,Demo User 056,UB0001215,2026-06-21T19:05:11+06:00,Premier,Khilgaon,23.74978,90.418232,Badda,23.776453,90.421379,4.97,28,165,completed,2026-06-21T19:40:11+06:00,True
USR056,01000000056,Demo User 056,UB0001228,2026-07-05T05:14:22+06:00,Premier,Rampura,23.760968,90.421617,Motijheel,23.738476,90.412469,2.33,40,116,completed,2026-07-05T06:06:22+06:00,True
USR056,01000000056,Demo User 056,UB0001226,2026-07-11T22:04:56+06:00,Moto,Rampura,23.767136,90.419595,Bashundhara,23.812794,90.431884,12.31,63,355,completed,2026-07-11T23:27:56+06:00,True
USR056,01000000056,Demo User 056,UB0001219,2026-07-13T07:30:04+06:00,Moto,Mohakhali,23.783506,90.391176,Old Dhaka,23.713867,90.409309,9.6,71,267,completed,2026-07-13T08:56:04+06:00,True
USR056,01000000056,Demo User 056,UB0001230,2026-07-20T18:32:42+06:00,UberX,Tejgaon,23.756769,90.391664,Bashundhara,23.81768,90.420545,3.76,55,147,completed,2026-07-20T19:28:42+06:00,True
USR056,01000000056,Demo User 056,UB0001220,2026-07-27T22:31:12+06:00,UberX,Motijheel,23.734363,90.412433,Banani,23.796012,90.404823,21.23,28,601,completed,2026-07-27T23:02:12+06:00,True
USR056,01000000056,Demo User 056,UB0001216,2026-07-28T04:23:16+06:00,Moto,Old Dhaka,23.71708,90.403429,Pallabi,23.8218,90.36393,2.38,74,117,completed,2026-07-28T05:49:16+06:00,True
USR056,01000000056,Demo User 056,UB0001214,2026-07-29T18:57:59+06:00,UberX,Mohakhali,23.782781,90.393869,Old Dhaka,23.707221,90.402796,15.81,10,394,completed,2026-07-29T19:15:59+06:00,True
USR056,01000000056,Demo User 056,UB0001218,2026-08-03T05:07:06+06:00,Premier,Farmgate,23.765782,90.384442,Mohammadpur,23.763495,90.36209,15.26,61,539,completed,2026-08-03T06:20:06+06:00,True
USR057,01000000057,Demo User 057,UB0001242,2026-02-10T18:55:25+06:00,Moto,Mohakhali,23.772913,90.403995,Badda,23.788046,90.4261,14.35,42,451,completed,2026-02-10T19:52:25+06:00,True
USR057,01000000057,Demo User 057,UB0001236,2026-02-11T04:02:36+06:00,Moto,Mohammadpur,23.763587,90.354396,Uttara,23.874673,90.387092,19.55,69,651,completed,2026-02-11T05:19:36+06:00,True
USR057,01000000057,Demo User 057,UB0001239,2026-02-11T22:51:53+06:00,UberX,Old Dhaka,23.714401,90.405091,Wari,23.711173,90.424452,14.82,59,497,completed,2026-02-11T23:58:53+06:00,True
USR057,01000000057,Demo User 057,UB0001234,2026-03-08T23:21:20+06:00,Moto,Dhanmondi,23.749308,90.378278,Bashundhara,23.812576,90.430235,3.14,55,142,completed,2026-03-09T00:27:20+06:00,True
USR057,01000000057,Demo User 057,UB0001243,2026-03-12T08:37:48+06:00,Premier,Wari,23.724672,90.419541,Old Dhaka,23.713355,90.399403,2.86,41,142,completed,2026-03-12T09:23:48+06:00,True
USR057,01000000057,Demo User 057,UB0001250,2026-03-23T02:31:41+06:00,Moto,Farmgate,23.766578,90.383604,Tejgaon,23.757269,90.394417,20.15,50,622,completed,2026-03-23T03:39:41+06:00,True
USR057,01000000057,Demo User 057,UB0001254,2026-03-30T03:32:43+06:00,Moto,Tejgaon,23.760656,90.397763,Khilgaon,23.74497,90.419328,22.19,38,685,completed,2026-03-30T04:20:43+06:00,True
USR057,01000000057,Demo User 057,UB0001245,2026-04-09T22:26:53+06:00,Moto,Rampura,23.756529,90.415406,Banani,23.796868,90.406801,3.71,36,164,completed,2026-04-09T23:14:53+06:00,True
USR057,01000000057,Demo User 057,UB0001249,2026-04-11T11:03:12+06:00,Premier,Rampura,23.767976,90.426321,Old Dhaka,23.703567,90.39976,8.99,9,353,completed,2026-04-11T11:27:12+06:00,True
USR057,01000000057,Demo User 057,UB0001244,2026-04-11T14:58:00+06:00,Moto,Bashundhara,23.819045,90.430638,Rampura,23.754372,90.422622,21.41,67,732,completed,2026-04-11T16:08:00+06:00,True
USR057,01000000057,Demo User 057,UB0001248,2026-05-01T13:52:43+06:00,UberX,Mohakhali,23.779998,90.393779,Khilgaon,23.751353,90.43101,13.74,24,426,completed,2026-05-01T14:21:43+06:00,True
USR057,01000000057,Demo User 057,UB0001256,2026-05-10T14:44:29+06:00,Premier,Khilgaon,23.751255,90.429732,Dhanmondi,23.739246,90.383003,12.22,29,456,completed,2026-05-10T15:13:29+06:00,True
USR057,01000000057,Demo User 057,UB0001252,2026-05-19T11:48:22+06:00,Moto,Badda,23.781651,90.427298,Old Dhaka,23.70996,90.409986,16.96,65,536,completed,2026-05-19T12:59:22+06:00,True
USR057,01000000057,Demo User 057,UB0001240,2026-06-04T08:26:21+06:00,UberX,Badda,23.778359,90.432808,Bashundhara,23.820415,90.420487,2.41,10,102,completed,2026-06-04T08:54:21+06:00,True
USR057,01000000057,Demo User 057,UB0001251,2026-06-06T11:21:37+06:00,Moto,Tejgaon,23.756187,90.385938,Motijheel,23.739241,90.414946,14.33,68,345,completed,2026-06-06T12:45:37+06:00,True
USR057,01000000057,Demo User 057,UB0001253,2026-06-26T00:32:13+06:00,UberX,Uttara,23.876364,90.3852,Pallabi,23.825253,90.360214,22.99,44,523,completed,2026-06-26T01:18:13+06:00,True
USR057,01000000057,Demo User 057,UB0001238,2026-07-05T09:04:51+06:00,Moto,Dhanmondi,23.747588,90.375308,Bashundhara,23.815624,90.428624,23.97,55,606,completed,2026-07-05T10:19:51+06:00,True
USR057,01000000057,Demo User 057,UB0001237,2026-07-15T13:10:29+06:00,Moto,Bashundhara,23.821718,90.418974,Pallabi,23.830492,90.359038,8.49,26,227,completed,2026-07-15T13:56:29+06:00,True
USR057,01000000057,Demo User 057,UB0001235,2026-07-17T23:01:24+06:00,Premier,Uttara,23.87801,90.373755,Mohammadpur,23.771459,90.364308,9.53,27,353,cancelled_by_rider,2026-07-17T23:29:24+06:00,True
USR057,01000000057,Demo User 057,UB0001241,2026-07-18T14:01:24+06:00,UberX,Gulshan,23.796236,90.410341,Mohakhali,23.777456,90.391519,15.96,53,409,completed,2026-07-18T14:56:24+06:00,True
USR057,01000000057,Demo User 057,UB0001247,2026-07-23T17:21:29+06:00,Moto,Tejgaon,23.759431,90.397812,Bashundhara,23.81363,90.433491,17.93,8,386,ongoing,2026-07-23T17:39:29+06:00,True
USR057,01000000057,Demo User 057,UB0001246,2026-07-28T06:30:08+06:00,UberX,Dhanmondi,23.750236,90.380888,Wari,23.716587,90.412876,4.51,67,179,completed,2026-07-28T07:43:08+06:00,True
USR057,01000000057,Demo User 057,UB0001257,2026-08-04T17:02:29+06:00,UberX,Banani,23.788318,90.400925,Mohakhali,23.780175,90.403668,19.78,65,667,completed,2026-08-04T18:27:29+06:00,True
USR057,01000000057,Demo User 057,UB0001258,2026-08-06T08:39:02+06:00,Premier,Uttara,23.874771,90.386239,Badda,23.785073,90.424899,8.35,16,208,cancelled_by_driver,2026-08-06T09:09:02+06:00,True
USR057,01000000057,Demo User 057,UB0001255,2026-08-06T23:31:43+06:00,UberX,Banani,23.798979,90.406036,Badda,23.787147,90.425524,6.84,66,204,completed,2026-08-07T00:52:43+06:00,True
USR058,01000000058,Demo User 058,UB0001263,2026-02-11T02:25:35+06:00,UberX,Mirpur,23.814922,90.372838,Rampura,23.762489,90.423596,15.47,70,424,completed,2026-02-11T03:48:35+06:00,True
USR058,01000000058,Demo User 058,UB0001268,2026-02-12T18:43:13+06:00,Premier,Mohammadpur,23.76009,90.353374,Gulshan,23.797193,90.402532,12.84,34,394,completed,2026-02-12T19:33:13+06:00,True
USR058,01000000058,Demo User 058,UB0001276,2026-02-14T01:29:43+06:00,Moto,Shyamoli,23.775674,90.368306,Khilgaon,23.751886,90.427618,6.55,22,273,completed,2026-02-14T02:00:43+06:00,True
USR058,01000000058,Demo User 058,UB0001272,2026-02-21T07:22:51+06:00,Moto,Wari,23.720903,90.415205,Pallabi,23.821867,90.356725,16.83,16,431,completed,2026-02-21T07:57:51+06:00,True
USR058,01000000058,Demo User 058,UB0001279,2026-03-06T22:08:14+06:00,Premier,Rampura,23.765157,90.423026,Motijheel,23.728305,90.422074,11.11,19,432,completed,2026-03-06T22:29:14+06:00,True
USR058,01000000058,Demo User 058,UB0001273,2026-03-08T02:14:49+06:00,UberX,Wari,23.724639,90.41939,Farmgate,23.762969,90.385247,20.85,51,559,completed,2026-03-08T03:19:49+06:00,True
USR058,01000000058,Demo User 058,UB0001260,2026-03-11T14:13:21+06:00,Premier,Farmgate,23.757622,90.388901,Tejgaon,23.764846,90.393997,23.81,26,575,completed,2026-03-11T14:58:21+06:00,True
USR058,01000000058,Demo User 058,UB0001280,2026-03-29T17:26:36+06:00,Premier,Motijheel,23.727119,90.41659,Bashundhara,23.817374,90.425665,2.83,67,117,completed,2026-03-29T18:35:36+06:00,True
USR058,01000000058,Demo User 058,UB0001275,2026-04-07T16:29:34+06:00,Moto,Tejgaon,23.767812,90.400471,Mohammadpur,23.763834,90.352361,6.66,23,247,completed,2026-04-07T16:55:34+06:00,True
USR058,01000000058,Demo User 058,UB0001262,2026-04-19T08:21:27+06:00,UberX,Tejgaon,23.757907,90.392482,Shyamoli,23.774969,90.36653,23.25,53,705,completed,2026-04-19T09:34:27+06:00,True
USR058,01000000058,Demo User 058,UB0001283,2026-05-05T02:44:39+06:00,Moto,Banani,23.801465,90.408186,Wari,23.725545,90.423759,4.82,17,201,cancelled_by_rider,2026-05-05T03:12:39+06:00,True
USR058,01000000058,Demo User 058,UB0001267,2026-05-09T17:56:37+06:00,Moto,Old Dhaka,23.713428,90.414143,Banani,23.799388,90.399929,4.94,11,172,completed,2026-05-09T18:27:37+06:00,True
USR058,01000000058,Demo User 058,UB0001271,2026-05-13T14:35:45+06:00,Premier,Khilgaon,23.747147,90.429731,Mohakhali,23.773944,90.3955,9.36,16,272,completed,2026-05-13T15:01:45+06:00,True
USR058,01000000058,Demo User 058,UB0001261,2026-05-19T19:51:51+06:00,Premier,Uttara,23.87325,90.385064,Gulshan,23.789462,90.403446,5.16,27,154,completed,2026-05-19T20:25:51+06:00,True
USR058,01000000058,Demo User 058,UB0001269,2026-05-20T15:06:24+06:00,Moto,Motijheel,23.737255,90.412942,Farmgate,23.765889,90.391213,20.03,38,608,completed,2026-05-20T15:50:24+06:00,True
USR058,01000000058,Demo User 058,UB0001277,2026-05-29T06:30:53+06:00,Premier,Tejgaon,23.769375,90.392814,Mohakhali,23.783353,90.394393,8.56,66,273,ongoing,2026-05-29T07:51:53+06:00,True
USR058,01000000058,Demo User 058,UB0001282,2026-05-30T22:01:39+06:00,Moto,Gulshan,23.786559,90.404259,Motijheel,23.731865,90.413811,2.03,41,108,completed,2026-05-30T22:48:39+06:00,True
USR058,01000000058,Demo User 058,UB0001266,2026-06-09T20:24:56+06:00,Moto,Uttara,23.883193,90.378978,Mohammadpur,23.758801,90.366267,6.45,17,215,completed,2026-06-09T20:42:56+06:00,True
USR058,01000000058,Demo User 058,UB0001274,2026-06-23T22:32:45+06:00,UberX,Pallabi,23.823792,90.362855,Dhanmondi,23.74578,90.36949,6.99,38,238,completed,2026-06-23T23:14:45+06:00,True
USR058,01000000058,Demo User 058,UB0001281,2026-06-26T00:37:43+06:00,Moto,Motijheel,23.73615,90.422029,Mohammadpur,23.767556,90.363601,21.23,46,665,completed,2026-06-26T01:42:43+06:00,True
USR058,01000000058,Demo User 058,UB0001278,2026-06-26T02:23:51+06:00,Premier,Motijheel,23.729993,90.424561,Old Dhaka,23.702993,90.415324,15.03,11,425,completed,2026-06-26T02:48:51+06:00,True
USR058,01000000058,Demo User 058,UB0001259,2026-07-11T00:20:44+06:00,Moto,Pallabi,23.824187,90.363515,Banani,23.796412,90.400117,16.88,47,566,completed,2026-07-11T01:21:44+06:00,True
USR058,01000000058,Demo User 058,UB0001265,2026-07-11T07:51:36+06:00,Moto,Mohammadpur,23.758949,90.354086,Farmgate,23.762284,90.382646,14.54,16,434,completed,2026-07-11T08:22:36+06:00,True
USR058,01000000058,Demo User 058,UB0001270,2026-07-20T23:07:20+06:00,Moto,Mohakhali,23.783389,90.392074,Pallabi,23.831834,90.362077,4.16,17,140,completed,2026-07-20T23:25:20+06:00,True
USR058,01000000058,Demo User 058,UB0001264,2026-07-25T17:20:37+06:00,UberX,Rampura,23.762054,90.417566,Old Dhaka,23.707557,90.415187,3.7,8,166,completed,2026-07-25T17:45:37+06:00,True
USR059,01000000059,Demo User 059,UB0001286,2026-02-17T14:07:41+06:00,UberX,Uttara,23.881032,90.376631,Bashundhara,23.816083,90.424294,6.24,27,256,completed,2026-02-17T14:50:41+06:00,True
USR059,01000000059,Demo User 059,UB0001290,2026-02-22T03:36:40+06:00,Moto,Old Dhaka,23.718249,90.404433,Tejgaon,23.765196,90.387727,17.87,20,535,completed,2026-02-22T04:12:40+06:00,True
USR059,01000000059,Demo User 059,UB0001287,2026-03-25T21:59:41+06:00,UberX,Motijheel,23.738493,90.424588,Old Dhaka,23.704408,90.406607,1.7,63,86,completed,2026-03-25T23:04:41+06:00,True
USR059,01000000059,Demo User 059,UB0001306,2026-03-26T01:04:36+06:00,Premier,Khilgaon,23.753446,90.424543,Mirpur,23.818814,90.358985,3.43,10,142,completed,2026-03-26T01:16:36+06:00,True
USR059,01000000059,Demo User 059,UB0001295,2026-03-30T01:12:51+06:00,UberX,Dhanmondi,23.740346,90.370401,Tejgaon,23.759589,90.387637,18.05,24,465,completed,2026-03-30T01:42:51+06:00,True
USR059,01000000059,Demo User 059,UB0001297,2026-03-31T16:42:48+06:00,Premier,Motijheel,23.737211,90.419865,Mirpur,23.81759,90.365868,6.63,45,191,cancelled_by_driver,2026-03-31T17:41:48+06:00,True
USR059,01000000059,Demo User 059,UB0001284,2026-04-02T03:52:27+06:00,Moto,Tejgaon,23.770926,90.392995,Rampura,23.766877,90.427301,6.88,14,229,completed,2026-04-02T04:16:27+06:00,True
USR059,01000000059,Demo User 059,UB0001291,2026-04-14T06:54:49+06:00,Moto,Gulshan,23.790152,90.40682,Mohammadpur,23.761745,90.35251,21.6,75,761,cancelled_by_driver,2026-04-14T08:26:49+06:00,True
USR059,01000000059,Demo User 059,UB0001302,2026-04-15T10:52:55+06:00,Moto,Khilgaon,23.74259,90.42941,Rampura,23.756124,90.428135,3.67,20,131,completed,2026-04-15T11:15:55+06:00,True
USR059,01000000059,Demo User 059,UB0001305,2026-04-20T03:20:07+06:00,UberX,Pallabi,23.831718,90.361132,Mohakhali,23.780333,90.392953,4.82,54,148,completed,2026-04-20T04:20:07+06:00,True
USR059,01000000059,Demo User 059,UB0001289,2026-04-24T20:27:54+06:00,UberX,Shyamoli,23.774317,90.372949,Wari,23.726802,90.423393,21.85,14,601,completed,2026-04-24T20:42:54+06:00,True
USR059,01000000059,Demo User 059,UB0001300,2026-05-04T14:05:06+06:00,Moto,Old Dhaka,23.711803,90.405861,Bashundhara,23.823097,90.4272,4.62,54,159,completed,2026-05-04T15:06:06+06:00,True
USR059,01000000059,Demo User 059,UB0001285,2026-05-08T17:13:37+06:00,Premier,Badda,23.783313,90.425009,Mohakhali,23.781402,90.390936,10.77,30,312,completed,2026-05-08T17:44:37+06:00,True
USR059,01000000059,Demo User 059,UB0001294,2026-05-11T13:18:21+06:00,Moto,Gulshan,23.789919,90.401513,Badda,23.776117,90.433293,7.51,17,295,completed,2026-05-11T13:35:21+06:00,True
USR059,01000000059,Demo User 059,UB0001298,2026-05-21T15:53:04+06:00,UberX,Khilgaon,23.75201,90.430601,Uttara,23.872536,90.372827,21.86,73,677,completed,2026-05-21T17:16:04+06:00,True
USR059,01000000059,Demo User 059,UB0001292,2026-05-27T08:11:06+06:00,UberX,Pallabi,23.822164,90.356563,Mirpur,23.824572,90.36166,3.62,54,173,completed,2026-05-27T09:25:06+06:00,True
USR059,01000000059,Demo User 059,UB0001304,2026-06-06T02:19:41+06:00,Premier,Bashundhara,23.812389,90.420639,Khilgaon,23.754105,90.428862,4.81,21,170,cancelled_by_rider,2026-06-06T02:44:41+06:00,True
USR059,01000000059,Demo User 059,UB0001296,2026-06-20T22:50:34+06:00,Premier,Uttara,23.879548,90.379626,Gulshan,23.785471,90.403769,16.37,29,431,completed,2026-06-20T23:33:34+06:00,True
USR059,01000000059,Demo User 059,UB0001288,2026-06-26T13:01:26+06:00,Premier,Banani,23.794596,90.41097,Dhanmondi,23.753647,90.36992,20.94,29,467,completed,2026-06-26T13:45:26+06:00,True
USR059,01000000059,Demo User 059,UB0001293,2026-06-28T03:07:15+06:00,UberX,Dhanmondi,23.743783,90.381263,Mohakhali,23.774507,90.399931,12.35,55,390,completed,2026-06-28T04:19:15+06:00,True
USR059,01000000059,Demo User 059,UB0001299,2026-07-12T23:00:10+06:00,Premier,Mohakhali,23.775563,90.39708,Badda,23.778698,90.428099,7.33,39,256,completed,2026-07-12T23:44:10+06:00,True
USR059,01000000059,Demo User 059,UB0001301,2026-07-30T16:10:29+06:00,Premier,Gulshan,23.787992,90.412463,Dhanmondi,23.740247,90.373413,21.29,11,597,completed,2026-07-30T16:29:29+06:00,True
USR059,01000000059,Demo User 059,UB0001303,2026-07-30T20:40:03+06:00,Premier,Motijheel,23.737801,90.42196,Mohakhali,23.787976,90.403111,16.72,37,428,completed,2026-07-30T21:24:03+06:00,True
USR060,01000000060,Demo User 060,UB0001309,2026-03-03T02:35:24+06:00,UberX,Wari,23.71605,90.413783,Mohakhali,23.777383,90.392806,10.68,25,283,completed,2026-03-03T03:03:24+06:00,True
USR060,01000000060,Demo User 060,UB0001312,2026-03-16T08:53:54+06:00,Premier,Khilgaon,23.746428,90.425206,Gulshan,23.790844,90.404101,14.23,60,492,cancelled_by_rider,2026-03-16T09:56:54+06:00,True
USR060,01000000060,Demo User 060,UB0001317,2026-03-27T10:46:38+06:00,Premier,Khilgaon,23.755632,90.421431,Mohammadpur,23.761962,90.355532,19.66,45,687,completed,2026-03-27T11:42:38+06:00,True
USR060,01000000060,Demo User 060,UB0001307,2026-03-29T03:20:05+06:00,Premier,Farmgate,23.75926,90.384921,Rampura,23.753896,90.428712,20.0,72,462,completed,2026-03-29T04:35:05+06:00,True
USR060,01000000060,Demo User 060,UB0001313,2026-03-29T05:48:36+06:00,Moto,Wari,23.720514,90.41546,Uttara,23.883529,90.383578,2.35,62,99,completed,2026-03-29T07:03:36+06:00,True
USR060,01000000060,Demo User 060,UB0001310,2026-03-30T14:36:41+06:00,Moto,Farmgate,23.765726,90.393641,Rampura,23.758861,90.419574,11.34,26,374,completed,2026-03-30T15:17:41+06:00,True
USR060,01000000060,Demo User 060,UB0001324,2026-04-15T20:50:50+06:00,UberX,Badda,23.776285,90.427975,Farmgate,23.754164,90.391439,16.5,43,431,completed,2026-04-15T21:53:50+06:00,True
USR060,01000000060,Demo User 060,UB0001316,2026-04-19T10:29:28+06:00,Premier,Uttara,23.881852,90.385826,Rampura,23.766695,90.42206,6.87,61,268,completed,2026-04-19T11:47:28+06:00,True
USR060,01000000060,Demo User 060,UB0001320,2026-05-11T18:12:42+06:00,UberX,Badda,23.785092,90.420464,Mohakhali,23.778306,90.405408,19.62,31,409,cancelled_by_rider,2026-05-11T18:45:42+06:00,True
USR060,01000000060,Demo User 060,UB0001314,2026-05-27T11:23:19+06:00,Premier,Gulshan,23.79771,90.414767,Uttara,23.873836,90.38212,7.51,15,287,ongoing,2026-05-27T11:51:19+06:00,True
USR060,01000000060,Demo User 060,UB0001323,2026-05-30T21:23:42+06:00,Premier,Farmgate,23.758679,90.38507,Uttara,23.880529,90.377818,2.56,60,116,completed,2026-05-30T22:39:42+06:00,True
USR060,01000000060,Demo User 060,UB0001322,2026-06-15T03:59:42+06:00,UberX,Shyamoli,23.78217,90.370478,Wari,23.724352,90.42465,8.06,41,248,completed,2026-06-15T04:52:42+06:00,True
USR060,01000000060,Demo User 060,UB0001311,2026-06-23T01:11:39+06:00,Moto,Tejgaon,23.771503,90.388298,Bashundhara,23.807254,90.430076,14.17,25,486,ongoing,2026-06-23T01:39:39+06:00,True
USR060,01000000060,Demo User 060,UB0001319,2026-06-28T07:40:59+06:00,Premier,Wari,23.713965,90.410209,Pallabi,23.83281,90.360263,13.75,32,316,completed,2026-06-28T08:17:59+06:00,True
USR060,01000000060,Demo User 060,UB0001321,2026-07-11T17:09:31+06:00,Moto,Bashundhara,23.821234,90.425503,Mirpur,23.816448,90.363413,9.76,47,298,completed,2026-07-11T18:04:31+06:00,True
USR060,01000000060,Demo User 060,UB0001315,2026-07-16T05:26:35+06:00,Premier,Mirpur,23.817903,90.371131,Rampura,23.760485,90.416983,18.81,56,556,completed,2026-07-16T06:27:35+06:00,True
USR060,01000000060,Demo User 060,UB0001318,2026-07-29T04:31:53+06:00,Moto,Banani,23.796259,90.405585,Mohammadpur,23.763195,90.351221,8.34,68,221,completed,2026-07-29T05:58:53+06:00,True
USR060,01000000060,Demo User 060,UB0001308,2026-08-06T01:20:28+06:00,UberX,Bashundhara,23.819661,90.42334,Gulshan,23.79625,90.401508,5.02,47,171,completed,2026-08-06T02:19:28+06:00,True
USR061,01000000061,Demo User 061,UB0001338,2026-02-24T13:01:10+06:00,Premier,Rampura,23.754649,90.42014,Motijheel,23.733721,90.420702,17.95,44,634,completed,2026-02-24T14:03:10+06:00,True
USR061,01000000061,Demo User 061,UB0001331,2026-02-26T17:01:31+06:00,UberX,Motijheel,23.731447,90.424097,Gulshan,23.797687,90.409153,13.41,34,311,completed,2026-02-26T17:55:31+06:00,True
USR061,01000000061,Demo User 061,UB0001334,2026-03-09T12:47:11+06:00,UberX,Gulshan,23.789039,90.403921,Dhanmondi,23.748256,90.383896,22.38,25,628,completed,2026-03-09T13:14:11+06:00,True
USR061,01000000061,Demo User 061,UB0001325,2026-03-11T18:06:32+06:00,UberX,Banani,23.79113,90.411367,Old Dhaka,23.713629,90.413582,20.08,60,677,completed,2026-03-11T19:15:32+06:00,True
USR061,01000000061,Demo User 061,UB0001328,2026-03-19T17:02:55+06:00,UberX,Banani,23.785927,90.404415,Uttara,23.875115,90.376375,3.25,49,162,completed,2026-03-19T17:54:55+06:00,True
USR061,01000000061,Demo User 061,UB0001333,2026-03-31T20:47:13+06:00,Premier,Old Dhaka,23.706589,90.410948,Banani,23.80107,90.414394,1.22,27,80,completed,2026-03-31T21:25:13+06:00,True
USR061,01000000061,Demo User 061,UB0001327,2026-05-13T13:14:35+06:00,Premier,Badda,23.779612,90.419974,Mohammadpur,23.772309,90.358256,9.39,72,302,completed,2026-05-13T14:31:35+06:00,True
USR061,01000000061,Demo User 061,UB0001329,2026-05-23T21:07:18+06:00,UberX,Mirpur,23.826197,90.366214,Pallabi,23.824145,90.367641,7.46,36,264,completed,2026-05-23T22:01:18+06:00,True
USR061,01000000061,Demo User 061,UB0001336,2026-05-28T07:59:07+06:00,Moto,Shyamoli,23.773661,90.367947,Mirpur,23.821868,90.364273,9.46,19,353,completed,2026-05-28T08:38:07+06:00,True
USR061,01000000061,Demo User 061,UB0001337,2026-05-29T05:45:28+06:00,UberX,Badda,23.776901,90.428606,Dhanmondi,23.754229,90.372145,10.72,15,311,completed,2026-05-29T06:16:28+06:00,True
USR061,01000000061,Demo User 061,UB0001332,2026-06-04T08:37:07+06:00,Moto,Rampura,23.757768,90.413641,Shyamoli,23.774933,90.36251,20.72,27,459,completed,2026-06-04T09:23:07+06:00,True
USR061,01000000061,Demo User 061,UB0001335,2026-06-25T14:21:39+06:00,UberX,Rampura,23.759166,90.421252,Gulshan,23.785752,90.408575,4.91,20,209,completed,2026-06-25T14:56:39+06:00,True
USR061,01000000061,Demo User 061,UB0001330,2026-07-08T09:08:48+06:00,UberX,Bashundhara,23.816384,90.426197,Gulshan,23.784679,90.413503,16.15,52,528,completed,2026-07-08T10:19:48+06:00,True
USR061,01000000061,Demo User 061,UB0001326,2026-07-23T21:28:44+06:00,Moto,Mirpur,23.826767,90.360642,Mohammadpur,23.761347,90.363751,20.65,25,682,completed,2026-07-23T22:03:44+06:00,True
USR061,01000000061,Demo User 061,UB0001339,2026-08-06T11:23:26+06:00,Premier,Rampura,23.755245,90.421549,Mirpur,23.824865,90.360262,10.65,59,292,cancelled_by_rider,2026-08-06T12:27:26+06:00,True
USR062,01000000062,Demo User 062,UB0001360,2026-02-25T03:27:56+06:00,Premier,Pallabi,23.822894,90.357197,Bashundhara,23.817854,90.432249,13.8,23,470,completed,2026-02-25T03:59:56+06:00,True
USR062,01000000062,Demo User 062,UB0001358,2026-03-02T06:10:11+06:00,Moto,Wari,23.723423,90.425212,Banani,23.792762,90.401966,4.99,75,204,completed,2026-03-02T07:40:11+06:00,True
USR062,01000000062,Demo User 062,UB0001365,2026-03-05T20:04:24+06:00,Moto,Wari,23.721257,90.417859,Motijheel,23.739632,90.419414,21.28,10,640,completed,2026-03-05T20:34:24+06:00,True
USR062,01000000062,Demo User 062,UB0001352,2026-03-15T12:48:19+06:00,Moto,Gulshan,23.799545,90.409477,Dhanmondi,23.746202,90.369509,19.37,34,635,completed,2026-03-15T13:31:19+06:00,True
USR062,01000000062,Demo User 062,UB0001359,2026-03-24T16:09:35+06:00,Moto,Tejgaon,23.757766,90.400209,Motijheel,23.725745,90.417674,19.49,9,521,completed,2026-03-24T16:21:35+06:00,True
USR062,01000000062,Demo User 062,UB0001355,2026-03-27T16:32:51+06:00,UberX,Tejgaon,23.765609,90.388416,Pallabi,23.826841,90.361497,20.36,49,596,completed,2026-03-27T17:30:51+06:00,True
USR062,01000000062,Demo User 062,UB0001349,2026-03-29T11:41:32+06:00,Premier,Badda,23.774918,90.429418,Old Dhaka,23.711322,90.408814,11.31,23,392,completed,2026-03-29T12:21:32+06:00,True
USR062,01000000062,Demo User 062,UB0001362,2026-04-16T21:16:16+06:00,Moto,Mohakhali,23.788651,90.391927,Motijheel,23.735167,90.412634,9.7,73,238,completed,2026-04-16T22:30:16+06:00,True
USR062,01000000062,Demo User 062,UB0001354,2026-04-20T19:08:24+06:00,UberX,Khilgaon,23.758052,90.419614,Pallabi,23.8253,90.36779,7.33,62,191,completed,2026-04-20T20:20:24+06:00,True
USR062,01000000062,Demo User 062,UB0001366,2026-04-30T18:05:58+06:00,Moto,Gulshan,23.792501,90.402658,Farmgate,23.755687,90.396493,19.95,59,531,completed,2026-04-30T19:24:58+06:00,True
USR062,01000000062,Demo User 062,UB0001348,2026-05-02T20:16:38+06:00,Premier,Khilgaon,23.750856,90.423465,Mohakhali,23.782112,90.391222,10.93,30,327,completed,2026-05-02T20:59:38+06:00,True
USR062,01000000062,Demo User 062,UB0001347,2026-05-03T20:18:03+06:00,UberX,Mirpur,23.824944,90.37166,Bashundhara,23.819789,90.430288,5.65,24,218,completed,2026-05-03T20:57:03+06:00,True
USR062,01000000062,Demo User 062,UB0001345,2026-05-11T01:13:58+06:00,UberX,Badda,23.78807,90.429921,Tejgaon,23.762913,90.394628,9.67,25,233,completed,2026-05-11T01:40:58+06:00,True
USR062,01000000062,Demo User 062,UB0001341,2026-05-21T19:20:37+06:00,Premier,Gulshan,23.788339,90.413539,Tejgaon,23.765918,90.392042,4.0,47,183,cancelled_by_driver,2026-05-21T20:14:37+06:00,True
USR062,01000000062,Demo User 062,UB0001350,2026-05-24T16:03:13+06:00,UberX,Pallabi,23.822583,90.371091,Shyamoli,23.778092,90.363818,6.96,68,210,completed,2026-05-24T17:21:13+06:00,True
USR062,01000000062,Demo User 062,UB0001353,2026-06-01T04:19:07+06:00,Moto,Shyamoli,23.778483,90.361328,Khilgaon,23.74646,90.43138,15.28,22,504,completed,2026-06-01T04:58:07+06:00,True
USR062,01000000062,Demo User 062,UB0001346,2026-06-02T13:33:18+06:00,Premier,Dhanmondi,23.739027,90.368916,Wari,23.72385,90.420181,12.95,49,413,completed,2026-06-02T14:27:18+06:00,True
USR062,01000000062,Demo User 062,UB0001368,2026-06-05T09:33:57+06:00,Moto,Mirpur,23.814637,90.361469,Mohammadpur,23.763976,90.356054,8.13,70,250,completed,2026-06-05T11:01:57+06:00,True
USR062,01000000062,Demo User 062,UB0001344,2026-06-16T22:02:48+06:00,Moto,Dhanmondi,23.747492,90.371426,Mirpur,23.818341,90.36165,6.08,67,209,completed,2026-06-16T23:21:48+06:00,True
USR062,01000000062,Demo User 062,UB0001340,2026-06-20T21:24:04+06:00,Premier,Mirpur,23.822957,90.363157,Rampura,23.767385,90.417008,20.97,21,675,completed,2026-06-20T21:57:04+06:00,True
USR062,01000000062,Demo User 062,UB0001357,2026-07-02T19:34:46+06:00,Moto,Mohammadpur,23.770444,90.362483,Gulshan,23.791372,90.399932,11.23,24,398,cancelled_by_rider,2026-07-02T20:14:46+06:00,True
USR062,01000000062,Demo User 062,UB0001351,2026-07-05T21:32:23+06:00,UberX,Farmgate,23.758413,90.382697,Mohammadpur,23.770449,90.357172,6.54,70,206,completed,2026-07-05T22:49:23+06:00,True
USR062,01000000062,Demo User 062,UB0001364,2026-07-11T15:49:32+06:00,Premier,Wari,23.720502,90.410509,Banani,23.799203,90.407834,23.08,16,589,completed,2026-07-11T16:20:32+06:00,True
USR062,01000000062,Demo User 062,UB0001356,2026-07-19T14:36:15+06:00,UberX,Mohakhali,23.772843,90.404012,Old Dhaka,23.710569,90.405881,4.01,75,160,completed,2026-07-19T16:00:15+06:00,True
USR062,01000000062,Demo User 062,UB0001361,2026-07-20T00:59:53+06:00,UberX,Mohammadpur,23.769099,90.362545,Rampura,23.753955,90.420851,17.17,31,519,completed,2026-07-20T01:38:53+06:00,True
USR062,01000000062,Demo User 062,UB0001342,2026-07-26T02:45:15+06:00,Moto,Bashundhara,23.822797,90.420823,Motijheel,23.727791,90.417786,17.88,34,521,completed,2026-07-26T03:22:15+06:00,True
USR062,01000000062,Demo User 062,UB0001363,2026-07-29T08:27:49+06:00,UberX,Pallabi,23.830901,90.370554,Old Dhaka,23.715869,90.403031,13.55,28,513,completed,2026-07-29T09:15:49+06:00,True
USR062,01000000062,Demo User 062,UB0001343,2026-08-04T05:36:50+06:00,Premier,Old Dhaka,23.717412,90.40237,Shyamoli,23.770808,90.36126,23.98,26,537,completed,2026-08-04T06:10:50+06:00,True
USR062,01000000062,Demo User 062,UB0001367,2026-08-08T11:34:57+06:00,UberX,Badda,23.774794,90.422166,Dhanmondi,23.752796,90.378234,1.31,47,92,completed,2026-08-08T12:22:57+06:00,True
USR063,01000000063,Demo User 063,UB0001370,2026-02-18T07:11:10+06:00,Premier,Tejgaon,23.764069,90.400633,Khilgaon,23.75657,90.422597,14.41,47,494,completed,2026-02-18T08:05:10+06:00,True
USR063,01000000063,Demo User 063,UB0001376,2026-03-01T14:29:37+06:00,Moto,Uttara,23.882708,90.37252,Banani,23.79347,90.405197,2.62,21,134,completed,2026-03-01T14:56:37+06:00,True
USR063,01000000063,Demo User 063,UB0001381,2026-03-11T11:21:39+06:00,Premier,Tejgaon,23.771139,90.391116,Motijheel,23.727753,90.424428,20.16,41,493,completed,2026-03-11T12:16:39+06:00,True
USR063,01000000063,Demo User 063,UB0001371,2026-03-21T05:43:40+06:00,Moto,Bashundhara,23.813939,90.420256,Gulshan,23.799556,90.409178,3.22,59,125,completed,2026-03-21T06:45:40+06:00,True
USR063,01000000063,Demo User 063,UB0001375,2026-03-31T23:00:58+06:00,Premier,Tejgaon,23.770835,90.390472,Gulshan,23.799555,90.411851,10.99,33,331,completed,2026-03-31T23:40:58+06:00,True
USR063,01000000063,Demo User 063,UB0001372,2026-04-06T17:29:10+06:00,UberX,Mohammadpur,23.763806,90.357285,Dhanmondi,23.740681,90.368471,3.07,18,111,completed,2026-04-06T17:52:10+06:00,True
USR063,01000000063,Demo User 063,UB0001378,2026-05-10T07:58:18+06:00,UberX,Farmgate,23.76437,90.38333,Banani,23.785705,90.404725,10.42,26,355,completed,2026-05-10T08:31:18+06:00,True
USR063,01000000063,Demo User 063,UB0001383,2026-05-31T19:25:08+06:00,UberX,Badda,23.785213,90.422919,Uttara,23.876339,90.38375,19.94,13,625,completed,2026-05-31T19:51:08+06:00,True
USR063,01000000063,Demo User 063,UB0001374,2026-06-10T23:14:31+06:00,Moto,Tejgaon,23.758529,90.387465,Rampura,23.76305,90.420085,9.21,61,357,completed,2026-06-11T00:24:31+06:00,True
USR063,01000000063,Demo User 063,UB0001384,2026-06-14T17:41:26+06:00,Premier,Dhanmondi,23.741611,90.378652,Gulshan,23.7976,90.414297,21.22,75,714,cancelled_by_driver,2026-06-14T19:09:26+06:00,True
USR063,01000000063,Demo User 063,UB0001379,2026-06-27T18:13:16+06:00,Premier,Mohammadpur,23.768897,90.355626,Rampura,23.763344,90.42717,21.14,36,767,completed,2026-06-27T19:00:16+06:00,True
USR063,01000000063,Demo User 063,UB0001377,2026-06-30T03:25:41+06:00,Moto,Shyamoli,23.776264,90.361441,Gulshan,23.794692,90.402167,13.32,67,374,completed,2026-06-30T04:34:41+06:00,True
USR063,01000000063,Demo User 063,UB0001373,2026-07-04T16:02:33+06:00,Moto,Khilgaon,23.745768,90.419967,Old Dhaka,23.714943,90.403373,2.2,30,124,completed,2026-07-04T16:48:33+06:00,True
USR063,01000000063,Demo User 063,UB0001385,2026-07-11T03:08:02+06:00,UberX,Farmgate,23.756641,90.395337,Mohammadpur,23.768817,90.353856,20.16,19,549,completed,2026-07-11T03:32:02+06:00,True
USR063,01000000063,Demo User 063,UB0001380,2026-07-14T16:18:22+06:00,Moto,Banani,23.790281,90.407745,Old Dhaka,23.709149,90.409903,5.06,66,186,completed,2026-07-14T17:31:22+06:00,True
USR063,01000000063,Demo User 063,UB0001382,2026-07-24T01:07:50+06:00,Premier,Mohammadpur,23.766111,90.359306,Dhanmondi,23.753013,90.382384,6.38,48,192,completed,2026-07-24T02:14:50+06:00,True
USR063,01000000063,Demo User 063,UB0001369,2026-08-05T11:32:52+06:00,UberX,Tejgaon,23.756332,90.389063,Bashundhara,23.821327,90.418791,18.83,57,672,completed,2026-08-05T12:47:52+06:00,True
USR064,01000000064,Demo User 064,UB0001391,2026-02-19T12:47:07+06:00,Moto,Uttara,23.872403,90.375874,Khilgaon,23.755642,90.429775,4.56,10,156,completed,2026-02-19T12:57:07+06:00,True
USR064,01000000064,Demo User 064,UB0001392,2026-02-20T09:04:58+06:00,Premier,Old Dhaka,23.70603,90.411734,Farmgate,23.75819,90.385336,18.01,48,508,cancelled_by_driver,2026-02-20T09:56:58+06:00,True
USR064,01000000064,Demo User 064,UB0001393,2026-03-01T04:05:42+06:00,UberX,Farmgate,23.757583,90.381782,Rampura,23.759267,90.412962,4.4,62,156,completed,2026-03-01T05:27:42+06:00,True
USR064,01000000064,Demo User 064,UB0001401,2026-03-03T06:10:09+06:00,UberX,Gulshan,23.785967,90.403219,Shyamoli,23.773528,90.364402,12.47,39,332,completed,2026-03-03T07:02:09+06:00,True
USR064,01000000064,Demo User 064,UB0001398,2026-03-20T16:26:19+06:00,UberX,Dhanmondi,23.741597,90.372989,Banani,23.793245,90.402215,21.15,30,606,completed,2026-03-20T17:01:19+06:00,True
USR064,01000000064,Demo User 064,UB0001386,2026-03-22T17:40:11+06:00,Moto,Tejgaon,23.769644,90.386477,Uttara,23.873849,90.381999,17.69,11,604,completed,2026-03-22T18:03:11+06:00,True
USR064,01000000064,Demo User 064,UB0001395,2026-04-06T09:48:55+06:00,Premier,Mohammadpur,23.758358,90.35764,Tejgaon,23.756855,90.399708,10.91,53,341,completed,2026-04-06T10:56:55+06:00,True
USR064,01000000064,Demo User 064,UB0001396,2026-04-09T06:29:05+06:00,UberX,Old Dhaka,23.713144,90.4047,Bashundhara,23.814281,90.419953,22.25,40,618,completed,2026-04-09T07:18:05+06:00,True
USR064,01000000064,Demo User 064,UB0001403,2026-04-22T15:09:46+06:00,Premier,Shyamoli,23.773249,90.363787,Wari,23.724325,90.421566,19.1,9,407,completed,2026-04-22T15:33:46+06:00,True
USR064,01000000064,Demo User 064,UB0001400,2026-05-10T03:17:02+06:00,Moto,Mohakhali,23.773566,90.399324,Tejgaon,23.770456,90.390903,20.98,59,479,completed,2026-05-10T04:29:02+06:00,True
USR064,01000000064,Demo User 064,UB0001388,2026-05-23T00:22:46+06:00,UberX,Dhanmondi,23.749729,90.379796,Farmgate,23.762204,90.385406,18.42,17,469,cancelled_by_rider,2026-05-23T00:43:46+06:00,True
USR064,01000000064,Demo User 064,UB0001387,2026-05-24T01:51:39+06:00,UberX,Mirpur,23.825892,90.36158,Khilgaon,23.753602,90.417356,12.92,73,347,completed,2026-05-24T03:17:39+06:00,True
USR064,01000000064,Demo User 064,UB0001402,2026-05-24T02:27:18+06:00,UberX,Mirpur,23.825461,90.368657,Dhanmondi,23.738735,90.37126,19.42,45,555,completed,2026-05-24T03:15:18+06:00,True
USR064,01000000064,Demo User 064,UB0001394,2026-06-23T00:47:30+06:00,Moto,Uttara,23.870354,90.381162,Badda,23.78069,90.430644,1.89,58,90,completed,2026-06-23T02:02:30+06:00,True
USR064,01000000064,Demo User 064,UB0001390,2026-07-02T10:25:35+06:00,Premier,Bashundhara,23.815892,90.427976,Mohakhali,23.779774,90.395808,9.58,21,258,completed,2026-07-02T10:55:35+06:00,True
USR064,01000000064,Demo User 064,UB0001399,2026-07-18T11:51:33+06:00,Moto,Khilgaon,23.743744,90.419513,Shyamoli,23.772328,90.367039,23.19,35,510,completed,2026-07-18T12:30:33+06:00,True
USR064,01000000064,Demo User 064,UB0001389,2026-07-23T08:28:53+06:00,Moto,Uttara,23.873074,90.381139,Mirpur,23.820024,90.362023,10.36,28,332,completed,2026-07-23T09:01:53+06:00,True
USR064,01000000064,Demo User 064,UB0001397,2026-08-09T10:12:07+06:00,Premier,Mirpur,23.826746,90.371632,Banani,23.787281,90.400333,4.02,71,171,completed,2026-08-09T11:30:07+06:00,True
USR065,01000000065,Demo User 065,UB0001419,2026-02-24T15:09:18+06:00,UberX,Wari,23.720233,90.410207,Gulshan,23.794115,90.410333,14.15,35,444,completed,2026-02-24T16:03:18+06:00,True
USR065,01000000065,Demo User 065,UB0001417,2026-02-26T21:47:14+06:00,Premier,Dhanmondi,23.740702,90.382378,Uttara,23.872281,90.386656,9.31,9,299,completed,2026-02-26T22:05:14+06:00,True
USR065,01000000065,Demo User 065,UB0001404,2026-03-08T21:29:10+06:00,Moto,Mirpur,23.819807,90.372251,Wari,23.719955,90.425605,14.94,12,422,completed,2026-03-08T21:53:10+06:00,True
USR065,01000000065,Demo User 065,UB0001405,2026-03-15T21:07:18+06:00,Moto,Wari,23.711869,90.419827,Mirpur,23.829745,90.366591,8.4,41,324,completed,2026-03-15T22:02:18+06:00,True
USR065,01000000065,Demo User 065,UB0001416,2026-03-23T20:34:59+06:00,Premier,Old Dhaka,23.712887,90.40227,Banani,23.794205,90.403556,15.92,73,345,cancelled_by_driver,2026-03-23T21:52:59+06:00,True
USR065,01000000065,Demo User 065,UB0001410,2026-04-20T20:48:47+06:00,Moto,Tejgaon,23.763497,90.39321,Bashundhara,23.812354,90.430825,22.28,16,766,completed,2026-04-20T21:22:47+06:00,True
USR065,01000000065,Demo User 065,UB0001407,2026-04-21T14:12:42+06:00,Premier,Wari,23.718021,90.422495,Farmgate,23.757359,90.387112,3.63,51,170,completed,2026-04-21T15:06:42+06:00,True
USR065,01000000065,Demo User 065,UB0001409,2026-05-13T18:51:13+06:00,Premier,Farmgate,23.761747,90.394439,Wari,23.715878,90.425471,2.64,72,131,ongoing,2026-05-13T20:04:13+06:00,True
USR065,01000000065,Demo User 065,UB0001414,2026-05-22T02:32:21+06:00,Premier,Uttara,23.870185,90.376897,Mohammadpur,23.760503,90.357925,21.0,14,730,completed,2026-05-22T03:00:21+06:00,True
USR065,01000000065,Demo User 065,UB0001415,2026-05-27T16:56:14+06:00,UberX,Farmgate,23.753104,90.397279,Mohakhali,23.773143,90.40268,1.36,44,100,completed,2026-05-27T17:42:14+06:00,True
USR065,01000000065,Demo User 065,UB0001413,2026-06-07T03:29:05+06:00,Moto,Mohammadpur,23.766121,90.363586,Rampura,23.762557,90.413665,16.05,34,373,cancelled_by_driver,2026-06-07T04:17:05+06:00,True
USR065,01000000065,Demo User 065,UB0001418,2026-06-18T03:13:39+06:00,Moto,Old Dhaka,23.715111,90.414975,Bashundhara,23.822191,90.427778,19.43,16,704,completed,2026-06-18T03:33:39+06:00,True
USR065,01000000065,Demo User 065,UB0001411,2026-06-24T22:06:46+06:00,UberX,Khilgaon,23.742957,90.427547,Farmgate,23.75675,90.393047,18.96,52,660,completed,2026-06-24T23:14:46+06:00,True
USR065,01000000065,Demo User 065,UB0001412,2026-07-02T07:05:50+06:00,Moto,Tejgaon,23.768615,90.391303,Bashundhara,23.808677,90.425093,7.49,15,228,completed,2026-07-02T07:36:50+06:00,True
USR065,01000000065,Demo User 065,UB0001406,2026-07-04T14:34:16+06:00,UberX,Mirpur,23.820004,90.366884,Khilgaon,23.749932,90.428304,21.03,15,558,completed,2026-07-04T14:52:16+06:00,True
USR065,01000000065,Demo User 065,UB0001408,2026-07-12T20:42:19+06:00,UberX,Bashundhara,23.818912,90.420468,Motijheel,23.733457,90.414961,19.4,21,710,completed,2026-07-12T21:04:19+06:00,True
USR066,01000000066,Demo User 066,UB0001425,2026-03-27T12:54:31+06:00,Premier,Mohakhali,23.783687,90.393061,Dhanmondi,23.752694,90.376942,17.49,24,495,ongoing,2026-03-27T13:21:31+06:00,True
USR066,01000000066,Demo User 066,UB0001434,2026-03-30T16:11:14+06:00,UberX,Dhanmondi,23.749882,90.369338,Shyamoli,23.769833,90.370778,12.44,33,422,completed,2026-03-30T16:56:14+06:00,True
USR066,01000000066,Demo User 066,UB0001421,2026-04-05T00:34:57+06:00,Premier,Farmgate,23.75264,90.383905,Rampura,23.759936,90.424761,16.96,51,591,completed,2026-04-05T01:45:57+06:00,True
USR066,01000000066,Demo User 066,UB0001423,2026-04-05T01:39:43+06:00,UberX,Tejgaon,23.758844,90.398052,Badda,23.783827,90.425173,12.19,63,334,completed,2026-04-05T02:50:43+06:00,True
USR066,01000000066,Demo User 066,UB0001436,2026-04-13T19:52:35+06:00,UberX,Shyamoli,23.771654,90.367543,Mirpur,23.819117,90.357595,2.53,45,125,completed,2026-04-13T20:51:35+06:00,True
USR066,01000000066,Demo User 066,UB0001424,2026-05-01T01:47:24+06:00,Moto,Pallabi,23.820996,90.362215,Mohakhali,23.780904,90.405851,2.99,11,123,completed,2026-05-01T02:10:24+06:00,True
USR066,01000000066,Demo User 066,UB0001431,2026-05-01T12:37:58+06:00,Premier,Rampura,23.764337,90.414764,Old Dhaka,23.712374,90.40202,10.68,71,249,completed,2026-05-01T13:48:58+06:00,True
USR066,01000000066,Demo User 066,UB0001429,2026-05-23T06:06:24+06:00,Premier,Mohakhali,23.785519,90.394896,Khilgaon,23.75404,90.426513,1.46,42,85,completed,2026-05-23T07:07:24+06:00,True
USR066,01000000066,Demo User 066,UB0001422,2026-06-05T03:50:39+06:00,Premier,Dhanmondi,23.748347,90.369458,Old Dhaka,23.71164,90.403661,17.34,36,511,completed,2026-06-05T04:26:39+06:00,True
USR066,01000000066,Demo User 066,UB0001428,2026-06-11T20:03:04+06:00,Moto,Uttara,23.879826,90.374404,Rampura,23.756882,90.423731,17.73,20,558,completed,2026-06-11T20:25:04+06:00,True
USR066,01000000066,Demo User 066,UB0001430,2026-06-12T04:04:29+06:00,Premier,Rampura,23.76785,90.42824,Farmgate,23.765832,90.391996,17.16,67,510,completed,2026-06-12T05:12:29+06:00,True
USR066,01000000066,Demo User 066,UB0001433,2026-06-16T03:24:17+06:00,Premier,Old Dhaka,23.71606,90.407334,Gulshan,23.789762,90.414052,10.8,13,319,completed,2026-06-16T03:44:17+06:00,True
USR066,01000000066,Demo User 066,UB0001427,2026-06-16T13:42:26+06:00,Moto,Khilgaon,23.746428,90.422172,Dhanmondi,23.746889,90.371223,22.16,8,721,cancelled_by_rider,2026-06-16T13:56:26+06:00,True
USR066,01000000066,Demo User 066,UB0001426,2026-06-27T09:52:45+06:00,Premier,Mirpur,23.8196,90.371784,Rampura,23.756292,90.424735,18.85,13,666,completed,2026-06-27T10:20:45+06:00,True
USR066,01000000066,Demo User 066,UB0001435,2026-07-21T13:22:21+06:00,Premier,Rampura,23.753574,90.412926,Motijheel,23.731258,90.419445,22.5,12,637,completed,2026-07-21T13:47:21+06:00,True
USR066,01000000066,Demo User 066,UB0001432,2026-07-28T01:12:07+06:00,Premier,Uttara,23.873784,90.373539,Mohammadpur,23.772867,90.360962,5.34,51,216,completed,2026-07-28T02:08:07+06:00,True
USR066,01000000066,Demo User 066,UB0001420,2026-08-07T05:32:34+06:00,UberX,Mirpur,23.818853,90.361269,Farmgate,23.762962,90.38442,7.82,43,264,completed,2026-08-07T06:31:34+06:00,True
USR067,01000000067,Demo User 067,UB0001438,2026-02-20T22:04:29+06:00,UberX,Mirpur,23.824351,90.370805,Bashundhara,23.808845,90.425659,17.08,62,615,cancelled_by_rider,2026-02-20T23:09:29+06:00,True
USR067,01000000067,Demo User 067,UB0001446,2026-03-04T06:58:18+06:00,Premier,Mirpur,23.819326,90.360959,Uttara,23.869413,90.382676,11.46,74,354,completed,2026-03-04T08:26:18+06:00,True
USR067,01000000067,Demo User 067,UB0001455,2026-03-08T08:39:50+06:00,Premier,Mirpur,23.828713,90.372733,Dhanmondi,23.74196,90.380718,16.1,54,371,completed,2026-03-08T09:35:50+06:00,True
USR067,01000000067,Demo User 067,UB0001447,2026-03-20T04:01:16+06:00,Premier,Motijheel,23.729195,90.418831,Badda,23.787831,90.421713,18.52,17,520,completed,2026-03-20T04:24:16+06:00,True
USR067,01000000067,Demo User 067,UB0001456,2026-03-26T11:40:25+06:00,Premier,Rampura,23.753145,90.419498,Motijheel,23.731782,90.424088,8.9,59,342,completed,2026-03-26T12:51:25+06:00,True
USR067,01000000067,Demo User 067,UB0001440,2026-04-03T12:34:07+06:00,UberX,Khilgaon,23.743307,90.4217,Mirpur,23.824587,90.360876,19.64,11,606,completed,2026-04-03T13:03:07+06:00,True
USR067,01000000067,Demo User 067,UB0001453,2026-04-20T14:47:13+06:00,UberX,Banani,23.799045,90.405196,Bashundhara,23.821765,90.425398,11.58,17,273,completed,2026-04-20T15:16:13+06:00,True
USR067,01000000067,Demo User 067,UB0001437,2026-04-23T15:03:20+06:00,Moto,Mirpur,23.815819,90.360835,Pallabi,23.833979,90.369568,9.24,25,284,completed,2026-04-23T15:32:20+06:00,True
USR067,01000000067,Demo User 067,UB0001439,2026-05-08T05:24:51+06:00,Moto,Mirpur,23.829591,90.369541,Banani,23.79,90.412749,8.44,33,301,completed,2026-05-08T05:57:51+06:00,True
USR067,01000000067,Demo User 067,UB0001443,2026-05-08T22:28:08+06:00,UberX,Shyamoli,23.771433,90.370858,Old Dhaka,23.705868,90.403939,18.16,48,438,completed,2026-05-08T23:29:08+06:00,True
USR067,01000000067,Demo User 067,UB0001445,2026-05-09T19:23:32+06:00,Premier,Pallabi,23.828988,90.359768,Shyamoli,23.77352,90.366072,11.8,68,327,completed,2026-05-09T20:45:32+06:00,True
USR067,01000000067,Demo User 067,UB0001444,2026-05-25T02:05:56+06:00,Moto,Rampura,23.756977,90.426226,Mohammadpur,23.767333,90.353395,21.16,11,634,completed,2026-05-25T02:32:56+06:00,True
USR067,01000000067,Demo User 067,UB0001457,2026-05-27T12:21:25+06:00,Premier,Farmgate,23.754654,90.391949,Mohakhali,23.778425,90.397196,12.16,19,406,completed,2026-05-27T12:58:25+06:00,True
USR067,01000000067,Demo User 067,UB0001452,2026-06-30T00:47:25+06:00,UberX,Tejgaon,23.756325,90.399748,Old Dhaka,23.703191,90.411983,22.67,51,734,completed,2026-06-30T01:47:25+06:00,True
USR067,01000000067,Demo User 067,UB0001454,2026-07-03T01:18:23+06:00,Premier,Gulshan,23.79027,90.410932,Badda,23.787005,90.431247,23.74,20,795,ongoing,2026-07-03T01:53:23+06:00,True
USR067,01000000067,Demo User 067,UB0001450,2026-07-10T01:00:29+06:00,UberX,Old Dhaka,23.710644,90.4001,Banani,23.792001,90.404334,23.94,10,604,completed,2026-07-10T01:23:29+06:00,True
USR067,01000000067,Demo User 067,UB0001442,2026-07-10T22:06:56+06:00,UberX,Khilgaon,23.755449,90.428382,Farmgate,23.758689,90.388602,23.78,32,681,completed,2026-07-10T22:57:56+06:00,True
USR067,01000000067,Demo User 067,UB0001441,2026-07-20T14:54:02+06:00,Premier,Banani,23.788558,90.410309,Uttara,23.875372,90.373274,23.84,69,764,completed,2026-07-20T16:03:02+06:00,True
USR067,01000000067,Demo User 067,UB0001448,2026-08-01T05:18:58+06:00,Moto,Gulshan,23.787732,90.413986,Wari,23.721875,90.412408,20.96,71,644,cancelled_by_rider,2026-08-01T06:29:58+06:00,True
USR067,01000000067,Demo User 067,UB0001449,2026-08-04T21:53:19+06:00,UberX,Farmgate,23.752526,90.392302,Gulshan,23.797516,90.40608,1.35,30,97,completed,2026-08-04T22:40:19+06:00,True
USR067,01000000067,Demo User 067,UB0001451,2026-08-06T04:20:22+06:00,UberX,Mirpur,23.828763,90.368975,Old Dhaka,23.706492,90.400909,6.03,15,225,completed,2026-08-06T04:48:22+06:00,True
USR068,01000000068,Demo User 068,UB0001477,2026-02-14T01:49:46+06:00,UberX,Shyamoli,23.781008,90.369564,Mohammadpur,23.764096,90.360335,2.81,29,129,completed,2026-02-14T02:23:46+06:00,True
USR068,01000000068,Demo User 068,UB0001470,2026-02-16T13:38:14+06:00,Moto,Mirpur,23.829987,90.368398,Badda,23.781647,90.431939,22.89,65,681,completed,2026-02-16T15:02:14+06:00,True
USR068,01000000068,Demo User 068,UB0001472,2026-02-17T00:28:07+06:00,Moto,Tejgaon,23.760466,90.399171,Old Dhaka,23.713088,90.408665,15.74,75,518,completed,2026-02-17T01:50:07+06:00,True
USR068,01000000068,Demo User 068,UB0001482,2026-02-27T01:19:23+06:00,Premier,Motijheel,23.736659,90.420444,Mohakhali,23.773232,90.40368,17.8,26,510,completed,2026-02-27T01:52:23+06:00,True
USR068,01000000068,Demo User 068,UB0001485,2026-03-05T13:20:59+06:00,UberX,Mohakhali,23.786134,90.399464,Bashundhara,23.822787,90.432986,21.22,73,555,completed,2026-03-05T14:38:59+06:00,True
USR068,01000000068,Demo User 068,UB0001481,2026-03-07T10:30:39+06:00,Moto,Mirpur,23.826753,90.360101,Shyamoli,23.77381,90.365366,12.19,74,399,completed,2026-03-07T11:49:39+06:00,True
USR068,01000000068,Demo User 068,UB0001461,2026-03-15T20:15:30+06:00,UberX,Dhanmondi,23.753963,90.376838,Gulshan,23.787192,90.413612,8.79,64,319,completed,2026-03-15T21:32:30+06:00,True
USR068,01000000068,Demo User 068,UB0001463,2026-03-22T05:20:41+06:00,Moto,Mirpur,23.826659,90.358858,Pallabi,23.831475,90.357682,16.17,21,499,completed,2026-03-22T05:57:41+06:00,True
USR068,01000000068,Demo User 068,UB0001465,2026-03-27T20:08:30+06:00,Premier,Mohakhali,23.77411,90.394015,Wari,23.713713,90.417764,6.98,70,218,completed,2026-03-27T21:36:30+06:00,True
USR068,01000000068,Demo User 068,UB0001458,2026-03-29T22:27:05+06:00,UberX,Old Dhaka,23.716736,90.400745,Khilgaon,23.746638,90.429272,14.55,36,510,completed,2026-03-29T23:05:05+06:00,True
USR068,01000000068,Demo User 068,UB0001466,2026-03-31T03:25:00+06:00,Premier,Motijheel,23.726589,90.423334,Mirpur,23.815205,90.370343,22.2,46,773,completed,2026-03-31T04:18:00+06:00,True
USR068,01000000068,Demo User 068,UB0001476,2026-04-21T16:32:04+06:00,Premier,Badda,23.780267,90.423869,Farmgate,23.755176,90.383817,9.01,50,291,cancelled_by_rider,2026-04-21T17:22:04+06:00,True
USR068,01000000068,Demo User 068,UB0001471,2026-04-25T11:24:53+06:00,Moto,Farmgate,23.764818,90.391995,Gulshan,23.788536,90.401364,10.76,35,286,completed,2026-04-25T12:07:53+06:00,True
USR068,01000000068,Demo User 068,UB0001480,2026-04-26T09:43:01+06:00,Premier,Wari,23.71728,90.417515,Old Dhaka,23.717195,90.406553,17.54,12,407,completed,2026-04-26T09:57:01+06:00,True
USR068,01000000068,Demo User 068,UB0001479,2026-04-30T00:08:46+06:00,Premier,Banani,23.800625,90.410777,Mirpur,23.82006,90.369857,13.9,53,380,completed,2026-04-30T01:01:46+06:00,True
USR068,01000000068,Demo User 068,UB0001462,2026-05-01T23:44:05+06:00,Premier,Farmgate,23.762725,90.382082,Tejgaon,23.766603,90.389887,11.49,52,395,completed,2026-05-02T00:51:05+06:00,True
USR068,01000000068,Demo User 068,UB0001459,2026-05-03T10:38:22+06:00,UberX,Old Dhaka,23.711824,90.400182,Rampura,23.756333,90.415138,4.99,66,224,completed,2026-05-03T11:59:22+06:00,True
USR068,01000000068,Demo User 068,UB0001484,2026-06-07T15:29:18+06:00,UberX,Old Dhaka,23.717275,90.414689,Mohammadpur,23.769507,90.361428,7.32,55,188,cancelled_by_rider,2026-06-07T16:41:18+06:00,True
USR068,01000000068,Demo User 068,UB0001469,2026-06-14T23:01:32+06:00,Premier,Rampura,23.76741,90.424173,Dhanmondi,23.754341,90.378038,8.66,12,241,completed,2026-06-14T23:17:32+06:00,True
USR068,01000000068,Demo User 068,UB0001483,2026-06-30T00:58:49+06:00,Moto,Pallabi,23.831109,90.363593,Tejgaon,23.767172,90.390373,3.26,58,153,completed,2026-06-30T02:14:49+06:00,True
USR068,01000000068,Demo User 068,UB0001473,2026-06-30T17:18:33+06:00,Moto,Khilgaon,23.750711,90.419181,Pallabi,23.829599,90.356286,8.09,74,225,completed,2026-06-30T18:46:33+06:00,True
USR068,01000000068,Demo User 068,UB0001464,2026-07-02T00:33:21+06:00,Moto,Tejgaon,23.755989,90.387024,Mohakhali,23.783162,90.401996,18.06,17,500,cancelled_by_driver,2026-07-02T00:54:21+06:00,True
USR068,01000000068,Demo User 068,UB0001468,2026-07-03T12:22:10+06:00,Moto,Banani,23.790112,90.414464,Mohammadpur,23.765909,90.360049,15.06,21,339,completed,2026-07-03T12:46:10+06:00,True
USR068,01000000068,Demo User 068,UB0001474,2026-07-18T22:39:38+06:00,Premier,Bashundhara,23.82194,90.43029,Gulshan,23.794109,90.408306,9.69,72,321,completed,2026-07-18T23:51:38+06:00,True
USR068,01000000068,Demo User 068,UB0001475,2026-07-20T20:34:50+06:00,UberX,Mohakhali,23.780745,90.402763,Wari,23.714673,90.422256,13.9,58,523,completed,2026-07-20T21:38:50+06:00,True
USR068,01000000068,Demo User 068,UB0001467,2026-07-23T12:24:19+06:00,Premier,Farmgate,23.75163,90.386605,Wari,23.716871,90.412722,14.77,39,535,completed,2026-07-23T13:23:19+06:00,True
USR068,01000000068,Demo User 068,UB0001460,2026-07-27T03:26:42+06:00,Premier,Rampura,23.764095,90.427079,Khilgaon,23.752008,90.426403,15.46,11,418,completed,2026-07-27T03:51:42+06:00,True
USR068,01000000068,Demo User 068,UB0001478,2026-07-31T15:32:21+06:00,Moto,Gulshan,23.786,90.399863,Badda,23.781527,90.428482,3.37,29,132,cancelled_by_driver,2026-07-31T16:19:21+06:00,True
USR069,01000000069,Demo User 069,UB0001488,2026-02-16T02:12:50+06:00,UberX,Gulshan,23.79244,90.413511,Uttara,23.87576,90.38193,22.02,53,753,completed,2026-02-16T03:12:50+06:00,True
USR069,01000000069,Demo User 069,UB0001497,2026-02-22T05:19:43+06:00,Premier,Tejgaon,23.763603,90.392515,Bashundhara,23.810726,90.419581,7.38,64,260,completed,2026-02-22T06:24:43+06:00,True
USR069,01000000069,Demo User 069,UB0001490,2026-03-14T04:52:36+06:00,Moto,Uttara,23.873288,90.380363,Khilgaon,23.75719,90.419743,7.28,15,250,completed,2026-03-14T05:10:36+06:00,True
USR069,01000000069,Demo User 069,UB0001487,2026-03-15T05:48:40+06:00,Premier,Mohakhali,23.774165,90.405866,Pallabi,23.820997,90.362196,13.62,32,408,ongoing,2026-03-15T06:34:40+06:00,True
USR069,01000000069,Demo User 069,UB0001496,2026-03-20T06:17:39+06:00,Premier,Gulshan,23.790806,90.411869,Pallabi,23.830728,90.361683,15.72,56,413,cancelled_by_driver,2026-03-20T07:26:39+06:00,True
USR069,01000000069,Demo User 069,UB0001491,2026-03-25T21:01:28+06:00,UberX,Badda,23.775984,90.430755,Shyamoli,23.773975,90.367491,16.24,35,474,completed,2026-03-25T21:39:28+06:00,True
USR069,01000000069,Demo User 069,UB0001486,2026-04-21T03:30:51+06:00,UberX,Pallabi,23.830902,90.356054,Motijheel,23.730498,90.418565,9.08,54,224,completed,2026-04-21T04:35:51+06:00,True
USR069,01000000069,Demo User 069,UB0001489,2026-05-02T20:51:33+06:00,UberX,Tejgaon,23.765944,90.388048,Banani,23.796844,90.405441,1.67,44,107,completed,2026-05-02T21:50:33+06:00,True
USR069,01000000069,Demo User 069,UB0001493,2026-05-15T21:31:46+06:00,UberX,Badda,23.779059,90.427266,Farmgate,23.754949,90.392556,20.21,21,497,completed,2026-05-15T21:57:46+06:00,True
USR069,01000000069,Demo User 069,UB0001500,2026-06-07T18:33:55+06:00,UberX,Mohammadpur,23.765604,90.351505,Rampura,23.755848,90.426794,7.58,61,260,completed,2026-06-07T19:38:55+06:00,True
USR069,01000000069,Demo User 069,UB0001492,2026-06-14T10:15:48+06:00,Premier,Badda,23.78212,90.430093,Old Dhaka,23.715164,90.400626,4.15,62,188,completed,2026-06-14T11:22:48+06:00,True
USR069,01000000069,Demo User 069,UB0001494,2026-06-18T02:28:57+06:00,Premier,Mohammadpur,23.764681,90.364136,Uttara,23.87839,90.377821,5.44,28,195,completed,2026-06-18T03:01:57+06:00,True
USR069,01000000069,Demo User 069,UB0001501,2026-06-21T19:40:19+06:00,Premier,Rampura,23.764619,90.414296,Old Dhaka,23.712609,90.400661,14.01,57,413,completed,2026-06-21T20:52:19+06:00,True
USR069,01000000069,Demo User 069,UB0001499,2026-06-24T03:02:14+06:00,Premier,Motijheel,23.739952,90.424259,Bashundhara,23.817451,90.427369,10.8,36,332,completed,2026-06-24T03:45:14+06:00,True
USR069,01000000069,Demo User 069,UB0001495,2026-06-29T14:53:01+06:00,Moto,Mohakhali,23.778488,90.400034,Gulshan,23.784656,90.402285,19.01,56,639,completed,2026-06-29T16:02:01+06:00,True
USR069,01000000069,Demo User 069,UB0001498,2026-07-28T08:31:47+06:00,UberX,Mirpur,23.821276,90.363545,Old Dhaka,23.710083,90.407172,15.11,18,525,completed,2026-07-28T08:56:47+06:00,True
USR070,01000000070,Demo User 070,UB0001515,2026-03-11T04:41:40+06:00,Moto,Pallabi,23.834663,90.362314,Mohammadpur,23.757809,90.35819,19.68,17,511,completed,2026-03-11T05:18:40+06:00,True
USR070,01000000070,Demo User 070,UB0001518,2026-03-16T02:25:02+06:00,Moto,Motijheel,23.736626,90.424905,Uttara,23.877188,90.378684,19.64,62,661,completed,2026-03-16T03:45:02+06:00,True
USR070,01000000070,Demo User 070,UB0001506,2026-03-22T22:46:41+06:00,UberX,Gulshan,23.791263,90.406114,Tejgaon,23.767102,90.396881,8.39,19,211,completed,2026-03-22T23:12:41+06:00,True
USR070,01000000070,Demo User 070,UB0001507,2026-03-27T00:43:22+06:00,UberX,Khilgaon,23.749746,90.418014,Bashundhara,23.815327,90.420431,11.05,36,323,completed,2026-03-27T01:37:22+06:00,True
USR070,01000000070,Demo User 070,UB0001510,2026-03-30T02:38:13+06:00,Premier,Bashundhara,23.812247,90.418532,Rampura,23.768353,90.422997,14.57,26,376,completed,2026-03-30T03:21:13+06:00,True
USR070,01000000070,Demo User 070,UB0001511,2026-04-07T21:50:46+06:00,UberX,Banani,23.789934,90.400521,Bashundhara,23.816586,90.423834,16.18,45,572,completed,2026-04-07T22:54:46+06:00,True
USR070,01000000070,Demo User 070,UB0001503,2026-04-15T21:31:53+06:00,Moto,Mohakhali,23.781266,90.395972,Shyamoli,23.772006,90.367099,16.05,19,476,completed,2026-04-15T21:58:53+06:00,True
USR070,01000000070,Demo User 070,UB0001519,2026-04-28T19:32:01+06:00,UberX,Banani,23.797955,90.413279,Tejgaon,23.769673,90.398633,16.39,46,351,completed,2026-04-28T20:32:01+06:00,True
USR070,01000000070,Demo User 070,UB0001504,2026-05-11T09:11:00+06:00,Premier,Bashundhara,23.808102,90.41836,Gulshan,23.789637,90.402995,10.77,59,249,completed,2026-05-11T10:29:00+06:00,True
USR070,01000000070,Demo User 070,UB0001517,2026-05-20T06:45:12+06:00,Premier,Banani,23.795463,90.404812,Old Dhaka,23.709403,90.407882,4.42,26,153,completed,2026-05-20T07:27:12+06:00,True
USR070,01000000070,Demo User 070,UB0001505,2026-05-31T19:26:20+06:00,UberX,Uttara,23.882609,90.371884,Rampura,23.754288,90.421336,17.82,60,648,completed,2026-05-31T20:29:20+06:00,True
USR070,01000000070,Demo User 070,UB0001502,2026-06-16T16:13:54+06:00,Premier,Dhanmondi,23.753894,90.368207,Mirpur,23.817675,90.372109,4.87,28,220,completed,2026-06-16T16:50:54+06:00,True
USR070,01000000070,Demo User 070,UB0001514,2026-06-19T14:25:06+06:00,Premier,Mirpur,23.828697,90.369954,Uttara,23.877738,90.384117,9.56,23,345,completed,2026-06-19T14:59:06+06:00,True
USR070,01000000070,Demo User 070,UB0001516,2026-06-26T14:09:44+06:00,UberX,Gulshan,23.799662,90.410151,Old Dhaka,23.714792,90.409498,4.99,48,210,completed,2026-06-26T15:04:44+06:00,True
USR070,01000000070,Demo User 070,UB0001512,2026-06-29T05:48:56+06:00,Moto,Khilgaon,23.75225,90.424847,Wari,23.722497,90.41476,4.51,36,162,completed,2026-06-29T06:31:56+06:00,True
USR070,01000000070,Demo User 070,UB0001509,2026-07-20T22:34:06+06:00,UberX,Pallabi,23.825056,90.35768,Badda,23.782991,90.432843,20.75,8,714,completed,2026-07-20T22:59:06+06:00,True
USR070,01000000070,Demo User 070,UB0001508,2026-07-24T14:41:20+06:00,Moto,Pallabi,23.827349,90.35857,Gulshan,23.793846,90.409116,14.26,62,414,completed,2026-07-24T15:46:20+06:00,True
USR070,01000000070,Demo User 070,UB0001513,2026-07-24T21:25:51+06:00,UberX,Pallabi,23.835266,90.356894,Wari,23.722904,90.41256,22.63,28,780,completed,2026-07-24T22:05:51+06:00,True
USR071,01000000071,Demo User 071,UB0001530,2026-02-13T07:33:25+06:00,UberX,Gulshan,23.787501,90.414603,Bashundhara,23.815554,90.428483,3.16,44,151,completed,2026-02-13T08:22:25+06:00,True
USR071,01000000071,Demo User 071,UB0001523,2026-03-12T22:06:44+06:00,UberX,Dhanmondi,23.740934,90.372888,Mirpur,23.828108,90.35787,11.35,31,328,completed,2026-03-12T22:56:44+06:00,True
USR071,01000000071,Demo User 071,UB0001522,2026-03-22T10:37:29+06:00,Moto,Motijheel,23.731083,90.417718,Khilgaon,23.758171,90.420403,14.0,60,336,completed,2026-03-22T11:48:29+06:00,True
USR071,01000000071,Demo User 071,UB0001531,2026-04-03T20:06:55+06:00,Moto,Old Dhaka,23.714107,90.400254,Rampura,23.754229,90.413911,11.64,73,438,completed,2026-04-03T21:23:55+06:00,True
USR071,01000000071,Demo User 071,UB0001538,2026-04-15T07:17:31+06:00,Premier,Badda,23.775729,90.422996,Tejgaon,23.762474,90.400794,19.07,33,670,completed,2026-04-15T08:09:31+06:00,True
USR071,01000000071,Demo User 071,UB0001526,2026-04-18T05:00:40+06:00,UberX,Shyamoli,23.767208,90.35862,Khilgaon,23.75305,90.424014,12.7,48,311,ongoing,2026-04-18T05:52:40+06:00,True
USR071,01000000071,Demo User 071,UB0001532,2026-04-29T04:42:57+06:00,Premier,Khilgaon,23.750396,90.431124,Mohakhali,23.77589,90.396802,17.6,53,439,completed,2026-04-29T05:47:57+06:00,True
USR071,01000000071,Demo User 071,UB0001533,2026-05-05T03:50:02+06:00,Moto,Motijheel,23.732166,90.422186,Wari,23.72625,90.410325,6.62,60,191,cancelled_by_rider,2026-05-05T04:51:02+06:00,True
USR071,01000000071,Demo User 071,UB0001521,2026-05-07T11:50:46+06:00,Premier,Motijheel,23.736118,90.417002,Old Dhaka,23.706999,90.413953,21.21,14,615,cancelled_by_driver,2026-05-07T12:21:46+06:00,True
USR071,01000000071,Demo User 071,UB0001535,2026-05-16T04:17:25+06:00,Moto,Uttara,23.876977,90.379888,Khilgaon,23.75725,90.423197,18.09,60,502,completed,2026-05-16T05:35:25+06:00,True
USR071,01000000071,Demo User 071,UB0001527,2026-06-03T21:19:38+06:00,UberX,Old Dhaka,23.704789,90.406682,Motijheel,23.740623,90.412371,3.69,24,176,completed,2026-06-03T21:47:38+06:00,True
USR071,01000000071,Demo User 071,UB0001537,2026-06-12T22:50:04+06:00,Moto,Khilgaon,23.756606,90.430053,Farmgate,23.764184,90.388177,11.62,62,379,cancelled_by_driver,2026-06-13T00:05:04+06:00,True
USR071,01000000071,Demo User 071,UB0001520,2026-06-17T10:36:12+06:00,UberX,Old Dhaka,23.706001,90.406701,Dhanmondi,23.740477,90.374421,4.15,15,155,completed,2026-06-17T11:04:12+06:00,True
USR071,01000000071,Demo User 071,UB0001529,2026-06-23T14:03:29+06:00,UberX,Old Dhaka,23.715461,90.407958,Gulshan,23.792939,90.41446,23.3,68,492,completed,2026-06-23T15:11:29+06:00,True
USR071,01000000071,Demo User 071,UB0001524,2026-07-08T00:46:11+06:00,Moto,Wari,23.722692,90.417364,Bashundhara,23.811192,90.41827,16.02,9,476,cancelled_by_rider,2026-07-08T01:04:11+06:00,True
USR071,01000000071,Demo User 071,UB0001525,2026-07-10T02:38:14+06:00,Moto,Tejgaon,23.762197,90.389565,Uttara,23.868199,90.377314,6.01,19,171,completed,2026-07-10T03:00:14+06:00,True
USR071,01000000071,Demo User 071,UB0001528,2026-07-17T04:58:47+06:00,Moto,Dhanmondi,23.750436,90.369385,Rampura,23.755887,90.425435,11.4,17,280,completed,2026-07-17T05:23:47+06:00,True
USR071,01000000071,Demo User 071,UB0001536,2026-07-28T08:34:24+06:00,UberX,Rampura,23.756036,90.425329,Pallabi,23.823811,90.364369,2.07,36,116,completed,2026-07-28T09:12:24+06:00,True
USR071,01000000071,Demo User 071,UB0001534,2026-07-29T20:59:56+06:00,UberX,Farmgate,23.764658,90.38965,Mirpur,23.821817,90.364865,23.84,34,772,completed,2026-07-29T21:47:56+06:00,True
USR072,01000000072,Demo User 072,UB0001540,2026-02-10T16:04:43+06:00,UberX,Mohammadpur,23.769558,90.364337,Rampura,23.756334,90.413711,17.61,55,460,completed,2026-02-10T17:08:43+06:00,True
USR072,01000000072,Demo User 072,UB0001547,2026-02-14T08:06:29+06:00,UberX,Mirpur,23.828305,90.363468,Bashundhara,23.821386,90.43057,2.96,59,129,completed,2026-02-14T09:14:29+06:00,True
USR072,01000000072,Demo User 072,UB0001541,2026-02-24T09:00:11+06:00,UberX,Badda,23.784503,90.432188,Motijheel,23.727074,90.41841,2.31,20,127,completed,2026-02-24T09:34:11+06:00,True
USR072,01000000072,Demo User 072,UB0001543,2026-02-27T14:59:36+06:00,UberX,Shyamoli,23.772415,90.367922,Mirpur,23.821887,90.360721,7.87,55,239,cancelled_by_rider,2026-02-27T15:59:36+06:00,True
USR072,01000000072,Demo User 072,UB0001552,2026-03-04T10:54:08+06:00,Moto,Bashundhara,23.810338,90.429021,Mohakhali,23.783617,90.394701,11.65,57,320,ongoing,2026-03-04T12:09:08+06:00,True
USR072,01000000072,Demo User 072,UB0001546,2026-03-05T10:26:15+06:00,Premier,Old Dhaka,23.70548,90.406054,Mohammadpur,23.771888,90.360581,7.17,18,252,completed,2026-03-05T11:00:15+06:00,True
USR072,01000000072,Demo User 072,UB0001544,2026-03-08T01:14:08+06:00,Premier,Old Dhaka,23.717883,90.411558,Rampura,23.764701,90.414216,6.69,47,281,completed,2026-03-08T02:15:08+06:00,True
USR072,01000000072,Demo User 072,UB0001553,2026-03-23T10:39:22+06:00,Premier,Dhanmondi,23.739784,90.369619,Gulshan,23.793244,90.40445,8.19,13,305,ongoing,2026-03-23T11:07:22+06:00,True
USR072,01000000072,Demo User 072,UB0001542,2026-03-28T03:52:17+06:00,UberX,Motijheel,23.727861,90.409663,Mohakhali,23.777851,90.399477,2.67,63,133,completed,2026-03-28T05:04:17+06:00,True
USR072,01000000072,Demo User 072,UB0001549,2026-03-28T17:25:55+06:00,Moto,Mirpur,23.823454,90.367423,Uttara,23.881759,90.38314,3.58,35,158,completed,2026-03-28T18:06:55+06:00,True
USR072,01000000072,Demo User 072,UB0001539,2026-03-31T05:48:20+06:00,Moto,Dhanmondi,23.741588,90.375283,Wari,23.715587,90.418315,17.07,29,590,completed,2026-03-31T06:32:20+06:00,True
USR072,01000000072,Demo User 072,UB0001548,2026-04-07T13:17:15+06:00,Moto,Wari,23.725678,90.415819,Dhanmondi,23.752833,90.368943,14.08,25,530,completed,2026-04-07T14:02:15+06:00,True
USR072,01000000072,Demo User 072,UB0001551,2026-06-13T13:12:51+06:00,UberX,Gulshan,23.785441,90.400242,Dhanmondi,23.744728,90.371884,10.35,31,245,completed,2026-06-13T13:53:51+06:00,True
USR072,01000000072,Demo User 072,UB0001550,2026-07-10T18:12:48+06:00,Moto,Motijheel,23.733076,90.413741,Old Dhaka,23.713954,90.412284,5.4,66,237,cancelled_by_driver,2026-07-10T19:31:48+06:00,True
USR072,01000000072,Demo User 072,UB0001545,2026-08-02T17:11:43+06:00,UberX,Khilgaon,23.758107,90.419432,Pallabi,23.821537,90.359259,15.94,48,471,completed,2026-08-02T18:10:43+06:00,True
USR073,01000000073,Demo User 073,UB0001563,2026-03-22T02:54:21+06:00,Moto,Khilgaon,23.750316,90.427719,Bashundhara,23.817017,90.418331,2.87,60,142,completed,2026-03-22T04:01:21+06:00,True
USR073,01000000073,Demo User 073,UB0001554,2026-03-26T11:02:36+06:00,UberX,Dhanmondi,23.749207,90.378455,Badda,23.773231,90.431696,5.3,8,221,completed,2026-03-26T11:26:36+06:00,True
USR073,01000000073,Demo User 073,UB0001561,2026-04-13T03:30:58+06:00,UberX,Pallabi,23.826978,90.364163,Mohakhali,23.782029,90.404262,17.17,53,632,completed,2026-04-13T04:27:58+06:00,True
USR073,01000000073,Demo User 073,UB0001567,2026-04-18T11:10:08+06:00,Moto,Tejgaon,23.758627,90.39986,Badda,23.782692,90.419665,14.18,24,432,completed,2026-04-18T11:51:08+06:00,True
USR073,01000000073,Demo User 073,UB0001566,2026-05-02T19:55:37+06:00,UberX,Banani,23.799441,90.402387,Bashundhara,23.821872,90.420815,17.63,71,593,completed,2026-05-02T21:18:37+06:00,True
USR073,01000000073,Demo User 073,UB0001565,2026-05-07T22:28:05+06:00,Moto,Gulshan,23.798259,90.408117,Mirpur,23.815362,90.36598,2.87,29,113,completed,2026-05-07T23:02:05+06:00,True
USR073,01000000073,Demo User 073,UB0001568,2026-06-08T04:15:28+06:00,Premier,Mohammadpur,23.770179,90.353864,Mirpur,23.816584,90.361965,20.53,45,472,completed,2026-06-08T05:11:28+06:00,True
USR073,01000000073,Demo User 073,UB0001557,2026-06-11T01:52:00+06:00,Premier,Wari,23.715328,90.418189,Tejgaon,23.761767,90.391498,23.66,30,557,completed,2026-06-11T02:26:00+06:00,True
USR073,01000000073,Demo User 073,UB0001556,2026-06-21T22:12:20+06:00,Moto,Khilgaon,23.748029,90.424198,Uttara,23.868567,90.371758,22.78,54,725,completed,2026-06-21T23:11:20+06:00,True
USR073,01000000073,Demo User 073,UB0001564,2026-06-25T17:28:45+06:00,Premier,Pallabi,23.827457,90.366703,Shyamoli,23.767121,90.366602,6.25,61,226,completed,2026-06-25T18:45:45+06:00,True
USR073,01000000073,Demo User 073,UB0001558,2026-07-03T13:35:20+06:00,Premier,Mohammadpur,23.764927,90.353937,Khilgaon,23.747432,90.422278,6.25,37,222,completed,2026-07-03T14:21:20+06:00,True
USR073,01000000073,Demo User 073,UB0001555,2026-07-06T02:04:40+06:00,Moto,Pallabi,23.831253,90.369823,Old Dhaka,23.70769,90.41328,10.59,52,412,cancelled_by_rider,2026-07-06T03:12:40+06:00,True
USR073,01000000073,Demo User 073,UB0001559,2026-07-10T21:07:11+06:00,Moto,Badda,23.779638,90.42793,Motijheel,23.738467,90.416026,18.72,18,397,cancelled_by_rider,2026-07-10T21:29:11+06:00,True
USR073,01000000073,Demo User 073,UB0001560,2026-07-23T11:02:07+06:00,UberX,Tejgaon,23.758847,90.394081,Mohakhali,23.779581,90.404662,16.36,29,511,completed,2026-07-23T11:33:07+06:00,True
USR073,01000000073,Demo User 073,UB0001562,2026-08-03T08:40:05+06:00,UberX,Wari,23.714983,90.419644,Uttara,23.881663,90.382867,10.41,42,321,completed,2026-08-03T09:30:05+06:00,True
USR073,01000000073,Demo User 073,UB0001569,2026-08-04T09:38:35+06:00,Premier,Mohakhali,23.780505,90.401404,Banani,23.793461,90.412602,17.08,68,385,completed,2026-08-04T10:46:35+06:00,True
USR074,01000000074,Demo User 074,UB0001570,2026-02-28T06:28:53+06:00,Moto,Wari,23.71497,90.41033,Dhanmondi,23.746906,90.374654,11.72,55,378,completed,2026-02-28T07:30:53+06:00,True
USR074,01000000074,Demo User 074,UB0001585,2026-03-29T06:01:30+06:00,Moto,Badda,23.780956,90.430859,Farmgate,23.762386,90.385568,7.97,30,229,completed,2026-03-29T06:51:30+06:00,True
USR074,01000000074,Demo User 074,UB0001583,2026-04-07T05:11:08+06:00,Moto,Mirpur,23.815844,90.361593,Farmgate,23.75193,90.384889,5.13,66,189,ongoing,2026-04-07T06:24:08+06:00,True
USR074,01000000074,Demo User 074,UB0001571,2026-04-17T10:52:08+06:00,UberX,Mirpur,23.826552,90.359669,Gulshan,23.799274,90.407277,13.33,52,446,completed,2026-04-17T11:48:08+06:00,True
USR074,01000000074,Demo User 074,UB0001576,2026-05-03T19:36:58+06:00,UberX,Khilgaon,23.753711,90.428629,Motijheel,23.726876,90.423471,13.22,70,502,completed,2026-05-03T21:02:58+06:00,True
USR074,01000000074,Demo User 074,UB0001575,2026-05-04T15:57:09+06:00,UberX,Pallabi,23.831503,90.364706,Wari,23.715541,90.425312,15.35,24,336,completed,2026-05-04T16:30:09+06:00,True
USR074,01000000074,Demo User 074,UB0001586,2026-05-05T02:03:12+06:00,Premier,Banani,23.796366,90.414394,Shyamoli,23.769232,90.362021,2.92,26,148,completed,2026-05-05T02:49:12+06:00,True
USR074,01000000074,Demo User 074,UB0001582,2026-05-14T07:06:48+06:00,UberX,Rampura,23.768956,90.414916,Gulshan,23.795383,90.402356,12.65,53,390,completed,2026-05-14T08:04:48+06:00,True
USR074,01000000074,Demo User 074,UB0001580,2026-05-17T01:44:48+06:00,Moto,Mohakhali,23.782373,90.393703,Mirpur,23.824078,90.366876,3.33,57,129,completed,2026-05-17T02:44:48+06:00,True
USR074,01000000074,Demo User 074,UB0001574,2026-05-28T20:45:37+06:00,Moto,Uttara,23.879059,90.381028,Mirpur,23.829858,90.368821,5.92,15,171,cancelled_by_driver,2026-05-28T21:14:37+06:00,True
USR074,01000000074,Demo User 074,UB0001572,2026-06-03T19:19:50+06:00,Moto,Dhanmondi,23.749228,90.368722,Old Dhaka,23.703856,90.412469,21.58,47,579,completed,2026-06-03T20:11:50+06:00,True
USR074,01000000074,Demo User 074,UB0001579,2026-06-04T11:16:05+06:00,Premier,Banani,23.787516,90.401651,Dhanmondi,23.75377,90.36823,7.18,69,193,completed,2026-06-04T12:38:05+06:00,True
USR074,01000000074,Demo User 074,UB0001587,2026-06-10T21:26:19+06:00,UberX,Motijheel,23.737002,90.415993,Banani,23.792804,90.411693,6.42,60,189,completed,2026-06-10T22:38:19+06:00,True
USR074,01000000074,Demo User 074,UB0001578,2026-06-12T07:05:40+06:00,Moto,Motijheel,23.740968,90.421362,Khilgaon,23.749566,90.417088,18.14,19,595,completed,2026-06-12T07:30:40+06:00,True
USR074,01000000074,Demo User 074,UB0001573,2026-06-12T09:15:59+06:00,Premier,Shyamoli,23.776126,90.359427,Bashundhara,23.811397,90.422061,21.54,36,776,completed,2026-06-12T09:59:59+06:00,True
USR074,01000000074,Demo User 074,UB0001577,2026-06-16T17:38:13+06:00,Moto,Badda,23.78686,90.419993,Wari,23.719343,90.418439,20.48,23,528,completed,2026-06-16T18:16:13+06:00,True
USR074,01000000074,Demo User 074,UB0001584,2026-07-14T06:03:30+06:00,Premier,Gulshan,23.797819,90.407125,Rampura,23.760715,90.417748,7.12,33,202,completed,2026-07-14T06:50:30+06:00,True
USR074,01000000074,Demo User 074,UB0001581,2026-07-20T21:18:40+06:00,Moto,Mohammadpur,23.76891,90.355101,Shyamoli,23.775533,90.364651,5.7,30,237,completed,2026-07-20T21:50:40+06:00,True
USR074,01000000074,Demo User 074,UB0001588,2026-07-23T07:57:42+06:00,Moto,Mirpur,23.819219,90.371944,Tejgaon,23.757239,90.3868,17.34,15,614,completed,2026-07-23T08:13:42+06:00,True
USR075,01000000075,Demo User 075,UB0001606,2026-02-12T06:01:53+06:00,Moto,Khilgaon,23.755888,90.418241,Tejgaon,23.758581,90.393976,23.18,63,761,completed,2026-02-12T07:13:53+06:00,True
USR075,01000000075,Demo User 075,UB0001611,2026-02-13T02:54:07+06:00,UberX,Mohakhali,23.778602,90.402523,Pallabi,23.829535,90.368087,1.89,46,97,completed,2026-02-13T03:40:07+06:00,True
USR075,01000000075,Demo User 075,UB0001594,2026-02-17T21:22:30+06:00,Premier,Pallabi,23.832468,90.36934,Banani,23.799772,90.41436,4.6,19,205,completed,2026-02-17T21:43:30+06:00,True
USR075,01000000075,Demo User 075,UB0001591,2026-02-25T12:24:23+06:00,UberX,Shyamoli,23.769008,90.367144,Mohakhali,23.777782,90.393678,15.57,44,411,completed,2026-02-25T13:13:23+06:00,True
USR075,01000000075,Demo User 075,UB0001599,2026-02-28T16:17:06+06:00,Moto,Farmgate,23.764754,90.384664,Dhanmondi,23.749364,90.375279,6.05,67,177,ongoing,2026-02-28T17:38:06+06:00,True
USR075,01000000075,Demo User 075,UB0001600,2026-03-04T07:34:40+06:00,UberX,Khilgaon,23.752539,90.418888,Mirpur,23.815568,90.360948,19.54,65,690,completed,2026-03-04T08:43:40+06:00,True
USR075,01000000075,Demo User 075,UB0001592,2026-03-12T15:11:55+06:00,Premier,Mohakhali,23.785702,90.404833,Motijheel,23.728174,90.41107,18.84,18,552,completed,2026-03-12T15:46:55+06:00,True
USR075,01000000075,Demo User 075,UB0001589,2026-03-26T08:50:28+06:00,UberX,Tejgaon,23.76172,90.390388,Badda,23.775325,90.433029,19.87,28,520,completed,2026-03-26T09:21:28+06:00,True
USR075,01000000075,Demo User 075,UB0001617,2026-03-30T18:17:19+06:00,Premier,Wari,23.724881,90.412493,Pallabi,23.832703,90.368716,1.29,74,91,completed,2026-03-30T19:46:19+06:00,True
USR075,01000000075,Demo User 075,UB0001604,2026-04-05T10:12:58+06:00,UberX,Banani,23.798811,90.400855,Uttara,23.868104,90.38553,6.01,75,245,completed,2026-04-05T11:33:58+06:00,True
USR075,01000000075,Demo User 075,UB0001595,2026-04-07T06:52:09+06:00,Moto,Mohammadpur,23.764049,90.353554,Uttara,23.872016,90.386133,7.68,16,199,completed,2026-04-07T07:24:09+06:00,True
USR075,01000000075,Demo User 075,UB0001602,2026-04-10T16:56:47+06:00,Premier,Bashundhara,23.816732,90.430973,Rampura,23.761226,90.414331,23.73,42,683,completed,2026-04-10T17:46:47+06:00,True
USR075,01000000075,Demo User 075,UB0001618,2026-04-12T12:02:56+06:00,Premier,Mirpur,23.825936,90.37302,Uttara,23.882616,90.377619,22.45,46,517,completed,2026-04-12T12:55:56+06:00,True
USR075,01000000075,Demo User 075,UB0001605,2026-04-13T17:47:04+06:00,UberX,Motijheel,23.726427,90.411812,Mohakhali,23.775134,90.400874,11.33,10,284,completed,2026-04-13T18:11:04+06:00,True
USR075,01000000075,Demo User 075,UB0001609,2026-04-20T05:55:10+06:00,UberX,Old Dhaka,23.714599,90.408176,Dhanmondi,23.745914,90.368733,10.19,75,324,completed,2026-04-20T07:27:10+06:00,True
USR075,01000000075,Demo User 075,UB0001608,2026-04-23T11:23:55+06:00,UberX,Khilgaon,23.748383,90.429315,Mohammadpur,23.772286,90.352948,13.34,12,484,completed,2026-04-23T11:54:55+06:00,True
USR075,01000000075,Demo User 075,UB0001596,2026-05-03T16:46:56+06:00,Premier,Badda,23.787816,90.421252,Mirpur,23.815321,90.359785,14.12,43,424,completed,2026-05-03T17:37:56+06:00,True
USR075,01000000075,Demo User 075,UB0001614,2026-05-12T13:36:42+06:00,Premier,Farmgate,23.763717,90.386423,Mohakhali,23.778539,90.401335,3.08,13,110,completed,2026-05-12T13:52:42+06:00,True
USR075,01000000075,Demo User 075,UB0001597,2026-06-06T06:01:16+06:00,UberX,Uttara,23.871259,90.373042,Tejgaon,23.76827,90.397799,18.9,18,521,completed,2026-06-06T06:25:16+06:00,True
USR075,01000000075,Demo User 075,UB0001593,2026-06-28T08:56:11+06:00,Premier,Farmgate,23.76184,90.385761,Uttara,23.870549,90.384582,12.59,51,406,completed,2026-06-28T09:50:11+06:00,True
USR075,01000000075,Demo User 075,UB0001610,2026-07-05T13:09:05+06:00,UberX,Mohammadpur,23.766449,90.36214,Mohakhali,23.784568,90.397917,20.47,16,427,completed,2026-07-05T13:29:05+06:00,True
USR075,01000000075,Demo User 075,UB0001613,2026-07-13T12:44:48+06:00,Moto,Mohammadpur,23.771982,90.351545,Badda,23.773511,90.434657,7.52,17,252,completed,2026-07-13T13:02:48+06:00,True
USR075,01000000075,Demo User 075,UB0001616,2026-07-17T08:18:05+06:00,Moto,Badda,23.787352,90.423738,Uttara,23.878929,90.374809,20.17,33,655,completed,2026-07-17T08:57:05+06:00,True
USR075,01000000075,Demo User 075,UB0001590,2026-07-18T09:07:30+06:00,Premier,Banani,23.790085,90.398803,Farmgate,23.76629,90.386783,18.3,53,479,completed,2026-07-18T10:10:30+06:00,True
USR075,01000000075,Demo User 075,UB0001607,2026-07-20T06:35:14+06:00,Premier,Khilgaon,23.752606,90.429077,Farmgate,23.763498,90.395107,23.15,66,670,completed,2026-07-20T07:58:14+06:00,True
USR075,01000000075,Demo User 075,UB0001612,2026-07-21T22:22:38+06:00,Moto,Banani,23.796604,90.401895,Old Dhaka,23.714717,90.40837,21.53,8,616,completed,2026-07-21T22:32:38+06:00,True
USR075,01000000075,Demo User 075,UB0001598,2026-07-30T03:59:06+06:00,Premier,Badda,23.778815,90.422901,Dhanmondi,23.750043,90.375576,20.0,70,657,completed,2026-07-30T05:26:06+06:00,True
USR075,01000000075,Demo User 075,UB0001601,2026-08-07T14:45:32+06:00,Moto,Khilgaon,23.755524,90.427422,Bashundhara,23.810709,90.4322,19.57,13,649,completed,2026-08-07T15:14:32+06:00,True
USR075,01000000075,Demo User 075,UB0001603,2026-08-09T14:21:40+06:00,Moto,Motijheel,23.732207,90.419883,Rampura,23.761014,90.420333,5.84,72,175,completed,2026-08-09T15:35:40+06:00,True
USR075,01000000075,Demo User 075,UB0001615,2026-08-09T17:53:27+06:00,Premier,Mohammadpur,23.770064,90.36546,Uttara,23.871608,90.382,16.6,36,478,completed,2026-08-09T18:41:27+06:00,True
USR076,01000000076,Demo User 076,UB0001620,2026-02-14T08:40:25+06:00,Premier,Motijheel,23.734905,90.421376,Mirpur,23.81661,90.362972,15.15,21,424,cancelled_by_rider,2026-02-14T09:12:25+06:00,True
USR076,01000000076,Demo User 076,UB0001641,2026-02-20T15:28:00+06:00,UberX,Mohammadpur,23.759798,90.360607,Tejgaon,23.758812,90.401756,19.79,23,575,completed,2026-02-20T15:55:00+06:00,True
USR076,01000000076,Demo User 076,UB0001642,2026-02-25T21:34:17+06:00,UberX,Farmgate,23.760093,90.387379,Gulshan,23.796582,90.410967,17.19,47,615,completed,2026-02-25T22:41:17+06:00,True
USR076,01000000076,Demo User 076,UB0001632,2026-03-03T15:17:22+06:00,UberX,Mohakhali,23.779167,90.399415,Khilgaon,23.753764,90.423232,22.5,45,577,cancelled_by_rider,2026-03-03T16:04:22+06:00,True
USR076,01000000076,Demo User 076,UB0001634,2026-03-10T02:07:15+06:00,UberX,Mohakhali,23.778182,90.40649,Dhanmondi,23.747578,90.379656,4.84,65,164,completed,2026-03-10T03:27:15+06:00,True
USR076,01000000076,Demo User 076,UB0001622,2026-03-14T16:00:49+06:00,UberX,Wari,23.712202,90.421209,Tejgaon,23.768741,90.390468,6.26,44,203,completed,2026-03-14T16:53:49+06:00,True
USR076,01000000076,Demo User 076,UB0001629,2026-03-18T15:40:32+06:00,Moto,Mohammadpur,23.766279,90.357396,Khilgaon,23.752032,90.425265,11.89,43,347,completed,2026-03-18T16:42:32+06:00,True
USR076,01000000076,Demo User 076,UB0001644,2026-03-28T11:37:22+06:00,Moto,Mohakhali,23.783304,90.398951,Khilgaon,23.751794,90.417499,4.02,46,178,completed,2026-03-28T12:34:22+06:00,True
USR076,01000000076,Demo User 076,UB0001643,2026-04-03T15:08:16+06:00,Moto,Tejgaon,23.761834,90.394634,Farmgate,23.750858,90.392852,5.63,8,187,completed,2026-04-03T15:16:16+06:00,True
USR076,01000000076,Demo User 076,UB0001638,2026-04-07T20:07:39+06:00,Moto,Pallabi,23.827667,90.358263,Bashundhara,23.819244,90.424935,15.65,43,563,completed,2026-04-07T20:56:39+06:00,True
USR076,01000000076,Demo User 076,UB0001619,2026-04-11T06:51:19+06:00,UberX,Badda,23.773214,90.433568,Bashundhara,23.819329,90.422336,5.74,31,235,completed,2026-04-11T07:29:19+06:00,True
USR076,01000000076,Demo User 076,UB0001624,2026-04-11T19:58:35+06:00,Moto,Pallabi,23.830535,90.365572,Bashundhara,23.807886,90.422832,2.21,75,110,completed,2026-04-11T21:15:35+06:00,True
USR076,01000000076,Demo User 076,UB0001640,2026-04-28T10:24:02+06:00,Premier,Mohakhali,23.774324,90.391406,Shyamoli,23.778523,90.362318,19.33,52,489,cancelled_by_rider,2026-04-28T11:19:02+06:00,True
USR076,01000000076,Demo User 076,UB0001635,2026-05-11T04:26:07+06:00,UberX,Mohammadpur,23.763967,90.355693,Banani,23.800737,90.414377,14.5,45,520,cancelled_by_rider,2026-05-11T05:19:07+06:00,True
USR076,01000000076,Demo User 076,UB0001631,2026-05-14T23:02:49+06:00,Premier,Old Dhaka,23.715433,90.408771,Mohammadpur,23.765598,90.360708,12.47,37,295,completed,2026-05-14T23:56:49+06:00,True
USR076,01000000076,Demo User 076,UB0001626,2026-05-28T23:23:33+06:00,Moto,Dhanmondi,23.754131,90.368798,Motijheel,23.725565,90.416416,22.67,50,508,completed,2026-05-29T00:21:33+06:00,True
USR076,01000000076,Demo User 076,UB0001625,2026-06-03T00:19:12+06:00,UberX,Mohakhali,23.785274,90.400026,Dhanmondi,23.744996,90.382294,1.82,75,91,completed,2026-06-03T01:47:12+06:00,True
USR076,01000000076,Demo User 076,UB0001630,2026-06-03T11:44:11+06:00,Moto,Banani,23.795634,90.404169,Bashundhara,23.817702,90.432104,5.4,52,170,cancelled_by_rider,2026-06-03T12:52:11+06:00,True
USR076,01000000076,Demo User 076,UB0001633,2026-06-18T22:11:11+06:00,Moto,Uttara,23.879161,90.379093,Badda,23.776264,90.427691,16.7,21,605,completed,2026-06-18T22:46:11+06:00,True
USR076,01000000076,Demo User 076,UB0001645,2026-06-24T00:08:15+06:00,UberX,Gulshan,23.795956,90.411198,Banani,23.789973,90.401259,19.09,39,623,completed,2026-06-24T00:53:15+06:00,True
USR076,01000000076,Demo User 076,UB0001636,2026-07-17T11:27:00+06:00,Premier,Shyamoli,23.774141,90.362938,Uttara,23.883288,90.37706,2.7,57,139,completed,2026-07-17T12:29:00+06:00,True
USR076,01000000076,Demo User 076,UB0001637,2026-07-25T12:30:55+06:00,Moto,Mohammadpur,23.76597,90.35825,Bashundhara,23.819383,90.432337,23.66,46,495,completed,2026-07-25T13:34:55+06:00,True
USR076,01000000076,Demo User 076,UB0001621,2026-07-26T05:33:03+06:00,Moto,Rampura,23.766048,90.417453,Pallabi,23.824422,90.369778,1.94,35,111,completed,2026-07-26T06:19:03+06:00,True
USR076,01000000076,Demo User 076,UB0001623,2026-07-27T09:36:13+06:00,Moto,Mohakhali,23.78427,90.391497,Uttara,23.880033,90.372053,7.2,23,297,completed,2026-07-27T10:19:13+06:00,True
USR076,01000000076,Demo User 076,UB0001639,2026-08-02T15:24:21+06:00,Premier,Banani,23.789704,90.40382,Shyamoli,23.771398,90.371566,14.63,18,480,completed,2026-08-02T15:45:21+06:00,True
USR076,01000000076,Demo User 076,UB0001627,2026-08-05T10:37:05+06:00,UberX,Old Dhaka,23.715858,90.402633,Gulshan,23.79636,90.402289,13.66,55,388,completed,2026-08-05T11:47:05+06:00,True
USR076,01000000076,Demo User 076,UB0001628,2026-08-07T11:22:49+06:00,Moto,Shyamoli,23.777884,90.365037,Uttara,23.87969,90.372178,7.31,36,289,completed,2026-08-07T11:59:49+06:00,True
USR077,01000000077,Demo User 077,UB0001658,2026-03-09T23:01:46+06:00,UberX,Mohammadpur,23.772617,90.361424,Wari,23.723458,90.420019,1.94,45,100,completed,2026-03-09T23:56:46+06:00,True
USR077,01000000077,Demo User 077,UB0001657,2026-03-15T05:22:26+06:00,UberX,Banani,23.79017,90.399605,Mohammadpur,23.759897,90.36435,7.29,49,298,completed,2026-03-15T06:22:26+06:00,True
USR077,01000000077,Demo User 077,UB0001655,2026-04-06T09:51:26+06:00,Premier,Pallabi,23.829411,90.361647,Wari,23.71172,90.411933,3.82,39,147,completed,2026-04-06T10:30:26+06:00,True
USR077,01000000077,Demo User 077,UB0001647,2026-04-10T19:40:21+06:00,UberX,Uttara,23.880509,90.380165,Tejgaon,23.75824,90.401285,17.49,25,520,completed,2026-04-10T20:09:21+06:00,True
USR077,01000000077,Demo User 077,UB0001660,2026-04-15T10:18:43+06:00,Premier,Badda,23.785794,90.426822,Banani,23.79816,90.411892,21.99,51,454,completed,2026-04-15T11:10:43+06:00,True
USR077,01000000077,Demo User 077,UB0001659,2026-04-20T00:19:30+06:00,UberX,Tejgaon,23.768808,90.39744,Gulshan,23.798034,90.412753,21.78,8,620,ongoing,2026-04-20T00:28:30+06:00,True
USR077,01000000077,Demo User 077,UB0001654,2026-05-02T09:33:38+06:00,UberX,Banani,23.796192,90.403771,Shyamoli,23.773609,90.363167,13.1,41,341,completed,2026-05-02T10:26:38+06:00,True
USR077,01000000077,Demo User 077,UB0001648,2026-05-17T03:59:44+06:00,Premier,Gulshan,23.788149,90.414245,Farmgate,23.754808,90.387178,16.87,47,623,completed,2026-05-17T04:58:44+06:00,True
USR077,01000000077,Demo User 077,UB0001661,2026-05-17T16:25:23+06:00,Premier,Khilgaon,23.743115,90.428541,Mohammadpur,23.757839,90.359591,15.56,35,365,cancelled_by_rider,2026-05-17T17:17:23+06:00,True
USR077,01000000077,Demo User 077,UB0001662,2026-05-28T18:59:16+06:00,Premier,Bashundhara,23.808521,90.420679,Mirpur,23.826138,90.366648,8.06,62,262,completed,2026-05-28T20:03:16+06:00,True
USR077,01000000077,Demo User 077,UB0001646,2026-06-21T07:50:52+06:00,Premier,Badda,23.782071,90.420015,Tejgaon,23.760019,90.394461,16.54,69,559,completed,2026-06-21T09:10:52+06:00,True
USR077,01000000077,Demo User 077,UB0001663,2026-06-21T22:16:07+06:00,UberX,Motijheel,23.72796,90.417934,Badda,23.777719,90.42499,3.64,43,123,completed,2026-06-21T23:18:07+06:00,True
USR077,01000000077,Demo User 077,UB0001649,2026-06-24T21:04:37+06:00,Moto,Motijheel,23.739783,90.411476,Shyamoli,23.775604,90.359684,22.61,18,735,completed,2026-06-24T21:26:37+06:00,True
USR077,01000000077,Demo User 077,UB0001652,2026-07-07T16:36:23+06:00,Premier,Mirpur,23.823896,90.367083,Tejgaon,23.766585,90.393585,8.14,48,288,cancelled_by_driver,2026-07-07T17:28:23+06:00,True
USR077,01000000077,Demo User 077,UB0001656,2026-07-11T10:38:01+06:00,Premier,Mirpur,23.818399,90.373247,Gulshan,23.784776,90.404193,19.97,12,435,completed,2026-07-11T10:51:01+06:00,True
USR077,01000000077,Demo User 077,UB0001650,2026-07-11T17:06:33+06:00,Moto,Motijheel,23.730909,90.41448,Rampura,23.762777,90.428481,18.14,63,479,completed,2026-07-11T18:09:33+06:00,True
USR077,01000000077,Demo User 077,UB0001653,2026-07-17T21:19:33+06:00,Premier,Farmgate,23.753763,90.383566,Old Dhaka,23.706366,90.405007,1.99,33,106,completed,2026-07-17T22:04:33+06:00,True
USR077,01000000077,Demo User 077,UB0001651,2026-07-28T09:18:39+06:00,UberX,Mohammadpur,23.772625,90.35299,Bashundhara,23.810393,90.427751,14.86,44,410,completed,2026-07-28T10:09:39+06:00,True
USR078,01000000078,Demo User 078,UB0001665,2026-02-19T23:09:33+06:00,UberX,Mohammadpur,23.759187,90.353674,Gulshan,23.799541,90.400986,19.68,43,551,ongoing,2026-02-19T23:53:33+06:00,True
USR078,01000000078,Demo User 078,UB0001664,2026-02-21T20:20:07+06:00,UberX,Motijheel,23.738762,90.415023,Uttara,23.881436,90.387165,15.81,52,366,completed,2026-02-21T21:17:07+06:00,True
USR078,01000000078,Demo User 078,UB0001678,2026-02-27T13:47:52+06:00,Premier,Mohammadpur,23.760721,90.363976,Shyamoli,23.769539,90.364788,13.25,9,345,completed,2026-02-27T14:10:52+06:00,True
USR078,01000000078,Demo User 078,UB0001675,2026-03-03T20:15:08+06:00,UberX,Khilgaon,23.745156,90.426249,Uttara,23.883423,90.378758,11.65,42,288,completed,2026-03-03T21:04:08+06:00,True
USR078,01000000078,Demo User 078,UB0001685,2026-03-23T06:29:04+06:00,Moto,Tejgaon,23.770486,90.396709,Mirpur,23.816848,90.372563,16.34,15,502,completed,2026-03-23T06:57:04+06:00,True
USR078,01000000078,Demo User 078,UB0001671,2026-04-06T07:06:28+06:00,Moto,Pallabi,23.826401,90.366649,Gulshan,23.794902,90.410404,2.97,60,121,completed,2026-04-06T08:12:28+06:00,True
USR078,01000000078,Demo User 078,UB0001679,2026-04-06T11:10:42+06:00,Moto,Badda,23.786743,90.431517,Pallabi,23.835937,90.359836,5.45,13,181,completed,2026-04-06T11:38:42+06:00,True
USR078,01000000078,Demo User 078,UB0001672,2026-04-08T20:32:57+06:00,UberX,Motijheel,23.731033,90.410193,Dhanmondi,23.742196,90.371702,2.12,61,102,completed,2026-04-08T21:45:57+06:00,True
USR078,01000000078,Demo User 078,UB0001669,2026-04-09T19:29:30+06:00,Premier,Rampura,23.757142,90.417085,Mohammadpur,23.771347,90.350642,17.89,62,614,completed,2026-04-09T20:38:30+06:00,True
USR078,01000000078,Demo User 078,UB0001681,2026-04-17T19:02:45+06:00,Premier,Mohakhali,23.78045,90.399712,Mirpur,23.814471,90.357517,3.64,46,152,completed,2026-04-17T19:58:45+06:00,True
USR078,01000000078,Demo User 078,UB0001670,2026-04-23T03:59:10+06:00,UberX,Shyamoli,23.772962,90.359377,Dhanmondi,23.749383,90.38317,10.22,22,254,completed,2026-04-23T04:37:10+06:00,True
USR078,01000000078,Demo User 078,UB0001667,2026-04-23T19:51:16+06:00,UberX,Shyamoli,23.772999,90.37135,Mirpur,23.817464,90.360702,22.63,23,512,completed,2026-04-23T20:23:16+06:00,True
USR078,01000000078,Demo User 078,UB0001683,2026-05-17T06:47:14+06:00,Premier,Old Dhaka,23.710253,90.408757,Shyamoli,23.777322,90.373427,13.8,41,458,completed,2026-05-17T07:37:14+06:00,True
USR078,01000000078,Demo User 078,UB0001684,2026-05-20T15:42:35+06:00,UberX,Gulshan,23.79183,90.402534,Khilgaon,23.757043,90.419841,17.16,16,388,completed,2026-05-20T15:59:35+06:00,True
USR078,01000000078,Demo User 078,UB0001682,2026-05-26T05:34:47+06:00,Premier,Wari,23.71844,90.412475,Old Dhaka,23.717245,90.413823,6.94,18,213,cancelled_by_rider,2026-05-26T06:03:47+06:00,True
USR078,01000000078,Demo User 078,UB0001666,2026-05-30T23:39:35+06:00,UberX,Mohammadpur,23.765419,90.359639,Shyamoli,23.76774,90.366226,17.71,61,650,completed,2026-05-31T00:43:35+06:00,True
USR078,01000000078,Demo User 078,UB0001677,2026-06-06T10:27:01+06:00,Premier,Banani,23.795271,90.4016,Uttara,23.879843,90.379009,14.83,53,493,completed,2026-06-06T11:34:01+06:00,True
USR078,01000000078,Demo User 078,UB0001686,2026-06-08T14:52:46+06:00,Premier,Khilgaon,23.7458,90.424099,Rampura,23.764405,90.427295,13.61,49,477,completed,2026-06-08T15:56:46+06:00,True
USR078,01000000078,Demo User 078,UB0001673,2026-07-02T22:14:19+06:00,UberX,Old Dhaka,23.713757,90.404077,Pallabi,23.830984,90.365743,6.41,59,202,completed,2026-07-02T23:29:19+06:00,True
USR078,01000000078,Demo User 078,UB0001680,2026-07-04T01:45:55+06:00,UberX,Tejgaon,23.766766,90.390673,Uttara,23.875817,90.387116,14.81,51,459,completed,2026-07-04T02:45:55+06:00,True
USR078,01000000078,Demo User 078,UB0001676,2026-07-09T07:03:47+06:00,Moto,Wari,23.713446,90.415004,Mohakhali,23.78319,90.390817,1.5,57,86,completed,2026-07-09T08:20:47+06:00,True
USR078,01000000078,Demo User 078,UB0001674,2026-07-19T23:08:58+06:00,Premier,Shyamoli,23.772354,90.371117,Pallabi,23.830938,90.363095,18.07,31,630,completed,2026-07-19T23:40:58+06:00,True
USR078,01000000078,Demo User 078,UB0001668,2026-07-24T15:39:31+06:00,Premier,Badda,23.784014,90.428267,Motijheel,23.72539,90.415118,8.35,23,226,completed,2026-07-24T16:14:31+06:00,True
USR079,01000000079,Demo User 079,UB0001691,2026-02-17T09:05:08+06:00,UberX,Tejgaon,23.75864,90.386934,Badda,23.780734,90.421393,11.05,65,426,ongoing,2026-02-17T10:26:08+06:00,True
USR079,01000000079,Demo User 079,UB0001696,2026-03-05T04:58:18+06:00,UberX,Uttara,23.880371,90.378603,Tejgaon,23.765862,90.386522,14.14,28,468,completed,2026-03-05T05:32:18+06:00,True
USR079,01000000079,Demo User 079,UB0001694,2026-03-10T03:57:20+06:00,Premier,Badda,23.784472,90.432097,Pallabi,23.832493,90.368939,10.99,57,346,completed,2026-03-10T04:55:20+06:00,True
USR079,01000000079,Demo User 079,UB0001707,2026-03-10T18:21:24+06:00,Premier,Gulshan,23.787818,90.40793,Mirpur,23.827311,90.369312,23.35,31,491,completed,2026-03-10T19:11:24+06:00,True
USR079,01000000079,Demo User 079,UB0001695,2026-04-02T10:44:10+06:00,UberX,Mohakhali,23.785676,90.401287,Mirpur,23.829038,90.368058,18.16,65,412,completed,2026-04-02T11:56:10+06:00,True
USR079,01000000079,Demo User 079,UB0001704,2026-04-04T04:10:51+06:00,UberX,Motijheel,23.733308,90.419355,Bashundhara,23.811647,90.431895,16.13,49,350,completed,2026-04-04T05:02:51+06:00,True
USR079,01000000079,Demo User 079,UB0001699,2026-04-23T22:33:08+06:00,UberX,Uttara,23.881467,90.38487,Farmgate,23.755612,90.383188,18.35,32,549,cancelled_by_driver,2026-04-23T23:16:08+06:00,True
USR079,01000000079,Demo User 079,UB0001706,2026-04-24T20:37:50+06:00,Moto,Banani,23.795102,90.405151,Bashundhara,23.811406,90.421966,2.38,54,98,completed,2026-04-24T21:48:50+06:00,True
USR079,01000000079,Demo User 079,UB0001690,2026-04-24T23:27:15+06:00,Moto,Farmgate,23.76507,90.39182,Motijheel,23.728281,90.420734,11.37,15,338,completed,2026-04-24T23:42:15+06:00,True
USR079,01000000079,Demo User 079,UB0001702,2026-05-11T20:20:33+06:00,UberX,Mohammadpur,23.766458,90.355879,Shyamoli,23.780416,90.366328,18.41,32,494,completed,2026-05-11T21:08:33+06:00,True
USR079,01000000079,Demo User 079,UB0001703,2026-05-30T18:41:55+06:00,Moto,Old Dhaka,23.712968,90.404128,Wari,23.72385,90.424644,15.59,32,517,completed,2026-05-30T19:31:55+06:00,True
USR079,01000000079,Demo User 079,UB0001693,2026-06-14T07:11:34+06:00,Moto,Khilgaon,23.743637,90.422996,Gulshan,23.787716,90.408199,3.88,56,166,completed,2026-06-14T08:16:34+06:00,True
USR079,01000000079,Demo User 079,UB0001700,2026-06-24T22:39:34+06:00,UberX,Badda,23.775617,90.418871,Mohakhali,23.78589,90.398953,8.34,48,302,completed,2026-06-24T23:43:34+06:00,True
USR079,01000000079,Demo User 079,UB0001697,2026-06-26T16:48:04+06:00,Moto,Farmgate,23.751196,90.383788,Bashundhara,23.810591,90.428739,9.81,19,254,completed,2026-06-26T17:17:04+06:00,True
USR079,01000000079,Demo User 079,UB0001688,2026-06-28T23:02:33+06:00,Moto,Banani,23.794855,90.403983,Tejgaon,23.761141,90.388454,13.64,75,365,completed,2026-06-29T00:33:33+06:00,True
USR079,01000000079,Demo User 079,UB0001689,2026-06-30T01:29:29+06:00,UberX,Mohakhali,23.781282,90.39162,Uttara,23.880583,90.38103,6.13,53,186,completed,2026-06-30T02:29:29+06:00,True
USR079,01000000079,Demo User 079,UB0001687,2026-07-10T23:58:34+06:00,Premier,Motijheel,23.737977,90.409561,Tejgaon,23.76207,90.386381,17.78,40,521,cancelled_by_rider,2026-07-11T00:58:34+06:00,True
USR079,01000000079,Demo User 079,UB0001705,2026-07-17T15:45:46+06:00,UberX,Wari,23.712081,90.423879,Bashundhara,23.807899,90.4323,4.36,59,146,completed,2026-07-17T16:55:46+06:00,True
USR079,01000000079,Demo User 079,UB0001701,2026-07-19T04:50:29+06:00,Moto,Pallabi,23.825583,90.368718,Bashundhara,23.814301,90.42387,16.65,50,382,completed,2026-07-19T05:44:29+06:00,True
USR079,01000000079,Demo User 079,UB0001692,2026-08-04T19:29:02+06:00,Moto,Wari,23.719206,90.418051,Motijheel,23.731133,90.425191,15.51,67,460,completed,2026-08-04T20:51:02+06:00,True
USR079,01000000079,Demo User 079,UB0001698,2026-08-09T18:49:18+06:00,Premier,Gulshan,23.784997,90.40039,Rampura,23.763261,90.41893,22.81,69,500,completed,2026-08-09T20:09:18+06:00,True
USR080,01000000080,Demo User 080,UB0001721,2026-02-17T10:07:33+06:00,UberX,Wari,23.716149,90.425124,Khilgaon,23.742978,90.417888,16.77,20,593,completed,2026-02-17T10:44:33+06:00,True
USR080,01000000080,Demo User 080,UB0001712,2026-03-10T08:26:26+06:00,UberX,Mohammadpur,23.772708,90.363091,Banani,23.799713,90.39912,11.4,70,413,completed,2026-03-10T09:40:26+06:00,True
USR080,01000000080,Demo User 080,UB0001711,2026-03-24T02:07:52+06:00,Moto,Mirpur,23.81578,90.362824,Tejgaon,23.76528,90.394465,3.47,53,154,cancelled_by_driver,2026-03-24T03:18:52+06:00,True
USR080,01000000080,Demo User 080,UB0001719,2026-03-24T13:14:48+06:00,Premier,Mohammadpur,23.769299,90.356656,Shyamoli,23.778412,90.371441,21.71,53,482,cancelled_by_rider,2026-03-24T14:07:48+06:00,True
USR080,01000000080,Demo User 080,UB0001726,2026-03-24T15:35:57+06:00,Moto,Wari,23.716364,90.425176,Mohakhali,23.774684,90.39455,20.82,10,672,completed,2026-03-24T15:46:57+06:00,True
USR080,01000000080,Demo User 080,UB0001722,2026-04-01T15:57:10+06:00,Premier,Banani,23.799902,90.402964,Shyamoli,23.781526,90.372703,20.46,71,482,completed,2026-04-01T17:11:10+06:00,True
USR080,01000000080,Demo User 080,UB0001718,2026-04-04T22:24:29+06:00,Premier,Old Dhaka,23.711827,90.410189,Badda,23.787447,90.430448,19.24,11,685,completed,2026-04-04T22:39:29+06:00,True
USR080,01000000080,Demo User 080,UB0001713,2026-05-04T07:00:29+06:00,Moto,Old Dhaka,23.717651,90.405353,Uttara,23.868933,90.385277,2.03,69,100,completed,2026-05-04T08:22:29+06:00,True
USR080,01000000080,Demo User 080,UB0001714,2026-05-04T18:20:09+06:00,Premier,Old Dhaka,23.709622,90.409131,Farmgate,23.762087,90.394069,21.68,46,534,completed,2026-05-04T19:11:09+06:00,True
USR080,01000000080,Demo User 080,UB0001709,2026-05-17T12:08:30+06:00,Moto,Tejgaon,23.762681,90.38777,Wari,23.719073,90.425254,11.6,10,411,completed,2026-05-17T12:38:30+06:00,True
USR080,01000000080,Demo User 080,UB0001728,2026-05-24T22:45:07+06:00,UberX,Dhanmondi,23.747232,90.371184,Mohammadpur,23.759668,90.358849,9.94,40,317,completed,2026-05-24T23:37:07+06:00,True
USR080,01000000080,Demo User 080,UB0001720,2026-05-28T03:29:19+06:00,UberX,Old Dhaka,23.713455,90.406063,Gulshan,23.796342,90.41546,14.45,48,515,completed,2026-05-28T04:34:19+06:00,True
USR080,01000000080,Demo User 080,UB0001715,2026-06-14T03:22:52+06:00,UberX,Tejgaon,23.765546,90.400814,Mohammadpur,23.767087,90.351631,1.78,52,111,completed,2026-06-14T04:33:52+06:00,True
USR080,01000000080,Demo User 080,UB0001717,2026-06-16T12:03:31+06:00,Premier,Shyamoli,23.775947,90.367383,Mohammadpur,23.760155,90.366158,21.76,37,711,completed,2026-06-16T12:45:31+06:00,True
USR080,01000000080,Demo User 080,UB0001716,2026-06-19T14:11:18+06:00,Premier,Mohakhali,23.780266,90.404206,Uttara,23.879531,90.380345,4.13,41,164,completed,2026-06-19T14:53:18+06:00,True
USR080,01000000080,Demo User 080,UB0001708,2026-07-01T22:10:15+06:00,Premier,Khilgaon,23.746179,90.43282,Motijheel,23.739187,90.420543,12.69,51,339,completed,2026-07-01T23:01:15+06:00,True
USR080,01000000080,Demo User 080,UB0001725,2026-07-18T16:32:15+06:00,Moto,Farmgate,23.754302,90.394453,Shyamoli,23.776331,90.360333,14.6,66,340,completed,2026-07-18T17:55:15+06:00,True
USR080,01000000080,Demo User 080,UB0001724,2026-07-20T04:28:50+06:00,Premier,Bashundhara,23.821582,90.420209,Mohammadpur,23.758594,90.365112,14.92,75,386,completed,2026-07-20T05:55:50+06:00,True
USR080,01000000080,Demo User 080,UB0001727,2026-07-27T10:36:30+06:00,UberX,Bashundhara,23.819147,90.425996,Tejgaon,23.765572,90.388973,22.74,49,497,completed,2026-07-27T11:43:30+06:00,True
USR080,01000000080,Demo User 080,UB0001710,2026-08-01T03:49:03+06:00,Moto,Mohakhali,23.785677,90.404606,Shyamoli,23.771554,90.366626,19.67,65,656,cancelled_by_rider,2026-08-01T04:57:03+06:00,True
USR080,01000000080,Demo User 080,UB0001723,2026-08-07T03:13:01+06:00,Moto,Mohakhali,23.779063,90.405824,Uttara,23.880789,90.385093,11.64,9,320,completed,2026-08-07T03:41:01+06:00,True
USR081,01000000081,Demo User 081,UB0001730,2026-02-18T10:45:08+06:00,UberX,Rampura,23.762044,90.413061,Mirpur,23.826219,90.365411,6.05,44,194,completed,2026-02-18T11:43:08+06:00,True
USR081,01000000081,Demo User 081,UB0001738,2026-02-28T03:07:01+06:00,Moto,Mohakhali,23.786447,90.406128,Shyamoli,23.781171,90.358579,5.67,59,178,completed,2026-02-28T04:25:01+06:00,True
USR081,01000000081,Demo User 081,UB0001736,2026-03-06T13:02:06+06:00,UberX,Gulshan,23.789246,90.401789,Banani,23.792637,90.407892,12.32,12,334,completed,2026-03-06T13:29:06+06:00,True
USR081,01000000081,Demo User 081,UB0001737,2026-03-06T18:09:30+06:00,UberX,Dhanmondi,23.749598,90.37918,Banani,23.794141,90.404545,23.62,66,735,completed,2026-03-06T19:27:30+06:00,True
USR081,01000000081,Demo User 081,UB0001745,2026-03-13T22:29:47+06:00,Premier,Shyamoli,23.778388,90.360484,Rampura,23.765463,90.428455,16.69,32,475,completed,2026-03-13T23:13:47+06:00,True
USR081,01000000081,Demo User 081,UB0001741,2026-04-03T17:44:59+06:00,Moto,Khilgaon,23.754072,90.429047,Rampura,23.757282,90.426061,19.82,75,572,completed,2026-04-03T19:02:59+06:00,True
USR081,01000000081,Demo User 081,UB0001743,2026-04-04T21:20:40+06:00,UberX,Rampura,23.753478,90.412827,Tejgaon,23.766979,90.395462,15.56,71,371,completed,2026-04-04T22:49:40+06:00,True
USR081,01000000081,Demo User 081,UB0001740,2026-04-16T12:49:27+06:00,Moto,Mirpur,23.824602,90.365622,Wari,23.718693,90.420838,10.74,44,258,completed,2026-04-16T13:36:27+06:00,True
USR081,01000000081,Demo User 081,UB0001729,2026-05-11T05:28:33+06:00,UberX,Mohammadpur,23.770382,90.363512,Uttara,23.882207,90.375571,13.45,35,481,cancelled_by_rider,2026-05-11T06:14:33+06:00,True
USR081,01000000081,Demo User 081,UB0001739,2026-05-17T02:04:06+06:00,Premier,Mohammadpur,23.767904,90.362027,Badda,23.77419,90.430322,13.46,36,344,completed,2026-05-17T02:52:06+06:00,True
USR081,01000000081,Demo User 081,UB0001733,2026-05-27T09:15:01+06:00,Premier,Bashundhara,23.813745,90.430458,Banani,23.790777,90.412815,19.22,24,428,completed,2026-05-27T09:39:01+06:00,True
USR081,01000000081,Demo User 081,UB0001732,2026-06-12T10:35:06+06:00,Moto,Banani,23.792061,90.399132,Dhanmondi,23.75241,90.382251,10.62,54,310,completed,2026-06-12T11:34:06+06:00,True
USR081,01000000081,Demo User 081,UB0001735,2026-06-18T03:24:08+06:00,UberX,Mohammadpur,23.760343,90.355324,Badda,23.777623,90.431827,20.68,60,637,completed,2026-06-18T04:26:08+06:00,True
USR081,01000000081,Demo User 081,UB0001746,2026-06-27T12:44:50+06:00,Premier,Mohakhali,23.772865,90.401167,Rampura,23.758993,90.420925,6.25,43,207,completed,2026-06-27T13:34:50+06:00,True
USR081,01000000081,Demo User 081,UB0001744,2026-07-18T05:33:29+06:00,Moto,Wari,23.72178,90.41703,Shyamoli,23.775145,90.358404,9.72,52,370,completed,2026-07-18T06:31:29+06:00,True
USR081,01000000081,Demo User 081,UB0001742,2026-07-22T00:49:27+06:00,UberX,Motijheel,23.740517,90.424801,Bashundhara,23.818768,90.425966,13.14,11,480,completed,2026-07-22T01:06:27+06:00,True
USR081,01000000081,Demo User 081,UB0001734,2026-07-28T11:53:08+06:00,UberX,Shyamoli,23.769003,90.35886,Mohammadpur,23.75895,90.351278,19.66,68,571,completed,2026-07-28T13:12:08+06:00,True
USR081,01000000081,Demo User 081,UB0001731,2026-07-29T10:38:07+06:00,Moto,Wari,23.717013,90.417685,Old Dhaka,23.709214,90.40738,16.15,16,353,completed,2026-07-29T11:05:07+06:00,True
USR082,01000000082,Demo User 082,UB0001769,2026-02-27T04:58:44+06:00,UberX,Banani,23.791688,90.413175,Gulshan,23.797769,90.406358,6.9,46,269,completed,2026-02-27T06:04:44+06:00,True
USR082,01000000082,Demo User 082,UB0001752,2026-03-01T02:21:40+06:00,Moto,Gulshan,23.788813,90.403427,Shyamoli,23.776325,90.370998,13.09,14,433,completed,2026-03-01T02:42:40+06:00,True
USR082,01000000082,Demo User 082,UB0001761,2026-03-01T17:35:47+06:00,UberX,Mohammadpur,23.764763,90.358219,Motijheel,23.730281,90.41531,17.86,25,435,completed,2026-03-01T18:03:47+06:00,True
USR082,01000000082,Demo User 082,UB0001759,2026-03-13T09:11:30+06:00,UberX,Bashundhara,23.819353,90.427242,Shyamoli,23.769645,90.358343,19.58,68,687,cancelled_by_driver,2026-03-13T10:35:30+06:00,True
USR082,01000000082,Demo User 082,UB0001753,2026-03-16T18:16:30+06:00,Moto,Pallabi,23.828878,90.359526,Mirpur,23.818543,90.358791,17.44,67,506,completed,2026-03-16T19:34:30+06:00,True
USR082,01000000082,Demo User 082,UB0001758,2026-03-20T07:04:32+06:00,Moto,Badda,23.782366,90.421196,Motijheel,23.736339,90.423919,7.59,38,198,cancelled_by_rider,2026-03-20T07:46:32+06:00,True
USR082,01000000082,Demo User 082,UB0001750,2026-03-23T23:24:20+06:00,Moto,Gulshan,23.789692,90.412782,Badda,23.784536,90.428215,22.42,51,614,completed,2026-03-24T00:20:20+06:00,True
USR082,01000000082,Demo User 082,UB0001770,2026-03-30T17:21:36+06:00,Premier,Gulshan,23.798473,90.408246,Pallabi,23.836165,90.371893,2.1,48,124,completed,2026-03-30T18:11:36+06:00,True
USR082,01000000082,Demo User 082,UB0001751,2026-04-14T23:05:22+06:00,UberX,Mirpur,23.820008,90.36628,Khilgaon,23.745947,90.424369,12.04,39,297,completed,2026-04-15T00:04:22+06:00,True
USR082,01000000082,Demo User 082,UB0001757,2026-04-16T21:25:02+06:00,Premier,Gulshan,23.789293,90.403888,Wari,23.711779,90.41164,12.63,47,300,cancelled_by_driver,2026-04-16T22:24:02+06:00,True
USR082,01000000082,Demo User 082,UB0001756,2026-04-18T02:57:30+06:00,Moto,Old Dhaka,23.704443,90.404055,Tejgaon,23.763054,90.401859,5.61,36,210,completed,2026-04-18T03:37:30+06:00,True
USR082,01000000082,Demo User 082,UB0001755,2026-04-18T06:53:58+06:00,Moto,Rampura,23.760738,90.417921,Pallabi,23.825583,90.368133,8.48,71,226,completed,2026-04-18T08:23:58+06:00,True
USR082,01000000082,Demo User 082,UB0001764,2026-04-20T07:08:51+06:00,Premier,Motijheel,23.72803,90.420497,Wari,23.724405,90.413691,6.53,13,234,completed,2026-04-20T07:33:51+06:00,True
USR082,01000000082,Demo User 082,UB0001771,2026-04-23T23:15:47+06:00,Moto,Shyamoli,23.776808,90.367759,Tejgaon,23.77038,90.397566,9.21,17,341,completed,2026-04-23T23:47:47+06:00,True
USR082,01000000082,Demo User 082,UB0001747,2026-04-29T08:42:20+06:00,UberX,Tejgaon,23.75593,90.388342,Pallabi,23.834028,90.3674,16.49,71,609,completed,2026-04-29T10:13:20+06:00,True
USR082,01000000082,Demo User 082,UB0001765,2026-05-05T07:14:05+06:00,UberX,Motijheel,23.736209,90.417243,Gulshan,23.786623,90.414747,15.08,28,473,completed,2026-05-05T07:54:05+06:00,True
USR082,01000000082,Demo User 082,UB0001766,2026-05-22T15:57:33+06:00,Moto,Khilgaon,23.756846,90.421986,Motijheel,23.738976,90.414407,14.46,53,448,completed,2026-05-22T17:04:33+06:00,True
USR082,01000000082,Demo User 082,UB0001754,2026-05-25T07:35:17+06:00,Moto,Pallabi,23.826,90.369174,Gulshan,23.787963,90.404537,21.2,66,605,completed,2026-05-25T08:44:17+06:00,True
USR082,01000000082,Demo User 082,UB0001763,2026-05-31T22:34:56+06:00,UberX,Old Dhaka,23.713054,90.399555,Khilgaon,23.751998,90.427956,9.88,10,264,cancelled_by_rider,2026-05-31T22:57:56+06:00,True
USR082,01000000082,Demo User 082,UB0001748,2026-06-02T06:27:35+06:00,Premier,Wari,23.719914,90.422554,Uttara,23.86802,90.387137,4.77,16,163,completed,2026-06-02T06:50:35+06:00,True
USR082,01000000082,Demo User 082,UB0001749,2026-06-06T10:31:27+06:00,UberX,Khilgaon,23.752528,90.428647,Shyamoli,23.779892,90.366416,19.13,72,527,completed,2026-06-06T11:56:27+06:00,True
USR082,01000000082,Demo User 082,UB0001762,2026-06-19T07:07:24+06:00,Premier,Banani,23.801236,90.407872,Motijheel,23.726409,90.41941,19.47,74,705,completed,2026-06-19T08:39:24+06:00,True
USR082,01000000082,Demo User 082,UB0001760,2026-06-20T00:58:36+06:00,UberX,Farmgate,23.765462,90.3944,Banani,23.789345,90.412814,12.7,12,371,ongoing,2026-06-20T01:15:36+06:00,True
USR082,01000000082,Demo User 082,UB0001768,2026-06-24T09:04:18+06:00,Moto,Gulshan,23.78541,90.410354,Mirpur,23.824791,90.367345,5.01,50,206,cancelled_by_driver,2026-06-24T10:13:18+06:00,True
USR082,01000000082,Demo User 082,UB0001767,2026-07-14T11:59:08+06:00,Moto,Motijheel,23.725106,90.410587,Uttara,23.872395,90.381821,22.91,9,823,cancelled_by_driver,2026-07-14T12:18:08+06:00,True
USR083,01000000083,Demo User 083,UB0001795,2026-02-24T09:43:15+06:00,UberX,Tejgaon,23.763066,90.395514,Wari,23.712267,90.423099,20.11,25,631,completed,2026-02-24T10:10:15+06:00,True
USR083,01000000083,Demo User 083,UB0001788,2026-02-27T03:40:35+06:00,Moto,Mohakhali,23.784301,90.398899,Rampura,23.759757,90.415317,9.57,67,289,completed,2026-02-27T04:47:35+06:00,True
USR083,01000000083,Demo User 083,UB0001787,2026-03-04T06:44:04+06:00,Premier,Tejgaon,23.765039,90.401298,Mirpur,23.824664,90.363895,2.57,60,105,cancelled_by_rider,2026-03-04T07:53:04+06:00,True
USR083,01000000083,Demo User 083,UB0001789,2026-03-20T16:51:49+06:00,Moto,Dhanmondi,23.753766,90.376697,Bashundhara,23.818004,90.421324,17.38,66,574,completed,2026-03-20T17:59:49+06:00,True
USR083,01000000083,Demo User 083,UB0001785,2026-04-02T02:13:34+06:00,Premier,Mirpur,23.81594,90.362101,Banani,23.788897,90.404292,1.89,14,114,completed,2026-04-02T02:40:34+06:00,True
USR083,01000000083,Demo User 083,UB0001786,2026-04-02T17:04:22+06:00,Moto,Rampura,23.754927,90.41714,Farmgate,23.753509,90.384931,21.58,34,550,completed,2026-04-02T17:50:22+06:00,True
USR083,01000000083,Demo User 083,UB0001775,2026-04-13T18:09:51+06:00,Premier,Dhanmondi,23.742275,90.368516,Badda,23.773666,90.429422,11.08,34,281,completed,2026-04-13T19:00:51+06:00,True
USR083,01000000083,Demo User 083,UB0001792,2026-04-14T23:15:48+06:00,Moto,Wari,23.723073,90.4173,Badda,23.78477,90.433048,21.84,49,682,completed,2026-04-15T00:10:48+06:00,True
USR083,01000000083,Demo User 083,UB0001778,2026-04-21T06:47:17+06:00,Premier,Farmgate,23.762076,90.392103,Mohammadpur,23.771101,90.353093,8.91,32,256,completed,2026-04-21T07:35:17+06:00,True
USR083,01000000083,Demo User 083,UB0001784,2026-04-23T07:33:25+06:00,Premier,Farmgate,23.764069,90.392308,Mohammadpur,23.761106,90.360032,19.25,31,554,completed,2026-04-23T08:16:25+06:00,True
USR083,01000000083,Demo User 083,UB0001791,2026-04-28T09:30:25+06:00,Moto,Motijheel,23.730701,90.411614,Mohammadpur,23.772456,90.351366,4.73,46,144,completed,2026-04-28T10:27:25+06:00,True
USR083,01000000083,Demo User 083,UB0001782,2026-05-12T22:06:37+06:00,Moto,Gulshan,23.79699,90.403965,Mirpur,23.828059,90.359109,2.38,69,102,completed,2026-05-12T23:31:37+06:00,True
USR083,01000000083,Demo User 083,UB0001793,2026-05-28T03:52:02+06:00,UberX,Mohakhali,23.783161,90.393818,Motijheel,23.738986,90.409444,2.11,72,101,completed,2026-05-28T05:17:02+06:00,True
USR083,01000000083,Demo User 083,UB0001783,2026-05-31T11:09:19+06:00,Premier,Mohakhali,23.778776,90.405267,Mohammadpur,23.765887,90.361774,21.98,72,752,completed,2026-05-31T12:30:19+06:00,True
USR083,01000000083,Demo User 083,UB0001780,2026-06-04T01:55:21+06:00,Premier,Farmgate,23.751951,90.397519,Rampura,23.757776,90.413574,15.61,51,371,completed,2026-06-04T02:56:21+06:00,True
USR083,01000000083,Demo User 083,UB0001772,2026-06-20T13:28:10+06:00,UberX,Uttara,23.883412,90.37461,Khilgaon,23.749926,90.420763,7.61,69,271,completed,2026-06-20T14:54:10+06:00,True
USR083,01000000083,Demo User 083,UB0001779,2026-06-23T07:10:31+06:00,UberX,Uttara,23.869892,90.373928,Badda,23.786825,90.422699,10.18,42,326,completed,2026-06-23T08:03:31+06:00,True
USR083,01000000083,Demo User 083,UB0001781,2026-06-25T10:56:38+06:00,Premier,Rampura,23.754171,90.426108,Old Dhaka,23.717423,90.410554,22.29,13,653,completed,2026-06-25T11:23:38+06:00,True
USR083,01000000083,Demo User 083,UB0001774,2026-06-28T07:37:46+06:00,UberX,Wari,23.726655,90.413596,Khilgaon,23.746518,90.427037,4.68,36,176,completed,2026-06-28T08:16:46+06:00,True
USR083,01000000083,Demo User 083,UB0001773,2026-07-04T11:48:05+06:00,Moto,Badda,23.780629,90.43131,Old Dhaka,23.710363,90.410597,9.57,25,245,completed,2026-07-04T12:16:05+06:00,True
USR083,01000000083,Demo User 083,UB0001777,2026-07-08T01:38:59+06:00,Moto,Bashundhara,23.811025,90.428787,Farmgate,23.751392,90.389873,10.41,72,373,completed,2026-07-08T03:05:59+06:00,True
USR083,01000000083,Demo User 083,UB0001790,2026-07-11T16:31:46+06:00,Premier,Shyamoli,23.771169,90.358547,Mohakhali,23.781444,90.398036,18.32,65,465,completed,2026-07-11T17:46:46+06:00,True
USR083,01000000083,Demo User 083,UB0001794,2026-07-27T08:00:24+06:00,Premier,Uttara,23.87291,90.386069,Bashundhara,23.819816,90.425002,1.27,72,84,cancelled_by_rider,2026-07-27T09:28:24+06:00,True
USR083,01000000083,Demo User 083,UB0001776,2026-08-02T02:10:00+06:00,Moto,Old Dhaka,23.705888,90.401262,Mirpur,23.817545,90.368746,10.25,64,244,completed,2026-08-02T03:26:00+06:00,True
USR084,01000000084,Demo User 084,UB0001817,2026-02-14T22:10:44+06:00,UberX,Pallabi,23.824661,90.358937,Mohammadpur,23.759208,90.357842,10.11,48,327,completed,2026-02-14T23:08:44+06:00,True
USR084,01000000084,Demo User 084,UB0001802,2026-03-04T20:40:58+06:00,Moto,Farmgate,23.752806,90.38645,Badda,23.785897,90.426459,20.35,47,635,cancelled_by_driver,2026-03-04T21:40:58+06:00,True
USR084,01000000084,Demo User 084,UB0001801,2026-03-10T13:49:20+06:00,UberX,Motijheel,23.727093,90.413065,Badda,23.779824,90.420987,19.54,70,490,completed,2026-03-10T15:15:20+06:00,True
USR084,01000000084,Demo User 084,UB0001819,2026-03-13T17:55:47+06:00,Premier,Old Dhaka,23.706643,90.403774,Banani,23.798954,90.406021,15.63,33,480,completed,2026-03-13T18:29:47+06:00,True
USR084,01000000084,Demo User 084,UB0001804,2026-03-25T08:40:11+06:00,Moto,Motijheel,23.73418,90.420913,Rampura,23.759648,90.420204,2.05,22,119,completed,2026-03-25T09:05:11+06:00,True
USR084,01000000084,Demo User 084,UB0001798,2026-03-26T01:53:21+06:00,Premier,Mirpur,23.81569,90.358759,Tejgaon,23.766113,90.397201,12.02,52,351,completed,2026-03-26T03:03:21+06:00,True
USR084,01000000084,Demo User 084,UB0001822,2026-04-15T22:53:19+06:00,Premier,Mohakhali,23.784751,90.406302,Dhanmondi,23.750185,90.376351,10.05,59,295,completed,2026-04-16T00:00:19+06:00,True
USR084,01000000084,Demo User 084,UB0001799,2026-04-22T23:13:11+06:00,Premier,Mohakhali,23.778015,90.402365,Rampura,23.765111,90.428593,10.96,62,364,completed,2026-04-23T00:34:11+06:00,True
USR084,01000000084,Demo User 084,UB0001809,2026-04-25T01:38:03+06:00,Premier,Shyamoli,23.782432,90.366626,Banani,23.795575,90.404989,17.71,30,568,ongoing,2026-04-25T02:11:03+06:00,True
USR084,01000000084,Demo User 084,UB0001806,2026-04-29T04:37:47+06:00,Premier,Tejgaon,23.771209,90.398777,Mohammadpur,23.760326,90.360349,2.64,28,130,ongoing,2026-04-29T05:18:47+06:00,True
USR084,01000000084,Demo User 084,UB0001814,2026-05-03T09:44:58+06:00,Premier,Old Dhaka,23.70914,90.401745,Gulshan,23.784868,90.415015,10.25,9,251,completed,2026-05-03T10:05:58+06:00,True
USR084,01000000084,Demo User 084,UB0001811,2026-05-08T02:21:40+06:00,Premier,Wari,23.724447,90.419138,Shyamoli,23.782194,90.370656,7.62,30,309,completed,2026-05-08T03:01:40+06:00,True
USR084,01000000084,Demo User 084,UB0001800,2026-05-18T04:03:14+06:00,Premier,Dhanmondi,23.754103,90.381824,Banani,23.797923,90.40299,3.73,57,139,completed,2026-05-18T05:14:14+06:00,True
USR084,01000000084,Demo User 084,UB0001796,2026-06-13T06:17:37+06:00,UberX,Wari,23.721231,90.421552,Badda,23.773431,90.433721,8.38,69,282,completed,2026-06-13T07:27:37+06:00,True
USR084,01000000084,Demo User 084,UB0001815,2026-06-16T16:04:12+06:00,UberX,Mohammadpur,23.760905,90.354146,Badda,23.774594,90.426048,10.12,19,266,completed,2026-06-16T16:40:12+06:00,True
USR084,01000000084,Demo User 084,UB0001812,2026-06-18T17:59:01+06:00,UberX,Khilgaon,23.753391,90.428733,Gulshan,23.795993,90.414799,19.64,42,529,completed,2026-06-18T19:01:01+06:00,True
USR084,01000000084,Demo User 084,UB0001816,2026-06-19T21:12:31+06:00,Moto,Tejgaon,23.765774,90.393624,Pallabi,23.822173,90.362529,13.19,72,335,completed,2026-06-19T22:42:31+06:00,True
USR084,01000000084,Demo User 084,UB0001810,2026-07-03T08:52:56+06:00,Moto,Rampura,23.760478,90.415416,Gulshan,23.795299,90.405649,5.57,33,211,completed,2026-07-03T09:38:56+06:00,True
USR084,01000000084,Demo User 084,UB0001805,2026-07-03T21:09:51+06:00,Moto,Mirpur,23.815639,90.372224,Mohakhali,23.777967,90.400662,17.93,57,384,completed,2026-07-03T22:10:51+06:00,True
USR084,01000000084,Demo User 084,UB0001820,2026-07-06T20:35:09+06:00,Moto,Shyamoli,23.775489,90.364522,Tejgaon,23.757366,90.398699,15.99,19,489,cancelled_by_driver,2026-07-06T20:54:09+06:00,True
USR084,01000000084,Demo User 084,UB0001807,2026-07-08T06:07:40+06:00,Premier,Old Dhaka,23.718381,90.408484,Shyamoli,23.778672,90.360195,7.62,29,224,completed,2026-07-08T06:50:40+06:00,True
USR084,01000000084,Demo User 084,UB0001823,2026-07-16T03:46:20+06:00,Moto,Pallabi,23.835803,90.368943,Shyamoli,23.773877,90.373019,10.75,75,405,completed,2026-07-16T05:16:20+06:00,True
USR084,01000000084,Demo User 084,UB0001818,2026-07-16T05:17:16+06:00,UberX,Mohammadpur,23.764494,90.35228,Tejgaon,23.765045,90.389496,18.19,41,650,completed,2026-07-16T06:05:16+06:00,True
USR084,01000000084,Demo User 084,UB0001808,2026-07-17T21:44:52+06:00,UberX,Tejgaon,23.770971,90.395793,Bashundhara,23.810405,90.418216,6.93,17,259,completed,2026-07-17T22:19:52+06:00,True
USR084,01000000084,Demo User 084,UB0001797,2026-07-21T23:34:29+06:00,UberX,Shyamoli,23.782638,90.364807,Mirpur,23.814865,90.367831,11.17,24,276,completed,2026-07-22T00:12:29+06:00,True
USR084,01000000084,Demo User 084,UB0001821,2026-07-30T06:33:41+06:00,UberX,Badda,23.778138,90.419972,Mohammadpur,23.772413,90.363066,19.09,19,445,ongoing,2026-07-30T06:59:41+06:00,True
USR084,01000000084,Demo User 084,UB0001813,2026-07-31T09:59:07+06:00,UberX,Wari,23.71523,90.424261,Pallabi,23.831007,90.359952,6.13,56,191,completed,2026-07-31T11:02:07+06:00,True
USR084,01000000084,Demo User 084,UB0001803,2026-08-03T17:12:40+06:00,UberX,Bashundhara,23.813122,90.418212,Banani,23.792358,90.407506,13.85,59,307,completed,2026-08-03T18:27:40+06:00,True
USR085,01000000085,Demo User 085,UB0001849,2026-02-19T10:48:05+06:00,UberX,Mohakhali,23.787057,90.391941,Mohammadpur,23.758737,90.360512,22.31,71,621,completed,2026-02-19T12:00:05+06:00,True
USR085,01000000085,Demo User 085,UB0001837,2026-03-01T07:07:26+06:00,Moto,Mohammadpur,23.762166,90.362965,Dhanmondi,23.753713,90.376343,9.1,55,267,completed,2026-03-01T08:16:26+06:00,True
USR085,01000000085,Demo User 085,UB0001838,2026-03-06T15:44:26+06:00,Premier,Uttara,23.868719,90.387036,Farmgate,23.752171,90.385203,3.96,69,145,completed,2026-03-06T16:56:26+06:00,True
USR085,01000000085,Demo User 085,UB0001829,2026-03-07T15:44:34+06:00,Moto,Tejgaon,23.764869,90.394853,Mohakhali,23.780597,90.403796,15.03,69,552,ongoing,2026-03-07T17:12:34+06:00,True
USR085,01000000085,Demo User 085,UB0001840,2026-03-20T10:56:26+06:00,UberX,Farmgate,23.761718,90.388955,Uttara,23.875653,90.371985,5.25,14,150,completed,2026-03-20T11:20:26+06:00,True
USR085,01000000085,Demo User 085,UB0001835,2026-03-21T11:18:20+06:00,Premier,Shyamoli,23.772986,90.367793,Dhanmondi,23.741741,90.375416,17.58,74,521,completed,2026-03-21T12:50:20+06:00,True
USR085,01000000085,Demo User 085,UB0001845,2026-03-29T05:20:34+06:00,UberX,Dhanmondi,23.740656,90.376679,Tejgaon,23.767834,90.397761,10.31,34,244,completed,2026-03-29T06:00:34+06:00,True
USR085,01000000085,Demo User 085,UB0001843,2026-04-01T16:49:41+06:00,Moto,Mirpur,23.826784,90.366978,Wari,23.712445,90.411577,6.93,72,247,completed,2026-04-01T18:17:41+06:00,True
USR085,01000000085,Demo User 085,UB0001824,2026-04-03T13:25:34+06:00,UberX,Uttara,23.87078,90.374338,Khilgaon,23.752347,90.423096,20.49,40,503,completed,2026-04-03T14:17:34+06:00,True
USR085,01000000085,Demo User 085,UB0001826,2026-04-05T23:12:48+06:00,UberX,Uttara,23.882732,90.373854,Old Dhaka,23.714459,90.411605,5.67,16,181,cancelled_by_rider,2026-04-05T23:45:48+06:00,True
USR085,01000000085,Demo User 085,UB0001842,2026-04-08T07:27:31+06:00,UberX,Gulshan,23.798152,90.40344,Khilgaon,23.750327,90.427876,12.02,31,293,completed,2026-04-08T08:17:31+06:00,True
USR085,01000000085,Demo User 085,UB0001831,2026-04-17T12:28:43+06:00,Moto,Mohammadpur,23.762511,90.354256,Motijheel,23.730732,90.411729,14.07,58,427,completed,2026-04-17T13:36:43+06:00,True
USR085,01000000085,Demo User 085,UB0001850,2026-04-23T09:48:56+06:00,Premier,Mohammadpur,23.770524,90.35259,Wari,23.713104,90.412113,1.29,39,83,completed,2026-04-23T10:28:56+06:00,True
USR085,01000000085,Demo User 085,UB0001832,2026-05-02T18:28:05+06:00,UberX,Mirpur,23.827468,90.36482,Banani,23.792299,90.413253,2.07,46,124,completed,2026-05-02T19:33:05+06:00,True
USR085,01000000085,Demo User 085,UB0001847,2026-05-07T21:15:24+06:00,UberX,Mirpur,23.827677,90.371724,Shyamoli,23.781241,90.360204,5.28,74,234,completed,2026-05-07T22:42:24+06:00,True
USR085,01000000085,Demo User 085,UB0001848,2026-05-09T03:08:20+06:00,UberX,Badda,23.774454,90.425001,Khilgaon,23.745259,90.420143,5.09,36,183,completed,2026-05-09T03:55:20+06:00,True
USR085,01000000085,Demo User 085,UB0001844,2026-05-14T12:53:00+06:00,Premier,Dhanmondi,23.748745,90.379498,Farmgate,23.753179,90.393304,1.89,62,97,completed,2026-05-14T14:15:00+06:00,True
USR085,01000000085,Demo User 085,UB0001827,2026-05-22T09:34:21+06:00,Moto,Old Dhaka,23.709697,90.407955,Pallabi,23.830343,90.370672,4.17,35,177,completed,2026-05-22T10:23:21+06:00,True
USR085,01000000085,Demo User 085,UB0001846,2026-05-26T23:30:13+06:00,Moto,Bashundhara,23.812269,90.427512,Khilgaon,23.748191,90.431351,22.87,73,764,completed,2026-05-27T00:44:13+06:00,True
USR085,01000000085,Demo User 085,UB0001833,2026-05-26T23:45:59+06:00,Premier,Tejgaon,23.76041,90.389609,Motijheel,23.729695,90.414377,21.67,68,763,completed,2026-05-27T00:56:59+06:00,True
USR085,01000000085,Demo User 085,UB0001830,2026-06-06T23:18:31+06:00,Premier,Mohakhali,23.787783,90.396895,Wari,23.720535,90.415591,3.55,29,121,completed,2026-06-07T00:00:31+06:00,True
USR085,01000000085,Demo User 085,UB0001834,2026-06-24T07:31:49+06:00,Moto,Farmgate,23.758662,90.388334,Gulshan,23.788012,90.410632,11.03,17,371,completed,2026-06-24T07:52:49+06:00,True
USR085,01000000085,Demo User 085,UB0001836,2026-07-04T08:21:38+06:00,Premier,Badda,23.780783,90.433215,Farmgate,23.762795,90.382436,5.39,37,208,cancelled_by_driver,2026-07-04T09:00:38+06:00,True
USR085,01000000085,Demo User 085,UB0001851,2026-07-10T07:44:39+06:00,UberX,Shyamoli,23.780176,90.365885,Khilgaon,23.746176,90.418813,6.26,66,248,completed,2026-07-10T08:50:39+06:00,True
USR085,01000000085,Demo User 085,UB0001852,2026-07-11T03:25:28+06:00,Moto,Bashundhara,23.810816,90.424861,Uttara,23.882117,90.383576,2.87,74,141,completed,2026-07-11T04:50:28+06:00,True
USR085,01000000085,Demo User 085,UB0001839,2026-07-14T04:43:23+06:00,Premier,Wari,23.716718,90.419771,Dhanmondi,23.742187,90.369687,4.89,57,219,completed,2026-07-14T05:56:23+06:00,True
USR085,01000000085,Demo User 085,UB0001841,2026-07-14T14:20:51+06:00,Moto,Pallabi,23.831281,90.363419,Shyamoli,23.775897,90.358317,14.32,30,534,completed,2026-07-14T14:50:51+06:00,True
USR085,01000000085,Demo User 085,UB0001828,2026-07-22T10:35:24+06:00,Moto,Mohakhali,23.780674,90.399685,Khilgaon,23.747697,90.418954,12.52,66,297,completed,2026-07-22T12:01:24+06:00,True
USR085,01000000085,Demo User 085,UB0001825,2026-07-30T14:27:47+06:00,Moto,Wari,23.719631,90.417784,Mohakhali,23.778757,90.405737,6.29,41,239,completed,2026-07-30T15:08:47+06:00,True
USR086,01000000086,Demo User 086,UB0001866,2026-02-27T03:32:41+06:00,UberX,Old Dhaka,23.711131,90.411587,Tejgaon,23.769094,90.397923,10.69,13,375,completed,2026-02-27T03:47:41+06:00,True
USR086,01000000086,Demo User 086,UB0001867,2026-03-01T12:31:49+06:00,Moto,Farmgate,23.762637,90.392981,Wari,23.711258,90.414681,9.65,69,361,completed,2026-03-01T13:44:49+06:00,True
USR086,01000000086,Demo User 086,UB0001856,2026-03-07T11:42:15+06:00,UberX,Tejgaon,23.766664,90.385964,Banani,23.797217,90.407467,10.67,16,384,completed,2026-03-07T12:01:15+06:00,True
USR086,01000000086,Demo User 086,UB0001860,2026-05-01T19:48:51+06:00,Premier,Gulshan,23.795933,90.411742,Farmgate,23.761095,90.390617,17.44,55,371,completed,2026-05-01T20:57:51+06:00,True
USR086,01000000086,Demo User 086,UB0001857,2026-05-02T18:38:57+06:00,UberX,Khilgaon,23.747049,90.432963,Farmgate,23.753406,90.385031,2.67,50,108,completed,2026-05-02T19:32:57+06:00,True
USR086,01000000086,Demo User 086,UB0001869,2026-05-10T08:24:55+06:00,Premier,Farmgate,23.757535,90.390765,Badda,23.785763,90.421382,10.68,10,297,completed,2026-05-10T08:35:55+06:00,True
USR086,01000000086,Demo User 086,UB0001865,2026-05-17T05:05:52+06:00,Moto,Mohammadpur,23.76667,90.356538,Khilgaon,23.750412,90.419042,10.88,25,358,completed,2026-05-17T05:36:52+06:00,True
USR086,01000000086,Demo User 086,UB0001871,2026-05-18T20:45:49+06:00,UberX,Bashundhara,23.813179,90.42203,Rampura,23.76608,90.417606,5.23,55,184,completed,2026-05-18T21:40:49+06:00,True
USR086,01000000086,Demo User 086,UB0001868,2026-05-19T11:53:17+06:00,Premier,Badda,23.778672,90.422749,Dhanmondi,23.748867,90.377595,22.72,23,511,completed,2026-05-19T12:34:17+06:00,True
USR086,01000000086,Demo User 086,UB0001858,2026-05-26T11:44:41+06:00,UberX,Farmgate,23.750994,90.396539,Mohammadpur,23.760245,90.364026,20.86,46,526,completed,2026-05-26T12:43:41+06:00,True
USR086,01000000086,Demo User 086,UB0001862,2026-06-14T01:08:05+06:00,Moto,Mohakhali,23.786105,90.40237,Khilgaon,23.743466,90.417743,14.77,71,367,completed,2026-06-14T02:20:05+06:00,True
USR086,01000000086,Demo User 086,UB0001861,2026-06-14T03:02:14+06:00,Premier,Farmgate,23.757127,90.39735,Mohammadpur,23.759924,90.359825,7.71,56,254,completed,2026-06-14T04:08:14+06:00,True
USR086,01000000086,Demo User 086,UB0001855,2026-06-20T11:19:01+06:00,Moto,Gulshan,23.793574,90.411586,Mohakhali,23.785971,90.399257,17.98,8,536,completed,2026-06-20T11:47:01+06:00,True
USR086,01000000086,Demo User 086,UB0001864,2026-06-23T14:02:48+06:00,UberX,Banani,23.790906,90.402571,Old Dhaka,23.716777,90.409415,11.25,51,304,completed,2026-06-23T15:08:48+06:00,True
USR086,01000000086,Demo User 086,UB0001863,2026-06-24T20:53:20+06:00,UberX,Mohakhali,23.785485,90.404166,Wari,23.722214,90.423168,3.63,64,127,completed,2026-06-24T22:05:20+06:00,True
USR086,01000000086,Demo User 086,UB0001853,2026-07-10T22:46:35+06:00,UberX,Badda,23.775931,90.432973,Pallabi,23.822562,90.366556,23.32,12,818,completed,2026-07-10T23:09:35+06:00,True
USR086,01000000086,Demo User 086,UB0001854,2026-07-11T16:07:51+06:00,Moto,Mohammadpur,23.772273,90.360705,Mohakhali,23.773238,90.399295,17.04,31,516,completed,2026-07-11T16:44:51+06:00,True
USR086,01000000086,Demo User 086,UB0001870,2026-07-22T18:13:54+06:00,Premier,Badda,23.781179,90.419787,Wari,23.725731,90.414065,22.22,54,626,completed,2026-07-22T19:15:54+06:00,True
USR086,01000000086,Demo User 086,UB0001859,2026-07-27T14:13:54+06:00,UberX,Tejgaon,23.760365,90.39043,Rampura,23.763744,90.416436,15.84,9,579,completed,2026-07-27T14:33:54+06:00,True
USR087,01000000087,Demo User 087,UB0001872,2026-02-10T07:05:00+06:00,UberX,Gulshan,23.788612,90.41029,Dhanmondi,23.741762,90.376211,17.39,37,492,completed,2026-02-10T07:52:00+06:00,True
USR087,01000000087,Demo User 087,UB0001888,2026-02-14T03:12:09+06:00,UberX,Pallabi,23.822239,90.366359,Mohakhali,23.776333,90.393848,5.28,32,150,completed,2026-02-14T03:47:09+06:00,True
USR087,01000000087,Demo User 087,UB0001880,2026-02-18T11:20:54+06:00,UberX,Bashundhara,23.813126,90.418507,Mirpur,23.823321,90.359058,20.2,65,617,completed,2026-02-18T12:30:54+06:00,True
USR087,01000000087,Demo User 087,UB0001887,2026-02-18T18:34:57+06:00,UberX,Mohammadpur,23.763039,90.359167,Farmgate,23.762908,90.388317,20.19,42,561,completed,2026-02-18T19:32:57+06:00,True
USR087,01000000087,Demo User 087,UB0001893,2026-02-24T01:35:12+06:00,UberX,Dhanmondi,23.753708,90.371542,Wari,23.726032,90.418737,10.34,12,307,completed,2026-02-24T01:56:12+06:00,True
USR087,01000000087,Demo User 087,UB0001890,2026-02-28T09:52:29+06:00,Moto,Uttara,23.880572,90.371636,Shyamoli,23.767478,90.369212,12.77,40,290,completed,2026-02-28T10:40:29+06:00,True
USR087,01000000087,Demo User 087,UB0001889,2026-03-15T04:28:31+06:00,UberX,Mohakhali,23.773149,90.402952,Rampura,23.763347,90.425908,11.27,24,328,completed,2026-03-15T05:05:31+06:00,True
USR087,01000000087,Demo User 087,UB0001879,2026-03-21T12:57:28+06:00,Premier,Badda,23.780637,90.433578,Bashundhara,23.813018,90.419561,6.72,51,178,completed,2026-03-21T14:05:28+06:00,True
USR087,01000000087,Demo User 087,UB0001895,2026-04-01T10:10:55+06:00,UberX,Khilgaon,23.744175,90.425321,Tejgaon,23.757305,90.398554,18.76,32,665,completed,2026-04-01T10:56:55+06:00,True
USR087,01000000087,Demo User 087,UB0001885,2026-04-03T23:58:27+06:00,UberX,Pallabi,23.827337,90.364998,Shyamoli,23.772528,90.36529,4.66,59,177,completed,2026-04-04T01:11:27+06:00,True
USR087,01000000087,Demo User 087,UB0001884,2026-04-09T14:21:19+06:00,Moto,Badda,23.780721,90.425186,Rampura,23.754407,90.420584,4.32,59,142,completed,2026-04-09T15:33:19+06:00,True
USR087,01000000087,Demo User 087,UB0001873,2026-04-11T13:51:31+06:00,Moto,Tejgaon,23.764397,90.39979,Mohakhali,23.782817,90.40591,14.8,21,525,completed,2026-04-11T14:31:31+06:00,True
USR087,01000000087,Demo User 087,UB0001881,2026-04-15T13:22:58+06:00,UberX,Dhanmondi,23.751381,90.37029,Pallabi,23.821453,90.356717,14.7,58,465,completed,2026-04-15T14:39:58+06:00,True
USR087,01000000087,Demo User 087,UB0001886,2026-06-01T17:15:17+06:00,Moto,Rampura,23.761129,90.41876,Badda,23.782284,90.42962,13.03,69,451,cancelled_by_driver,2026-06-01T18:27:17+06:00,True
USR087,01000000087,Demo User 087,UB0001874,2026-06-01T21:28:50+06:00,UberX,Mohakhali,23.77549,90.391564,Old Dhaka,23.714991,90.40413,10.11,39,269,completed,2026-06-01T22:24:50+06:00,True
USR087,01000000087,Demo User 087,UB0001891,2026-06-04T21:47:02+06:00,UberX,Pallabi,23.827375,90.36249,Tejgaon,23.770118,90.397041,20.55,8,678,cancelled_by_driver,2026-06-04T22:02:02+06:00,True
USR087,01000000087,Demo User 087,UB0001898,2026-06-10T19:43:03+06:00,Moto,Farmgate,23.761722,90.391141,Pallabi,23.834875,90.371634,22.92,16,570,completed,2026-06-10T20:10:03+06:00,True
USR087,01000000087,Demo User 087,UB0001892,2026-06-15T00:16:28+06:00,Premier,Banani,23.800504,90.408378,Farmgate,23.759398,90.391616,13.93,31,372,completed,2026-06-15T00:53:28+06:00,True
USR087,01000000087,Demo User 087,UB0001876,2026-06-16T04:27:12+06:00,Premier,Badda,23.777896,90.430602,Shyamoli,23.77067,90.359627,5.12,42,191,completed,2026-06-16T05:27:12+06:00,True
USR087,01000000087,Demo User 087,UB0001875,2026-06-24T18:36:45+06:00,Premier,Badda,23.788016,90.426417,Uttara,23.877027,90.376465,8.49,20,210,completed,2026-06-24T18:57:45+06:00,True
USR087,01000000087,Demo User 087,UB0001883,2026-06-25T16:41:17+06:00,Moto,Gulshan,23.790918,90.403768,Mohammadpur,23.765037,90.364102,22.71,28,697,completed,2026-06-25T17:15:17+06:00,True
USR087,01000000087,Demo User 087,UB0001896,2026-06-28T22:51:00+06:00,UberX,Farmgate,23.763999,90.385053,Uttara,23.870701,90.379051,20.53,29,702,completed,2026-06-28T23:28:00+06:00,True
USR087,01000000087,Demo User 087,UB0001897,2026-07-02T06:35:39+06:00,Moto,Farmgate,23.761331,90.38705,Rampura,23.76302,90.419186,4.97,59,175,completed,2026-07-02T07:47:39+06:00,True
USR087,01000000087,Demo User 087,UB0001882,2026-07-12T19:02:36+06:00,UberX,Mohakhali,23.777799,90.399144,Badda,23.78111,90.418901,12.67,56,414,completed,2026-07-12T19:59:36+06:00,True
USR087,01000000087,Demo User 087,UB0001878,2026-07-17T19:06:18+06:00,UberX,Tejgaon,23.764482,90.395169,Shyamoli,23.770806,90.373103,13.18,10,372,completed,2026-07-17T19:19:18+06:00,True
USR087,01000000087,Demo User 087,UB0001894,2026-07-20T21:07:18+06:00,Moto,Mohammadpur,23.758168,90.365147,Banani,23.788773,90.410546,20.46,59,436,completed,2026-07-20T22:18:18+06:00,True
USR087,01000000087,Demo User 087,UB0001899,2026-08-04T10:30:21+06:00,Premier,Tejgaon,23.769173,90.393511,Shyamoli,23.781264,90.36683,8.34,75,228,completed,2026-08-04T12:05:21+06:00,True
USR087,01000000087,Demo User 087,UB0001877,2026-08-04T13:27:34+06:00,UberX,Bashundhara,23.816762,90.428394,Pallabi,23.828306,90.363473,14.95,27,543,completed,2026-08-04T14:05:34+06:00,True
USR088,01000000088,Demo User 088,UB0001910,2026-02-11T00:53:36+06:00,Moto,Tejgaon,23.767321,90.397892,Mohammadpur,23.773543,90.351095,6.06,66,208,completed,2026-02-11T02:07:36+06:00,True
USR088,01000000088,Demo User 088,UB0001904,2026-02-21T15:44:34+06:00,Moto,Mohakhali,23.780064,90.401585,Shyamoli,23.768526,90.37052,15.27,56,522,completed,2026-02-21T16:49:34+06:00,True
USR088,01000000088,Demo User 088,UB0001919,2026-03-05T17:26:03+06:00,UberX,Banani,23.786439,90.402155,Mohakhali,23.781489,90.406485,11.73,52,426,completed,2026-03-05T18:27:03+06:00,True
USR088,01000000088,Demo User 088,UB0001915,2026-03-10T21:40:47+06:00,UberX,Bashundhara,23.820852,90.430508,Mohammadpur,23.769187,90.362063,20.28,9,551,completed,2026-03-10T21:59:47+06:00,True
USR088,01000000088,Demo User 088,UB0001914,2026-03-30T00:59:56+06:00,UberX,Mohammadpur,23.773597,90.35257,Khilgaon,23.757326,90.424818,5.88,27,173,completed,2026-03-30T01:45:56+06:00,True
USR088,01000000088,Demo User 088,UB0001902,2026-04-02T03:55:36+06:00,Premier,Mohakhali,23.773136,90.395015,Shyamoli,23.77309,90.371114,17.09,70,572,completed,2026-04-02T05:09:36+06:00,True
USR088,01000000088,Demo User 088,UB0001906,2026-04-13T21:52:22+06:00,Premier,Pallabi,23.828267,90.360394,Farmgate,23.765614,90.396599,10.19,39,304,completed,2026-04-13T22:37:22+06:00,True
USR088,01000000088,Demo User 088,UB0001917,2026-04-17T01:39:58+06:00,UberX,Rampura,23.761811,90.422245,Motijheel,23.739257,90.420375,9.88,35,282,completed,2026-04-17T02:28:58+06:00,True
USR088,01000000088,Demo User 088,UB0001909,2026-04-23T15:17:44+06:00,UberX,Shyamoli,23.777354,90.366375,Farmgate,23.751096,90.385677,13.36,10,432,completed,2026-04-23T15:42:44+06:00,True
USR088,01000000088,Demo User 088,UB0001921,2026-05-04T02:18:59+06:00,Premier,Bashundhara,23.813279,90.428945,Khilgaon,23.753598,90.426853,9.41,60,317,completed,2026-05-04T03:31:59+06:00,True
USR088,01000000088,Demo User 088,UB0001920,2026-05-06T14:12:19+06:00,Premier,Badda,23.776061,90.420077,Banani,23.787397,90.404439,14.05,25,492,completed,2026-05-06T14:54:19+06:00,True
USR088,01000000088,Demo User 088,UB0001911,2026-05-07T01:50:26+06:00,Moto,Wari,23.724831,90.424145,Mohammadpur,23.773297,90.356957,4.03,30,184,completed,2026-05-07T02:25:26+06:00,True
USR088,01000000088,Demo User 088,UB0001916,2026-05-08T03:56:50+06:00,Premier,Tejgaon,23.757851,90.401627,Shyamoli,23.774892,90.366394,13.95,46,339,completed,2026-05-08T04:43:50+06:00,True
USR088,01000000088,Demo User 088,UB0001903,2026-05-16T14:21:38+06:00,UberX,Khilgaon,23.749328,90.429328,Dhanmondi,23.739315,90.382166,21.23,41,449,completed,2026-05-16T15:13:38+06:00,True
USR088,01000000088,Demo User 088,UB0001908,2026-06-13T13:55:01+06:00,UberX,Uttara,23.879016,90.38489,Farmgate,23.757507,90.397649,23.54,24,747,completed,2026-06-13T14:32:01+06:00,True
USR088,01000000088,Demo User 088,UB0001907,2026-07-06T07:43:09+06:00,Moto,Banani,23.788092,90.413531,Motijheel,23.728136,90.417665,10.14,47,310,completed,2026-07-06T08:40:09+06:00,True
USR088,01000000088,Demo User 088,UB0001905,2026-07-07T04:05:53+06:00,UberX,Farmgate,23.764526,90.38383,Mohammadpur,23.76683,90.358565,15.47,70,400,completed,2026-07-07T05:22:53+06:00,True
USR088,01000000088,Demo User 088,UB0001901,2026-07-09T01:45:54+06:00,Moto,Motijheel,23.727346,90.418476,Gulshan,23.792406,90.399989,12.75,54,361,completed,2026-07-09T02:57:54+06:00,True
USR088,01000000088,Demo User 088,UB0001918,2026-07-18T05:17:37+06:00,UberX,Dhanmondi,23.739895,90.368891,Bashundhara,23.817969,90.425683,1.64,65,107,completed,2026-07-18T06:30:37+06:00,True
USR088,01000000088,Demo User 088,UB0001900,2026-07-25T13:57:39+06:00,UberX,Old Dhaka,23.707148,90.40161,Banani,23.794944,90.40271,11.65,8,325,completed,2026-07-25T14:12:39+06:00,True
USR088,01000000088,Demo User 088,UB0001912,2026-07-30T11:14:55+06:00,UberX,Mohammadpur,23.761509,90.365284,Mirpur,23.821155,90.365973,17.66,23,654,completed,2026-07-30T11:40:55+06:00,True
USR088,01000000088,Demo User 088,UB0001913,2026-08-04T18:33:48+06:00,Moto,Wari,23.725587,90.41524,Badda,23.787124,90.423561,15.45,66,434,completed,2026-08-04T19:59:48+06:00,True
USR089,01000000089,Demo User 089,UB0001943,2026-02-16T04:52:49+06:00,Premier,Bashundhara,23.822355,90.429035,Mirpur,23.824642,90.366205,15.64,15,453,cancelled_by_driver,2026-02-16T05:25:49+06:00,True
USR089,01000000089,Demo User 089,UB0001945,2026-02-18T00:10:08+06:00,Moto,Shyamoli,23.775329,90.367994,Old Dhaka,23.713286,90.41447,12.3,45,327,completed,2026-02-18T01:14:08+06:00,True
USR089,01000000089,Demo User 089,UB0001934,2026-02-25T20:50:18+06:00,Moto,Bashundhara,23.822689,90.427894,Mirpur,23.815361,90.36168,16.8,68,574,completed,2026-02-25T22:03:18+06:00,True
USR089,01000000089,Demo User 089,UB0001935,2026-02-27T17:51:59+06:00,Moto,Banani,23.79918,90.405352,Mohakhali,23.777376,90.395975,12.0,73,427,completed,2026-02-27T19:19:59+06:00,True
USR089,01000000089,Demo User 089,UB0001937,2026-03-01T09:23:57+06:00,Premier,Uttara,23.881507,90.38073,Banani,23.796516,90.407646,9.76,14,337,completed,2026-03-01T09:37:57+06:00,True
USR089,01000000089,Demo User 089,UB0001942,2026-03-02T05:48:36+06:00,Premier,Wari,23.726382,90.410327,Banani,23.789807,90.403234,22.9,36,558,completed,2026-03-02T06:29:36+06:00,True
USR089,01000000089,Demo User 089,UB0001924,2026-03-20T13:45:14+06:00,UberX,Farmgate,23.760475,90.385671,Tejgaon,23.761175,90.397279,6.8,34,274,completed,2026-03-20T14:21:14+06:00,True
USR089,01000000089,Demo User 089,UB0001939,2026-03-25T18:37:40+06:00,Moto,Dhanmondi,23.751794,90.383341,Rampura,23.756874,90.418154,8.72,69,298,cancelled_by_rider,2026-03-25T19:54:40+06:00,True
USR089,01000000089,Demo User 089,UB0001940,2026-03-27T03:32:59+06:00,UberX,Gulshan,23.796713,90.404951,Bashundhara,23.821545,90.426767,6.2,42,174,completed,2026-03-27T04:14:59+06:00,True
USR089,01000000089,Demo User 089,UB0001928,2026-04-02T11:01:33+06:00,Premier,Rampura,23.753187,90.415364,Badda,23.777393,90.43391,23.04,70,696,completed,2026-04-02T12:29:33+06:00,True
USR089,01000000089,Demo User 089,UB0001931,2026-04-07T10:21:01+06:00,Moto,Badda,23.78264,90.425488,Bashundhara,23.822932,90.430204,18.46,57,495,completed,2026-04-07T11:36:01+06:00,True
USR089,01000000089,Demo User 089,UB0001936,2026-04-14T20:16:30+06:00,UberX,Mohammadpur,23.763278,90.358899,Banani,23.798488,90.413581,11.43,51,356,completed,2026-04-14T21:24:30+06:00,True
USR089,01000000089,Demo User 089,UB0001926,2026-04-20T16:12:01+06:00,Moto,Old Dhaka,23.717436,90.415262,Tejgaon,23.768388,90.395205,12.18,72,332,completed,2026-04-20T17:37:01+06:00,True
USR089,01000000089,Demo User 089,UB0001927,2026-04-25T03:06:37+06:00,Premier,Dhanmondi,23.743474,90.378806,Tejgaon,23.758146,90.398815,10.28,71,244,completed,2026-04-25T04:29:37+06:00,True
USR089,01000000089,Demo User 089,UB0001922,2026-04-25T05:26:09+06:00,UberX,Farmgate,23.755815,90.393448,Mohammadpur,23.761488,90.365198,5.98,59,219,completed,2026-04-25T06:37:09+06:00,True
USR089,01000000089,Demo User 089,UB0001933,2026-04-29T23:42:55+06:00,Premier,Tejgaon,23.757904,90.392343,Uttara,23.881837,90.371967,19.77,70,571,completed,2026-04-30T01:12:55+06:00,True
USR089,01000000089,Demo User 089,UB0001930,2026-05-04T01:58:26+06:00,UberX,Khilgaon,23.754766,90.423254,Shyamoli,23.774682,90.366197,15.15,18,350,completed,2026-05-04T02:35:26+06:00,True
USR089,01000000089,Demo User 089,UB0001923,2026-05-15T12:07:07+06:00,Premier,Mohakhali,23.783757,90.395225,Banani,23.80001,90.399404,10.89,53,316,cancelled_by_rider,2026-05-15T13:07:07+06:00,True
USR089,01000000089,Demo User 089,UB0001938,2026-05-20T07:48:24+06:00,Premier,Wari,23.713682,90.417578,Gulshan,23.790673,90.413363,9.4,20,309,completed,2026-05-20T08:11:24+06:00,True
USR089,01000000089,Demo User 089,UB0001941,2026-06-02T04:35:47+06:00,UberX,Shyamoli,23.775108,90.361622,Dhanmondi,23.74153,90.375208,21.2,28,570,completed,2026-06-02T05:11:47+06:00,True
USR089,01000000089,Demo User 089,UB0001925,2026-06-12T21:37:32+06:00,UberX,Mirpur,23.829108,90.37027,Uttara,23.877367,90.373889,19.81,50,641,completed,2026-06-12T22:47:32+06:00,True
USR089,01000000089,Demo User 089,UB0001944,2026-06-22T10:32:50+06:00,Premier,Gulshan,23.790627,90.405562,Dhanmondi,23.753878,90.375778,7.9,55,323,completed,2026-06-22T11:38:50+06:00,True
USR089,01000000089,Demo User 089,UB0001929,2026-07-06T17:30:52+06:00,Premier,Rampura,23.761748,90.421517,Gulshan,23.798844,90.406788,8.67,42,233,completed,2026-07-06T18:16:52+06:00,True
USR089,01000000089,Demo User 089,UB0001932,2026-07-29T06:23:55+06:00,Moto,Rampura,23.758512,90.413005,Uttara,23.88364,90.376049,17.87,13,556,cancelled_by_rider,2026-07-29T06:53:55+06:00,True
USR089,01000000089,Demo User 089,UB0001946,2026-08-01T19:54:13+06:00,UberX,Old Dhaka,23.704857,90.413736,Motijheel,23.733568,90.413093,20.27,21,436,completed,2026-08-01T20:20:13+06:00,True
USR090,01000000090,Demo User 090,UB0001948,2026-02-18T12:45:24+06:00,Premier,Old Dhaka,23.711339,90.402117,Bashundhara,23.822196,90.429322,12.77,61,461,completed,2026-02-18T13:59:24+06:00,True
USR090,01000000090,Demo User 090,UB0001967,2026-02-23T06:39:47+06:00,Moto,Mirpur,23.821601,90.362439,Mohakhali,23.775502,90.400114,11.2,48,397,completed,2026-02-23T07:43:47+06:00,True
USR090,01000000090,Demo User 090,UB0001958,2026-02-25T14:44:13+06:00,Premier,Old Dhaka,23.708184,90.402864,Mirpur,23.818982,90.372938,22.13,59,569,completed,2026-02-25T16:03:13+06:00,True
USR090,01000000090,Demo User 090,UB0001970,2026-03-04T06:33:54+06:00,Premier,Mohammadpur,23.773654,90.357266,Dhanmondi,23.741678,90.369561,3.02,35,135,completed,2026-03-04T07:12:54+06:00,True
USR090,01000000090,Demo User 090,UB0001961,2026-03-17T01:55:22+06:00,Moto,Khilgaon,23.753194,90.426824,Dhanmondi,23.741437,90.379078,5.94,45,182,cancelled_by_rider,2026-03-17T02:40:22+06:00,True
USR090,01000000090,Demo User 090,UB0001972,2026-03-18T03:32:46+06:00,Premier,Mirpur,23.823436,90.372713,Gulshan,23.784668,90.409688,16.92,48,429,completed,2026-03-18T04:34:46+06:00,True
USR090,01000000090,Demo User 090,UB0001974,2026-03-22T10:28:50+06:00,Premier,Uttara,23.883099,90.387238,Dhanmondi,23.742709,90.376208,17.8,46,498,completed,2026-03-22T11:23:50+06:00,True
USR090,01000000090,Demo User 090,UB0001963,2026-03-28T05:36:34+06:00,UberX,Rampura,23.767609,90.419525,Gulshan,23.791423,90.40311,19.52,70,457,completed,2026-03-28T06:58:34+06:00,True
USR090,01000000090,Demo User 090,UB0001951,2026-03-29T05:36:27+06:00,UberX,Mohammadpur,23.770286,90.351676,Khilgaon,23.751739,90.430736,5.73,75,221,completed,2026-03-29T07:05:27+06:00,True
USR090,01000000090,Demo User 090,UB0001950,2026-04-01T01:41:26+06:00,Premier,Motijheel,23.730224,90.409978,Pallabi,23.832806,90.371724,22.66,34,728,completed,2026-04-01T02:23:26+06:00,True
USR090,01000000090,Demo User 090,UB0001959,2026-04-10T07:20:26+06:00,Premier,Mohammadpur,23.766088,90.363501,Khilgaon,23.742868,90.424444,5.48,43,167,completed,2026-04-10T08:03:26+06:00,True
USR090,01000000090,Demo User 090,UB0001962,2026-04-17T05:23:58+06:00,UberX,Wari,23.711043,90.418673,Farmgate,23.755739,90.390606,23.83,73,742,completed,2026-04-17T06:38:58+06:00,True
USR090,01000000090,Demo User 090,UB0001953,2026-04-18T20:25:47+06:00,Premier,Old Dhaka,23.707804,90.411519,Shyamoli,23.772762,90.373088,1.24,44,80,completed,2026-04-18T21:26:47+06:00,True
USR090,01000000090,Demo User 090,UB0001947,2026-05-04T06:49:31+06:00,Premier,Mohakhali,23.785888,90.403904,Shyamoli,23.777735,90.364909,16.45,15,411,cancelled_by_rider,2026-05-04T07:06:31+06:00,True
USR090,01000000090,Demo User 090,UB0001973,2026-05-05T23:29:20+06:00,Premier,Mohammadpur,23.773429,90.350474,Rampura,23.756654,90.416514,21.77,39,757,completed,2026-05-06T00:11:20+06:00,True
USR090,01000000090,Demo User 090,UB0001952,2026-05-08T15:36:54+06:00,UberX,Gulshan,23.788586,90.412415,Mohakhali,23.774463,90.403203,16.43,64,386,cancelled_by_driver,2026-05-08T16:51:54+06:00,True
USR090,01000000090,Demo User 090,UB0001971,2026-05-11T01:01:26+06:00,UberX,Dhanmondi,23.753092,90.380489,Rampura,23.767864,90.423562,1.88,47,95,completed,2026-05-11T02:01:26+06:00,True
USR090,01000000090,Demo User 090,UB0001949,2026-05-11T22:54:56+06:00,UberX,Uttara,23.86886,90.375952,Khilgaon,23.747966,90.431555,18.09,8,648,cancelled_by_driver,2026-05-11T23:13:56+06:00,True
USR090,01000000090,Demo User 090,UB0001954,2026-05-13T05:43:09+06:00,Moto,Rampura,23.768982,90.427474,Pallabi,23.82348,90.35656,7.6,67,297,completed,2026-05-13T06:54:09+06:00,True
USR090,01000000090,Demo User 090,UB0001975,2026-05-20T20:29:45+06:00,UberX,Mohammadpur,23.75807,90.366391,Khilgaon,23.753301,90.424606,3.43,63,165,completed,2026-05-20T21:52:45+06:00,True
USR090,01000000090,Demo User 090,UB0001965,2026-05-23T00:38:45+06:00,Premier,Badda,23.78695,90.433788,Dhanmondi,23.746463,90.377339,22.37,43,766,completed,2026-05-23T01:41:45+06:00,True
USR090,01000000090,Demo User 090,UB0001968,2026-05-30T13:29:39+06:00,Premier,Badda,23.774579,90.434167,Mohakhali,23.782421,90.393131,18.72,25,639,completed,2026-05-30T13:56:39+06:00,True
USR090,01000000090,Demo User 090,UB0001966,2026-06-04T13:36:36+06:00,UberX,Pallabi,23.828778,90.358451,Mohakhali,23.774367,90.402842,11.14,40,414,completed,2026-06-04T14:26:36+06:00,True
USR090,01000000090,Demo User 090,UB0001955,2026-06-09T11:02:24+06:00,Moto,Motijheel,23.734502,90.417916,Mohammadpur,23.766403,90.365974,7.5,65,264,completed,2026-06-09T12:27:24+06:00,True
USR090,01000000090,Demo User 090,UB0001957,2026-07-03T03:05:11+06:00,UberX,Gulshan,23.788359,90.413919,Banani,23.79288,90.411738,12.87,72,308,completed,2026-07-03T04:33:11+06:00,True
USR090,01000000090,Demo User 090,UB0001960,2026-07-04T13:01:28+06:00,UberX,Banani,23.79466,90.406572,Bashundhara,23.821272,90.423553,22.5,18,800,cancelled_by_rider,2026-07-04T13:31:28+06:00,True
USR090,01000000090,Demo User 090,UB0001969,2026-07-13T02:04:46+06:00,UberX,Motijheel,23.737305,90.414487,Uttara,23.88314,90.371513,20.16,63,579,completed,2026-07-13T03:07:46+06:00,True
USR090,01000000090,Demo User 090,UB0001956,2026-07-18T18:04:29+06:00,Premier,Dhanmondi,23.74451,90.369267,Bashundhara,23.822187,90.424496,8.75,56,334,completed,2026-07-18T19:07:29+06:00,True
USR090,01000000090,Demo User 090,UB0001964,2026-07-26T12:00:53+06:00,Premier,Shyamoli,23.775083,90.364889,Motijheel,23.739659,90.424794,8.69,47,305,completed,2026-07-26T13:02:53+06:00,True
USR091,01000000091,Demo User 091,UB0001981,2026-02-15T14:11:23+06:00,UberX,Banani,23.789875,90.401539,Gulshan,23.797509,90.414193,15.45,39,497,completed,2026-02-15T15:08:23+06:00,True
USR091,01000000091,Demo User 091,UB0001988,2026-02-24T04:32:29+06:00,Moto,Badda,23.788519,90.421368,Khilgaon,23.743623,90.425738,13.56,14,486,completed,2026-02-24T04:51:29+06:00,True
USR091,01000000091,Demo User 091,UB0001990,2026-03-03T19:18:05+06:00,Premier,Pallabi,23.833308,90.371377,Banani,23.793646,90.403784,10.03,27,260,completed,2026-03-03T19:47:05+06:00,True
USR091,01000000091,Demo User 091,UB0001985,2026-03-08T19:13:07+06:00,Premier,Rampura,23.759181,90.420154,Gulshan,23.788332,90.40531,22.75,15,715,completed,2026-03-08T19:32:07+06:00,True
USR091,01000000091,Demo User 091,UB0001984,2026-04-08T01:00:03+06:00,Premier,Uttara,23.875862,90.383873,Pallabi,23.823596,90.35944,20.89,22,585,cancelled_by_rider,2026-04-08T01:34:03+06:00,True
USR091,01000000091,Demo User 091,UB0001977,2026-04-19T13:06:18+06:00,UberX,Khilgaon,23.747583,90.432033,Badda,23.774614,90.432748,18.1,72,647,completed,2026-04-19T14:27:18+06:00,True
USR091,01000000091,Demo User 091,UB0001993,2026-04-28T15:18:13+06:00,Premier,Rampura,23.764466,90.419791,Gulshan,23.78519,90.402448,1.27,13,85,completed,2026-04-28T15:41:13+06:00,True
USR091,01000000091,Demo User 091,UB0001986,2026-05-13T22:18:11+06:00,UberX,Mohammadpur,23.77132,90.358098,Pallabi,23.831429,90.366606,9.68,50,304,completed,2026-05-13T23:25:11+06:00,True
USR091,01000000091,Demo User 091,UB0001980,2026-06-13T11:35:04+06:00,UberX,Wari,23.716314,90.415775,Khilgaon,23.747616,90.422977,10.01,20,342,completed,2026-06-13T12:06:04+06:00,True
USR091,01000000091,Demo User 091,UB0001989,2026-06-20T04:05:11+06:00,Moto,Bashundhara,23.81183,90.41966,Badda,23.781744,90.428287,23.19,46,801,completed,2026-06-20T05:05:11+06:00,True
USR091,01000000091,Demo User 091,UB0001982,2026-06-20T11:50:53+06:00,Premier,Shyamoli,23.77171,90.35994,Badda,23.783997,90.423926,2.65,27,132,cancelled_by_rider,2026-06-20T12:21:53+06:00,True
USR091,01000000091,Demo User 091,UB0001978,2026-06-22T17:17:41+06:00,Premier,Bashundhara,23.820879,90.426094,Gulshan,23.795403,90.410406,21.01,64,747,completed,2026-06-22T18:21:41+06:00,True
USR091,01000000091,Demo User 091,UB0001976,2026-06-26T14:25:55+06:00,Premier,Badda,23.775446,90.429501,Khilgaon,23.744128,90.431292,6.99,50,285,completed,2026-06-26T15:20:55+06:00,True
USR091,01000000091,Demo User 091,UB0001979,2026-06-27T10:08:54+06:00,UberX,Mirpur,23.817213,90.365294,Badda,23.780777,90.433131,8.0,39,253,completed,2026-06-27T10:47:54+06:00,True
USR091,01000000091,Demo User 091,UB0001992,2026-06-30T15:06:42+06:00,Premier,Badda,23.772695,90.423333,Uttara,23.880873,90.38661,3.62,69,145,completed,2026-06-30T16:16:42+06:00,True
USR091,01000000091,Demo User 091,UB0001991,2026-06-30T21:27:33+06:00,Premier,Shyamoli,23.780133,90.36521,Uttara,23.879144,90.384572,9.79,13,282,completed,2026-06-30T21:57:33+06:00,True
USR091,01000000091,Demo User 091,UB0001983,2026-07-28T15:54:25+06:00,Premier,Banani,23.785725,90.404404,Shyamoli,23.774123,90.371094,7.26,33,247,completed,2026-07-28T16:46:25+06:00,True
USR091,01000000091,Demo User 091,UB0001987,2026-08-02T17:26:54+06:00,Premier,Farmgate,23.756944,90.388833,Dhanmondi,23.751988,90.380123,8.08,47,284,completed,2026-08-02T18:18:54+06:00,True
USR092,01000000092,Demo User 092,UB0002009,2026-02-13T05:19:26+06:00,Premier,Mohakhali,23.775983,90.393771,Mirpur,23.818774,90.371646,12.82,35,422,completed,2026-02-13T06:04:26+06:00,True
USR092,01000000092,Demo User 092,UB0001996,2026-02-13T07:53:16+06:00,UberX,Mohammadpur,23.766716,90.361149,Khilgaon,23.758479,90.427681,14.54,49,324,completed,2026-02-13T08:57:16+06:00,True
USR092,01000000092,Demo User 092,UB0002008,2026-02-27T05:24:11+06:00,Moto,Shyamoli,23.767197,90.368725,Banani,23.787017,90.403402,6.18,50,227,completed,2026-02-27T06:22:11+06:00,True
USR092,01000000092,Demo User 092,UB0002017,2026-03-06T14:48:05+06:00,Premier,Banani,23.785913,90.410255,Wari,23.712101,90.417778,7.81,32,311,cancelled_by_rider,2026-03-06T15:20:05+06:00,True
USR092,01000000092,Demo User 092,UB0002016,2026-03-15T21:42:51+06:00,Moto,Badda,23.781013,90.423491,Tejgaon,23.768722,90.388364,23.67,29,818,completed,2026-03-15T22:30:51+06:00,True
USR092,01000000092,Demo User 092,UB0002007,2026-03-22T15:15:07+06:00,Premier,Motijheel,23.736869,90.417135,Shyamoli,23.771985,90.369733,20.44,70,548,completed,2026-03-22T16:29:07+06:00,True
USR092,01000000092,Demo User 092,UB0001995,2026-04-05T02:40:11+06:00,Moto,Uttara,23.872784,90.384108,Motijheel,23.740848,90.417211,21.82,69,651,completed,2026-04-05T04:09:11+06:00,True
USR092,01000000092,Demo User 092,UB0002001,2026-04-07T00:13:50+06:00,Premier,Khilgaon,23.748209,90.430874,Mohammadpur,23.770897,90.359157,22.57,56,567,completed,2026-04-07T01:19:50+06:00,True
USR092,01000000092,Demo User 092,UB0002005,2026-04-09T07:21:39+06:00,Premier,Dhanmondi,23.739141,90.376335,Khilgaon,23.743738,90.426132,18.96,68,587,completed,2026-04-09T08:29:39+06:00,True
USR092,01000000092,Demo User 092,UB0002012,2026-04-29T23:20:40+06:00,UberX,Bashundhara,23.811612,90.429477,Mohammadpur,23.759978,90.358956,11.18,55,325,ongoing,2026-04-30T00:29:40+06:00,True
USR092,01000000092,Demo User 092,UB0002014,2026-04-30T10:38:36+06:00,Premier,Dhanmondi,23.753704,90.373798,Mohakhali,23.780102,90.40535,16.97,67,533,completed,2026-04-30T11:53:36+06:00,True
USR092,01000000092,Demo User 092,UB0002003,2026-05-08T16:49:06+06:00,UberX,Gulshan,23.784959,90.406486,Wari,23.712379,90.424479,8.92,14,357,cancelled_by_driver,2026-05-08T17:16:06+06:00,True
USR092,01000000092,Demo User 092,UB0002002,2026-05-13T11:01:58+06:00,Premier,Dhanmondi,23.747371,90.377371,Wari,23.716082,90.421227,7.09,63,246,completed,2026-05-13T12:07:58+06:00,True
USR092,01000000092,Demo User 092,UB0002015,2026-05-16T17:58:56+06:00,UberX,Mohakhali,23.785652,90.403365,Mirpur,23.815273,90.36847,21.59,24,676,completed,2026-05-16T18:36:56+06:00,True
USR092,01000000092,Demo User 092,UB0002000,2026-05-29T08:28:05+06:00,UberX,Badda,23.772634,90.428675,Old Dhaka,23.707185,90.400525,14.97,73,462,completed,2026-05-29T09:44:05+06:00,True
USR092,01000000092,Demo User 092,UB0002004,2026-05-30T11:44:28+06:00,Premier,Tejgaon,23.766692,90.390589,Wari,23.714366,90.422509,8.29,22,300,completed,2026-05-30T12:22:28+06:00,True
USR092,01000000092,Demo User 092,UB0001999,2026-06-10T15:52:11+06:00,Moto,Bashundhara,23.814176,90.433001,Dhanmondi,23.748326,90.368682,22.48,17,751,completed,2026-06-10T16:24:11+06:00,True
USR092,01000000092,Demo User 092,UB0001998,2026-06-19T01:13:09+06:00,Moto,Pallabi,23.820868,90.36047,Shyamoli,23.772495,90.360064,3.46,13,159,completed,2026-06-19T01:31:09+06:00,True
USR092,01000000092,Demo User 092,UB0002010,2026-06-19T19:56:09+06:00,UberX,Khilgaon,23.747669,90.417946,Dhanmondi,23.752133,90.371474,20.74,12,548,cancelled_by_driver,2026-06-19T20:26:09+06:00,True
USR092,01000000092,Demo User 092,UB0001997,2026-06-25T22:42:43+06:00,Premier,Uttara,23.874108,90.38676,Old Dhaka,23.705139,90.403352,18.01,72,537,completed,2026-06-26T00:06:43+06:00,True
USR092,01000000092,Demo User 092,UB0002013,2026-07-09T15:53:57+06:00,Premier,Shyamoli,23.772073,90.361621,Banani,23.800016,90.400665,7.19,25,255,completed,2026-07-09T16:29:57+06:00,True
USR092,01000000092,Demo User 092,UB0002018,2026-07-16T05:58:18+06:00,Moto,Mohakhali,23.78437,90.402094,Shyamoli,23.772335,90.363892,21.34,15,777,completed,2026-07-16T06:29:18+06:00,True
USR092,01000000092,Demo User 092,UB0002006,2026-07-26T08:19:32+06:00,Moto,Uttara,23.873143,90.375825,Mohammadpur,23.768449,90.354727,5.92,40,198,completed,2026-07-26T09:08:32+06:00,True
USR092,01000000092,Demo User 092,UB0002011,2026-07-29T11:51:33+06:00,Premier,Old Dhaka,23.70851,90.409167,Banani,23.792113,90.410362,4.14,22,165,completed,2026-07-29T12:28:33+06:00,True
USR092,01000000092,Demo User 092,UB0001994,2026-08-01T09:12:23+06:00,Moto,Khilgaon,23.751976,90.430742,Dhanmondi,23.741762,90.377008,12.36,57,346,completed,2026-08-01T10:16:23+06:00,True
USR093,01000000093,Demo User 093,UB0002024,2026-02-11T16:23:03+06:00,Premier,Badda,23.779932,90.422615,Banani,23.801298,90.41412,17.88,43,417,completed,2026-02-11T17:24:03+06:00,True
USR093,01000000093,Demo User 093,UB0002032,2026-03-09T22:52:55+06:00,Moto,Shyamoli,23.780139,90.36731,Gulshan,23.791781,90.412881,2.11,74,101,completed,2026-03-10T00:25:55+06:00,True
USR093,01000000093,Demo User 093,UB0002029,2026-03-12T01:55:34+06:00,Moto,Banani,23.790576,90.400221,Pallabi,23.830747,90.356301,2.01,29,114,completed,2026-03-12T02:34:34+06:00,True
USR093,01000000093,Demo User 093,UB0002020,2026-03-23T08:37:29+06:00,UberX,Tejgaon,23.768356,90.386274,Bashundhara,23.820698,90.4225,2.47,12,130,ongoing,2026-03-23T08:55:29+06:00,True
USR093,01000000093,Demo User 093,UB0002034,2026-04-07T05:16:38+06:00,UberX,Uttara,23.870381,90.38047,Mohammadpur,23.763605,90.356697,21.34,43,631,completed,2026-04-07T06:02:38+06:00,True
USR093,01000000093,Demo User 093,UB0002036,2026-04-24T21:04:10+06:00,UberX,Mohammadpur,23.773297,90.353552,Motijheel,23.728844,90.412976,2.46,17,113,completed,2026-04-24T21:39:10+06:00,True
USR093,01000000093,Demo User 093,UB0002037,2026-05-10T12:27:41+06:00,UberX,Wari,23.715753,90.412253,Pallabi,23.820409,90.366809,8.0,10,271,completed,2026-05-10T12:41:41+06:00,True
USR093,01000000093,Demo User 093,UB0002030,2026-05-11T06:39:27+06:00,Premier,Motijheel,23.726235,90.410587,Old Dhaka,23.704119,90.408603,15.62,59,353,completed,2026-05-11T07:46:27+06:00,True
USR093,01000000093,Demo User 093,UB0002027,2026-05-13T00:47:50+06:00,UberX,Mohammadpur,23.760904,90.35251,Old Dhaka,23.714534,90.413076,6.85,21,207,completed,2026-05-13T01:11:50+06:00,True
USR093,01000000093,Demo User 093,UB0002028,2026-05-15T13:20:50+06:00,Premier,Motijheel,23.739726,90.424327,Mirpur,23.820154,90.371814,13.51,40,415,completed,2026-05-15T14:08:50+06:00,True
USR093,01000000093,Demo User 093,UB0002022,2026-05-15T13:32:31+06:00,Premier,Badda,23.777679,90.424903,Dhanmondi,23.740233,90.379461,2.02,26,108,completed,2026-05-15T14:08:31+06:00,True
USR093,01000000093,Demo User 093,UB0002023,2026-05-15T23:27:35+06:00,Moto,Banani,23.791175,90.401336,Gulshan,23.797177,90.404398,17.82,53,511,completed,2026-05-16T00:24:35+06:00,True
USR093,01000000093,Demo User 093,UB0002033,2026-05-28T18:15:10+06:00,UberX,Mirpur,23.819518,90.360821,Rampura,23.760307,90.417079,15.39,59,469,completed,2026-05-28T19:15:10+06:00,True
USR093,01000000093,Demo User 093,UB0002031,2026-06-04T04:35:31+06:00,Moto,Mohakhali,23.784964,90.392451,Pallabi,23.830192,90.356465,20.14,20,620,completed,2026-06-04T04:57:31+06:00,True
USR093,01000000093,Demo User 093,UB0002035,2026-07-05T20:26:52+06:00,Moto,Gulshan,23.789768,90.413547,Motijheel,23.729924,90.417626,14.75,62,343,completed,2026-07-05T21:44:52+06:00,True
USR093,01000000093,Demo User 093,UB0002021,2026-07-06T09:29:40+06:00,Moto,Pallabi,23.828353,90.365752,Banani,23.790041,90.398785,18.1,66,480,completed,2026-07-06T10:49:40+06:00,True
USR093,01000000093,Demo User 093,UB0002025,2026-07-12T05:36:09+06:00,UberX,Banani,23.799603,90.406516,Tejgaon,23.765455,90.392931,7.54,22,286,completed,2026-07-12T06:13:09+06:00,True
USR093,01000000093,Demo User 093,UB0002019,2026-07-26T22:53:07+06:00,Moto,Rampura,23.75795,90.417644,Motijheel,23.727435,90.410605,5.4,44,220,completed,2026-07-26T23:52:07+06:00,True
USR093,01000000093,Demo User 093,UB0002026,2026-08-08T09:30:20+06:00,Premier,Bashundhara,23.814853,90.432937,Gulshan,23.799321,90.409509,6.09,29,244,completed,2026-08-08T10:12:20+06:00,True
USR093,01000000093,Demo User 093,UB0002038,2026-08-09T14:33:06+06:00,Moto,Banani,23.795427,90.401189,Wari,23.720581,90.414878,10.45,68,310,completed,2026-08-09T15:58:06+06:00,True
USR094,01000000094,Demo User 094,UB0002049,2026-02-20T22:44:38+06:00,UberX,Dhanmondi,23.740811,90.379052,Gulshan,23.786996,90.413308,4.29,39,176,completed,2026-02-20T23:33:38+06:00,True
USR094,01000000094,Demo User 094,UB0002054,2026-02-25T13:37:54+06:00,Moto,Mohammadpur,23.768115,90.36464,Gulshan,23.799381,90.415116,12.97,68,293,completed,2026-02-25T15:03:54+06:00,True
USR094,01000000094,Demo User 094,UB0002042,2026-03-08T22:39:16+06:00,Moto,Uttara,23.881852,90.373159,Bashundhara,23.817921,90.431877,23.44,16,529,completed,2026-03-08T23:02:16+06:00,True
USR094,01000000094,Demo User 094,UB0002048,2026-03-18T15:31:57+06:00,Premier,Motijheel,23.729769,90.413789,Wari,23.715295,90.416109,20.39,34,567,completed,2026-03-18T16:16:57+06:00,True
USR094,01000000094,Demo User 094,UB0002052,2026-03-26T05:33:21+06:00,Moto,Khilgaon,23.742887,90.417474,Shyamoli,23.768604,90.366423,10.35,25,291,completed,2026-03-26T06:16:21+06:00,True
USR094,01000000094,Demo User 094,UB0002041,2026-04-07T13:11:46+06:00,Moto,Uttara,23.87147,90.377739,Farmgate,23.764333,90.392385,1.89,43,109,completed,2026-04-07T14:06:46+06:00,True
USR094,01000000094,Demo User 094,UB0002045,2026-04-17T10:50:16+06:00,Moto,Shyamoli,23.770905,90.35963,Khilgaon,23.746337,90.428154,3.45,69,149,completed,2026-04-17T12:04:16+06:00,True
USR094,01000000094,Demo User 094,UB0002050,2026-04-22T06:16:02+06:00,Moto,Pallabi,23.827903,90.360268,Dhanmondi,23.747341,90.383358,18.01,16,429,completed,2026-04-22T06:48:02+06:00,True
USR094,01000000094,Demo User 094,UB0002043,2026-04-30T16:16:03+06:00,Premier,Farmgate,23.753619,90.393962,Bashundhara,23.811426,90.41991,17.28,57,374,completed,2026-04-30T17:25:03+06:00,True
USR094,01000000094,Demo User 094,UB0002046,2026-05-16T04:40:45+06:00,Moto,Khilgaon,23.756613,90.419063,Mohakhali,23.785583,90.404713,17.29,64,451,completed,2026-05-16T05:59:45+06:00,True
USR094,01000000094,Demo User 094,UB0002039,2026-06-08T14:16:22+06:00,UberX,Shyamoli,23.779001,90.369627,Bashundhara,23.816102,90.422931,15.81,56,402,completed,2026-06-08T15:24:22+06:00,True
USR094,01000000094,Demo User 094,UB0002051,2026-06-28T18:55:23+06:00,Premier,Uttara,23.876885,90.380545,Banani,23.792204,90.404607,19.15,70,427,completed,2026-06-28T20:21:23+06:00,True
USR094,01000000094,Demo User 094,UB0002044,2026-07-20T01:48:13+06:00,Premier,Mohakhali,23.776808,90.394074,Bashundhara,23.812014,90.42461,5.87,71,189,ongoing,2026-07-20T03:04:13+06:00,True
USR094,01000000094,Demo User 094,UB0002047,2026-07-23T08:57:13+06:00,UberX,Mohammadpur,23.762384,90.36149,Mohakhali,23.781648,90.39431,21.99,65,558,completed,2026-07-23T10:17:13+06:00,True
USR094,01000000094,Demo User 094,UB0002040,2026-08-02T02:32:42+06:00,Premier,Uttara,23.879682,90.385409,Mohammadpur,23.764741,90.361701,21.57,18,736,ongoing,2026-08-02T03:08:42+06:00,True
USR094,01000000094,Demo User 094,UB0002053,2026-08-02T17:54:59+06:00,UberX,Mirpur,23.823275,90.359778,Gulshan,23.789543,90.414068,19.7,72,464,completed,2026-08-02T19:18:59+06:00,True
USR095,01000000095,Demo User 095,UB0002072,2026-02-14T19:35:17+06:00,Premier,Old Dhaka,23.715595,90.401321,Shyamoli,23.772913,90.362461,12.38,50,290,cancelled_by_rider,2026-02-14T20:33:17+06:00,True
USR095,01000000095,Demo User 095,UB0002055,2026-02-19T19:22:02+06:00,Moto,Khilgaon,23.749495,90.418961,Mohakhali,23.779087,90.404751,14.06,32,399,completed,2026-02-19T20:04:02+06:00,True
USR095,01000000095,Demo User 095,UB0002068,2026-03-24T05:41:11+06:00,Premier,Mohammadpur,23.767101,90.361694,Mirpur,23.822753,90.366013,20.06,18,674,completed,2026-03-24T06:06:11+06:00,True
USR095,01000000095,Demo User 095,UB0002062,2026-03-28T05:54:18+06:00,Premier,Tejgaon,23.761458,90.387552,Badda,23.778934,90.418934,15.41,66,375,completed,2026-03-28T07:06:18+06:00,True
USR095,01000000095,Demo User 095,UB0002073,2026-04-10T06:56:13+06:00,Premier,Dhanmondi,23.752068,90.370556,Khilgaon,23.754126,90.428571,5.82,45,236,cancelled_by_driver,2026-04-10T07:56:13+06:00,True
USR095,01000000095,Demo User 095,UB0002059,2026-04-26T11:36:14+06:00,Premier,Rampura,23.758128,90.418604,Tejgaon,23.764004,90.401467,10.77,34,309,completed,2026-04-26T12:27:14+06:00,True
USR095,01000000095,Demo User 095,UB0002075,2026-04-28T02:52:10+06:00,Moto,Tejgaon,23.770628,90.39481,Badda,23.776047,90.429297,5.82,61,180,completed,2026-04-28T04:13:10+06:00,True
USR095,01000000095,Demo User 095,UB0002065,2026-05-17T06:40:53+06:00,UberX,Mirpur,23.820666,90.373098,Gulshan,23.793917,90.409012,4.31,41,153,completed,2026-05-17T07:35:53+06:00,True
USR095,01000000095,Demo User 095,UB0002061,2026-05-20T01:00:12+06:00,UberX,Mirpur,23.815194,90.36528,Banani,23.787579,90.410953,5.31,34,198,completed,2026-05-20T01:50:12+06:00,True
USR095,01000000095,Demo User 095,UB0002060,2026-06-13T16:13:37+06:00,UberX,Gulshan,23.789856,90.401237,Tejgaon,23.771393,90.399455,11.77,32,352,completed,2026-06-13T16:45:37+06:00,True
USR095,01000000095,Demo User 095,UB0002074,2026-06-19T00:24:02+06:00,Moto,Old Dhaka,23.716773,90.412942,Shyamoli,23.780639,90.372089,23.52,19,821,completed,2026-06-19T00:59:02+06:00,True
USR095,01000000095,Demo User 095,UB0002064,2026-06-20T20:41:05+06:00,UberX,Rampura,23.767433,90.416233,Mohakhali,23.782395,90.401603,22.54,29,488,completed,2026-06-20T21:18:05+06:00,True
USR095,01000000095,Demo User 095,UB0002071,2026-06-26T20:14:11+06:00,Moto,Khilgaon,23.756438,90.425925,Old Dhaka,23.715772,90.413693,14.74,64,359,completed,2026-06-26T21:31:11+06:00,True
USR095,01000000095,Demo User 095,UB0002063,2026-07-01T21:34:21+06:00,Premier,Old Dhaka,23.713832,90.414309,Banani,23.787672,90.407249,21.08,28,663,completed,2026-07-01T22:04:21+06:00,True
USR095,01000000095,Demo User 095,UB0002056,2026-07-02T15:13:47+06:00,Premier,Wari,23.720946,90.411785,Khilgaon,23.746703,90.423938,2.77,8,140,completed,2026-07-02T15:23:47+06:00,True
USR095,01000000095,Demo User 095,UB0002067,2026-07-03T23:00:32+06:00,Premier,Tejgaon,23.764268,90.401267,Farmgate,23.764243,90.397668,23.24,18,608,completed,2026-07-03T23:20:32+06:00,True
USR095,01000000095,Demo User 095,UB0002066,2026-07-06T11:31:27+06:00,Premier,Rampura,23.756836,90.41688,Banani,23.796818,90.413323,19.16,40,657,completed,2026-07-06T12:29:27+06:00,True
USR095,01000000095,Demo User 095,UB0002070,2026-07-25T21:59:55+06:00,UberX,Badda,23.774585,90.423323,Tejgaon,23.762902,90.389805,17.46,60,507,completed,2026-07-25T23:07:55+06:00,True
USR095,01000000095,Demo User 095,UB0002069,2026-08-02T05:20:08+06:00,UberX,Badda,23.77515,90.422538,Mohakhali,23.787218,90.404884,20.6,24,626,completed,2026-08-02T06:04:08+06:00,True
USR095,01000000095,Demo User 095,UB0002057,2026-08-06T19:39:12+06:00,Moto,Dhanmondi,23.752939,90.38104,Khilgaon,23.756902,90.423469,5.7,33,191,completed,2026-08-06T20:30:12+06:00,True
USR095,01000000095,Demo User 095,UB0002058,2026-08-08T06:54:12+06:00,Moto,Wari,23.720586,90.413507,Bashundhara,23.822433,90.427921,6.05,40,169,completed,2026-08-08T07:36:12+06:00,True
USR096,01000000096,Demo User 096,UB0002088,2026-02-10T20:08:42+06:00,Moto,Mohakhali,23.77616,90.397991,Mohammadpur,23.771844,90.352264,3.73,51,123,ongoing,2026-02-10T21:16:42+06:00,True
USR096,01000000096,Demo User 096,UB0002090,2026-03-10T08:27:07+06:00,Moto,Wari,23.719099,90.412243,Pallabi,23.829588,90.368279,22.81,32,783,completed,2026-03-10T09:08:07+06:00,True
USR096,01000000096,Demo User 096,UB0002085,2026-03-12T14:03:58+06:00,UberX,Khilgaon,23.74445,90.426697,Pallabi,23.834449,90.370784,13.52,10,482,completed,2026-03-12T14:20:58+06:00,True
USR096,01000000096,Demo User 096,UB0002078,2026-04-01T21:53:48+06:00,Premier,Mirpur,23.824869,90.366179,Farmgate,23.751181,90.393188,18.05,70,450,completed,2026-04-01T23:18:48+06:00,True
USR096,01000000096,Demo User 096,UB0002101,2026-04-08T00:27:08+06:00,Premier,Farmgate,23.765965,90.385307,Wari,23.715448,90.412503,7.75,68,277,completed,2026-04-08T01:43:08+06:00,True
USR096,01000000096,Demo User 096,UB0002097,2026-04-12T00:52:53+06:00,Premier,Rampura,23.766029,90.425269,Mohakhali,23.78545,90.393607,23.14,66,540,completed,2026-04-12T02:07:53+06:00,True
USR096,01000000096,Demo User 096,UB0002100,2026-04-17T03:39:48+06:00,UberX,Mohakhali,23.780941,90.391056,Gulshan,23.799494,90.405921,20.99,49,745,completed,2026-04-17T04:40:48+06:00,True
USR096,01000000096,Demo User 096,UB0002082,2026-04-18T22:21:41+06:00,Premier,Shyamoli,23.775965,90.360414,Gulshan,23.784911,90.408468,4.67,8,202,completed,2026-04-18T22:32:41+06:00,True
USR096,01000000096,Demo User 096,UB0002083,2026-05-03T07:53:16+06:00,Moto,Farmgate,23.751777,90.391889,Mohakhali,23.774133,90.398031,1.4,29,100,completed,2026-05-03T08:26:16+06:00,True
USR096,01000000096,Demo User 096,UB0002096,2026-05-14T22:52:32+06:00,Moto,Dhanmondi,23.742681,90.375696,Farmgate,23.762302,90.39166,10.46,47,337,completed,2026-05-14T23:51:32+06:00,True
USR096,01000000096,Demo User 096,UB0002089,2026-05-16T10:53:38+06:00,Premier,Farmgate,23.75474,90.390862,Shyamoli,23.77379,90.368575,5.53,43,227,cancelled_by_rider,2026-05-16T11:38:38+06:00,True
USR096,01000000096,Demo User 096,UB0002086,2026-05-20T17:51:59+06:00,Premier,Dhanmondi,23.743731,90.375251,Wari,23.726693,90.412362,22.35,63,572,completed,2026-05-20T18:56:59+06:00,True
USR096,01000000096,Demo User 096,UB0002076,2026-05-25T19:53:18+06:00,Premier,Wari,23.715389,90.423227,Mohakhali,23.785688,90.40197,8.02,28,314,completed,2026-05-25T20:26:18+06:00,True
USR096,01000000096,Demo User 096,UB0002077,2026-06-15T18:48:01+06:00,UberX,Badda,23.775332,90.426152,Mirpur,23.816492,90.363484,21.03,28,647,cancelled_by_rider,2026-06-15T19:27:01+06:00,True
USR096,01000000096,Demo User 096,UB0002091,2026-06-17T20:40:54+06:00,Premier,Old Dhaka,23.709809,90.407788,Wari,23.720066,90.419324,20.26,13,616,completed,2026-06-17T21:12:54+06:00,True
USR096,01000000096,Demo User 096,UB0002099,2026-06-23T20:30:34+06:00,Moto,Farmgate,23.75315,90.394622,Banani,23.797036,90.399474,19.07,23,442,completed,2026-06-23T20:57:34+06:00,True
USR096,01000000096,Demo User 096,UB0002087,2026-06-26T07:40:12+06:00,Premier,Pallabi,23.831264,90.369331,Banani,23.801092,90.400856,4.26,72,132,completed,2026-06-26T09:02:12+06:00,True
USR096,01000000096,Demo User 096,UB0002081,2026-06-26T19:02:53+06:00,UberX,Banani,23.793148,90.404025,Badda,23.785724,90.419178,3.16,35,112,completed,2026-06-26T19:43:53+06:00,True
USR096,01000000096,Demo User 096,UB0002092,2026-07-03T09:13:19+06:00,Premier,Farmgate,23.761557,90.396451,Bashundhara,23.808429,90.427926,1.74,41,91,completed,2026-07-03T10:08:19+06:00,True
USR096,01000000096,Demo User 096,UB0002084,2026-07-06T06:28:34+06:00,UberX,Old Dhaka,23.715502,90.413472,Banani,23.79298,90.403792,12.15,22,403,completed,2026-07-06T06:50:34+06:00,True
USR096,01000000096,Demo User 096,UB0002098,2026-07-16T13:38:50+06:00,Premier,Pallabi,23.82394,90.371253,Rampura,23.763812,90.417743,14.09,11,362,cancelled_by_driver,2026-07-16T13:54:50+06:00,True
USR096,01000000096,Demo User 096,UB0002095,2026-07-20T07:56:01+06:00,Premier,Dhanmondi,23.750262,90.379637,Old Dhaka,23.70836,90.402403,15.49,38,474,completed,2026-07-20T08:45:01+06:00,True
USR096,01000000096,Demo User 096,UB0002079,2026-07-28T08:56:08+06:00,Moto,Tejgaon,23.76811,90.393345,Shyamoli,23.771598,90.37369,23.96,21,689,cancelled_by_rider,2026-07-28T09:30:08+06:00,True
USR096,01000000096,Demo User 096,UB0002080,2026-08-04T01:45:30+06:00,UberX,Badda,23.777776,90.419233,Mirpur,23.815034,90.359096,21.99,20,478,completed,2026-08-04T02:12:30+06:00,True
USR096,01000000096,Demo User 096,UB0002094,2026-08-07T15:07:52+06:00,Moto,Pallabi,23.823483,90.364597,Wari,23.722331,90.412323,22.7,21,701,completed,2026-08-07T15:32:52+06:00,True
USR096,01000000096,Demo User 096,UB0002093,2026-08-08T03:10:33+06:00,Premier,Pallabi,23.820487,90.371241,Khilgaon,23.7519,90.427544,6.06,58,190,completed,2026-08-08T04:13:33+06:00,True
USR097,01000000097,Demo User 097,UB0002121,2026-02-10T07:24:39+06:00,UberX,Farmgate,23.755453,90.384466,Mohakhali,23.779956,90.397705,10.05,55,282,completed,2026-02-10T08:29:39+06:00,True
USR097,01000000097,Demo User 097,UB0002111,2026-02-23T18:31:20+06:00,Moto,Motijheel,23.73352,90.423646,Mohammadpur,23.764168,90.356378,2.78,34,135,completed,2026-02-23T19:20:20+06:00,True
USR097,01000000097,Demo User 097,UB0002108,2026-02-27T06:51:44+06:00,Moto,Gulshan,23.7973,90.400929,Badda,23.788394,90.424964,16.71,10,401,completed,2026-02-27T07:14:44+06:00,True
USR097,01000000097,Demo User 097,UB0002105,2026-03-03T11:16:44+06:00,UberX,Rampura,23.768329,90.417115,Gulshan,23.792597,90.408358,8.34,53,218,completed,2026-03-03T12:09:44+06:00,True
USR097,01000000097,Demo User 097,UB0002117,2026-03-05T20:28:55+06:00,UberX,Bashundhara,23.818652,90.430611,Old Dhaka,23.703235,90.411474,2.76,8,143,cancelled_by_rider,2026-03-05T20:54:55+06:00,True
USR097,01000000097,Demo User 097,UB0002103,2026-03-09T18:58:23+06:00,Premier,Mohammadpur,23.770734,90.353853,Farmgate,23.756174,90.384638,22.64,14,824,completed,2026-03-09T19:28:23+06:00,True
USR097,01000000097,Demo User 097,UB0002102,2026-03-16T18:41:58+06:00,UberX,Tejgaon,23.75653,90.386981,Mohakhali,23.780407,90.392624,21.98,21,576,completed,2026-03-16T19:11:58+06:00,True
USR097,01000000097,Demo User 097,UB0002110,2026-03-18T01:39:49+06:00,Premier,Farmgate,23.754465,90.385692,Motijheel,23.737323,90.412199,11.56,67,343,completed,2026-03-18T02:51:49+06:00,True
USR097,01000000097,Demo User 097,UB0002118,2026-03-18T18:58:40+06:00,UberX,Shyamoli,23.767044,90.358052,Banani,23.79272,90.406124,17.77,50,644,completed,2026-03-18T20:07:40+06:00,True
USR097,01000000097,Demo User 097,UB0002106,2026-03-28T15:56:06+06:00,Moto,Khilgaon,23.742638,90.432126,Motijheel,23.732367,90.41756,14.63,40,323,completed,2026-03-28T16:43:06+06:00,True
USR097,01000000097,Demo User 097,UB0002122,2026-04-12T11:14:20+06:00,Premier,Tejgaon,23.76786,90.391346,Khilgaon,23.74913,90.418976,23.52,52,683,completed,2026-04-12T12:14:20+06:00,True
USR097,01000000097,Demo User 097,UB0002120,2026-04-15T19:37:18+06:00,Moto,Mohakhali,23.776568,90.399092,Badda,23.77847,90.421823,3.88,17,160,completed,2026-04-15T19:57:18+06:00,True
USR097,01000000097,Demo User 097,UB0002107,2026-05-24T13:47:06+06:00,Premier,Farmgate,23.751074,90.391651,Rampura,23.763994,90.41996,3.8,33,158,cancelled_by_driver,2026-05-24T14:33:06+06:00,True
USR097,01000000097,Demo User 097,UB0002114,2026-06-13T22:07:02+06:00,Moto,Bashundhara,23.821199,90.425029,Motijheel,23.739231,90.416451,8.58,61,318,completed,2026-06-13T23:12:02+06:00,True
USR097,01000000097,Demo User 097,UB0002109,2026-06-17T11:28:55+06:00,UberX,Old Dhaka,23.708656,90.411375,Dhanmondi,23.746882,90.379268,11.72,44,327,completed,2026-06-17T12:12:55+06:00,True
USR097,01000000097,Demo User 097,UB0002119,2026-06-17T22:05:13+06:00,Moto,Mohakhali,23.777905,90.400858,Dhanmondi,23.743951,90.369726,14.17,45,343,completed,2026-06-17T22:51:13+06:00,True
USR097,01000000097,Demo User 097,UB0002116,2026-06-29T20:58:50+06:00,Premier,Bashundhara,23.813217,90.426127,Mohakhali,23.782226,90.391229,11.78,11,411,completed,2026-06-29T21:19:50+06:00,True
USR097,01000000097,Demo User 097,UB0002115,2026-07-02T07:56:13+06:00,Moto,Farmgate,23.761371,90.382332,Old Dhaka,23.703481,90.410667,6.04,11,174,completed,2026-07-02T08:13:13+06:00,True
USR097,01000000097,Demo User 097,UB0002123,2026-07-04T02:32:29+06:00,Premier,Tejgaon,23.762265,90.389766,Khilgaon,23.750847,90.421759,12.04,47,449,completed,2026-07-04T03:33:29+06:00,True
USR097,01000000097,Demo User 097,UB0002113,2026-07-06T08:05:26+06:00,Moto,Dhanmondi,23.750858,90.373267,Farmgate,23.765067,90.389433,13.56,42,325,completed,2026-07-06T08:52:26+06:00,True
USR097,01000000097,Demo User 097,UB0002104,2026-07-19T15:20:47+06:00,UberX,Pallabi,23.826168,90.371359,Uttara,23.872444,90.383395,2.33,11,113,completed,2026-07-19T15:31:47+06:00,True
USR097,01000000097,Demo User 097,UB0002112,2026-07-22T20:33:11+06:00,Moto,Bashundhara,23.814248,90.429141,Tejgaon,23.77073,90.398874,15.42,34,388,completed,2026-07-22T21:15:11+06:00,True
USR098,01000000098,Demo User 098,UB0002148,2026-03-10T07:23:14+06:00,UberX,Rampura,23.753989,90.415547,Mirpur,23.824962,90.358219,23.59,55,697,completed,2026-03-10T08:31:14+06:00,True
USR098,01000000098,Demo User 098,UB0002131,2026-03-11T12:31:02+06:00,Premier,Gulshan,23.789521,90.40046,Wari,23.721241,90.410761,7.53,13,266,completed,2026-03-11T12:59:02+06:00,True
USR098,01000000098,Demo User 098,UB0002125,2026-03-13T16:10:52+06:00,Moto,Badda,23.777265,90.429575,Rampura,23.753843,90.42354,5.1,24,150,cancelled_by_rider,2026-03-13T16:54:52+06:00,True
USR098,01000000098,Demo User 098,UB0002127,2026-03-20T06:04:09+06:00,Moto,Bashundhara,23.817381,90.421559,Pallabi,23.830229,90.365638,21.89,66,505,completed,2026-03-20T07:27:09+06:00,True
USR098,01000000098,Demo User 098,UB0002145,2026-03-21T22:46:01+06:00,UberX,Shyamoli,23.771391,90.365861,Banani,23.788163,90.411449,17.8,44,530,completed,2026-03-21T23:35:01+06:00,True
USR098,01000000098,Demo User 098,UB0002143,2026-03-31T21:14:12+06:00,Moto,Motijheel,23.727768,90.421843,Pallabi,23.832151,90.368468,22.94,48,622,completed,2026-03-31T22:02:12+06:00,True
USR098,01000000098,Demo User 098,UB0002134,2026-04-10T19:12:11+06:00,Premier,Gulshan,23.789923,90.404412,Tejgaon,23.767717,90.399754,19.47,50,546,cancelled_by_driver,2026-04-10T20:02:11+06:00,True
USR098,01000000098,Demo User 098,UB0002132,2026-04-17T22:23:34+06:00,UberX,Gulshan,23.795529,90.411433,Mirpur,23.823537,90.369036,10.24,43,401,completed,2026-04-17T23:23:34+06:00,True
USR098,01000000098,Demo User 098,UB0002133,2026-04-20T21:13:23+06:00,UberX,Shyamoli,23.776458,90.358562,Banani,23.793805,90.410025,9.68,47,350,completed,2026-04-20T22:20:23+06:00,True
USR098,01000000098,Demo User 098,UB0002142,2026-04-22T05:55:49+06:00,Moto,Mirpur,23.822991,90.362152,Tejgaon,23.760491,90.398379,1.25,26,92,completed,2026-04-22T06:38:49+06:00,True
USR098,01000000098,Demo User 098,UB0002130,2026-04-23T22:56:47+06:00,UberX,Rampura,23.76131,90.413655,Shyamoli,23.775016,90.368233,13.17,74,304,completed,2026-04-24T00:27:47+06:00,True
USR098,01000000098,Demo User 098,UB0002147,2026-05-04T09:16:09+06:00,UberX,Mohammadpur,23.767496,90.355971,Tejgaon,23.759363,90.400363,2.11,60,96,cancelled_by_driver,2026-05-04T10:30:09+06:00,True
USR098,01000000098,Demo User 098,UB0002144,2026-05-24T10:35:24+06:00,Premier,Old Dhaka,23.717936,90.406315,Khilgaon,23.757584,90.42669,15.66,15,565,completed,2026-05-24T10:56:24+06:00,True
USR098,01000000098,Demo User 098,UB0002124,2026-05-30T20:59:04+06:00,Moto,Khilgaon,23.746399,90.429521,Uttara,23.86883,90.381672,13.52,24,489,completed,2026-05-30T21:23:04+06:00,True
USR098,01000000098,Demo User 098,UB0002126,2026-06-01T05:27:52+06:00,Moto,Pallabi,23.825604,90.358918,Bashundhara,23.81899,90.420415,18.48,50,481,completed,2026-06-01T06:37:52+06:00,True
USR098,01000000098,Demo User 098,UB0002138,2026-06-12T15:19:36+06:00,Premier,Rampura,23.759595,90.416312,Dhanmondi,23.747318,90.376417,3.1,62,152,completed,2026-06-12T16:39:36+06:00,True
USR098,01000000098,Demo User 098,UB0002135,2026-06-13T07:44:27+06:00,Moto,Bashundhara,23.821862,90.430958,Khilgaon,23.756606,90.417353,16.78,48,610,completed,2026-06-13T08:52:27+06:00,True
USR098,01000000098,Demo User 098,UB0002137,2026-06-26T01:40:24+06:00,UberX,Banani,23.799009,90.403916,Dhanmondi,23.744857,90.382431,6.36,63,207,completed,2026-06-26T02:52:24+06:00,True
USR098,01000000098,Demo User 098,UB0002139,2026-06-27T10:04:16+06:00,Moto,Dhanmondi,23.740508,90.373275,Mohakhali,23.787042,90.399133,4.26,28,143,ongoing,2026-06-27T10:34:16+06:00,True
USR098,01000000098,Demo User 098,UB0002140,2026-06-27T13:14:26+06:00,Premier,Shyamoli,23.777971,90.364328,Banani,23.798527,90.39956,17.95,35,496,completed,2026-06-27T14:08:26+06:00,True
USR098,01000000098,Demo User 098,UB0002128,2026-06-28T02:40:05+06:00,Moto,Wari,23.718251,90.41657,Motijheel,23.728543,90.419424,7.74,49,244,completed,2026-06-28T03:42:05+06:00,True
USR098,01000000098,Demo User 098,UB0002141,2026-06-28T22:44:57+06:00,Premier,Rampura,23.754325,90.423507,Uttara,23.877391,90.381003,11.84,30,446,completed,2026-06-28T23:27:57+06:00,True
USR098,01000000098,Demo User 098,UB0002136,2026-07-06T14:40:38+06:00,UberX,Badda,23.775178,90.431251,Uttara,23.879775,90.371653,12.68,17,314,completed,2026-07-06T15:01:38+06:00,True
USR098,01000000098,Demo User 098,UB0002129,2026-07-09T17:04:09+06:00,UberX,Wari,23.718609,90.41767,Tejgaon,23.767466,90.38961,17.77,39,632,completed,2026-07-09T17:48:09+06:00,True
USR098,01000000098,Demo User 098,UB0002146,2026-07-19T23:55:18+06:00,Moto,Mohakhali,23.785919,90.399665,Wari,23.716141,90.416651,22.9,51,615,completed,2026-07-20T00:48:18+06:00,True
USR099,01000000099,Demo User 099,UB0002161,2026-02-10T19:20:44+06:00,Premier,Khilgaon,23.753978,90.432616,Farmgate,23.762781,90.393356,1.3,25,94,completed,2026-02-10T19:55:44+06:00,True
USR099,01000000099,Demo User 099,UB0002174,2026-02-15T06:44:14+06:00,Premier,Badda,23.780578,90.421642,Mohammadpur,23.760161,90.360315,7.77,8,261,completed,2026-02-15T07:00:14+06:00,True
USR099,01000000099,Demo User 099,UB0002164,2026-03-04T05:12:12+06:00,UberX,Farmgate,23.757027,90.393598,Mohammadpur,23.769177,90.365,16.71,13,358,cancelled_by_driver,2026-03-04T05:25:12+06:00,True
USR099,01000000099,Demo User 099,UB0002154,2026-03-08T06:42:10+06:00,Premier,Badda,23.782944,90.42422,Tejgaon,23.756503,90.400319,17.78,20,632,completed,2026-03-08T07:07:10+06:00,True
USR099,01000000099,Demo User 099,UB0002167,2026-03-18T01:12:23+06:00,Premier,Badda,23.776275,90.418821,Farmgate,23.762386,90.392197,4.5,44,206,completed,2026-03-18T01:58:23+06:00,True
USR099,01000000099,Demo User 099,UB0002162,2026-03-21T14:53:50+06:00,Premier,Badda,23.781366,90.423423,Wari,23.713936,90.414246,10.83,19,391,completed,2026-03-21T15:24:50+06:00,True
USR099,01000000099,Demo User 099,UB0002159,2026-03-31T05:29:28+06:00,Moto,Uttara,23.871886,90.384859,Motijheel,23.726747,90.419804,10.75,23,350,completed,2026-03-31T06:08:28+06:00,True
USR099,01000000099,Demo User 099,UB0002149,2026-04-03T09:05:29+06:00,UberX,Mohakhali,23.783045,90.401237,Wari,23.716702,90.424101,18.32,54,561,completed,2026-04-03T10:05:29+06:00,True
USR099,01000000099,Demo User 099,UB0002168,2026-04-23T04:22:19+06:00,Premier,Uttara,23.881586,90.372402,Banani,23.795823,90.405976,21.51,56,518,completed,2026-04-23T05:25:19+06:00,True
USR099,01000000099,Demo User 099,UB0002156,2026-04-30T16:25:45+06:00,Moto,Dhanmondi,23.744423,90.374578,Mirpur,23.82025,90.364613,18.59,48,636,completed,2026-04-30T17:21:45+06:00,True
USR099,01000000099,Demo User 099,UB0002170,2026-05-08T06:13:31+06:00,UberX,Old Dhaka,23.705627,90.41217,Bashundhara,23.812566,90.427104,5.42,22,179,completed,2026-05-08T06:35:31+06:00,True
USR099,01000000099,Demo User 099,UB0002157,2026-05-13T17:58:56+06:00,UberX,Motijheel,23.734588,90.410953,Pallabi,23.835869,90.370116,13.43,15,419,completed,2026-05-13T18:15:56+06:00,True
USR099,01000000099,Demo User 099,UB0002165,2026-05-14T17:49:18+06:00,UberX,Rampura,23.765469,90.422624,Dhanmondi,23.751341,90.380443,14.42,24,333,completed,2026-05-14T18:15:18+06:00,True
USR099,01000000099,Demo User 099,UB0002158,2026-05-15T08:07:16+06:00,Premier,Pallabi,23.824806,90.365479,Shyamoli,23.774692,90.368962,2.38,35,112,completed,2026-05-15T09:02:16+06:00,True
USR099,01000000099,Demo User 099,UB0002151,2026-05-18T14:41:20+06:00,UberX,Farmgate,23.762043,90.383254,Badda,23.781215,90.434153,5.75,15,196,completed,2026-05-18T15:10:20+06:00,True
USR099,01000000099,Demo User 099,UB0002150,2026-05-21T15:25:23+06:00,Premier,Pallabi,23.832038,90.36701,Motijheel,23.736682,90.416679,3.99,13,184,completed,2026-05-21T15:44:23+06:00,True
USR099,01000000099,Demo User 099,UB0002171,2026-06-07T11:47:58+06:00,Moto,Old Dhaka,23.710712,90.407043,Uttara,23.869747,90.387341,9.54,27,286,completed,2026-06-07T12:16:58+06:00,True
USR099,01000000099,Demo User 099,UB0002153,2026-06-17T20:50:20+06:00,UberX,Old Dhaka,23.714109,90.402396,Tejgaon,23.763859,90.388522,22.02,74,508,completed,2026-06-17T22:13:20+06:00,True
USR099,01000000099,Demo User 099,UB0002152,2026-06-25T21:39:08+06:00,UberX,Tejgaon,23.757086,90.389494,Khilgaon,23.749517,90.42318,2.54,13,121,cancelled_by_rider,2026-06-25T21:55:08+06:00,True
USR099,01000000099,Demo User 099,UB0002155,2026-06-29T08:45:25+06:00,Premier,Dhanmondi,23.742776,90.371799,Farmgate,23.752041,90.387887,18.86,16,609,completed,2026-06-29T09:16:25+06:00,True
USR099,01000000099,Demo User 099,UB0002173,2026-07-02T14:43:51+06:00,Moto,Shyamoli,23.777496,90.372796,Pallabi,23.826955,90.370286,1.38,51,90,completed,2026-07-02T15:34:51+06:00,True
USR099,01000000099,Demo User 099,UB0002160,2026-07-05T20:47:18+06:00,UberX,Gulshan,23.795998,90.412711,Motijheel,23.74099,90.423567,9.73,62,265,completed,2026-07-05T22:00:18+06:00,True
USR099,01000000099,Demo User 099,UB0002166,2026-07-11T15:09:23+06:00,Moto,Bashundhara,23.814498,90.423143,Gulshan,23.79793,90.403877,1.51,31,87,completed,2026-07-11T15:45:23+06:00,True
USR099,01000000099,Demo User 099,UB0002172,2026-07-16T14:24:58+06:00,Moto,Pallabi,23.835184,90.356951,Gulshan,23.799725,90.40121,10.54,47,330,completed,2026-07-16T15:29:58+06:00,True
USR099,01000000099,Demo User 099,UB0002163,2026-08-01T19:53:56+06:00,Premier,Bashundhara,23.819643,90.424272,Mohakhali,23.779201,90.39348,17.97,67,660,completed,2026-08-01T21:09:56+06:00,True
USR099,01000000099,Demo User 099,UB0002169,2026-08-08T04:50:36+06:00,UberX,Banani,23.791115,90.410338,Badda,23.774759,90.426322,9.33,47,304,completed,2026-08-08T05:43:36+06:00,True
USR100,01000000100,Demo User 100,UB0002179,2026-02-12T10:20:19+06:00,Premier,Bashundhara,23.811086,90.432014,Mohammadpur,23.771897,90.358734,23.3,61,775,completed,2026-02-12T11:35:19+06:00,True
USR100,01000000100,Demo User 100,UB0002183,2026-02-23T01:32:43+06:00,Premier,Bashundhara,23.815588,90.419137,Mohakhali,23.78786,90.402412,15.63,8,370,cancelled_by_rider,2026-02-23T01:41:43+06:00,True
USR100,01000000100,Demo User 100,UB0002177,2026-02-24T13:55:26+06:00,Moto,Khilgaon,23.752438,90.423281,Badda,23.783817,90.424619,22.22,10,786,completed,2026-02-24T14:19:26+06:00,True
USR100,01000000100,Demo User 100,UB0002185,2026-03-16T17:09:01+06:00,Moto,Rampura,23.761552,90.427484,Uttara,23.882656,90.373265,5.17,49,207,completed,2026-03-16T18:00:01+06:00,True
USR100,01000000100,Demo User 100,UB0002182,2026-04-08T07:35:57+06:00,UberX,Rampura,23.768979,90.42812,Pallabi,23.830349,90.366002,21.91,32,503,completed,2026-04-08T08:23:57+06:00,True
USR100,01000000100,Demo User 100,UB0002188,2026-04-27T02:41:03+06:00,Premier,Motijheel,23.733699,90.417493,Pallabi,23.833424,90.359626,10.27,46,341,completed,2026-04-27T03:37:03+06:00,True
USR100,01000000100,Demo User 100,UB0002181,2026-05-06T05:34:51+06:00,Moto,Farmgate,23.755615,90.38215,Mirpur,23.821014,90.369834,21.97,38,504,completed,2026-05-06T06:23:51+06:00,True
USR100,01000000100,Demo User 100,UB0002187,2026-05-07T10:00:44+06:00,Moto,Tejgaon,23.769824,90.388401,Shyamoli,23.780166,90.368799,21.61,74,508,cancelled_by_rider,2026-05-07T11:28:44+06:00,True
USR100,01000000100,Demo User 100,UB0002186,2026-05-13T06:10:36+06:00,Premier,Motijheel,23.739988,90.409437,Uttara,23.876204,90.371648,4.75,12,172,cancelled_by_rider,2026-05-13T06:40:36+06:00,True
USR100,01000000100,Demo User 100,UB0002180,2026-05-24T15:11:53+06:00,Moto,Farmgate,23.755541,90.395362,Wari,23.721191,90.413138,20.05,39,712,completed,2026-05-24T16:06:53+06:00,True
USR100,01000000100,Demo User 100,UB0002178,2026-05-24T17:59:09+06:00,Moto,Mohammadpur,23.763287,90.360024,Uttara,23.877461,90.378371,14.32,26,503,completed,2026-05-24T18:33:09+06:00,True
USR100,01000000100,Demo User 100,UB0002184,2026-05-28T20:24:09+06:00,Moto,Bashundhara,23.818806,90.428148,Badda,23.786999,90.422747,21.97,17,626,cancelled_by_rider,2026-05-28T20:46:09+06:00,True
USR100,01000000100,Demo User 100,UB0002189,2026-06-08T06:50:13+06:00,UberX,Wari,23.711542,90.413371,Dhanmondi,23.749752,90.373832,21.82,36,637,cancelled_by_rider,2026-06-08T07:27:13+06:00,True
USR100,01000000100,Demo User 100,UB0002175,2026-06-19T09:45:07+06:00,Premier,Mohakhali,23.785243,90.399769,Dhanmondi,23.746208,90.371774,7.02,39,224,completed,2026-06-19T10:28:07+06:00,True
USR100,01000000100,Demo User 100,UB0002176,2026-07-13T09:36:38+06:00,Moto,Old Dhaka,23.710536,90.410375,Bashundhara,23.811076,90.421389,21.81,58,646,completed,2026-07-13T10:37:38+06:00,True
